timestamp,machine_id,lot_id,panel_id,is_read
2026-08-07 00:00:08.968,ELC-DEP-01-L,1260711018020,126071101800001056,TRUE
2026-08-07 00:00:08.403,LIN-INNLDI-03-L,1260804008000,ERROR_202608070700084035,TRUE
2026-08-07 00:00:01.743,SMK-BRU-01-UL,1260720062020,12607110010003G004,TRUE
2026-08-07 00:00:01.268,SMK-SPR-01-L,1260622030000,126062203000001076,TRUE
2026-08-07 00:00:00.744,LAM-BOP-02-UL,1260801109000,126080110900010030,TRUE
2026-08-07 00:00:26.936,LIN-INNLDI-03-L,1260804008000,ERROR_202608070700269362,TRUE
2026-08-07 00:00:22.357,WIR-Pretreatment-01-UL,1260708010010,12607080100003A143,TRUE
2026-08-07 00:00:21.433,LAM-BOP-02-L,1260801110000,126080111000012026,TRUE
2026-08-07 00:00:20.699,LAM-BOP-02-UL,1260801109000,126080110900010026,TRUE
2026-08-07 00:00:19.388,WIR-Decoatbake-01-L,1260620158010,12606201580001C219,TRUE
2026-08-07 00:00:20.917,LAM-BOP-01-L,1260801144000,126080114400008014,TRUE
2026-08-07 00:00:18.863,SUR-FLM-01-UL,1260715042020,126071604700001044,TRUE
2026-08-07 00:00:19.435,CPP-Horizontalplating-01-L,1260715022000,126071502200058029,TRUE
2026-08-07 00:00:17.534,SMK-SPR-01-L,1260622030000,126062203000001078/0,TRUE
2026-08-07 00:00:13.997,CPP-Horizontalplating-01-UL,1260709001010,126072501300400005,TRUE
2026-08-07 00:00:46.160,AOI-RESAOI-01-L,1260704109000,126070410900001022,TRUE
2026-08-07 00:00:45.275,SMK-BRU-01-UL,1260720062020,12607110010003G023,TRUE
2026-08-07 00:00:45.152,LAM-BOP-02-L,1260801110000,126080111000012020,TRUE
2026-08-07 00:00:44.988,SUR-FLM-01-UL,1260715042020,126071604700001035,TRUE
2026-08-07 00:00:42.938,CPP-Horizontalplating-01-L,1260715022000,126071502200058017,TRUE
2026-08-07 00:00:42.686,LIN-INNLDI-03-L,1260804008000,ERROR_202608070700426868,TRUE
2026-08-07 00:00:37.233,CPP-Horizontalplating-01-UL,1260709001010,126072501300400008,TRUE
2026-08-07 00:00:42.777,LAM-BOP-02-UL,1260801109000,126080110900010020,TRUE
2026-08-07 00:00:36.350,ELC-PUL-02-UL,1260630330020,126063033000001052,TRUE
2026-08-07 00:00:34.917,LAM-BOP-01-L,1260801144000,126080114400008015,TRUE
2026-08-07 00:00:35.972,SMK-SPR-01-L,1260622030000,126062203000001006,TRUE
2026-08-07 00:00:36.139,GLD-RinseENEPIG-01-UL,,12606100020001C240,TRUE
2026-08-07 00:00:34.147,LIN-INNTRE-02-UL-2,,126080407500008078,TRUE
2026-08-07 00:00:33.409,ELC-DEP-01-L,1260711018020,126071101800001009,TRUE
2026-08-07 00:00:32.623,WIR-Decoatbake-01-UL,1260715023000,126071502300058042,TRUE
2026-08-07 00:00:29.525,ELC-PUL-01-L,1260714007020,126071400700001056,TRUE
2026-08-07 00:01:00.094,WIR-Pretreatment-01-UL,1260708010010,12607080100003A142,TRUE
2026-08-07 00:00:58.677,ELC-DEP-01-L,1260711018020,126071101800001006,TRUE
2026-08-07 00:00:55.969,WIR-Decoatbake-01-L,1260620158010,12606201580001C197,TRUE
2026-08-07 00:00:55.918,LAM-BOP-02-L,1260801110000,126080111000012018,TRUE
2026-08-07 00:00:52.284,SMK-SPR-01-L,1260622030000,126062203000001029/0,TRUE
2026-08-07 00:00:53.500,CPP-Patternplating-01-L,1260616092000,12606160920001C059,TRUE
2026-08-07 00:00:54.840,LAM-BOP-02-UL,1260801109000,126080110900010018,TRUE
2026-08-07 00:01:28.051,ELC-PUL-01-UL,1260715030000,126071503000001024,TRUE
2026-08-07 00:01:26.672,LAM-BOP-02-UL,1260801109000,126080110900010012,TRUE
2026-08-07 00:01:26.757,LIN-OUTVAP-01-UL,,12606160910001C063,TRUE
2026-08-07 00:01:22.998,ELC-PUL-02-UL,1260630330020,126063033000001021,TRUE
2026-08-07 00:01:19.188,LAM-BOP-01-L,1260801144000,126080114400008017,TRUE
2026-08-07 00:01:20.844,LAM-BOP-02-L,1260801110000,126080111000012014,TRUE
2026-08-07 00:01:18.000,GLD-RinseENEPIG-01-UL,,12606100020001C183,TRUE
2026-08-07 00:01:21.125,CPP-Horizontalplating-01-UL,1260709001010,Error_202608070701211259,FALSE
2026-08-07 00:01:17.719,WIR-Decoatbake-01-UL,1260715023000,126071502300058056,TRUE
2026-08-07 00:01:17.862,LIN-INNLDI-03-L,1260804008000,ERROR_202608070701178623,TRUE
2026-08-07 00:01:13.255,SUR-FLM-01-UL,1260715042020,126071604700001018,TRUE
2026-08-07 00:01:12.886,ELC-PUL-01-L,1260714007020,126071400700001055,TRUE
2026-08-07 00:00:52.284,SMK-SPR-01-L,1260622030000,126062203000001029/0,TRUE
2026-08-07 00:01:06.703,CPP-Horizontalplating-01-L,1260715022000,126071502200058001,TRUE
2026-08-07 00:00:34.147,LIN-INNTRE-02-UL-2,,126080407500008078,TRUE
2026-08-07 00:01:43.809,LAM-BOP-02-L,1260801110000,126080111000012008,TRUE
2026-08-07 00:01:43.178,SUR-FLM-01-UL,1260715042020,126071604700001025,TRUE
2026-08-07 00:01:41.340,LAM-BOP-01-L,1260801144000,126080114400008019,TRUE
2026-08-07 00:01:40.496,LAM-BOP-03-L,1260803088000,126080308800018002,TRUE
2026-08-07 00:01:36.394,LIN-INNLDI-03-L,1260804008000,ERROR_202608070701363942,TRUE
2026-08-07 00:01:37.090,LAM-BOP-02-UL,1260801109000,126080110900010024,TRUE
2026-08-07 00:01:36.786,SMK-BRU-01-UL,1260720062020,12607110010003G020,TRUE
2026-08-07 00:01:30.141,CPP-Horizontalplating-01-L,1260715022000,126071502200058025,TRUE
2026-08-07 00:01:38.564,WIR-Pretreatment-01-UL,1260708010010,12607080100003A141,TRUE
2026-08-07 00:01:32.298,WIR-Decoatbake-01-L,1260620158010,12606201580001C198,TRUE
2026-08-07 00:02:02.019,WIR-Decoatbake-01-UL,1260715023000,126071502300058034,TRUE
2026-08-07 00:01:58.965,LAM-BOP-02-UL,1260801109000,126080110900010055,TRUE
2026-08-07 00:01:58.767,GLD-RinseENEPIG-01-UL,,12606100020001C224,TRUE
2026-08-07 00:01:58.738,CPP-Horizontalplating-01-UL,1260709001010,126071502400058054,TRUE
2026-08-07 00:02:00.168,LAM-BOP-03-L,1260803088000,126080308800018037,TRUE
2026-08-07 00:01:53.831,CPP-Horizontalplating-01-L,1260715022000,126071502200058011,TRUE
2026-08-07 00:01:55.575,LAM-BOP-02-L,1260801110000,126080111000012051,TRUE
2026-08-07 00:01:52.882,ELC-DEP-01-L,1260711018020,126071101800001079,TRUE
2026-08-07 00:01:55.137,LAM-BOP-01-L,1260801144000,126080114400008020,TRUE
2026-08-07 00:01:51.989,LIN-INNLDI-03-L,1260804008000,ERROR_202608070701519892,TRUE
2026-08-07 00:01:47.268,CPP-Patternplating-01-L,1260616092000,12606160920001C114,TRUE
2026-08-07 00:01:49.946,LIN-OUTVAP-01-UL,,12606160910001C096,TRUE
2026-08-07 00:01:46.880,ELC-PUL-01-UL,1260715030000,126071503000001005,TRUE
2026-08-07 00:02:22.793,LAM-BOP-01-L,1260801144000,126080114400008023,TRUE
2026-08-07 00:02:23.037,SMK-BRU-01-UL,1260720062020,12607110010003G024,TRUE
2026-08-07 00:02:26.557,LIN-INNLDI-03-L,1260804008000,ERROR_202608070702265572,TRUE
2026-08-07 00:02:20.993,SMK-DEV-01-UL,,126062013300001071,TRUE
2026-08-07 00:02:19.931,SMK-SPR-01-L,1260622030000,126062203000001016,TRUE
2026-08-07 00:02:19.153,LAM-BOP-02-L,1260801110000,126080111000012047,TRUE
2026-08-07 00:02:20.825,LAM-BOP-02-UL,1260801109000,126080108500010059,TRUE
2026-08-07 00:02:18.887,LAM-BOP-03-L,1260803088000,126080308800018036,TRUE
2026-08-07 00:02:17.566,CPP-Horizontalplating-01-L,1260715022000,126071502200058018,TRUE
2026-08-07 00:02:17.330,ELC-TRE-01-L,1260718112000,126071811200001007,TRUE
2026-08-07 00:02:17.446,ELC-DEP-01-L,1260711018020,126071101800001060,TRUE
2026-08-07 00:02:13.488,WIR-Pretreatment-01-UL,1260708010010,12607080100003A139,TRUE
2026-08-07 00:02:09.193,ELC-PUL-01-UL,1260715030000,126071503000001041,TRUE
2026-08-07 00:02:12.102,SUR-FLM-01-UL,1260715042020,126071604700001006,TRUE
2026-08-07 00:02:08.550,WIR-Decoatbake-01-L,1260620158010,12606201580001C205,TRUE
2026-08-07 00:02:09.349,ELC-PUL-02-UL,1260630330020,126063033000001065,TRUE
2026-08-07 00:02:06.833,ELC-PUL-01-L,1260714007020,126071400700001044,TRUE
2026-08-07 00:01:47.268,CPP-Patternplating-01-L,1260616092000,12606160920001C114,TRUE
2026-08-07 00:02:42.825,LAM-BOP-02-UL,1260801109000,126080110300010039,TRUE
2026-08-07 00:02:44.593,LIN-INNLDI-03-L,1260804008000,ERROR_202608070702445931,TRUE
2026-08-07 00:02:43.278,LAM-BOP-02-L,1260801110000,126080111000012043,TRUE
2026-08-07 00:02:41.946,ELC-DEP-01-L,1260711018020,126071101800001076,TRUE
2026-08-07 00:02:41.284,CPP-Patternplating-01-L,1260616092000,12606160920001C109,TRUE
2026-08-07 00:02:41.238,CPP-Horizontalplating-01-L,1260715022000,126071502200058013,TRUE
2026-08-07 00:02:38.379,GLD-RinseENEPIG-01-UL,,12606100020001C221,TRUE
2026-08-07 00:02:38.170,LAM-BOP-03-L,1260803088000,126080308800018035,TRUE
2026-08-07 00:02:36.622,LAM-BOP-01-L,1260801144000,126080114400008032,TRUE
2026-08-07 00:02:37.681,SUR-FLM-01-UL,1260715042020,126071604700001012,TRUE
2026-08-07 00:02:36.394,WIR-Pretreatment-01-UL,1260708010010,12607080100003A137,TRUE
2026-08-07 00:02:33.367,ELC-TRE-01-L,1260718112000,126071811200001079,TRUE
2026-08-07 00:02:35.525,SMK-TUN-01-UL,1260616078000,126071001900001078,TRUE
2026-08-07 00:02:36.259,SMK-SPR-01-L,1260622030000,126062203000001032/0,TRUE
2026-08-07 00:02:33.269,CPP-Horizontalplating-01-UL,1260709001010,126071502400058043,TRUE
2026-08-07 00:03:02.213,ELC-PUL-01-L,1260714007020,126071400700001079,TRUE
2026-08-07 00:02:59.723,WIR-Pretreatment-01-UL,1260708010010,12607080100003A138,TRUE
2026-08-07 00:03:01.589,LIN-INNLDI-03-L,1260804008000,ERROR_202608070703015891,TRUE
2026-08-07 00:02:57.098,CPP-Horizontalplating-01-UL,1260709001010,126071502400058007,TRUE
2026-08-07 00:02:57.235,LAM-BOP-03-L,1260803088000,126080308800018038,TRUE
2026-08-07 00:02:54.353,SMK-SPR-01-L,1260622030000,126062203000001078,TRUE
2026-08-07 00:02:53.654,LAM-BOP-02-UL,1260801109000,126080109700010039,TRUE
2026-08-07 00:02:55.666,ELC-PUL-02-UL,1260630330020,126063033000001077,TRUE
2026-08-07 00:02:53.295,LAM-BOP-02-L,1260801110000,126080111000012041,TRUE
2026-08-07 00:02:47.784,WIR-Decoatbake-01-UL,1260715023000,126071502300058060,TRUE
2026-08-07 00:02:49.997,LAM-BOP-01-L,1260801144000,126080114400008028,TRUE
2026-08-07 00:02:48.633,ELC-TRE-01-L,1260718112000,126071811200001064,TRUE
2026-08-07 00:02:45.941,WIR-Decoatbake-01-L,1260620158010,12606201580001C206,TRUE
2026-08-07 00:02:23.037,SMK-BRU-01-UL,1260720062020,12607110010003G024,TRUE
2026-08-07 00:03:17.047,LAM-BOP-02-L,1260801110000,126080111000012037,TRUE
2026-08-07 00:03:17.707,LAM-BOP-01-L,1260801144000,126080114400008012,TRUE
2026-08-07 00:03:18.935,LIN-INNLDI-03-L,1260804008000,126080407300004029,TRUE
2026-08-07 00:03:16.422,LAM-BOP-03-L,1260803088000,126080308800018034,TRUE
2026-08-07 00:03:16.249,LAM-BOP-02-UL,1260801109000,126080109700010023,TRUE
2026-08-07 00:03:10.619,SMK-SPR-01-L,1260622030000,126062203000001014/0,TRUE
2026-08-07 00:03:05.478,SMK-BRU-01-UL,1260720062020,12607110010003G021,TRUE
2026-08-07 00:03:06.432,ELC-DEP-01-L,1260711018020,126071101800001051,TRUE
2026-08-07 00:03:05.307,ELC-PUL-01-UL,1260715030000,126071503000001008,TRUE
2026-08-07 00:03:05.037,CPP-Horizontalplating-01-L,1260715022000,126071502200058027,TRUE
2026-08-07 00:03:02.572,SUR-FLM-01-UL,1260715042020,126071604700001041,TRUE
2026-08-07 00:03:04.244,ELC-TRE-01-L,1260718112000,126071811200001058,TRUE
2026-08-07 00:02:55.666,ELC-PUL-02-UL,1260630330020,126063033000001077,TRUE
2026-08-07 00:02:38.379,GLD-RinseENEPIG-01-UL,,12606100020001C221,TRUE
2026-08-07 00:03:45.486,LAM-BOP-01-L,1260801144000,126080114400008027,TRUE
2026-08-07 00:03:45.849,WIR-Pretreatment-01-UL,1260708010010,12607080100003A135,TRUE
2026-08-07 00:03:44.599,CPP-Horizontalplating-01-UL,1260709001010,126071502400058020,TRUE
2026-08-07 00:03:45.135,SMK-SPR-01-L,1260622030000,126062203000001053/0,TRUE
2026-08-07 00:03:41.575,LIN-OUTTRE-01-L,1260704091000,126070409100001071,TRUE
2026-08-07 00:03:41.345,LAM-BOP-02-L,1260801110000,126080111000012031,TRUE
2026-08-07 00:03:36.639,LIN-INNLDI-03-L,1260804008000,ERROR_202608070703366393,TRUE
2026-08-07 00:03:41.307,SMK-TUN-01-UL,1260616078000,126071001900001061,TRUE
2026-08-07 00:03:35.640,SUR-FLM-01-UL,1260715042020,126071604700001078,TRUE
2026-08-07 00:03:34.660,CPP-Patternplating-01-L,1260616092000,12606160920001C108,TRUE
2026-08-07 00:03:35.183,ELC-TRE-01-L,1260718112000,126071811200001076,TRUE
2026-08-07 00:03:35.048,LAM-BOP-03-L,1260803088000,126080308800018033,TRUE
2026-08-07 00:03:32.629,WIR-Decoatbake-01-UL,1260715023000,126071502300058052,TRUE
2026-08-07 00:03:30.933,ELC-DEP-01-L,1260711018020,126071101800001030,TRUE
2026-08-07 00:03:16.249,LAM-BOP-02-UL,1260801109000,126080109700010023,TRUE
2026-08-07 00:03:28.379,CPP-Horizontalplating-01-L,1260715022000,126071502200058019,TRUE
2026-08-07 00:03:22.316,WIR-Decoatbake-01-L,1260620158010,12606201580001C203,TRUE
2026-08-07 00:04:05.729,SUR-FLM-01-UL,1260715042020,126071604700001010,TRUE
2026-08-07 00:04:06.386,ELC-TRE-01-L,1260718112000,126071811200001066,TRUE
2026-08-07 00:04:04.945,ELC-PUL-02-UL,1260630330020,126063033000001011,TRUE
2026-08-07 00:04:03.638,SMK-SPR-01-L,1260622030000,126062203000001032,TRUE
2026-08-07 00:03:59.486,LAM-BOP-01-L,1260801144000,126080114400008034,TRUE
2026-08-07 00:04:00.868,ELC-PUL-01-UL,1260715030000,126071503000001065,TRUE
2026-08-07 00:03:58.679,WIR-Decoatbake-01-L,1260620158010,12606201580001C204,TRUE
2026-08-07 00:03:58.217,LIN-OUTTRE-01-L,1260704091000,126070409100001065,TRUE
2026-08-07 00:03:57.992,ELC-PUL-01-L,1260714007020,126071400700001007,TRUE
2026-08-07 00:03:54.172,LIN-INNLDI-03-L,1260804008000,ERROR_202608070703541720,TRUE
2026-08-07 00:03:55.464,ELC-DEP-01-L,1260711018020,126071101800001022,TRUE
2026-08-07 00:03:53.470,LAM-BOP-02-L,1260801110000,126080111000012029,TRUE
2026-08-07 00:03:54.209,LAM-BOP-03-L,1260803088000,126080308800018003,TRUE
2026-08-07 00:03:45.849,WIR-Pretreatment-01-UL,1260708010010,12607080100003A135,TRUE
2026-08-07 00:03:51.865,CPP-Horizontalplating-01-L,1260715022000,126071502200058015,TRUE
2026-08-07 00:03:51.302,CPP-VCP-01-L,1260727003010,126072700200400088,TRUE
2026-08-07 00:04:26.892,LAM-BOP-01-L,1260801144000,126080114400008004,TRUE
2026-08-07 00:04:24.908,LAM-BOP-02-UL,1260801110000,126080111000012004,TRUE
2026-08-07 00:04:21.828,AOI-RESAOI-01-UL,1260704109000,126070410900001033,TRUE
2026-08-07 00:04:23.466,ELC-TRE-01-L,1260718112000,126071811200001070,TRUE
2026-08-07 00:04:18.095,LAM-BOP-02-L,1260801110000,126080111000012027,TRUE
2026-08-07 00:04:19.838,SMK-SPR-01-L,1260622030000,126062203000001077/0,TRUE
2026-08-07 00:04:17.800,WIR-Decoatbake-01-UL,1260715023000,126071502300058039,TRUE
2026-08-07 00:04:16.781,LIN-OUTTRE-01-L,1260704091000,126070409100001073,TRUE
2026-08-07 00:04:15.440,CPP-Horizontalplating-01-L,1260715022000,126071502200058020,TRUE
2026-08-07 00:04:13.477,LAM-BOP-03-L,1260803088000,126080308800018004,TRUE
2026-08-07 00:04:12.502,WIR-Pretreatment-01-UL,1260708010010,12607080100003A134,TRUE
2026-08-07 00:04:11.487,LIN-INNLDI-03-L,1260804008000,ERROR_202608070704114876,TRUE
2026-08-07 00:04:09.315,CPP-VCP-01-L,1260727003010,126072700200400089,TRUE
2026-08-07 00:00:46.160,AOI-RESAOI-01-L,1260704109000,126070410900001022,TRUE
2026-08-07 00:04:08.627,CPP-Horizontalplating-01-UL,1260709001010,126071502400058028,TRUE
2026-08-07 00:04:06.698,SMK-TUN-01-UL,1260616078000,126071001900001060,TRUE
2026-08-07 00:04:46.730,SMK-TUN-01-UL,1260616078000,126071001900001021,TRUE
2026-08-07 00:04:46.505,LIN-INNLDI-03-L,1260804008000,ERROR_202608070704465052,TRUE
2026-08-07 00:04:41.111,LAM-BOP-01-L,1260801144000,126080114400008003,TRUE
2026-08-07 00:04:42.158,LAM-BOP-02-L,1260801110000,126080111000012021,TRUE
2026-08-07 00:04:39.295,ELC-TRE-01-L,1260718112000,126071811200001071,TRUE
2026-08-07 00:04:38.229,SMK-SPR-01-L,1260622030000,126062203000001014,TRUE
2026-08-07 00:04:37.890,SMK-TRE-01-L,1260622024030,126062202400001013,TRUE
2026-08-07 00:04:39.223,CPP-Horizontalplating-01-L,1260715022000,126071502200058007,TRUE
2026-08-07 00:04:36.455,LAM-BOP-02-UL,1260801110000,126080111000012062,TRUE
2026-08-07 00:04:36.218,LIN-OUTTRE-01-L,1260704091000,126070409100001001,TRUE
2026-08-07 00:04:35.551,WIR-Decoatbake-01-L,1260620158010,12606201580001C201,TRUE
2026-08-07 00:04:32.384,LAM-BOP-03-L,1260803088000,126080308800018005,TRUE
2026-08-07 00:04:32.035,CPP-Horizontalplating-01-UL,1260709001010,126071502400058036,TRUE
2026-08-07 00:04:29.473,CPP-VCP-01-L,1260727003010,126072700200400048,TRUE
2026-08-07 00:04:31.519,WIR-Pretreatment-01-UL,1260708010010,12607080100003A133,TRUE
2026-08-07 00:04:28.207,CPP-Patternplating-01-L,1260616092000,12606160920001C107,TRUE
2026-08-07 00:04:57.391,LIN-OUTTRE-01-L,1260704091000,126070409100001066,TRUE
2026-08-07 00:04:58.457,CPP-VCP-01-L,1260727003010,126072700200400047,TRUE
2026-08-07 00:04:56.046,ELC-TRE-01-L,1260718112000,126071811200001073,TRUE
2026-08-07 00:04:55.861,ELC-PUL-01-UL,1260715030000,126071503000001061,TRUE
2026-08-07 00:04:55.782,SMK-TRE-01-L,1260622024030,126062202400001016,TRUE
2026-08-07 00:04:55.692,CPP-Horizontalplating-01-UL,1260709001010,126071502400058035,TRUE
2026-08-07 00:04:54.737,LAM-BOP-01-L,1260801144000,126080114400008029,TRUE
2026-08-07 00:04:55.123,ELC-PUL-02-UL,1260630330020,126063033000001076,TRUE
2026-08-07 00:04:54.499,SMK-SPR-01-L,1260622030000,126062203000001072/0,TRUE
2026-08-07 00:04:54.364,WIR-Pretreatment-01-UL,1260708010010,12607080100003A131,TRUE
2026-08-07 00:04:52.847,LAM-BOP-02-L,1260801110000,126080111000012019,TRUE
2026-08-07 00:04:53.344,ELC-PUL-01-L,1260714007020,126071400700001045,TRUE
2026-08-07 00:04:51.557,LAM-BOP-03-L,1260803088000,126080308800018006,TRUE
2026-08-07 00:04:49.717,ELC-DEP-01-L,1260711018020,126071101800001008,TRUE
2026-08-07 00:04:47.909,LAM-BOP-02-UL,1260801110000,126080111000012058,TRUE
2026-08-07 00:05:14.423,ELC-DEP-01-L,1260711018020,126071101800001042,TRUE
2026-08-07 00:05:12.204,SMK-TRE-01-L,1260622024030,126062202400001033,TRUE
2026-08-07 00:05:16.329,SMK-SPR-01-L,1260622030000,126062203000001053,TRUE
2026-08-07 00:05:12.066,LAM-BOP-02-UL,1260801110000,126080111000012054,TRUE
2026-08-07 00:05:11.845,ELC-TRE-01-L,1260718112000,126071811200001041,TRUE
2026-08-07 00:05:11.663,WIR-Decoatbake-01-L,1260620158010,12606201580001C211,TRUE
2026-08-07 00:05:11.110,SMK-TUN-01-UL,1260616078000,126071001900001058,TRUE
2026-08-07 00:05:10.734,LAM-BOP-03-L,1260803088000,126080308800018007,TRUE
2026-08-07 00:05:08.394,LAM-BOP-01-L,1260801144000,126080114400008030,TRUE
2026-08-07 00:05:04.349,LIN-INNLDI-03-L,1260804008000,ERROR_202608070705043499,TRUE
2026-08-07 00:05:02.662,CPP-Horizontalplating-01-L,1260715022000,126071502200058021,TRUE
2026-08-07 00:05:04.925,LAM-BOP-02-L,1260801110000,126080111000012017,TRUE
2026-08-07 00:05:02.599,WIR-Decoatbake-01-UL,1260715023000,126071502300058048,TRUE
2026-08-07 00:00:46.160,AOI-RESAOI-01-L,1260704109000,126070410900001022,TRUE
2026-08-07 00:04:55.123,ELC-PUL-02-UL,1260630330020,126063033000001076,TRUE
2026-08-07 00:05:29.721,LAM-BOP-03-L,1260803088000,126080308800018008,TRUE
2026-08-07 00:05:33.876,SMK-SPR-01-L,1260622030000,126062203000001021/0,TRUE
2026-08-07 00:05:27.705,AOI-RESAOI-01-L,1260704109000,126070410900001071,TRUE
2026-08-07 00:05:27.049,ELC-TRE-01-L,1260718112000,126071811200001080,TRUE
2026-08-07 00:05:28.392,SMK-TRE-01-L,1260622024030,126062202400001004,TRUE
2026-08-07 00:05:24.907,ELC-PUL-02-UL,1260630330020,126063033000001008,TRUE
2026-08-07 00:05:26.174,LIN-OUTTRE-01-UL,,126063034800001003,TRUE
2026-08-07 00:05:26.461,CPP-Horizontalplating-01-L,1260715022000,126071502200058022,TRUE
2026-08-07 00:05:23.847,LAM-BOP-02-UL,1260801110000,126080111000012052,TRUE
2026-08-07 00:05:22.101,CPP-Patternplating-01-L,1260616092000,12606160920001C102,TRUE
2026-08-07 00:05:19.461,CPP-Horizontalplating-01-UL,1260709001010,126071502400058034,TRUE
2026-08-07 00:05:21.369,LIN-INNLDI-03-L,1260804008000,ERROR_202608070705213691,TRUE
2026-08-07 00:05:18.455,AOI-RESAOI-01-UL,1260704109000,126070410900001016,TRUE
2026-08-07 00:05:18.762,WIR-SE-01-L,1260721078000,12607210780004B001,TRUE
2026-08-07 00:05:18.173,LIN-OUTTRE-01-L,1260704091000,126070409100001058,TRUE
2026-08-07 00:05:11.110,SMK-TUN-01-UL,1260616078000,126071001900001058,TRUE
2026-08-07 00:05:55.948,LIN-INNLDI-03-L,1260804008000,ERROR_202608070705559487,TRUE
2026-08-07 00:05:52.440,SMK-SPR-01-L,1260622030000,126062203000001077,TRUE
2026-08-07 00:05:52.145,ELC-PUL-01-UL,1260715030000,126071503000001063,TRUE
2026-08-07 00:05:49.994,CPP-Horizontalplating-01-L,1260715022000,126071502200058002,TRUE
2026-08-07 00:05:49.019,ELC-PUL-01-L,1260714007020,126071400700001022,TRUE
2026-08-07 00:05:48.941,LAM-BOP-01-L,1260801144000,126080114400008002,TRUE
2026-08-07 00:05:48.541,WIR-Decoatbake-01-L,1260620158010,12606201580001C209,TRUE
2026-08-07 00:05:48.489,LAM-BOP-03-L,1260803088000,126080308800018009,TRUE
2026-08-07 00:05:47.863,LAM-BOP-02-UL,1260801110000,126080111000012042,TRUE
2026-08-07 00:05:47.252,AOI-RESAOI-01-UL,1260704109000,126070410900001022,TRUE
2026-08-07 00:05:47.463,WIR-Decoatbake-01-UL,1260715023000,126071502300058046,TRUE
2026-08-07 00:05:45.986,SMK-TRE-01-L,1260622024030,126062202400001038,TRUE
2026-08-07 00:05:45.830,LIN-OUTTRE-01-UL,,126063034800001058,TRUE
2026-08-07 00:05:45.477,CPP-VCP-01-L,1260727003010,126072700200400062,TRUE
2026-08-07 00:05:43.258,CPP-Horizontalplating-01-UL,1260709001010,126071502400058033,TRUE
2026-08-07 00:05:42.534,ELC-TRE-01-L,1260718112000,126071811200001009,TRUE
2026-08-07 00:05:39.221,ELC-DEP-01-L,1260711018020,126071101800001071,TRUE
2026-08-07 00:05:39.002,LIN-OUTTRE-01-L,1260704091000,126070409100001045,TRUE
2026-08-07 00:00:34.147,LIN-INNTRE-02-UL-2,,126080407500008078,TRUE
2026-08-07 00:06:13.817,ELC-TRE-01-L,1260718112000,126071811200001018,TRUE
2026-08-07 00:06:14.074,LIN-INNLDI-03-L,1260804008000,ERROR_202608070706140747,TRUE
2026-08-07 00:06:13.323,CPP-Horizontalplating-01-L,1260715022000,126071502200058023,TRUE
2026-08-07 00:06:10.352,LAM-BOP-02-UL,1260801110000,126080111000012038,TRUE
2026-08-07 00:06:08.550,SMK-DEV-01-UL,,126062013300001007,TRUE
2026-08-07 00:06:10.143,LIN-OUTTRE-01-UL,,Error_202608070706101437,FALSE
2026-08-07 00:06:08.440,SMK-SPR-01-L,1260622030000,126062203000001026/0,TRUE
2026-08-07 00:06:07.723,LAM-BOP-03-L,1260803088000,126080308800018010,TRUE
2026-08-07 00:06:06.979,CPP-Horizontalplating-01-UL,1260709001010,126071502400058032,TRUE
2026-08-07 00:06:03.254,ELC-DEP-01-L,1260711018020,126071101800001025,TRUE
2026-08-07 00:06:02.595,SMK-TRE-01-L,1260622024030,126062202400001075,TRUE
2026-08-07 00:06:02.564,AOI-RESAOI-01-L,1260704109000,126070410900001003,TRUE
2026-08-07 00:06:01.258,ELC-PUL-02-UL,1260630330020,126063033000001072,TRUE
2026-08-07 00:06:02.270,ELC-TRE-01-UL,1260718112000,126071811200001007,TRUE
2026-08-07 00:05:59.617,LAM-BOP-01-L,1260801144000,126080114400008033,TRUE
2026-08-07 00:05:59.502,LIN-OUTTRE-01-L,1260704091000,126070409100001021,TRUE
2026-08-07 00:06:30.762,CPP-Horizontalplating-01-UL,1260709001010,126071502400058002,TRUE
2026-08-07 00:06:32.684,WIR-Decoatbake-01-UL,1260715023000,126071502300058043,TRUE
2026-08-07 00:06:32.115,ELC-TRE-01-UL,1260718112000,126071811200001064,TRUE
2026-08-07 00:06:30.467,LIN-INNLDI-03-L,1260804008000,ERROR_202608070706304671,TRUE
2026-08-07 00:06:29.552,ELC-TRE-01-L,1260718112000,126071811200001020,TRUE
2026-08-07 00:06:30.434,WIR-Pretreatment-01-UL,1260708010010,12607080100003A132,TRUE
2026-08-07 00:06:29.471,AOI-RESAOI-01-UL,1260704109000,126070410900001071,TRUE
2026-08-07 00:06:28.619,AOI-PEP-01-L,1260803061000,126080112300002080,TRUE
2026-08-07 00:06:27.740,ELC-DEP-01-L,1260711018020,126071101800001055,TRUE
2026-08-07 00:06:27.019,SMK-SPR-01-L,1260622030000,126062203000001072,TRUE
2026-08-07 00:06:26.693,LAM-BOP-03-L,1260803088000,126080308800018011,TRUE
2026-08-07 00:06:25.246,WIR-Decoatbake-01-L,1260620158010,12606201580001C210,TRUE
2026-08-07 00:06:22.698,LAM-BOP-02-UL,1260801110000,126080111000012036,TRUE
2026-08-07 00:06:21.473,WIR-SE-01-L,1260721078000,12607210780004B004,TRUE
2026-08-07 00:06:20.549,LIN-OUTTRE-01-L,1260704091000,126070409100001023,TRUE
2026-08-07 00:06:21.315,AOI-RESAOI-01-L,1260704109000,126070410900001057,TRUE
2026-08-07 00:06:16.722,SMK-TUN-01-UL,1260616078000,126071001900001001,TRUE
2026-08-07 00:06:19.190,SMK-TRE-01-L,1260622024030,126062202400001008,TRUE
2026-08-07 00:06:10.143,LIN-OUTTRE-01-UL,,Error_202608070706101437,FALSE
2026-08-07 00:06:15.745,CPP-Patternplating-01-L,1260616092000,12606160920001C101,TRUE
2026-08-07 00:06:47.515,ELC-PUL-02-UL,1260630330020,126063033000001046,TRUE
2026-08-07 00:06:45.838,LAM-BOP-02-UL,1260801110000,126080111000012032,TRUE
2026-08-07 00:06:45.585,LAM-BOP-03-L,1260803088000,126080308800018012,TRUE
2026-08-07 00:06:45.414,ELC-TRE-01-L,1260718112000,126071811200001013,TRUE
2026-08-07 00:06:44.557,ELC-PUL-01-L,1260714007020,126071400700001014,TRUE
2026-08-07 00:06:43.862,AOI-RESAOI-01-L,1260704109000,126070410900001048,TRUE
2026-08-07 00:06:43.161,SMK-SPR-01-L,1260622030000,126062203000001033/0,TRUE
2026-08-07 00:06:40.894,LIN-OUTTRE-01-L,1260704091000,126070409100001027,TRUE
2026-08-07 00:06:37.823,LAM-BOP-01-L,1260801144000,126080113700008015,TRUE
2026-08-07 00:06:37.753,SMK-TRE-01-L,1260622024030,126062202400001018,TRUE
2026-08-07 00:06:33.419,CPP-VCP-01-L,1260727003010,M0960002G2000E-0607,TRUE
2026-08-07 00:06:37.138,CPP-Horizontalplating-01-L,1260715022000,126071502200058003,TRUE
2026-08-07 00:07:05.281,LIN-INNLDI-03-L,1260804008000,ERROR_202608070707052812,TRUE
2026-08-07 00:07:04.947,LAM-BOP-03-L,1260803088000,126080308800018013,TRUE
2026-08-07 00:07:03.847,LIN-OUTTRE-01-L,1260704091000,126070409100001030,TRUE
2026-08-07 00:07:03.242,ELC-TRE-01-UL,1260718112000,126071811200001059,TRUE
2026-08-07 00:07:01.070,ELC-TRE-01-L,1260718112000,126071811200001012,TRUE
2026-08-07 00:07:01.726,SMK-SPR-01-L,1260622030000,126062203000001021,TRUE
2026-08-07 00:07:02.328,WIR-Decoatbake-01-L,1260620158010,12606201580001C188,TRUE
2026-08-07 00:07:00.922,CPP-Horizontalplating-01-L,1260715022000,126071502200058004,TRUE
2026-08-07 00:06:56.246,LAM-BOP-02-UL,1260801110000,126080111000012030,TRUE
2026-08-07 00:06:58.554,SMK-TUN-01-UL,1260616078000,126071001900001056,TRUE
2026-08-07 00:06:54.581,SMK-TRE-01-L,1260622024030,126062202400001011,TRUE
2026-08-07 00:06:54.530,CPP-Horizontalplating-01-UL,1260709001010,126071502400058059,TRUE
2026-08-07 00:06:53.452,WIR-Pretreatment-01-UL,1260708010010,12607080100003A129,TRUE
2026-08-07 00:06:52.518,AOI-RESAOI-01-UL,1260704109000,126070410900001003,TRUE
2026-08-07 00:06:52.273,ELC-DEP-01-L,1260711018020,126071101800001077,TRUE
2026-08-07 00:06:48.588,LAM-BOP-01-L,1260801144000,126080114400008011,TRUE
2026-08-07 00:06:48.104,ELC-PUL-01-UL,1260715030000,126071503000001001,TRUE
2026-08-07 00:01:49.946,LIN-OUTVAP-01-UL,,12606160910001C096,TRUE
2026-08-07 00:07:23.606,LAM-BOP-03-L,1260803088000,126080308800018014,TRUE
2026-08-07 00:07:23.557,WIR-SE-01-L,1260721078000,12607210780004B901,TRUE
2026-08-07 00:07:22.742,SMK-TUN-01-UL,1260616078000,126071001900001035,TRUE
2026-08-07 00:07:21.453,AOI-PEP-01-L,1260803061000,126080303100002034,TRUE
2026-08-07 00:07:18.727,ELC-TRE-01-UL,1260718112000,126071811200001076,TRUE
2026-08-07 00:07:18.331,CPP-Horizontalplating-01-UL,1260709001010,126071502400058037,TRUE
2026-08-07 00:07:18.179,SMK-SPR-01-L,1260622030000,126062203000001065/0,TRUE
2026-08-07 00:07:17.847,WIR-Decoatbake-01-UL,1260715023000,126071502300058047,TRUE
2026-08-07 00:07:16.503,WIR-Pretreatment-01-UL,1260708010010,12607080100003A130,TRUE
2026-08-07 00:07:15.315,AOI-RESAOI-01-UL,1260704109000,126070410900001057,TRUE
2026-08-07 00:07:16.664,ELC-TRE-01-L,1260718112000,126071811200001011,TRUE
2026-08-07 00:07:17.641,LAM-BOP-02-L,1260801110000,126080111000012013,TRUE
2026-08-07 00:07:11.081,SMK-TRE-01-L,1260622024030,126062202400001055,TRUE
2026-08-07 00:07:10.139,LAM-BOP-02-UL,1260801110000,126080111000012028,TRUE
2026-08-07 00:07:09.502,CPP-Patternplating-01-L,1260616092000,12606160920001C110,TRUE
2026-08-07 00:07:07.065,AOI-RESAOI-01-L,1260704109000,126070410900001049,TRUE
2026-08-07 00:06:08.550,SMK-DEV-01-UL,,126062013300001007,TRUE
2026-08-07 00:03:05.478,SMK-BRU-01-UL,1260720062020,12607110010003G021,TRUE
2026-08-07 00:07:44.417,WIR-SE-01-L,1260721078000,12607210780004B902,TRUE
2026-08-07 00:07:43.473,LIN-INNDES-01-UL,1260803062000,126080403700004002,TRUE
2026-08-07 00:07:43.608,ELC-PUL-01-UL,1260715030000,126071503000001002,TRUE
2026-08-07 00:07:42.467,LAM-BOP-03-L,1260803088000,126080308800018015,TRUE
2026-08-07 00:07:42.193,CPP-Horizontalplating-01-UL,1260709001010,126071502400058053,TRUE
2026-08-07 00:07:42.082,LAM-BOP-02-L,1260801110000,126080111000012009,TRUE
2026-08-07 00:07:40.176,LIN-INNLDI-03-L,1260804008000,ERROR_202608070707401766,TRUE
2026-08-07 00:07:40.202,ELC-PUL-01-L,1260714007020,126071400700001047,TRUE
2026-08-07 00:07:39.020,WIR-Decoatbake-01-L,1260620158010,12606201580001C185,TRUE
2026-08-07 00:07:38.472,LAM-BOP-02-UL,1260801110000,126080111000012026,TRUE
2026-08-07 00:07:39.630,WIR-Pretreatment-01-UL,1260708010010,12607080100003A140,TRUE
2026-08-07 00:07:38.801,AOI-RESAOI-01-UL,1260704109000,126070410900001048,TRUE
2026-08-07 00:07:34.228,ELC-TRE-01-UL,1260718112000,126071811200001077,TRUE
2026-08-07 00:07:34.209,ELC-PUL-02-UL,1260630330020,126063033000001034,TRUE
2026-08-07 00:07:32.758,ELC-TRE-01-L,1260718112000,126071811200001050,TRUE
2026-08-07 00:07:36.321,SMK-SPR-01-L,1260622030000,126062203000001026,TRUE
2026-08-07 00:07:30.409,AOI-RESAOI-01-L,1260704109000,126070410900001077,TRUE
2026-08-07 00:07:28.050,SMK-TRE-01-L,1260622024030,126062202400001022,TRUE
2026-08-07 00:07:25.690,LIN-OUTTRE-01-UL,,126063034800001050,TRUE
2026-08-07 00:07:26.534,LIN-OUTTRE-01-L,1260704091000,126070409100001018,TRUE
2026-08-07 00:02:38.379,GLD-RinseENEPIG-01-UL,,12606100020001C221,TRUE
2026-08-07 00:07:24.660,CPP-Horizontalplating-01-L,1260715022000,126071502200058005,TRUE
2026-08-07 00:08:01.658,LAM-BOP-03-L,1260803088000,126080308800018016,TRUE
2026-08-07 00:08:01.677,AOI-RESAOI-01-UL,1260704109000,126070410900001049,TRUE
2026-08-07 00:07:59.255,LIN-INNLDI-03-L,1260804008000,ERROR_202608070707592558,TRUE
2026-08-07 00:08:01.820,LIN-INNDES-01-UL,1260803062000,126080403700004004,TRUE
2026-08-07 00:07:50.520,LAM-BOP-02-UL,1260801110000,126080111000012024,TRUE
2026-08-07 00:07:52.848,AOI-RESAOI-01-L,1260704109000,126070410900001034,TRUE
2026-08-07 00:07:50.167,ELC-TRE-01-UL,1260718112000,126071811200001066,TRUE
2026-08-07 00:07:53.225,LAM-BOP-02-L,1260801110000,126080111000012007,TRUE
2026-08-07 00:07:48.162,CPP-Horizontalplating-01-L,1260715022000,126071502200058006,TRUE
2026-08-07 00:07:49.426,LIN-OUTTRE-01-L,1260704091000,126070409100001017,TRUE
2026-08-07 00:07:48.104,ELC-TRE-01-L,1260718112000,126071811200001054,TRUE
2026-08-07 00:07:47.848,LAM-BOP-01-L,1260801142000,126080114200012036,TRUE
2026-08-07 00:07:45.535,SMK-TRE-01-L,1260622024030,126062202400001007,TRUE
2026-08-07 00:07:46.573,ELC-DEP-01-L,1260711018020,126071101800001020,TRUE
2026-08-07 00:07:46.551,LIN-OUTTRE-01-UL,,126063034800001047,TRUE
2026-08-07 00:08:16.541,LAM-BOP-02-L,1260801110000,126080111000012003,TRUE
2026-08-07 00:08:16.650,CPP-Horizontalplating-01-UL,1260709001010,126071502400058051,TRUE
2026-08-07 00:08:16.288,AOI-RESAOI-01-L,1260704109000,126070410900001004,TRUE
2026-08-07 00:08:15.635,LIN-INNDES-01-UL,1260803062000,126080401600010080,TRUE
2026-08-07 00:08:13.275,LAM-BOP-02-UL,1260801110000,126080111000012018,TRUE
2026-08-07 00:08:15.259,WIR-Decoatbake-01-L,1260620158010,12606201580001C195,TRUE
2026-08-07 00:08:12.303,LIN-OUTTRE-01-L,1260704091000,126070409100001062,TRUE
2026-08-07 00:08:14.850,LIN-INNLDI-03-L,1260804008000,ERROR_202608070708148501,TRUE
2026-08-07 00:08:11.977,CPP-Horizontalplating-01-L,1260715022000,126071502200058008,TRUE
2026-08-07 00:08:11.915,LAM-BOP-01-L,1260801142000,126080114200012010,TRUE
2026-08-07 00:08:14.719,WIR-SE-01-L,1260721078000,12607210780004B003,TRUE
2026-08-07 00:08:07.998,ELC-TRE-01-UL,1260718112000,126071811200001070,TRUE
2026-08-07 00:08:11.030,ELC-DEP-01-L,1260711018020,126071101800001052,TRUE
2026-08-07 00:08:07.305,AOI-PEP-01-UL,1260803061000,126080112300002080,TRUE
2026-08-07 00:08:03.779,ELC-TRE-01-L,1260718112000,126071811200001055,TRUE
2026-08-07 00:08:03.059,SMK-TUN-01-UL,1260616078000,126071001900001003,TRUE
2026-08-07 00:08:02.820,CPP-Patternplating-01-L,1260616092000,12606160920001C105,TRUE
2026-08-07 00:08:02.820,WIR-Decoatbake-01-UL,1260715023000,126071502300058010,TRUE
2026-08-07 00:08:01.864,SMK-TRE-01-L,1260622024030,126062202400001005,TRUE
2026-08-07 00:08:02.476,WIR-Pretreatment-01-UL,1260708010010,12607080100003A127,TRUE
2026-08-07 00:07:36.321,SMK-SPR-01-L,1260622030000,126062203000001026,TRUE
2026-08-07 00:08:36.699,LAM-BOP-01-L,1260801142000,126080114200012003,TRUE
2026-08-07 00:08:37.761,LAM-BOP-02-UL,1260801110000,126080111000012014,TRUE
2026-08-07 00:08:35.800,ELC-PUL-01-L,1260714007020,126071400700001043,TRUE
2026-08-07 00:08:36.220,ELC-DEP-01-L,1260711018020,126071101800001047,TRUE
2026-08-07 00:08:35.611,ELC-TRE-01-L,1260718112000,126071811200001048,TRUE
2026-08-07 00:08:35.262,CPP-Horizontalplating-01-L,1260715022000,126071502200058009,TRUE
2026-08-07 00:08:35.072,LIN-OUTTRE-01-L,1260704091000,126070409100001033,TRUE
2026-08-07 00:08:32.824,AOI-PEP-01-L,1260803061000,126080303100002014,TRUE
2026-08-07 00:08:34.371,AOI-PEP-01-UL,1260803061000,126080303100002034,TRUE
2026-08-07 00:08:31.667,LIN-INNDES-01-UL,1260803062000,126080401600010079,TRUE
2026-08-07 00:08:33.553,LIN-INNLDI-03-L,1260804008000,ERROR_202608070708335536,TRUE
2026-08-07 00:08:25.527,WIR-Pretreatment-01-UL,1260708010010,12607080100003A128,TRUE
2026-08-07 00:08:28.765,SMK-TUN-01-UL,1260616078000,126071001900001073,TRUE
2026-08-07 00:08:28.844,ELC-TRE-01-UL,1260718112000,Error_202608070708288448,FALSE
2026-08-07 00:08:34.994,SMK-TRE-01-L,1260622024030,126062202400001045,TRUE
2026-08-07 00:08:29.230,LAM-BOP-02-L,1260801110000,126080111000012001,TRUE
2026-08-07 00:08:20.848,LAM-BOP-03-L,1260803088000,126080308800018017,TRUE
2026-08-07 00:08:20.587,ELC-PUL-02-UL,1260630330020,126063033000001073,TRUE
2026-08-07 00:08:24.445,AOI-RESAOI-01-UL,1260704109000,126070410900001077,TRUE
2026-08-07 00:08:02.820,WIR-Decoatbake-01-UL,1260715023000,126071502300058010,TRUE
2026-08-07 00:08:54.498,AOI-PEP-01-L,1260803061000,126080304900002054,TRUE
2026-08-07 00:08:52.436,LAM-BOP-02-L,1260801110000,126080111000012078,TRUE
2026-08-07 00:08:52.185,WIR-Decoatbake-01-L,1260620158010,12606201580001C196,TRUE
2026-08-07 00:08:53.264,AOI-PEP-01-UL,1260803061000,126080303100002014,TRUE
2026-08-07 00:08:51.051,ELC-TRE-01-L,1260718112000,126071811200001046,TRUE
2026-08-07 00:08:48.903,WIR-Pretreatment-01-UL,1260708010010,12607080100003A125,TRUE
2026-08-07 00:08:51.132,LIN-INNLDI-03-L,1260804008000,ERROR_202608070708511320,TRUE
2026-08-07 00:08:51.641,SMK-TRE-01-L,1260622024030,126062202400001032,TRUE
2026-08-07 00:08:47.045,WIR-Decoatbake-01-UL,1260715023000,126071502300058014,TRUE
2026-08-07 00:08:48.111,SMK-SPR-01-L,1260622030000,126062203000001033,TRUE
2026-08-07 00:08:47.810,AOI-RESAOI-01-UL,1260704109000,126070410900001034,TRUE
2026-08-07 00:08:47.638,LAM-BOP-02-UL,1260801110000,126080111000012012,TRUE
2026-08-07 00:08:40.778,CPP-Horizontalplating-01-UL,1260709001010,126071502400058045,TRUE
2026-08-07 00:08:39.880,LAM-BOP-03-L,1260803088000,126080308800018018,TRUE
2026-08-07 00:08:42.550,ELC-DEP-01-UL,1260716035000,126071603500001063,TRUE
2026-08-07 00:08:40.253,ELC-TRE-01-UL,1260718112000,126071811200001073,TRUE
2026-08-07 00:08:38.613,ELC-PUL-01-UL,1260715030000,126071503000001007,TRUE
2026-08-07 00:08:39.416,AOI-RESAOI-01-L,1260704109000,126070410900001052,TRUE
2026-08-07 00:09:16.016,LAM-BOP-02-L,1260801110000,126080111000012076,TRUE
2026-08-07 00:09:11.624,WIR-Pretreatment-01-UL,1260708010010,12607080100003A126,TRUE
2026-08-07 00:09:12.922,LAM-BOP-02-UL,1260801110000,126080111000012051,TRUE
2026-08-07 00:09:10.117,ELC-TRE-01-UL,1260718112000,126071811200001080,TRUE
2026-08-07 00:09:10.736,AOI-RESAOI-01-UL,1260704109000,126070410900001004,TRUE
2026-08-07 00:09:09.033,SMK-TRE-01-L,1260622024030,126062202400001060,TRUE
2026-08-07 00:09:08.744,LIN-INNLDI-03-L,1260804008000,ERROR_202608070709087442,TRUE
2026-08-07 00:09:08.863,SMK-TUN-01-UL,1260616078000,126071001900001062,TRUE
2026-08-07 00:09:07.555,ELC-DEP-01-UL,1260716035000,126071603500001072,TRUE
2026-08-07 00:09:06.492,ELC-TRE-01-L,1260718112000,126071811200001062,TRUE
2026-08-07 00:09:06.934,ELC-PUL-02-UL,1260630330020,126063033000001027,TRUE
2026-08-07 00:09:04.389,CPP-Horizontalplating-01-UL,1260709001010,126071502400058041,TRUE
2026-08-07 00:09:06.328,AOI-PEP-01-UL,1260803061000,126080304900002052,TRUE
2026-08-07 00:09:02.251,AOI-RESAOI-01-L,1260704109000,126070410900001060,TRUE
2026-08-07 00:09:00.874,LAM-BOP-01-L,1260801142000,126080114200012004,TRUE
2026-08-07 00:08:59.046,CPP-Horizontalplating-01-L,1260715022000,126071502200058038,TRUE
2026-08-07 00:08:59.882,ELC-DEP-01-L,1260711018020,126071101800001073,TRUE
2026-08-07 00:08:58.451,WIR-LDI-01-UL,,M0960111B2000A-0607,TRUE
2026-08-07 00:08:58.889,LAM-BOP-03-L,1260803088000,126080308800018019,TRUE
2026-08-07 00:08:58.110,LIN-OUTTRE-01-L,1260704091000,126070409100001034,TRUE
2026-08-07 00:08:56.607,CPP-Patternplating-01-L,1260616092000,12606160920001C104,TRUE
2026-08-07 00:08:54.498,AOI-PEP-01-L,1260803061000,126080304900002054,TRUE
2026-08-07 00:08:47.045,WIR-Decoatbake-01-UL,1260715023000,126071502300058014,TRUE
2026-08-07 00:08:48.111,SMK-SPR-01-L,1260622030000,126062203000001033,TRUE
2026-08-07 00:07:46.551,LIN-OUTTRE-01-UL,,126063034800001047,TRUE
2026-08-07 00:09:32.048,WIR-Decoatbake-01-UL,1260715023000,126071502300058016,TRUE
2026-08-07 00:09:33.317,AOI-RESAOI-01-UL,1260704109000,126070410900001052,TRUE
2026-08-07 00:09:31.443,ELC-PUL-01-L,1260714007020,126071400700001069,TRUE
2026-08-07 00:09:31.683,ELC-DEP-01-UL,1260716035000,126071603500001049,TRUE
2026-08-07 00:09:28.939,AOI-PEP-01-UL,1260803061000,126080304900002054,TRUE
2026-08-07 00:09:29.689,AOI-PEP-01-L,1260803061000,126080304900002021,TRUE
2026-08-07 00:09:28.203,WIR-Decoatbake-01-L,1260620158010,12606201580001C193,TRUE
2026-08-07 00:09:28.547,CPP-Horizontalplating-01-UL,1260709001010,126071502400058050,TRUE
2026-08-07 00:09:26.722,SMK-TRE-01-L,1260622024030,126062202400001069,TRUE
2026-08-07 00:09:27.892,LAM-BOP-02-L,1260801110000,126080111000012072,TRUE
2026-08-07 00:09:26.557,ELC-TRE-01-UL,1260718112000,126071811200001009,TRUE
2026-08-07 00:09:27.019,LIN-OUTTRE-01-UL,,126063034800001025,TRUE
2026-08-07 00:09:26.058,LIN-INNLDI-03-L,1260804008000,ERROR_202608070709260583,TRUE
2026-08-07 00:09:25.220,LAM-BOP-01-L,1260801142000,126080114200012005,TRUE
2026-08-07 00:09:25.019,AOI-RESAOI-01-L,1260704109000,126070410900001072,TRUE
2026-08-07 00:09:23.657,LAM-BOP-02-UL,1260801110000,126080111000012049,TRUE
2026-08-07 00:09:22.874,CPP-Horizontalplating-01-L,1260715022000,126071502200058039,TRUE
2026-08-07 00:09:24.651,ELC-DEP-01-L,1260711018020,126071101800001074,TRUE
2026-08-07 00:09:22.510,ELC-TRE-01-L,1260718112000,126071811200001061,TRUE
2026-08-07 00:09:20.816,LIN-OUTTRE-01-L,1260704091000,126070409100001026,TRUE
2026-08-07 00:09:18.140,LAM-BOP-03-L,1260803088000,126080308800018020,TRUE
2026-08-07 00:09:43.974,SMK-TRE-01-L,1260622024030,126062202400001037,TRUE
2026-08-07 00:09:43.490,LIN-OUTTRE-01-L,1260704091000,126070409100001028,TRUE
2026-08-07 00:09:39.690,LAM-BOP-02-L,1260801110000,126080111000012070,TRUE
2026-08-07 00:09:40.940,AOI-PEP-01-L,1260803061000,126080304900002079,TRUE
2026-08-07 00:09:43.029,ELC-TRE-01-UL,1260718112000,126071811200001015,TRUE
2026-08-07 00:09:43.295,LIN-INNLDI-03-L,1260804008000,ERROR_202608070709432959,TRUE
2026-08-07 00:09:39.690,AOI-PEP-01-UL,1260803061000,126080304900002045,TRUE
2026-08-07 00:09:41.331,LIN-INNDES-01-UL,1260803062000,126080404100012078,TRUE
2026-08-07 00:09:37.063,LAM-BOP-03-L,1260803088000,126080308800018021,TRUE
2026-08-07 00:09:37.825,ELC-TRE-01-L,1260718112000,126071811200001052,TRUE
2026-08-07 00:09:34.709,ELC-PUL-01-UL,1260715030000,126071503000001075,TRUE
2026-08-07 00:09:38.112,LAM-BOP-01-L,1260801142000,126080114200012006,TRUE
2026-08-07 00:09:34.945,SMK-TUN-01-UL,1260616078000,126071001900001009,TRUE
2026-08-07 00:09:35.000,WIR-Pretreatment-01-UL,1260708010010,12607080100003A123,TRUE
2026-08-07 00:09:36.252,LAM-BOP-02-UL,1260801110000,126080111000012047,TRUE
2026-08-07 00:06:08.550,SMK-DEV-01-UL,,126062013300001007,TRUE
2026-08-07 00:10:03.302,LAM-BOP-01-L,1260801142000,126080114200012008,TRUE
2026-08-07 00:10:05.471,WIR-Decoatbake-01-L,1260620158010,12606201580001C194,TRUE
2026-08-07 00:10:03.192,AOI-PEP-01-L,1260803061000,126080304900002069,TRUE
2026-08-07 00:10:03.098,LAM-BOP-02-L,1260801110000,126080111000012066,TRUE
2026-08-07 00:10:00.702,LIN-INNLDI-03-L,1260804008000,ERROR_202608070710007025,TRUE
2026-08-07 00:10:00.520,LAM-BOP-02-UL,1260801110000,126080111000012043,TRUE
2026-08-07 00:10:00.432,SMK-TRE-01-L,1260622024030,126062202400001042,TRUE
2026-08-07 00:09:57.643,WIR-Pretreatment-01-UL,1260708010010,12607080100003A121,TRUE
2026-08-07 00:10:02.051,AOI-PEP-01-UL,1260803061000,126080304900002079,TRUE
2026-08-07 00:09:57.297,ELC-TRE-01-UL,1260718112000,126071811200001018,TRUE
2026-08-07 00:09:56.213,AOI-RESAOI-01-UL,1260704109000,126070410900001060,TRUE
2026-08-07 00:09:56.064,LAM-BOP-03-L,1260803088000,126080308800018022,TRUE
2026-08-07 00:09:54.875,ELC-DEP-01-UL,1260716035000,126071603500001005,TRUE
2026-08-07 00:09:53.549,ELC-PUL-02-UL,1260630330020,126063033000001078,TRUE
2026-08-07 00:09:52.236,CPP-Horizontalplating-01-UL,1260709001010,126071502400058048,TRUE
2026-08-07 00:09:50.957,LIN-INNDES-01-UL,1260803062000,126080404100012080,TRUE
2026-08-07 00:09:50.392,CPP-Patternplating-01-L,1260616092000,12606160920001C103,TRUE
2026-08-07 00:09:49.031,ELC-DEP-01-L,1260711018020,126071101800001046,TRUE
2026-08-07 00:09:53.109,ELC-TRE-01-L,1260718112000,126071811200001069,TRUE
2026-08-07 00:09:47.835,AOI-RESAOI-01-L,1260704109000,126070410900001013,TRUE
2026-08-07 00:09:46.141,CPP-Horizontalplating-01-L,1260715022000,126071502200058040,TRUE
2026-08-07 00:08:48.111,SMK-SPR-01-L,1260622030000,126062203000001033,TRUE
2026-08-07 00:10:30.997,ELC-PUL-01-UL,1260715030000,126071503000001056,TRUE
2026-08-07 00:10:29.357,LIN-OUTTRE-01-L,1260704091000,126070409100001069,TRUE
2026-08-07 00:10:28.770,ELC-TRE-01-UL,1260718112000,126071811200001013,TRUE
2026-08-07 00:10:28.084,LAM-BOP-01-L,1260801142000,126080114200012011,TRUE
2026-08-07 00:10:27.225,LAM-BOP-02-L,1260801110000,126080111000012077,TRUE
2026-08-07 00:10:25.426,ELC-TRE-01-L,1260718112000,126071811200001016,TRUE
2026-08-07 00:10:25.490,AOI-PEP-01-L,1260803061000,126080306100002001,TRUE
2026-08-07 00:10:24.084,AOI-PEP-01-UL,1260803061000,126080304900002069,TRUE
2026-08-07 00:10:22.162,LAM-BOP-02-UL,1260801110000,126080111000012039,TRUE
2026-08-07 00:10:26.919,ELC-PUL-01-L,1260714007020,126071400700001048,TRUE
2026-08-07 00:10:21.129,WIR-Pretreatment-01-UL,1260708010010,12607080100003A122,TRUE
2026-08-07 00:10:17.184,SMK-TRE-01-L,1260622024030,126062202400001048,TRUE
2026-08-07 00:10:19.333,ELC-DEP-01-UL,1260716035000,126071603500001074,TRUE
2026-08-07 00:10:16.785,WIR-Decoatbake-01-UL,1260715023000,126071502300058012,TRUE
2026-08-07 00:10:19.231,AOI-RESAOI-01-UL,1260704109000,126070410900001072,TRUE
2026-08-07 00:10:18.142,LIN-INNLDI-03-L,1260804008000,ERROR_202608070710181424,TRUE
2026-08-07 00:10:14.232,SMK-TUN-01-UL,1260616078000,126071001900001017,TRUE
2026-08-07 00:10:15.379,LAM-BOP-03-L,1260803088000,126080308800018023,TRUE
2026-08-07 00:10:09.924,CPP-Horizontalplating-01-L,1260715022000,126071502200058041,TRUE
2026-08-07 00:10:15.988,CPP-Horizontalplating-01-UL,1260709001010,126071502400058055,TRUE
2026-08-07 00:10:10.699,AOI-RESAOI-01-L,1260704109000,126070410900001059,TRUE
2026-08-07 00:10:44.240,CPP-Patternplating-01-L,1260616092000,12606160920001C098,TRUE
2026-08-07 00:10:46.649,LAM-BOP-02-UL,1260801110000,126080111000012033,TRUE
2026-08-07 00:10:45.366,ELC-TRE-01-UL,1260718112000,126071811200001012,TRUE
2026-08-07 00:10:43.319,ELC-DEP-01-L,1260711018020,126071101800001032,TRUE
2026-08-07 00:10:42.990,ELC-DEP-01-UL,1260716035000,126071603500001011,TRUE
2026-08-07 00:10:41.646,WIR-Decoatbake-01-L,1260620158010,12606201580001C191,TRUE
2026-08-07 00:10:41.335,ELC-TRE-01-L,1260718112000,126071811200001014,TRUE
2026-08-07 00:10:42.157,AOI-RESAOI-01-UL,1260704109000,126070410900001013,TRUE
2026-08-07 00:10:40.758,LAM-BOP-01-L,1260801142000,126080114200012012,TRUE
2026-08-07 00:10:39.912,CPP-Horizontalplating-01-UL,1260709001010,126071502400058031,TRUE
2026-08-07 00:10:40.021,ELC-PUL-02-UL,1260630330020,126063033000001012,TRUE
2026-08-07 00:10:38.664,LAM-BOP-02-L,1260801110000,126080111000012075,TRUE
2026-08-07 00:10:38.296,SMK-TUN-01-UL,1260616078000,126071001900001005,TRUE
2026-08-07 00:10:36.550,LIN-INNLDI-03-L,1260804008000,ERROR_202608070710365505,TRUE
2026-08-07 00:10:34.384,LAM-BOP-03-L,1260803088000,126080308800018024,TRUE
2026-08-07 00:10:34.437,SMK-TRE-01-L,1260622024030,126062202400001058,TRUE
2026-08-07 00:10:33.812,AOI-RESAOI-01-L,1260704109000,126070410900001031,TRUE
2026-08-07 00:06:08.550,SMK-DEV-01-UL,,126062013300001007,TRUE
2026-08-07 00:10:33.161,CPP-Horizontalplating-01-L,1260715022000,126071502200058042,TRUE
2026-08-07 00:11:10.763,LAM-BOP-02-UL,1260801110000,126080111000012029,TRUE
2026-08-07 00:11:10.887,LIN-INNLDI-03-L,1260804008000,ERROR_202608070711108873,TRUE
2026-08-07 00:11:09.505,LIN-OUTTRE-01-UL,,126063034800001080,TRUE
2026-08-07 00:11:08.509,ELC-DEP-01-UL,1260716035000,126071603500001050,TRUE
2026-08-07 00:11:08.496,AOI-PEP-01-L,1260803061000,126080306100002003,TRUE
2026-08-07 00:11:07.707,SMK-TRE-01-L,1260622024030,126062202400001064,TRUE
2026-08-07 00:11:06.027,LAM-BOP-01-L,1260801142000,126080114200012016,TRUE
2026-08-07 00:11:07.712,ELC-DEP-01-L,1260711018020,126071101800001058,TRUE
2026-08-07 00:11:05.269,AOI-RESAOI-01-UL,1260704109000,126070410900001059,TRUE
2026-08-07 00:11:02.808,LAM-BOP-02-L,1260801110000,126080111000012071,TRUE
2026-08-07 00:11:02.882,WIR-Decoatbake-01-UL,1260715023000,126071502300058018,TRUE
2026-08-07 00:11:04.007,CPP-Horizontalplating-01-UL,1260709001010,126071502400058013,TRUE
2026-08-07 00:11:00.836,ELC-TRE-01-UL,1260718112000,126071811200001011,TRUE
2026-08-07 00:10:57.258,ELC-TRE-01-L,1260718112000,126071811200001010,TRUE
2026-08-07 00:10:56.940,AOI-RESAOI-01-L,1260704109000,126070410900001044,TRUE
2026-08-07 00:10:57.476,CPP-Horizontalplating-01-L,1260715022000,126071502200058043,TRUE
2026-08-07 00:10:53.390,LAM-BOP-03-L,1260803088000,126080308800018025,TRUE
2026-08-07 00:10:55.900,AOI-PEP-01-UL,1260803061000,126080301300002037,TRUE
2026-08-07 00:10:52.361,LIN-OUTTRE-01-L,1260704091000,126070409100001064,TRUE
2026-08-07 00:11:20.441,LAM-BOP-01-L,1260801142000,126080114200012017,TRUE
2026-08-07 00:11:20.634,CPP-Horizontalplating-01-L,1260715022000,126071502200058044,TRUE
2026-08-07 00:11:22.564,ELC-PUL-01-L,1260714007020,126071400700001075,TRUE
2026-08-07 00:11:20.332,AOI-PEP-01-UL,1260803061000,126080306100002001,TRUE
2026-08-07 00:11:18.227,WIR-Decoatbake-01-L,1260620158010,12606201580001C202,TRUE
2026-08-07 00:11:19.446,AOI-RESAOI-01-L,1260704109000,126070410900001008,TRUE
2026-08-07 00:11:18.722,SMK-TUN-01-L,1260622072000,126062207200001001,TRUE
2026-08-07 00:11:19.753,SMK-TUN-01-UL,1260616078000,126071001900001015,TRUE
2026-08-07 00:11:18.185,AOI-PEP-01-L,1260803061000,126080306100002005,TRUE
2026-08-07 00:11:15.164,LIN-OUTTRE-01-L,1260704091000,126070409100001057,TRUE
2026-08-07 00:11:15.367,SMK-TRE-01-UL,1260622024030,126062202400001013,TRUE
2026-08-07 00:11:17.682,ELC-TRE-01-UL,1260718112000,126071811200001050,TRUE
2026-08-07 00:11:14.075,LAM-BOP-02-L,1260801110000,126080111000012069,TRUE
2026-08-07 00:11:02.882,WIR-Decoatbake-01-UL,1260715023000,126071502300058018,TRUE
2026-08-07 00:11:14.073,ELC-TRE-01-L,1260718112000,126071811200001005,TRUE
2026-08-07 00:11:12.407,LAM-BOP-03-L,1260803088000,126080308800018026,TRUE
2026-08-07 00:11:35.301,LAM-BOP-02-UL,1260801110000,126080111000012027,TRUE
2026-08-07 00:11:33.832,LAM-BOP-01-L,1260801142000,126080114200012018,TRUE
2026-08-07 00:11:33.415,SMK-TRE-01-UL,1260622024030,126062202400001016,TRUE
2026-08-07 00:11:33.075,ELC-DEP-01-UL,1260716035000,126071603500001044,TRUE
2026-08-07 00:11:31.872,ELC-TRE-01-UL,1260718112000,126071811200001054,TRUE
2026-08-07 00:11:31.799,LAM-BOP-03-L,1260803088000,126080308800018027,TRUE
2026-08-07 00:11:30.337,LIN-OUTTRE-01-UL,,126063034800001011,TRUE
2026-08-07 00:11:32.059,ELC-DEP-01-L,1260711018020,126071101800001043,TRUE
2026-08-07 00:11:30.004,AOI-PEP-01-UL,1260803061000,126080306100002003,TRUE
2026-08-07 00:11:30.309,ELC-TRE-01-L,1260718112000,126071811200001003,TRUE
2026-08-07 00:11:28.650,WIR-Pretreatment-01-UL,1260708010010,126062609400127606,TRUE
2026-08-07 00:11:29.279,LIN-INNLDI-03-L,1260804008000,ERROR_202608070711292796,TRUE
2026-08-07 00:11:28.238,AOI-PEP-01-L,1260803061000,126080306100002007,TRUE
2026-08-07 00:11:27.743,CPP-Horizontalplating-01-UL,1260709001010,126071502400058016,TRUE
2026-08-07 00:11:28.033,LAM-BOP-03-UL,1260803088000,126080309000014035,TRUE
2026-08-07 00:11:26.400,ELC-PUL-02-UL,1260630330020,126063033000001054,TRUE
2026-08-07 00:11:28.024,AOI-RESAOI-01-UL,1260704109000,126070410900001031,TRUE
2026-08-07 00:11:26.018,ELC-PUL-01-UL,1260715030000,126071503000001045,TRUE
2026-08-07 00:11:24.352,SMK-TRE-01-L,1260622024030,126062202400001073,TRUE
2026-08-07 00:11:25.988,LAM-BOP-02-L,1260801110000,126080111000012067,TRUE
2026-08-07 00:11:58.012,SMK-TRE-01-L,1260622024030,126062202400001077,TRUE
2026-08-07 00:11:56.046,ELC-DEP-01-UL,1260716035000,126071603500001045,TRUE
2026-08-07 00:11:56.609,ELC-DEP-01-L,1260711018020,126071101800001004,TRUE
2026-08-07 00:11:56.606,WIR-Pretreatment-01-UL,1260626094001,126062609400127605,TRUE
2026-08-07 00:11:52.946,LIN-INNDES-01-UL,1260803062000,126080401300004080,TRUE
2026-08-07 00:11:51.636,CPP-Horizontalplating-01-UL,1260709001010,126071502400058018,TRUE
2026-08-07 00:11:55.152,WIR-Decoatbake-01-L,1260620158010,12606201580001C199,TRUE
2026-08-07 00:11:51.371,AOI-RESAOI-01-UL,1260704109000,126070410900001044,TRUE
2026-08-07 00:11:53.803,SMK-TUN-01-L,1260622072000,126062207200001018,TRUE
2026-08-07 00:11:50.957,LAM-BOP-03-L,1260803088000,126080308800018028,TRUE
2026-08-07 00:11:50.211,LAM-BOP-02-L,1260801110000,126080111000012063,TRUE
2026-08-07 00:11:49.899,AOI-PEP-01-UL,1260803061000,126080306100002007,TRUE
2026-08-07 00:11:49.465,SMK-TRE-01-UL,1260622024030,126062202400001033,TRUE
2026-08-07 00:11:48.070,LAM-BOP-01-L,1260801142000,126080114200012019,TRUE
2026-08-07 00:11:47.853,WIR-Decoatbake-01-UL,1260715023000,126071502300058020,TRUE
2026-08-07 00:11:46.530,ELC-TRE-01-L,1260718112000,126071811200001002,TRUE
2026-08-07 00:11:48.054,AOI-PEP-01-L,1260803061000,126080306100002011,TRUE
2026-08-07 00:11:47.332,LAM-BOP-03-UL,1260803088000,126080308700020032,TRUE
2026-08-07 00:11:47.749,ELC-TRE-01-UL,1260718112000,126071811200001055,TRUE
2026-08-07 00:11:45.563,LIN-INNLDI-03-L,1260804008000,ERROR_202608070711455630,TRUE
2026-08-07 00:11:47.523,LAM-BOP-02-UL,1260801110000,126080111000012023,TRUE
2026-08-07 00:11:44.213,CPP-Horizontalplating-01-L,1260715022000,126071502200058060,TRUE
2026-08-07 00:11:44.714,LIN-OUTTRE-01-UL,,126063034800001044,TRUE
2026-08-07 00:11:44.567,SMK-TUN-01-UL,1260616078000,126071001900001025,TRUE
2026-08-07 00:11:38.057,LIN-OUTTRE-01-L,1260704091000,126070409100001022,TRUE
2026-08-07 00:11:42.636,AOI-RESAOI-01-L,1260704109000,126070410900001015,TRUE
2026-08-07 00:11:22.564,ELC-PUL-01-L,1260714007020,126071400700001075,TRUE
2026-08-07 00:11:37.884,CPP-Patternplating-01-L,1260616092000,12606160920001C097,TRUE
2026-08-07 00:12:21.104,LIN-INNDES-01-UL,1260803062000,126080400100004054,TRUE
2026-08-07 00:12:21.104,AOI-PEP-01-L,1260803061000,126080306100002017,TRUE
2026-08-07 00:12:20.190,ELC-DEP-01-UL,1260716035000,126071603500001067,TRUE
2026-08-07 00:12:18.518,ELC-TRE-01-L,1260718112000,126071811200001006,TRUE
2026-08-07 00:12:19.409,ELC-TRE-01-UL,1260718112000,126071811200001048,TRUE
2026-08-07 00:12:18.025,ELC-PUL-01-L,1260714007020,126071400700001078,TRUE
2026-08-07 00:12:16.307,LAM-BOP-01-L,1260801142000,126080114200012021,TRUE
2026-08-07 00:12:17.903,WIR-Pretreatment-01-UL,1260626094001,126062609400127604,TRUE
2026-08-07 00:12:15.419,CPP-Horizontalplating-01-UL,1260709001010,126071502400058011,TRUE
2026-08-07 00:12:14.659,SMK-TRE-01-L,1260622024030,126062202400001080,TRUE
2026-08-07 00:12:14.120,LAM-BOP-02-L,1260801110000,126080111000012059,TRUE
2026-08-07 00:12:12.810,ELC-PUL-02-UL,1260630330020,126063033000001050,TRUE
2026-08-07 00:12:13.766,AOI-RESAOI-01-UL,1260704109000,126070410900001008,TRUE
2026-08-07 00:12:10.213,LAM-BOP-02-UL,1260801110000,126080111000012019,TRUE
2026-08-07 00:12:12.010,AOI-PEP-01-UL,1260803061000,126080306100002011,TRUE
2026-08-07 00:12:11.179,SMK-TUN-01-L,1260622072000,126062207200001004,TRUE
2026-08-07 00:12:09.610,SMK-TRE-01-UL,1260622024030,126062202400001004,TRUE
2026-08-07 00:12:09.882,LAM-BOP-03-L,1260803088000,126080308800018029,TRUE
2026-08-07 00:12:07.887,CPP-Horizontalplating-01-L,1260715022000,126071502200058031,TRUE
2026-08-07 00:12:05.797,AOI-RESAOI-01-L,1260704109000,126070410900001056,TRUE
2026-08-07 00:12:03.564,LIN-INNLDI-03-L,1260804008000,ERROR_202608070712035648,TRUE
2026-08-07 00:12:06.132,LAM-BOP-03-UL,1260803088000,126080308700020034,TRUE
2026-08-07 00:12:00.717,LIN-OUTTRE-01-L,1260704091000,126070409100001025,TRUE
2026-08-07 00:11:56.609,ELC-DEP-01-L,1260711018020,126071101800001004,TRUE
2026-08-07 00:12:47.793,LIN-INNDES-01-UL,1260803062000,126080400200006049,TRUE
2026-08-07 00:12:46.427,LIN-OUTTRE-01-L,1260704091000,126070409100001078,TRUE
2026-08-07 00:12:45.555,ELC-DEP-01-L,1260711018020,126071101800001057,TRUE
2026-08-07 00:12:46.134,SMK-TUN-01-L,1260622072000,126062207200001055,TRUE
2026-08-07 00:12:44.622,LAM-BOP-03-UL,1260803088000,126080308700020030,TRUE
2026-08-07 00:12:43.899,ELC-DEP-01-UL,1260716035000,126071603500001058,TRUE
2026-08-07 00:12:43.199,AOI-PEP-01-L,1260803061000,126080306100002002,TRUE
2026-08-07 00:12:43.652,AOI-PEP-01-UL,1260803061000,126080306100002017,TRUE
2026-08-07 00:12:40.886,LAM-BOP-01-L,1260801142000,126080114200012023,TRUE
2026-08-07 00:12:39.154,CPP-Horizontalplating-01-UL,1260709001010,126071502400058021,TRUE
2026-08-07 00:12:39.615,ELC-PUL-02-L,1260715060020,126062907300001070,TRUE
2026-08-07 00:12:40.739,SMK-TRE-01-UL,1260622024030,126062202400001075,TRUE
2026-08-07 00:12:37.761,LAM-BOP-02-L,1260801110000,126080111000012055,TRUE
2026-08-07 00:12:36.645,AOI-RESAOI-01-UL,1260704109000,126070410900001015,TRUE
2026-08-07 00:12:35.399,ELC-TRE-01-UL,1260718112000,126071811200001046,TRUE
2026-08-07 00:12:34.399,ELC-TRE-01-L,1260718112000,126071811200001049,TRUE
2026-08-07 00:12:32.795,WIR-Decoatbake-01-UL,1260715023000,126071502300058022,TRUE
2026-08-07 00:12:31.331,SMK-TRE-01-L,1260622024030,126062202400001052,TRUE
2026-08-07 00:12:31.701,WIR-Decoatbake-01-L,1260620158010,12606201580001C200,TRUE
2026-08-07 00:12:31.248,CPP-Patternplating-01-L,1260616092000,12606160920001C096,TRUE
2026-08-07 00:12:31.092,CPP-Horizontalplating-01-L,1260715022000,126071502200058032,TRUE
2026-08-07 00:12:28.992,LAM-BOP-03-L,1260803088000,126080308800018030,TRUE
2026-08-07 00:12:28.017,AOI-RESAOI-01-L,1260704109000,126070410900001041,TRUE
2026-08-07 00:12:25.946,SMK-TUN-01-UL,1260616078000,126071001900001043,TRUE
2026-08-07 00:12:21.683,ELC-PUL-01-UL,1260715030000,126071503000001079,TRUE
2026-08-07 00:08:48.111,SMK-SPR-01-L,1260622030000,126062203000001033,TRUE
2026-08-07 00:12:21.573,LAM-BOP-02-UL,1260801110000,126080111000012017,TRUE
2026-08-07 00:12:55.654,AOI-PEP-01-L,1260803061000,126080306100002006,TRUE
2026-08-07 00:12:54.983,CPP-Horizontalplating-01-L,1260715022000,126071502200058037,TRUE
2026-08-07 00:12:57.334,SMK-TRE-01-UL,1260622024030,126062202400001008,TRUE
2026-08-07 00:12:53.169,AOI-PEP-01-UL,1260803061000,126080306100002068,TRUE
2026-08-07 00:12:51.271,AOI-RESAOI-01-L,1260704109000,126070410900001050,TRUE
2026-08-07 00:12:50.399,ELC-TRE-01-UL,1260718112000,126071811200001062,TRUE
2026-08-07 00:12:51.466,LAM-BOP-01-L,1260801142000,126080114200012024,TRUE
2026-08-07 00:12:49.806,SMK-TUN-01-UL,1260616078000,126071001900001004,TRUE
2026-08-07 00:12:50.013,LAM-BOP-02-L,1260801110000,126080110400012042,TRUE
2026-08-07 00:12:48.787,SMK-TRE-01-L,1260622024030,126062202400001050,TRUE
2026-08-07 00:12:43.899,ELC-DEP-01-UL,1260716035000,126071603500001058,TRUE
2026-08-07 00:12:48.059,LAM-BOP-03-L,1260803088000,126080308800018031,TRUE
2026-08-07 00:12:17.903,WIR-Pretreatment-01-UL,1260626094001,126062609400127604,TRUE
2026-08-07 00:13:13.550,ELC-PUL-01-L,1260714007020,126071400700001061,TRUE
2026-08-07 00:13:13.608,LAM-BOP-02-L,1260801110000,126080110400012003,TRUE
2026-08-07 00:13:09.305,LIN-OUTTRE-01-L,1260704091000,126070409100001044,TRUE
2026-08-07 00:13:13.071,LIN-OUTTRE-01-UL,,126063034800001024,TRUE
2026-08-07 00:13:07.217,LAM-BOP-03-L,1260803088000,126080308800018032,TRUE
2026-08-07 00:13:06.744,ELC-TRE-01-UL,1260718112000,126071811200001061,TRUE
2026-08-07 00:13:08.717,LIN-INNDES-01-UL,1260803062000,Error_202608070713087177,FALSE
2026-08-07 00:13:08.063,WIR-Decoatbake-01-L,1260620158010,12606201580001C238,TRUE
2026-08-07 00:13:06.118,SMK-TRE-01-L,1260622024030,126062202400001062,TRUE
2026-08-07 00:13:04.404,AOI-PEP-01-UL,1260803061000,126080306100002002,TRUE
2026-08-07 00:13:03.697,SMK-TUN-01-L,1260622072000,126062207200001049,TRUE
2026-08-07 00:13:05.686,AOI-PEP-01-L,1260803061000,126080306100002010,TRUE
2026-08-07 00:13:03.373,LAM-BOP-01-L,1260801142000,126080114200012025,TRUE
2026-08-07 00:13:03.326,LAM-BOP-03-UL,1260803088000,126080308700020038,TRUE
2026-08-07 00:13:03.233,CPP-Horizontalplating-01-UL,1260709001010,126071502400058017,TRUE
2026-08-07 00:12:59.819,AOI-RESAOI-01-UL,1260704109000,126070410900001056,TRUE
2026-08-07 00:12:59.538,ELC-PUL-02-UL,1260630330020,126063033000001005,TRUE
2026-08-07 00:13:38.166,LIN-OUTTRE-01-UL,,126063034800001029,TRUE
2026-08-07 00:13:37.370,ELC-DEP-01-UL,1260716035000,126071603500001054,TRUE
2026-08-07 00:13:37.189,LAM-BOP-02-L,1260801110000,126080109800012040,TRUE
2026-08-07 00:13:36.962,AOI-RESAOI-01-L,1260704109000,126070410900001053,TRUE
2026-08-07 00:13:34.439,LIN-INNDES-01-UL,1260803062000,Error_202608070713344396,FALSE
2026-08-07 00:13:32.856,SMK-TUN-01-UL,1260616078000,126071001900001079,TRUE
2026-08-07 00:13:32.712,SMK-TRE-01-UL,1260622024030,126062202400001011,TRUE
2026-08-07 00:13:36.713,ELC-TRE-01-UL,1260718112000,126071811200001069,TRUE
2026-08-07 00:13:28.594,LAM-BOP-01-L,1260801142000,126080114200012027,TRUE
2026-08-07 00:13:27.954,WIR-Pretreatment-01-UL,1260626094001,Error_202608070713279548,FALSE
2026-08-07 00:13:28.344,AOI-PEP-01-UL,1260803061000,126080306100002010,TRUE
2026-08-07 00:13:27.641,AOI-PEP-01-L,1260803061000,126080306100002014,TRUE
2026-08-07 00:13:26.829,CPP-Horizontalplating-01-UL,1260709001010,126071502400058023,TRUE
2026-08-07 00:13:32.259,LIN-OUTTRE-01-L,1260704091000,126070409100001024,TRUE
2026-08-07 00:13:25.704,CPP-Patternplating-01-L,1260616092000,12606160920001C100,TRUE
2026-08-07 00:13:23.118,AOI-RESAOI-01-UL,1260704109000,126070410900001041,TRUE
2026-08-07 00:13:26.392,LAM-BOP-03-L,1260803088000,126080308800018039,TRUE
2026-08-07 00:13:23.056,SMK-TRE-01-L,1260622024030,126062202400001034,TRUE
2026-08-07 00:13:22.418,SMK-SPR-01-L,1260622030000,0,TRUE
2026-08-07 00:13:22.485,LAM-BOP-03-UL,1260803088000,126080308700020040,TRUE
2026-08-07 00:13:21.199,SMK-TUN-01-L,1260622072000,126062207200001034,TRUE
2026-08-07 00:13:18.266,CPP-Horizontalplating-01-L,1260715022000,126071502200058036,TRUE
2026-08-07 00:13:17.828,WIR-Decoatbake-01-UL,1260715023000,126071502300058026,TRUE
2026-08-07 00:13:17.363,ELC-PUL-01-UL,1260715030000,126071503000001050,TRUE
2026-08-07 00:13:57.058,SMK-TRE-01-L,1260622024030,126062202400001057,TRUE
2026-08-07 00:13:56.764,SMK-SPR-01-L,1260622030000,126062203000001054/0,TRUE
2026-08-07 00:13:55.967,SMK-TUN-01-L,1260622072000,126062207200001080,TRUE
2026-08-07 00:13:55.551,WIR-Pretreatment-01-UL,2260525067000,Error_202608070713555511,FALSE
2026-08-07 00:13:53.987,LAM-BOP-01-L,1260801142000,126080114200012029,TRUE
2026-08-07 00:13:55.011,LIN-OUTTRE-01-L,1260704091000,126070409100001041,TRUE
2026-08-07 00:13:52.635,SMK-TRE-01-UL,1260622024030,126062202400001055,TRUE
2026-08-07 00:13:52.698,ELC-TRE-01-UL,1260718112000,126071811200001047,TRUE
2026-08-07 00:13:51.401,ELC-DEP-01-UL,1260716035000,126071603500001061,TRUE
2026-08-07 00:13:50.706,CPP-Horizontalplating-01-UL,1260709001010,126071502400058024,TRUE
2026-08-07 00:13:50.315,AOI-PEP-01-L,1260803061000,126080306100002018,TRUE
2026-08-07 00:13:48.955,AOI-PEP-01-UL,1260803061000,126080306100002014,TRUE
2026-08-07 00:13:48.908,LAM-BOP-02-L,1260801110000,126080109800012043,TRUE
2026-08-07 00:13:45.650,AOI-RESAOI-01-UL,1260704109000,126070410900001050,TRUE
2026-08-07 00:13:47.502,LIN-INNDES-01-UL,1260803062000,126080401900004080,TRUE
2026-08-07 00:13:45.701,ELC-PUL-02-UL,1260630330020,126063033000001068,TRUE
2026-08-07 00:13:45.631,LAM-BOP-03-L,1260803088000,126080308800018040,TRUE
2026-08-07 00:13:45.471,WIR-Decoatbake-01-L,1260620158010,12606201580001C239,TRUE
2026-08-07 00:13:42.081,CPP-Horizontalplating-01-L,1260715022000,126071502200058035,TRUE
2026-08-07 00:13:41.660,LAM-BOP-03-UL,1260803088000,126080308800018039,TRUE
2026-08-07 00:13:40.135,ELC-DEP-01-L,1260711018020,126071101800001023,TRUE
2026-08-07 00:12:34.399,ELC-TRE-01-L,1260718112000,126071811200001049,TRUE
2026-08-07 00:12:03.564,LIN-INNLDI-03-L,1260804008000,ERROR_202608070712035648,TRUE
2026-08-07 00:14:09.029,ELC-TRE-01-UL,1260718112000,126071811200001016,TRUE
2026-08-07 00:14:08.964,AOI-RESAOI-01-UL,1260704109000,126070410900001026,TRUE
2026-08-07 00:14:09.258,ELC-PUL-01-L,1260714007020,126071400700001053,TRUE
2026-08-07 00:14:06.425,LAM-BOP-01-L,1260801142000,126080114200012030,TRUE
2026-08-07 00:14:05.918,SMK-TRE-01-UL,1260622024030,126062202400001022,TRUE
2026-08-07 00:14:05.761,LAM-BOP-03-L,1260803088000,126080308800018001,TRUE
2026-08-07 00:14:05.216,ELC-DEP-01-UL,1260716035000,126071603500001055,TRUE
2026-08-07 00:14:05.506,CPP-Horizontalplating-01-L,1260715022000,126071502200058034,TRUE
2026-08-07 00:14:04.372,ELC-DEP-01-L,1260711018020,126071101800001044,TRUE
2026-08-07 00:14:02.130,WIR-Decoatbake-01-UL,1260715023000,126071502300058029,TRUE
2026-08-07 00:14:02.019,AOI-PEP-01-UL,1260803061000,126080306100002016,TRUE
2026-08-07 00:14:01.363,AOI-PEP-01-L,1260803061000,126080306100002020,TRUE
2026-08-07 00:14:01.113,LAM-BOP-02-L,1260801110000,126080111000012053,TRUE
2026-08-07 00:14:00.760,LAM-BOP-03-UL,1260803088000,126080308800018037,TRUE
2026-08-07 00:13:59.808,AOI-RESAOI-01-L,1260704109000,126070410900001073,TRUE
2026-08-07 00:13:59.249,SUR-FLM-01-UL,1260715042020,126071604700001077,TRUE
2026-08-07 00:13:57.800,LIN-INNDES-01-UL,1260803062000,126080401900004079,TRUE
2026-08-07 00:13:57.608,SMK-TUN-01-UL,1260616078000,126071001900001072,TRUE
2026-08-07 00:06:08.550,SMK-DEV-01-UL,,126062013300001007,TRUE
2026-08-07 00:14:23.754,AOI-PEP-01-L,1260803061000,126080306100002026,TRUE
2026-08-07 00:14:23.671,SMK-TRE-01-UL,1260622024030,126062202400001007,TRUE
2026-08-07 00:14:23.012,AOI-RESAOI-01-L,1260704109000,126070410900001023,TRUE
2026-08-07 00:14:22.988,LAM-BOP-02-UL,1260801110000,126080111000012015,TRUE
2026-08-07 00:14:22.957,AOI-PEP-01-UL,1260803061000,126080306100002020,TRUE
2026-08-07 00:14:21.725,WIR-Decoatbake-01-L,1260620158010,12606201580001C186,TRUE
2026-08-07 00:14:19.841,LAM-BOP-03-UL,1260803088000,126080308800018035,TRUE
2026-08-07 00:14:19.644,LAM-BOP-01-L,1260801142000,126080114200012031,TRUE
2026-08-07 00:14:18.631,CPP-Patternplating-01-L,1260616092000,12606160920001C099,TRUE
2026-08-07 00:14:17.707,LIN-INNDES-01-UL,1260803062000,126080400400010060,TRUE
2026-08-07 00:14:14.590,LIN-OUTTRE-01-UL,,126063034800001015,TRUE
2026-08-07 00:14:17.996,LIN-OUTTRE-01-L,1260704091000,126070409100001009,TRUE
2026-08-07 00:14:13.312,SMK-TUN-01-L,1260622072000,126062207200001065,TRUE
2026-08-07 00:14:13.808,SMK-TRE-01-L,1260622024030,126062202400001054,TRUE
2026-08-07 00:14:14.553,CPP-Horizontalplating-01-UL,1260709001010,126071502400058027,TRUE
2026-08-07 00:14:13.009,ELC-PUL-01-UL,1260715030000,126071503000001047,TRUE
2026-08-07 00:14:13.019,LAM-BOP-02-L,1260801110000,126080111600012070,TRUE
2026-08-07 00:14:09.258,ELC-PUL-01-L,1260714007020,126071400700001053,TRUE
2026-08-07 00:14:05.506,CPP-Horizontalplating-01-L,1260715022000,126071502200058034,TRUE
2026-08-07 00:14:46.629,LAM-BOP-02-UL,1260801110000,126080111000012011,TRUE
2026-08-07 00:14:46.567,AOI-PEP-01-L,1260803061000,126080306100002030,TRUE
2026-08-07 00:14:47.450,SMK-TRE-01-L,1260622024030,126062202400001019,TRUE
2026-08-07 00:14:47.163,WIR-Decoatbake-01-UL,1260715023000,126071502300058025,TRUE
2026-08-07 00:14:45.903,AOI-RESAOI-01-L,1260704109000,126070410900001018,TRUE
2026-08-07 00:14:45.317,AOI-PEP-01-UL,1260803061000,126080306100002026,TRUE
2026-08-07 00:14:44.067,LIN-INNDES-01-UL,1260803062000,126080400700004061,TRUE
2026-08-07 00:14:45.254,LAM-BOP-01-L,1260801142000,126080114200012033,TRUE
2026-08-07 00:14:42.483,ELC-TRE-01-UL,1260718112000,126071811200001010,TRUE
2026-08-07 00:14:39.247,SMK-TRE-01-UL,1260622024030,126062202400001005,TRUE
2026-08-07 00:14:42.179,WIR-LDI-01-L,,12607060550002B058,TRUE
2026-08-07 00:14:40.809,LIN-OUTTRE-01-L,1260704091000,126070409100001061,TRUE
2026-08-07 00:14:39.116,CPP-Horizontalplating-01-L,1260715022000,126072501300400106,TRUE
2026-08-07 00:14:38.670,LIN-OUTTRE-01-UL,,126063034800001046,TRUE
2026-08-07 00:14:38.736,LAM-BOP-03-UL,1260803088000,126080308800018033,TRUE
2026-08-07 00:14:38.475,CPP-Horizontalplating-01-UL,1260709001010,126071502400058029,TRUE
2026-08-07 00:14:37.361,SMK-TUN-01-UL,1260616078000,126071001900001020,TRUE
2026-08-07 00:14:36.661,LAM-BOP-02-L,1260801110000,126080111600012054,TRUE
2026-08-07 00:14:31.309,AOI-RESAOI-01-UL,1260704109000,126070410900001053,TRUE
2026-08-07 00:14:33.874,ELC-TRE-01-L,1260718112020,126071811200001043,TRUE
2026-08-07 00:14:30.720,SMK-SPR-01-L,1260622030000,126062203000001005/0,TRUE
2026-08-07 00:14:18.631,CPP-Patternplating-01-L,1260616092000,12606160920001C099,TRUE
2026-08-07 00:14:28.889,ELC-DEP-01-L,1260711018020,126071101800001065,TRUE
2026-08-07 00:14:35.321,ELC-PUL-02-L,1260715060020,126071506000001032,TRUE
2026-08-07 00:14:30.045,ELC-DEP-01-UL,1260716035000,126071603500001051,TRUE
2026-08-07 00:15:01.393,SMK-TUN-01-UL,1260616078000,126071001900001032,TRUE
2026-08-07 00:15:02.210,CPP-Horizontalplating-01-UL,1260709001010,126071502400058030,TRUE
2026-08-07 00:15:01.793,LIN-INNLDI-03-L,1260804008000,ERROR_202608070715017930,TRUE
2026-08-07 00:14:59.302,LAM-BOP-02-UL,1260801110000,126080111000012009,TRUE
2026-08-07 00:14:59.297,ELC-TRE-01-UL,1260718112000,126071811200001005,TRUE
2026-08-07 00:14:58.348,AOI-PEP-01-UL,1260803061000,126080306100002028,TRUE
2026-08-07 00:14:58.163,WIR-LDI-01-L,,12607060550002B059,TRUE
2026-08-07 00:14:58.226,WIR-Decoatbake-01-L,1260620158010,12606201580001C183,TRUE
2026-08-07 00:14:57.818,LAM-BOP-03-UL,1260803088000,126080308800018031,TRUE
2026-08-07 00:14:57.614,LAM-BOP-01-L,1260801142000,126080114200012001,TRUE
2026-08-07 00:14:56.632,CPP-Horizontalplating-01-L,1260715022000,126072501300400116,TRUE
2026-08-07 00:14:55.935,SMK-TRE-01-UL,1260622024030,126062202400001002,TRUE
2026-08-07 00:14:54.280,ELC-DEP-01-UL,1260716035000,126071603500001056,TRUE
2026-08-07 00:14:54.310,AOI-RESAOI-01-UL,1260704109000,126070410900001073,TRUE
2026-08-07 00:14:53.971,SMK-SPR-01-L,1260622030000,126062203000001063,TRUE
2026-08-07 00:14:49.772,WIR-Pretreatment-01-UL,2260525067000,226052506700018006,TRUE
2026-08-07 00:14:50.752,SMK-TUN-01-L,1260622072000,126062207200001042,TRUE
2026-08-07 00:14:57.489,AOI-PEP-01-L,1260803061000,126080306100002019,TRUE
2026-08-07 00:14:49.530,ELC-TRE-01-L,1260718112020,126071811200001042,TRUE
2026-08-07 00:14:48.817,LAM-BOP-02-L,1260801110000,126080104400012043,TRUE
2026-08-07 00:15:24.884,WIR-LDI-01-L,,12607060550002B050,TRUE
2026-08-07 00:15:25.319,LAM-BOP-01-L,1260801142000,126080113500012016,TRUE
2026-08-07 00:15:21.881,LAM-BOP-02-UL,1260801110000,126080111000012005,TRUE
2026-08-07 00:15:22.140,SMK-TRE-01-L,1260622024030,126062202400001030,TRUE
2026-08-07 00:15:20.735,ELC-TRE-01-L,1260718112020,126071811200001068,TRUE
2026-08-07 00:15:19.938,ELC-DEP-01-UL,1260716035000,126071603500001046,TRUE
2026-08-07 00:15:20.396,AOI-PEP-01-L,1260803061000,126080306100002046,TRUE
2026-08-07 00:15:19.178,AOI-PEP-01-UL,1260803061000,126080306100002019,TRUE
2026-08-07 00:15:20.156,LIN-OUTTRE-01-UL,,126063034800001065,TRUE
2026-08-07 00:15:16.710,LAM-BOP-03-UL,1260803088000,126080308800018029,TRUE
2026-08-07 00:15:16.419,LIN-INNLDI-03-L,1260804008000,ERROR_202608070715164198,TRUE
2026-08-07 00:15:17.437,AOI-RESAOI-01-UL,1260704109000,126070410900001023,TRUE
2026-08-07 00:15:12.812,SMK-TRE-01-UL,1260622024030,126062202400001045,TRUE
2026-08-07 00:15:14.781,ELC-TRE-01-UL,1260718112000,126071811200001003,TRUE
2026-08-07 00:15:12.601,CPP-Patternplating-01-L,1260616092000,12606160920001C095,TRUE
2026-08-07 00:15:10.393,SMK-SPR-01-L,1260622030000,126062203000001037/0,TRUE
2026-08-07 00:15:08.661,LIN-INNDES-01-UL,1260803062000,126080401800002080,TRUE
2026-08-07 00:15:08.405,ELC-PUL-01-UL,1260715030000,126071503000001046,TRUE
2026-08-07 00:15:08.921,AOI-RESAOI-01-L,1260704109000,126070410900001070,TRUE
2026-08-07 00:15:08.143,SMK-TUN-01-L,1260622072000,126062207200001041,TRUE
2026-08-07 00:15:04.795,ELC-PUL-01-L,1260714007020,126071400700001066,TRUE
2026-08-07 00:15:03.795,LIN-OUTTRE-01-L,1260704091000,126070409100001036,TRUE
2026-08-07 00:14:35.321,ELC-PUL-02-L,1260715060020,126071506000001032,TRUE
2026-08-07 00:14:28.889,ELC-DEP-01-L,1260711018020,126071101800001065,TRUE
2026-08-07 00:15:43.658,ELC-DEP-01-UL,1260716035000,126071603500001052,TRUE
2026-08-07 00:15:43.150,AOI-PEP-01-L,1260803061000,126080306100002050,TRUE
2026-08-07 00:15:41.165,LIN-INNDES-01-UL,1260803062000,126080401800002079,TRUE
2026-08-07 00:15:43.908,ELC-DEP-01-L,1260711018000,126071101800001028,TRUE
2026-08-07 00:15:41.579,LIN-OUTTRE-01-UL,,126063034800001033,TRUE
2026-08-07 00:15:38.516,SMK-TRE-01-L,1260622024030,126062202400001068,TRUE
2026-08-07 00:15:37.197,CPP-Horizontalplating-01-L,1260718160000,126072501300400095,TRUE
2026-08-07 00:15:41.775,AOI-PEP-01-UL,1260803061000,126080306100002046,TRUE
2026-08-07 00:15:40.376,AOI-RESAOI-01-UL,1260704109000,126070410900001018,TRUE
2026-08-07 00:15:36.892,ELC-TRE-01-L,1260718112020,126071811200001024,TRUE
2026-08-07 00:15:37.509,LAM-BOP-02-L,1260803013000,126080301300002050,TRUE
2026-08-07 00:15:37.050,SUR-FLM-01-UL,1260715042020,126071604700001022,TRUE
2026-08-07 00:15:35.961,LAM-BOP-03-UL,1260803088000,126080308800018027,TRUE
2026-08-07 00:15:36.509,LAM-BOP-01-L,1260801142000,126080114200012013,TRUE
2026-08-07 00:15:34.125,SMK-TRE-01-UL,1260622024030,126062202400001032,TRUE
2026-08-07 00:15:34.697,WIR-Decoatbake-01-L,1260620158010,12606201580001C184,TRUE
2026-08-07 00:15:33.031,LIN-INNLDI-03-L,1260804008000,ERROR_202608070715330316,TRUE
2026-08-07 00:15:32.665,CPP-Horizontalplating-01-UL,1260709001010,Error_202608070715326658,FALSE
2026-08-07 00:15:27.641,LIN-OUTTRE-01-L,1260704091000,126070409100001068,TRUE
2026-08-07 00:15:29.050,SMK-SPR-01-L,1260622030000,126062203000001054,TRUE
2026-08-07 00:15:33.102,LAM-BOP-02-UL,1260801110000,126080111000012003,TRUE
2026-08-07 00:15:32.080,ELC-TRE-01-UL,1260718112000,126071811200001002,TRUE
2026-08-07 00:15:33.009,WIR-Decoatbake-01-UL,1260715023000,126071502300058054,TRUE
2026-08-07 00:15:04.795,ELC-PUL-01-L,1260714007020,126071400700001066,TRUE
2026-08-07 00:15:31.938,AOI-RESAOI-01-L,1260704109000,126070410900001024,TRUE
2026-08-07 00:16:06.432,AOI-PEP-01-L,1260803061000,126080306100002054,TRUE
2026-08-07 00:16:06.278,CPP-Patternplating-01-L,1260616092000,12606160920001C093,TRUE
2026-08-07 00:16:05.097,ELC-DEP-01-L,1260711018000,126071101800001011,TRUE
2026-08-07 00:16:06.126,ELC-RED-01-L,1260703048050,126070304800001015,TRUE
2026-08-07 00:16:04.495,AOI-PEP-01-UL,1260803061000,126080306100002050,TRUE
2026-08-07 00:16:03.408,AOI-RESAOI-01-UL,1260704109000,126070410900001070,TRUE
2026-08-07 00:16:04.643,SMK-TRE-01-UL,1260622024030,126062202400001069,TRUE
2026-08-07 00:16:02.237,ELC-TRE-01-UL,1260718112000,126071811200001006,TRUE
2026-08-07 00:16:03.335,ELC-PUL-01-UL,1260715030000,126071503000001052,TRUE
2026-08-07 00:16:01.526,LIN-INNDES-01-UL,1260803062000,126080402300012049,TRUE
2026-08-07 00:16:02.958,SUR-FLM-01-UL,1260715042020,126071604700001015,TRUE
2026-08-07 00:16:00.335,ELC-PUL-01-L,1260714007020,126071400700001070,TRUE
2026-08-07 00:15:59.854,LAM-BOP-02-L,1260803013000,126080301300002046,TRUE
2026-08-07 00:15:56.629,SMK-TUN-01-L,1260622072000,126062207200001054,TRUE
2026-08-07 00:15:56.792,LAM-BOP-02-UL,1260801110000,126080111000012080,TRUE
2026-08-07 00:15:54.823,LAM-BOP-03-UL,1260803088000,126080308800018025,TRUE
2026-08-07 00:15:54.814,AOI-RESAOI-01-L,1260704109000,126070410900001045,TRUE
2026-08-07 00:15:52.127,ELC-TRE-01-L,1260718112020,126071811200001026,TRUE
2026-08-07 00:15:50.705,LIN-OUTTRE-01-L,1260704091000,126070409100001037,TRUE
2026-08-07 00:15:52.182,CPP-Horizontalplating-01-L,1260718160000,126072501300400102,TRUE
2026-08-07 00:15:54.447,LIN-OUTVAP-01-UL,,12606160910001C233,TRUE
2026-08-07 00:15:48.651,LAM-BOP-01-L,1260801142000,126080114200012002,TRUE
2026-08-07 00:15:44.379,SMK-TUN-01-UL,1260616078000,126071001900001047,TRUE
2026-08-07 00:15:29.050,SMK-SPR-01-L,1260622030000,126062203000001054,TRUE
2026-08-07 00:16:14.294,CPP-Horizontalplating-01-L,1260718160000,126071816000058034,TRUE
2026-08-07 00:16:15.841,AOI-PEP-01-UL,1260803061000,126080306100002052,TRUE
2026-08-07 00:16:14.153,LAM-BOP-03-UL,1260803088000,126080308800018023,TRUE
2026-08-07 00:16:14.060,CPP-Horizontalplating-01-UL,1260709001010,126071502400058058,TRUE
2026-08-07 00:16:13.268,LIN-OUTTRE-01-L,1260704091000,126070409100001060,TRUE
2026-08-07 00:16:11.029,WIR-Decoatbake-01-L,1260620158010,12606201580001C181,TRUE
2026-08-07 00:16:11.260,LIN-INNDES-01-UL,1260803062000,126080402300012039,TRUE
2026-08-07 00:16:13.912,SMK-TUN-01-L,1260622072000,126062207200001059,TRUE
2026-08-07 00:16:09.307,LAM-BOP-02-UL,1260801110000,126080111000012078,TRUE
2026-08-07 00:16:09.270,ELC-DEP-01-UL,1260716035000,126071603500001006,TRUE
2026-08-07 00:16:06.126,ELC-RED-01-L,1260703048050,126070304800001015,TRUE
2026-08-07 00:16:09.776,LAM-BOP-02-L,1260803013000,126080301300002044,TRUE
2026-08-07 00:16:08.896,SMK-TUN-01-UL,1260616078000,126071001900001037,TRUE
2026-08-07 00:16:02.237,ELC-TRE-01-UL,1260718112000,126071811200001006,TRUE
2026-08-07 00:16:00.335,ELC-PUL-01-L,1260714007020,126071400700001070,TRUE
2026-08-07 00:16:07.737,ELC-TRE-01-L,1260718112020,126071811200001027,TRUE
2026-08-07 00:15:33.031,LIN-INNLDI-03-L,1260804008000,ERROR_202608070715330316,TRUE
2026-08-07 00:16:33.357,LAM-BOP-02-UL,1260801110000,126080111000012076,TRUE
2026-08-07 00:16:32.956,LAM-BOP-03-UL,1260803088000,126080308800018021,TRUE
2026-08-07 00:16:36.050,LIN-OUTTRE-01-L,1260704091000,126070409100001048,TRUE
2026-08-07 00:16:29.379,ELC-DEP-01-L,1260711018000,126071101800001015,TRUE
2026-08-07 00:16:32.692,ELC-DEP-01-UL,1260716035000,126071603500001080,TRUE
2026-08-07 00:16:31.248,LAM-BOP-02-L,1260803013000,126080301300002075,TRUE
2026-08-07 00:16:31.508,ELC-PUL-02-UL,1260629073000,126062907300001039,TRUE
2026-08-07 00:16:28.107,AOI-PEP-01-L,1260803061000,126080306100002058,TRUE
2026-08-07 00:16:27.826,LIN-INNDES-01-UL,1260803062000,126080402300012080,TRUE
2026-08-07 00:16:26.346,AOI-RESAOI-01-UL,1260704109000,126070410900001024,TRUE
2026-08-07 00:16:27.107,AOI-PEP-01-UL,1260803061000,126080306100002054,TRUE
2026-08-07 00:16:25.221,SMK-TRE-01-UL,1260622024030,126062202400001037,TRUE
2026-08-07 00:16:23.725,SUR-FLM-01-UL,1260715042020,126071604700001045,TRUE
2026-08-07 00:16:23.192,ELC-TRE-01-L,1260718112020,126071811200001039,TRUE
2026-08-07 00:16:19.895,ELC-TRE-01-UL,1260718112000,126071811200001049,TRUE
2026-08-07 00:16:17.987,AOI-RESAOI-01-L,1260704109000,126070410900001035,TRUE
2026-08-07 00:16:17.779,WIR-Decoatbake-01-UL,1260715023000,126071502300058002,TRUE
2026-08-07 00:16:06.653,WIR-LDI-01-UL,,M0960111B2000A-0607,TRUE
2026-08-07 00:16:06.126,ELC-RED-01-L,1260703048050,126070304800001015,TRUE
2026-08-07 00:15:48.651,LAM-BOP-01-L,1260801142000,126080114200012002,TRUE
2026-08-07 00:14:35.321,ELC-PUL-02-L,1260715060020,126071506000001032,TRUE
2026-08-07 00:16:52.797,LAM-BOP-02-L,1260803013000,126080301300002069,TRUE
2026-08-07 00:16:54.156,WIR-LDI-01-UL,,M0960111B2000A-0607,TRUE
2026-08-07 00:16:52.464,SMK-SPR-01-L,1260622030000,126062203000001049/0,TRUE
2026-08-07 00:16:52.101,LAM-BOP-03-UL,1260803088000,126080308800018019,TRUE
2026-08-07 00:16:49.223,AOI-RESAOI-01-UL,1260704109000,126070410900001045,TRUE
2026-08-07 00:16:51.188,AOI-PEP-01-L,1260803061000,126080306100002032,TRUE
2026-08-07 00:16:51.157,AOI-PEP-01-UL,1260803061000,126080306100002058,TRUE
2026-08-07 00:16:50.571,SMK-TUN-01-UL,1260616078000,126071001900001077,TRUE
2026-08-07 00:16:49.141,LIN-INNLDI-03-L,1260804008000,ERROR_202608070716491419,TRUE
2026-08-07 00:16:44.795,LAM-BOP-02-UL,1260801110000,126080111000012072,TRUE
2026-08-07 00:16:45.353,SUR-FLM-01-UL,1260715042020,126071604700001043,TRUE
2026-08-07 00:16:47.859,WIR-Decoatbake-01-L,1260620158010,12606201580001C182,TRUE
2026-08-07 00:16:38.693,ELC-TRE-01-L,1260718112020,126071811200001033,TRUE
2026-08-07 00:16:42.441,SMK-TRE-01-UL,1260622024030,126062202400001042,TRUE
2026-08-07 00:16:37.765,CPP-Horizontalplating-01-L,1260718160000,126071816000058035,TRUE
2026-08-07 00:16:40.894,AOI-RESAOI-01-L,1260704109000,126070410900001027,TRUE
2026-08-07 00:16:37.499,CPP-Horizontalplating-01-UL,1260709001010,126071502400058022,TRUE
2026-08-07 00:17:10.033,CPP-Patternplating-01-L,1260616092010,12606160920001C175,TRUE
2026-08-07 00:17:09.650,ELC-TRE-01-L,1260718112020,126071811200001060,TRUE
2026-08-07 00:17:08.299,LIN-INNDES-01-UL,1260803062000,126080402300012079,TRUE
2026-08-07 00:17:11.072,LAM-BOP-03-UL,1260803088000,126080308800018017,TRUE
2026-08-07 00:17:04.371,SUR-FLM-01-UL,1260715042020,126071604700001054,TRUE
2026-08-07 00:17:08.127,LAM-BOP-02-UL,1260801110000,126080111000012068,TRUE
2026-08-07 00:17:06.497,SMK-SPR-01-L,1260622030000,126062203000001005,TRUE
2026-08-07 00:17:08.152,ELC-PUL-02-UL,1260629073000,126062907300001056,TRUE
2026-08-07 00:17:03.865,LIN-INNLDI-03-L,1260804008000,126080407600010001,TRUE
2026-08-07 00:17:03.708,AOI-RESAOI-01-L,1260704109000,126070410900001043,TRUE
2026-08-07 00:17:03.252,LAM-BOP-02-L,1260803013000,126080301300002063,TRUE
2026-08-07 00:17:03.833,LIN-OUTTRE-01-UL,,126063034800001030,TRUE
2026-08-07 00:17:02.612,AOI-PEP-01-L,1260803061000,126080306100002034,TRUE
2026-08-07 00:17:02.782,WIR-Decoatbake-01-UL,1260715023000,126071502300058001,TRUE
2026-08-07 00:17:02.183,SMK-TUN-01-L,1260622072000,126062207200001074,TRUE
2026-08-07 00:17:01.391,CPP-Horizontalplating-01-UL,1260709001010,126071502400058004,TRUE
2026-08-07 00:17:00.937,ELC-PUL-01-UL,1260715030000,126071503000001028,TRUE
2026-08-07 00:16:59.599,LIN-OUTTRE-01-L,1260704091000,126070409100001003,TRUE
2026-08-07 00:16:56.820,ELC-DEP-01-UL,1260716035000,126071603500001066,TRUE
2026-08-07 00:17:00.627,AOI-PEP-01-UL,1260803061000,126080306100002060,TRUE
2026-08-07 00:16:55.160,SMK-TRE-01-UL,1260622024030,126062202400001048,TRUE
2026-08-07 00:17:31.257,SMK-TRE-01-UL,1260622024030,126062202400001063,TRUE
2026-08-07 00:17:32.443,LAM-BOP-02-UL,1260801110000,126080111000012079,TRUE
2026-08-07 00:17:30.142,LAM-BOP-03-UL,1260803088000,126080308800018015,TRUE
2026-08-07 00:17:28.198,LIN-INNLDI-03-L,1260804008000,ERROR_202608070717281989,TRUE
2026-08-07 00:17:26.757,AOI-RESAOI-01-L,1260704109000,126070410900001005,TRUE
2026-08-07 00:17:25.442,LAM-BOP-02-L,1260803013000,126080301300002057,TRUE
2026-08-07 00:17:26.408,SMK-SPR-01-L,1260622030000,126062203000001043/0,TRUE
2026-08-07 00:17:26.710,LIN-OUTTRE-01-UL,,126063034800001036,TRUE
2026-08-07 00:17:24.551,AOI-PEP-01-UL,1260803061000,126080306100002034,TRUE
2026-08-07 00:17:25.266,CPP-Horizontalplating-01-UL,1260709001010,126071502400058019,TRUE
2026-08-07 00:17:25.197,ELC-TRE-01-L,1260718112020,126071811200001044,TRUE
2026-08-07 00:17:24.520,AOI-PEP-01-L,1260803061000,126080306100002038,TRUE
2026-08-07 00:17:23.947,ELC-DEP-01-L,1260711018000,126071101800001041,TRUE
2026-08-07 00:17:23.891,WIR-Decoatbake-01-L,1260620158010,12606201580001C192,TRUE
2026-08-07 00:17:22.351,LIN-OUTTRE-01-L,1260704091000,126070409100001013,TRUE
2026-08-07 00:17:22.088,ELC-DEP-01-UL,1260716035000,126071603500001043,TRUE
2026-08-07 00:17:21.314,SUR-FLM-01-UL,1260715042020,126071604700001036,TRUE
2026-08-07 00:17:19.501,SMK-TUN-01-L,1260622072000,126062207200001058,TRUE
2026-08-07 00:17:15.594,CPP-Horizontalplating-01-L,1260718160000,126071816000058032,TRUE
2026-08-07 00:17:14.561,SMK-TUN-01-UL,1260616078000,126071001900001052,TRUE
2026-08-07 00:17:12.335,AOI-RESAOI-01-UL,1260704109000,126070410900001035,TRUE
2026-08-07 00:17:11.412,WIR-SE-01-UL,1260721078000,12607210780004B001,TRUE
2026-08-07 00:17:08.299,LIN-INNDES-01-UL,1260803062000,126080402300012079,TRUE
2026-08-07 00:17:48.183,ELC-DEP-01-L,1260711018000,126071101800001068,TRUE
2026-08-07 00:17:47.829,WIR-Decoatbake-01-UL,1260715023000,126071502300058041,TRUE
2026-08-07 00:17:47.320,SMK-TRE-01-UL,1260622024030,126062202400001064,TRUE
2026-08-07 00:17:47.381,AOI-PEP-01-UL,1260803061000,126080306100002038,TRUE
2026-08-07 00:17:45.683,ELC-DEP-01-UL,1260716035000,126071603500001065,TRUE
2026-08-07 00:17:47.146,AOI-PEP-01-L,1260803061000,126080306100002051,TRUE
2026-08-07 00:17:46.021,LAM-BOP-02-L,1260803013000,126080301300002053,TRUE
2026-08-07 00:17:45.008,LIN-OUTTRE-01-L,1260704091000,126070409100001039,TRUE
2026-08-07 00:17:44.240,LAM-BOP-02-UL,1260801110000,126080111000012077,TRUE
2026-08-07 00:17:44.331,SMK-SPR-01-L,1260622030000,126062203000001037,TRUE
2026-08-07 00:17:40.854,ELC-TRE-01-L,1260718112020,126071811200001056,TRUE
2026-08-07 00:17:44.170,LIN-INNLDI-03-L,1260804008000,ERROR_202608070717441704,TRUE
2026-08-07 00:17:40.378,SUR-FLM-01-UL,1260715042020,126071604700001050,TRUE
2026-08-07 00:17:37.453,CPP-Horizontalplating-01-L,1260718160000,126071816000058033,TRUE
2026-08-07 00:17:34.991,AOI-RESAOI-01-UL,1260704109000,126070410900001027,TRUE
2026-08-07 00:17:23.891,WIR-Decoatbake-01-L,1260620158010,12606201580001C192,TRUE
2026-08-07 00:18:00.533,WIR-Decoatbake-01-L,1260620158010,12606201580001C189,TRUE
2026-08-07 00:18:01.189,CPP-Horizontalplating-01-L,1260718160000,126071816000058030,TRUE
2026-08-07 00:18:00.441,SMK-SPR-01-L,1260622030000,126062203000001040/0,TRUE
2026-08-07 00:17:58.243,AOI-PEP-01-L,1260803061000,126080306100002053,TRUE
2026-08-07 00:17:56.602,AOI-PEP-01-UL,1260803061000,126080306100002040,TRUE
2026-08-07 00:17:56.371,ELC-TRE-01-L,1260718112020,126071811200001023,TRUE
2026-08-07 00:17:58.165,AOI-RESAOI-01-UL,1260704109000,126070410900001043,TRUE
2026-08-07 00:17:56.587,LAM-BOP-02-L,1260803013000,126080301300002051,TRUE
2026-08-07 00:17:56.055,LAM-BOP-02-UL,1260801110000,126080111000012075,TRUE
2026-08-07 00:17:55.411,ELC-PUL-01-UL,1260715030000,126071503000001029,TRUE
2026-08-07 00:17:53.673,CPP-Patternplating-01-L,1260616092010,12606160920001C176,TRUE
2026-08-07 00:17:53.781,ELC-PUL-02-UL,1260629073000,126062907300001025,TRUE
2026-08-07 00:17:53.644,SMK-TUN-01-UL,1260616078000,126071001900001010,TRUE
2026-08-07 00:17:49.190,LAM-BOP-03-UL,1260803088000,126080308800018013,TRUE
2026-08-07 00:17:50.030,LIN-INNLDI-03-L,1260804008000,126080407600010003,TRUE
2026-08-07 00:17:49.368,AOI-RESAOI-01-L,1260704109000,126070410900001028,TRUE
2026-08-07 00:17:49.189,CPP-Horizontalplating-01-UL,1260709001010,126071502400058006,TRUE
2026-08-07 00:15:48.651,LAM-BOP-01-L,1260801142000,126080114200012002,TRUE
2026-08-07 00:17:49.165,LIN-OUTTRE-01-UL,,126063034800001016,TRUE
2026-08-07 00:18:21.354,AOI-RESAOI-01-UL,1260704109000,126070410900001005,TRUE
2026-08-07 00:18:20.933,AOI-PEP-01-UL,1260803061000,126080306100002053,TRUE
2026-08-07 00:18:20.917,AOI-PEP-01-L,1260803061000,126080306100002057,TRUE
2026-08-07 00:18:20.440,WIR-LDI-01-L,,12607060550002B049,TRUE
2026-08-07 00:18:20.433,LAM-BOP-02-UL,1260801110000,126080111000012071,TRUE
2026-08-07 00:18:18.959,SMK-TUN-01-UL,1260616078000,126071001900001059,TRUE
2026-08-07 00:18:19.432,SMK-TRE-01-UL,1260622024030,126062202400001056,TRUE
2026-08-07 00:18:18.896,SMK-SPR-01-L,1260622030000,126062203000001049,TRUE
2026-08-07 00:18:17.995,LAM-BOP-02-L,1260803013000,126080301300002011,TRUE
2026-08-07 00:18:18.173,LIN-INNLDI-03-L,1260804008000,ERROR_202608070718181739,TRUE
2026-08-07 00:18:17.262,ELC-TRE-01-UL,1260718112020,126071811200001043,TRUE
2026-08-07 00:18:13.821,WIR-SE-01-UL,1260721078000,12607210780004B004,TRUE
2026-08-07 00:18:12.262,ELC-TRE-01-L,1260718112020,126071811200001032,TRUE
2026-08-07 00:18:13.408,CPP-Horizontalplating-01-UL,1260709001010,126071502400058015,TRUE
2026-08-07 00:18:13.121,ELC-DEP-01-L,1260711018000,126071101800001075,TRUE
2026-08-07 00:18:12.670,AOI-RESAOI-01-L,1260704109000,126070410900001063,TRUE
2026-08-07 00:18:10.309,ELC-DEP-01-UL,1260716035000,126071603500001062,TRUE
2026-08-07 00:18:11.650,LIN-OUTTRE-01-UL,,126063034800001022,TRUE
2026-08-07 00:18:08.181,LIN-OUTTRE-01-L,1260704091000,126070409100001054,TRUE
2026-08-07 00:18:09.801,SUR-FLM-01-UL,1260715042020,126071604700001060,TRUE
2026-08-07 00:18:08.057,LAM-BOP-03-UL,1260803088000,126080308800018011,TRUE
2026-08-07 00:18:08.020,SMK-TUN-01-L,1260622072000,126062207200001030,TRUE
2026-08-07 00:17:53.781,ELC-PUL-02-UL,1260629073000,126062907300001025,TRUE
2026-08-07 00:17:55.411,ELC-PUL-01-UL,1260715030000,126071503000001029,TRUE
2026-08-07 00:18:43.920,AOI-RESAOI-01-UL,1260704109000,126070410900001028,TRUE
2026-08-07 00:18:46.565,LAM-BOP-03-UL,1260803088000,126080308800018007,TRUE
2026-08-07 00:18:45.613,LIN-INNLDI-03-L,1260804008000,126080407600010006,TRUE
2026-08-07 00:18:43.468,AOI-PEP-01-L,1260803061000,126080306100002061,TRUE
2026-08-07 00:18:43.281,ELC-TRE-01-L,1260718112020,126071811200001063,TRUE
2026-08-07 00:18:41.968,AOI-PEP-01-UL,1260803061000,126080306100002057,TRUE
2026-08-07 00:18:42.025,LIN-OUTVAP-01-UL,,12606160910001C240,TRUE
2026-08-07 00:18:43.233,LAM-BOP-02-UL,1260801110000,126080111000012067,TRUE
2026-08-07 00:18:40.530,ELC-PUL-02-UL,1260629073000,126062907300001001,TRUE
2026-08-07 00:18:40.091,SMK-TRE-01-UL,1260622024030,126062202400001077,TRUE
2026-08-07 00:18:38.967,LAM-BOP-02-L,1260803013000,126080301300002007,TRUE
2026-08-07 00:18:37.112,CPP-Horizontalplating-01-UL,1260709001010,126071502400058008,TRUE
2026-08-07 00:18:35.500,ELC-DEP-01-UL,1260716035000,126071603500001069,TRUE
2026-08-07 00:18:37.094,ELC-DEP-01-L,1260711018000,126071101800001067,TRUE
2026-08-07 00:18:37.070,WIR-Decoatbake-01-L,1260620158010,12606201580001C187,TRUE
2026-08-07 00:18:35.513,AOI-RESAOI-01-L,1260704109000,126070410900001011,TRUE
2026-08-07 00:18:35.256,SUR-FLM-01-UL,1260715042020,126071604700001055,TRUE
2026-08-07 00:18:32.984,ELC-TRE-01-UL,1260718112020,126071811200001042,TRUE
2026-08-07 00:18:34.606,LIN-OUTTRE-01-UL,,126063034800001023,TRUE
2026-08-07 00:18:35.006,SMK-SPR-01-L,1260622030000,126062203000001018/0,TRUE
2026-08-07 00:18:32.002,WIR-Decoatbake-01-UL,1260715023000,126071502300058038,TRUE
2026-08-07 00:18:18.959,SMK-TUN-01-UL,1260616078000,126071001900001059,TRUE
2026-08-07 00:18:25.209,SMK-TUN-01-L,1260622072000,126062207200001029,TRUE
2026-08-07 00:18:24.268,CPP-Horizontalplating-01-L,1260718160000,126071816000058031,TRUE
2026-08-07 00:18:08.181,LIN-OUTTRE-01-L,1260704091000,126070409100001054,TRUE
2026-08-07 00:16:06.126,ELC-RED-01-L,1260703048050,126070304800001015,TRUE
2026-08-07 00:06:08.550,SMK-DEV-01-UL,,126062013300001007,TRUE
2026-08-07 00:19:00.941,CPP-Horizontalplating-01-UL,1260709001010,126071502400058012,TRUE
2026-08-07 00:19:01.891,ELC-DEP-01-L,1260711018000,126071101800001069,TRUE
2026-08-07 00:19:00.594,ELC-DEP-01-UL,1260716035000,126071603500001078,TRUE
2026-08-07 00:19:00.483,LAM-BOP-02-L,1260803013000,126080301300002003,TRUE
2026-08-07 00:18:59.094,ELC-TRE-01-L,1260718112020,126071811200001029,TRUE
2026-08-07 00:18:58.702,AOI-RESAOI-01-L,1260704109000,126070410900001042,TRUE
2026-08-07 00:18:57.451,LIN-OUTTRE-01-UL,,126063034800001031,TRUE
2026-08-07 00:18:55.265,AOI-PEP-01-L,1260803061000,126080306100002069,TRUE
2026-08-07 00:18:53.398,SMK-SPR-01-L,1260622030000,126062203000001043,TRUE
2026-08-07 00:18:55.046,LAM-BOP-02-UL,1260801110000,126080111000012065,TRUE
2026-08-07 00:18:52.567,LIN-INNLDI-03-L,1260804008000,ERROR_202608070718525673,TRUE
2026-08-07 00:18:54.702,AOI-PEP-01-UL,1260803061000,126080306100002059,TRUE
2026-08-07 00:18:52.342,SMK-TRE-01-UL,1260622024030,126062202400001080,TRUE
2026-08-07 00:18:50.916,ELC-PUL-01-UL,1260715030000,126071503000001012,TRUE
2026-08-07 00:18:49.876,ELC-TRE-01-UL,1260718112020,126071811200001067,TRUE
2026-08-07 00:18:47.879,CPP-Horizontalplating-01-L,1260718160000,126071816000058001,TRUE
2026-08-07 00:18:47.285,CPP-Patternplating-01-L,1260616092010,12606160920001C231,TRUE
2026-08-07 00:19:11.211,LIN-INNLDI-03-L,1260804008000,ERROR_202608070719112113,TRUE
2026-08-07 00:19:09.555,SMK-SPR-01-L,1260622030000,126062203000001044/0,TRUE
2026-08-07 00:19:09.149,SUR-FLM-01-UL,1260715042020,126071604700001034,TRUE
2026-08-07 00:19:08.969,SMK-TRE-01-UL,1260622024030,126062202400001052,TRUE
2026-08-07 00:19:06.844,AOI-RESAOI-01-UL,1260704109000,126070410900001063,TRUE
2026-08-07 00:19:07.332,LAM-BOP-02-UL,1260801110000,126080111000012063,TRUE
2026-08-07 00:19:06.582,AOI-PEP-01-L,1260803061000,126080306100002071,TRUE
2026-08-07 00:19:06.410,AOI-PEP-01-UL,1260803061000,126080306100002061,TRUE
2026-08-07 00:16:06.126,ELC-RED-01-L,1260703048050,126070304800001015,TRUE
2026-08-07 00:19:05.674,LAM-BOP-03-UL,1260803088000,126080308800018005,TRUE
2026-08-07 00:19:04.018,ELC-PUL-02-L,1260715060020,126071506000001070,TRUE
2026-08-07 00:19:04.751,ELC-TRE-01-UL,1260718112020,126071811200001068,TRUE
2026-08-07 00:19:40.616,AOI-PEP-01-L,1260803061000,126080306100002021,TRUE
2026-08-07 00:19:42.319,LAM-BOP-02-UL,1260801110000,126080111000012057,TRUE
2026-08-07 00:19:40.833,CPP-Patternplating-01-L,1260616092010,12606160920001C177,TRUE
2026-08-07 00:19:39.369,LIN-INNLDI-03-L,1260804008000,126080407600010009,TRUE
2026-08-07 00:19:38.538,AOI-PEP-01-UL,1260803061000,126080306100002077,TRUE
2026-08-07 00:19:34.895,CPP-Horizontalplating-01-L,1260718160000,126071816000058051,TRUE
2026-08-07 00:19:33.413,LAM-BOP-02-L,1260803013000,126080301900002012,TRUE
2026-08-07 00:19:36.782,ELC-TRE-01-UL,1260718112020,126071811200001026,TRUE
2026-08-07 00:19:30.978,SMK-TUN-01-L,1260622072000,126062207200001037,TRUE
2026-08-07 00:19:30.829,ELC-TRE-01-L,1260718112020,126071811200001025,TRUE
2026-08-07 00:19:30.034,AOI-RESAOI-01-UL,1260704109000,126070410900001011,TRUE
2026-08-07 00:19:28.025,SMK-SPR-01-L,1260622030000,126062203000001040,TRUE
2026-08-07 00:19:27.068,ELC-PUL-02-UL,1260629073000,126062907300001043,TRUE
2026-08-07 00:19:24.646,LAM-BOP-03-UL,1260803088000,126080308800018003,TRUE
2026-08-07 00:19:26.001,ELC-DEP-01-L,1260711018000,126071101800001050,TRUE
2026-08-07 00:19:26.784,SMK-TRE-01-UL,1260622024030,126062202400001050,TRUE
2026-08-07 00:19:24.551,CPP-Horizontalplating-01-UL,1260709001010,126071502400058057,TRUE
2026-08-07 00:19:22.582,WIR-LDI-01-L,,12607060550002B037,TRUE
2026-08-07 00:19:21.643,AOI-RESAOI-01-L,1260704109000,126070410900001076,TRUE
2026-08-07 00:19:20.830,LIN-OUTTRE-01-UL,,126063034800001001,TRUE
2026-08-07 00:19:24.516,ELC-DEP-01-UL,1260716035000,126071603500001075,TRUE
2026-08-07 00:18:53.910,WIR-LDI-01-UL,,M0960111B2000A-0607,TRUE
2026-08-07 00:19:17.520,WIR-Decoatbake-01-UL,1260715023000,126071502300058049,TRUE
2026-08-07 00:19:16.234,WIR-SE-01-UL,1260721078000,12607210780004B901,TRUE
2026-08-07 00:18:50.916,ELC-PUL-01-UL,1260715030000,126071503000001012,TRUE
2026-08-07 00:06:08.550,SMK-DEV-01-UL,,126062013300001007,TRUE
2026-08-07 00:16:06.126,ELC-RED-01-L,1260703048050,126070304800001015,TRUE
2026-08-07 00:18:18.959,SMK-TUN-01-UL,1260616078000,126071001900001059,TRUE
2026-08-07 00:19:54.569,LAM-BOP-02-UL,1260801110000,126080111000012055,TRUE
2026-08-07 00:19:53.081,AOI-RESAOI-01-UL,1260704109000,126070410900001042,TRUE
2026-08-07 00:19:51.257,AOI-PEP-01-L,1260803061000,126080306100002023,TRUE
2026-08-07 00:19:51.564,ELC-TRE-01-UL,1260718112020,126071811200001027,TRUE
2026-08-07 00:19:49.585,AOI-PEP-01-UL,1260803061000,126080306100002079,TRUE
2026-08-07 00:19:48.598,CPP-Horizontalplating-01-UL,1260709001010,126071502400058009,TRUE
2026-08-07 00:19:48.861,ELC-DEP-01-UL,1260716035000,126071603500001009,TRUE
2026-08-07 00:19:49.301,WIR-LDI-01-L,,12607060550002B046,TRUE
2026-08-07 00:19:46.551,ELC-PUL-01-UL,1260715030000,126071503000001068,TRUE
2026-08-07 00:19:46.322,ELC-PUL-02-L,1260715060020,126071506000001069,TRUE
2026-08-07 00:19:46.298,ELC-TRE-01-L,1260718112020,126071811200001038,TRUE
2026-08-07 00:19:45.991,WIR-SE-01-UL,1260721078000,12607210780004B902,TRUE
2026-08-07 00:19:45.464,LIN-INNLDI-03-L,1260804008000,ERROR_202608070719454641,TRUE
2026-08-07 00:19:44.213,SMK-SPR-01-L,1260622030000,126062203000001007/0,TRUE
2026-08-07 00:19:44.018,SMK-TRE-01-UL,1260622024030,126062202400001062,TRUE
2026-08-07 00:19:43.757,LAM-BOP-03-UL,1260803088000,126080308800018001,TRUE
2026-08-07 00:19:43.632,LAM-BOP-02-L,1260803013000,126080301900002010,TRUE
2026-08-07 00:19:43.471,LIN-OUTTRE-01-UL,,126063034800001061,TRUE
2026-08-07 00:06:08.550,SMK-DEV-01-UL,,126062013300001007,TRUE
2026-08-07 00:20:17.131,SMK-TRE-01-UL,1260622024030,126062202400001026,TRUE
2026-08-07 00:20:16.819,WIR-LDI-01-L,,12607060550002B060,TRUE
2026-08-07 00:20:16.451,WIR-SE-01-UL,1260721078000,12607210780004B003,TRUE
2026-08-07 00:20:15.976,LAM-BOP-02-L,1260803013000,126080301900002002,TRUE
2026-08-07 00:20:12.271,CPP-Horizontalplating-01-UL,1260709001010,126071502400058010,TRUE
2026-08-07 00:20:13.653,ELC-PUL-02-UL,1260629073000,126062907300001080,TRUE
2026-08-07 00:20:12.780,LIN-INNLDI-03-L,1260804008000,126080407600010011,TRUE
2026-08-07 00:20:07.862,ELC-TRE-01-UL,1260718112020,126071811200001039,TRUE
2026-08-07 00:20:12.738,ELC-DEP-01-UL,1260716035000,126071603500001008,TRUE
2026-08-07 00:20:06.621,SMK-TUN-01-UL,1260616078000,126071001900001053,TRUE
2026-08-07 00:20:06.413,LAM-BOP-02-UL,1260801110000,126080110400012042,TRUE
2026-08-07 00:20:02.974,WIR-Decoatbake-01-UL,1260715023000,126071502300058059,TRUE
2026-08-07 00:20:06.302,LIN-OUTTRE-01-UL,,126063034800001021,TRUE
2026-08-07 00:20:01.706,ELC-TRE-01-L,1260718112020,126071811200001019,TRUE
2026-08-07 00:20:02.540,LAM-BOP-03-UL,1260803088000,126080308800018040,TRUE
2026-08-07 00:19:58.677,CPP-Horizontalplating-01-L,1260718160000,126071816000058047,TRUE
2026-08-07 00:20:02.496,SMK-SPR-01-L,1260622030000,126062203000001018,TRUE
2026-08-07 00:20:01.226,AOI-PEP-01-UL,1260803061000,126080306100002021,TRUE
2026-08-07 00:19:57.543,SUR-FLM-01-UL,1260715042020,126071604700001029,TRUE
2026-08-07 00:19:53.081,AOI-RESAOI-01-UL,1260704109000,126070410900001042,TRUE
2026-08-07 00:19:30.978,SMK-TUN-01-L,1260622072000,126062207200001037,TRUE
2026-08-07 00:20:22.514,ELC-TRE-01-UL,1260718112020,126071811200001033,TRUE
2026-08-07 00:20:22.055,CPP-Horizontalplating-01-L,1260718160000,126071816000058049,TRUE
2026-08-07 00:20:26.618,LAM-BOP-02-L,1260803013000,126080301900002080,TRUE
2026-08-07 00:20:21.647,LAM-BOP-03-UL,1260803088000,126080308800018038,TRUE
2026-08-07 00:20:20.316,ELC-DEP-01-L,1260711018000,126071101800001070,TRUE
2026-08-07 00:20:19.368,LAM-BOP-02-UL,1260801110000,126080110400012026,TRUE
2026-08-07 00:20:19.860,LIN-INNLDI-03-L,1260804008000,ERROR_202608070720198600,TRUE
2026-08-07 00:20:19.074,SMK-SPR-01-L,1260622030000,126062203000001024/0,TRUE
2026-08-07 00:20:18.023,AOI-PEP-01-L,1260803061000,126080306100002025,TRUE
2026-08-07 00:20:16.451,WIR-SE-01-UL,1260721078000,12607210780004B003,TRUE
2026-08-07 00:20:17.535,ELC-TRE-01-L,1260718112020,126071811200001031,TRUE
2026-08-07 00:20:57.104,SMK-TRE-01-UL,1260622024030,126062202400001054,TRUE
2026-08-07 00:20:54.207,LIN-INNLDI-03-L,1260804008000,ERROR_202608070720542071,TRUE
2026-08-07 00:20:56.527,LAM-BOP-02-UL,1260801110000,126080109800012040,TRUE
2026-08-07 00:20:53.767,ELC-TRE-01-UL,1260718112020,126071811200001060,TRUE
2026-08-07 00:20:52.213,LIN-OUTTRE-01-UL,,126063034800001019,TRUE
2026-08-07 00:20:50.293,AOI-PEP-01-UL,1260803061000,126080306100002027,TRUE
2026-08-07 00:20:51.356,AOI-PEP-01-L,1260803061000,126080306100002031,TRUE
2026-08-07 00:20:53.483,SMK-SPR-01-L,1260622030000,126062203000001074/0,TRUE
2026-08-07 00:20:48.391,ELC-TRE-01-L,1260718112020,126071811200001034,TRUE
2026-08-07 00:20:47.772,WIR-Decoatbake-01-UL,1260715023000,126071502300058031,TRUE
2026-08-07 00:20:47.717,SMK-TUN-01-L,1260622072000,126062207200001015,TRUE
2026-08-07 00:20:45.412,CPP-Horizontalplating-01-L,1260718160000,126071816000058044,TRUE
2026-08-07 00:20:42.584,WIR-LDI-01-L,,12607060550002B034,TRUE
2026-08-07 00:20:42.477,ELC-PUL-01-UL,1260715030000,126071503000001066,TRUE
2026-08-07 00:20:40.618,LAM-BOP-03-UL,1260803088000,126080308800018036,TRUE
2026-08-07 00:20:44.703,ELC-DEP-01-L,1260711018000,126071101800001048,TRUE
2026-08-07 00:20:38.401,LAM-BOP-02-L,1260803013000,126080301900002078,TRUE
2026-08-07 00:20:38.109,ELC-DEP-01-UL,1260716035000,126071603500001077,TRUE
2026-08-07 00:20:36.397,CPP-Horizontalplating-01-UL,1260709001010,126071502400058003,TRUE
2026-08-07 00:20:40.220,ELC-PUL-02-L,1260715060020,126071506000001025,TRUE
2026-08-07 00:20:34.241,CPP-Patternplating-01-L,1260616092010,12606160920001C234,TRUE
2026-08-07 00:20:32.152,SMK-TUN-01-UL,1260616078000,126071001900001039,TRUE
2026-08-07 00:20:33.059,SUR-FLM-01-UL,1260715042020,126071604700001016,TRUE
2026-08-07 00:20:16.451,WIR-SE-01-UL,1260721078000,12607210780004B003,TRUE
2026-08-07 00:20:13.653,ELC-PUL-02-UL,1260629073000,126062907300001080,TRUE
2026-08-07 00:19:53.081,AOI-RESAOI-01-UL,1260704109000,126070410900001042,TRUE
2026-08-07 00:17:08.299,LIN-INNDES-01-UL,1260803062000,126080402300012079,TRUE
2026-08-07 00:18:08.181,LIN-OUTTRE-01-L,1260704091000,126070409100001054,TRUE
2026-08-07 00:21:14.217,AOI-PEP-01-L,1260803061000,126080306100002035,TRUE
2026-08-07 00:21:14.733,LIN-OUTTRE-01-UL,,126063034800001057,TRUE
2026-08-07 00:21:12.857,LAM-BOP-02-L,1260803013000,126080301900002074,TRUE
2026-08-07 00:21:12.795,AOI-PEP-01-UL,1260803061000,126080306100002031,TRUE
2026-08-07 00:21:10.242,WIR-LDI-01-L,,12607060550002B035,TRUE
2026-08-07 00:21:09.221,ELC-DEP-01-L,1260711018000,126071101800001003,TRUE
2026-08-07 00:21:09.742,CPP-Horizontalplating-01-L,1260718160000,126071816000058045,TRUE
2026-08-07 00:21:09.785,LIN-INNLDI-03-L,1260804008000,ERROR_202608070721097859,TRUE
2026-08-07 00:21:08.986,ELC-TRE-01-UL,1260718112020,126071811200001044,TRUE
2026-08-07 00:21:08.655,SMK-TRE-01-UL,1260622024030,126062202400001012,TRUE
2026-08-07 00:21:06.296,SMK-TUN-01-L,1260622072000,126062207200001032,TRUE
2026-08-07 00:21:05.716,LAM-BOP-02-UL,1260801110000,126080109800012043,TRUE
2026-08-07 00:21:04.048,ELC-TRE-01-L,1260718112020,126071811200001037,TRUE
2026-08-07 00:21:02.873,SUR-FLM-01-UL,1260715042020,126071604700001051,TRUE
2026-08-07 00:21:00.059,CPP-Horizontalplating-01-UL,1260709001010,126071502400058025,TRUE
2026-08-07 00:21:03.204,ELC-DEP-01-UL,1260716035000,126071603500001042,TRUE
2026-08-07 00:20:59.822,LAM-BOP-03-UL,1260803088000,126080308800018034,TRUE
2026-08-07 00:19:53.081,AOI-RESAOI-01-UL,1260704109000,126070410900001042,TRUE
2026-08-07 00:20:16.451,WIR-SE-01-UL,1260721078000,12607210780004B003,TRUE
2026-08-07 00:16:06.126,ELC-RED-01-L,1260703048050,126070304800001015,TRUE
2026-08-07 00:21:24.092,AOI-PEP-01-UL,1260803061000,126080306100002033,TRUE
2026-08-07 00:21:23.837,CPP-Horizontalplating-01-UL,1260709001010,126071502400058038,TRUE
2026-08-07 00:21:24.955,ELC-TRE-01-UL,1260718112020,126071811200001056,TRUE
2026-08-07 00:21:23.342,LAM-BOP-02-L,1260803013000,126080301900002072,TRUE
2026-08-07 00:21:20.834,LIN-INNLDI-03-L,1260804008000,126080407600010015,TRUE
2026-08-07 00:21:20.268,ELC-TRE-01-L,1260718112020,126071811200001040,TRUE
2026-08-07 00:21:18.776,LAM-BOP-03-UL,1260803088000,126080308800018032,TRUE
2026-08-07 00:21:18.357,LAM-BOP-02-UL,1260801110000,126080111000012053,TRUE
2026-08-07 00:21:46.577,AOI-PEP-01-UL,1260803061000,126080306100002037,TRUE
2026-08-07 00:21:46.280,LAM-BOP-02-L,1260803013000,126080301900002068,TRUE
2026-08-07 00:21:47.640,AOI-PEP-01-L,1260803061000,126080306100002041,TRUE
2026-08-07 00:21:45.798,SMK-TUN-01-L,1260622072000,126062207200001064,TRUE
2026-08-07 00:21:44.039,LIN-INNLDI-03-L,1260804008000,ERROR_202608070721440390,TRUE
2026-08-07 00:21:44.873,LAM-BOP-03-UL,1260803088000,Error_202608070721448739,FALSE
2026-08-07 00:21:42.534,SMK-TRE-01-UL,1260622024030,126062202400001039,TRUE
2026-08-07 00:21:41.811,LAM-BOP-02-UL,1260801110000,126080111600012061,TRUE
2026-08-07 00:21:40.971,ELC-TRE-01-UL,1260718112020,126071811200001023,TRUE
2026-08-07 00:21:38.471,LIN-OUTTRE-01-UL,,126063034800001062,TRUE
2026-08-07 00:21:36.968,SMK-TUN-01-UL,1260616078000,126071001900001057,TRUE
2026-08-07 00:21:37.434,ELC-PUL-01-UL,1260715030000,126071503000001016,TRUE
2026-08-07 00:21:35.955,ELC-TRE-01-L,1260718112020,126071811200001008,TRUE
2026-08-07 00:21:33.783,ELC-DEP-01-L,1260711018000,126071101800001027,TRUE
2026-08-07 00:21:35.839,WIR-LDI-01-L,,12607060550002B036,TRUE
2026-08-07 00:21:33.338,CPP-Horizontalplating-01-L,1260718160000,126071816000058041,TRUE
2026-08-07 00:21:32.103,WIR-Decoatbake-01-UL,1260715023000,126071502300058051,TRUE
2026-08-07 00:21:28.385,CPP-Patternplating-01-L,1260616092010,12606160920001C233,TRUE
2026-08-07 00:21:30.062,SUR-FLM-01-UL,1260715042020,126071604700001074,TRUE
2026-08-07 00:21:27.799,ELC-DEP-01-UL,1260716035000,126071603500001070,TRUE
2026-08-07 00:21:26.807,ELC-PUL-02-L,1260715060020,126071506000001051,TRUE
2026-08-07 00:20:16.451,WIR-SE-01-UL,1260721078000,12607210780004B003,TRUE
2026-08-07 00:17:08.299,LIN-INNDES-01-UL,1260803062000,126080402300012079,TRUE
2026-08-07 00:22:02.180,LIN-INNLDI-03-L,1260804008000,ERROR_202608070722021807,TRUE
2026-08-07 00:22:00.873,ELC-PUL-02-UL,1260629073000,126062907300001013,TRUE
2026-08-07 00:22:00.956,LIN-OUTTRE-01-UL,,126063034800001048,TRUE
2026-08-07 00:21:59.594,AOI-PEP-01-UL,1260803061000,126080306100002039,TRUE
2026-08-07 00:21:58.891,AOI-PEP-01-L,1260803061000,126080306100002045,TRUE
2026-08-07 00:21:58.440,SUR-FLM-01-UL,1260715042020,126071604700001069,TRUE
2026-08-07 00:21:58.378,ELC-DEP-01-L,1260711018000,126071101800001031,TRUE
2026-08-07 00:21:57.515,LAM-BOP-03-UL,1260803088000,126080308800018028,TRUE
2026-08-07 00:21:56.871,CPP-Horizontalplating-01-L,1260718160000,126071816000058043,TRUE
2026-08-07 00:21:56.781,LAM-BOP-02-L,1260803013000,126080301900002064,TRUE
2026-08-07 00:21:55.675,ELC-TRE-01-UL,1260718112020,126071811200001032,TRUE
2026-08-07 00:21:56.003,LIN-OUTTRE-01-L,1260704091020,126070409100001002,TRUE
2026-08-07 00:21:53.640,LAM-BOP-02-UL,1260801110000,126080111600012054,TRUE
2026-08-07 00:21:47.527,CPP-Horizontalplating-01-UL,1260709001010,126071502400058056,TRUE
2026-08-07 00:21:52.206,ELC-DEP-01-UL,1260716035000,126071603500001038,TRUE
2026-08-07 00:21:51.206,ELC-TRE-01-L,1260718112020,126071811200001001,TRUE
2026-08-07 00:22:22.253,SUR-FLM-01-UL,1260715042020,126071604700001039,TRUE
2026-08-07 00:22:21.612,AOI-PEP-01-L,1260803061000,126080306100002049,TRUE
2026-08-07 00:22:21.419,CPP-Patternplating-01-L,1260616092010,12606160920001C230,TRUE
2026-08-07 00:22:20.716,CPP-Horizontalplating-01-L,1260718160000,126071816000058036,TRUE
2026-08-07 00:22:19.470,ELC-PUL-02-UL,1260629073000,126062907300001007,TRUE
2026-08-07 00:22:20.066,SMK-SPR-01-L,1260622030000,126062203000001007,TRUE
2026-08-07 00:22:18.470,LAM-BOP-02-L,1260803013000,126080301900002060,TRUE
2026-08-07 00:22:18.035,SMK-TUN-01-UL,1260616078000,126071001900001048,TRUE
2026-08-07 00:22:17.620,LIN-INNLDI-03-L,1260804008000,ERROR_202608070722176202,TRUE
2026-08-07 00:22:22.034,AOI-PEP-01-UL,1260803061000,126080306100002045,TRUE
2026-08-07 00:22:16.458,ELC-DEP-01-UL,1260716035000,126071603500001041,TRUE
2026-08-07 00:22:16.286,SMK-TRE-01-UL,1260622024030,126062202400001068,TRUE
2026-08-07 00:22:16.235,LAM-BOP-03-UL,1260803088000,126080308800018026,TRUE
2026-08-07 00:22:22.161,ELC-TRE-01-L,1260718112020,126071811200001021,TRUE
2026-08-07 00:22:17.216,WIR-Decoatbake-01-UL,1260715023000,126071502300058053,TRUE
2026-08-07 00:22:17.184,WIR-LDI-01-UL,,12607060550002B058,TRUE
2026-08-07 00:22:14.755,LIN-OUTTRE-01-L,1260704091020,126070409100001038,TRUE
2026-08-07 00:22:12.442,ELC-TRE-01-UL,1260718112020,126071811200001017,TRUE
2026-08-07 00:22:13.203,ELC-PUL-02-L,1260715060020,126071506000001021,TRUE
2026-08-07 00:22:11.731,CPP-Horizontalplating-01-UL,1260709001010,126071502400058040,TRUE
2026-08-07 00:22:07.513,ELC-RED-01-L,1260703048000,126070304800001016,TRUE
2026-08-07 00:22:05.875,LAM-BOP-02-UL,1260801110000,126080104400012043,TRUE
2026-08-07 00:14:05.761,LAM-BOP-03-L,1260803088000,126080308800018001,TRUE
2026-08-07 00:22:03.512,WIR-LDI-01-L,,12607060550002B030,TRUE
2026-08-07 00:22:44.773,AOI-PEP-01-L,1260803061000,126080306100002074,TRUE
2026-08-07 00:22:47.332,SUR-FLM-01-UL,1260715042020,126071604700001017,TRUE
2026-08-07 00:22:47.094,WIR-LDI-01-UL,,12607060550002B059,TRUE
2026-08-07 00:22:44.297,CPP-Horizontalplating-01-L,1260718160000,126071816000058040,TRUE
2026-08-07 00:22:42.895,SMK-TUN-01-UL,1260616078000,126071001900001051,TRUE
2026-08-07 00:22:41.318,ELC-DEP-01-UL,1260716035000,126071603500001039,TRUE
2026-08-07 00:22:41.211,LAM-BOP-02-L,1260803013000,126080301900002056,TRUE
2026-08-07 00:22:43.021,ELC-TRE-01-UL,1260718112020,126071811200001029,TRUE
2026-08-07 00:22:36.317,SMK-SPR-01-L,1260622030000,126062203000001023/0,TRUE
2026-08-07 00:22:38.083,ELC-TRE-01-L,1260718112020,126071811200001035,TRUE
2026-08-07 00:22:36.527,LIN-INNLDI-03-L,1260804008000,ERROR_202608070722365272,TRUE
2026-08-07 00:22:40.317,ELC-PUL-02-UL,1260629073000,126062907300001071,TRUE
2026-08-07 00:22:33.378,AOI-PEP-01-UL,1260803061000,126080306100002047,TRUE
2026-08-07 00:22:35.349,LIN-OUTTRE-01-L,1260704091020,126070409100001004,TRUE
2026-08-07 00:22:35.342,CPP-Horizontalplating-01-UL,1260709001010,126071502400058052,TRUE
2026-08-07 00:22:27.248,ELC-RED-01-L,1260703048000,126070304800001007,TRUE
2026-08-07 00:22:35.221,LAM-BOP-03-UL,1260803088000,126080308800018024,TRUE
2026-08-07 00:22:33.365,ELC-PUL-01-UL,1260715030000,126071503000001053,TRUE
2026-08-07 00:22:33.316,SMK-TUN-01-L,1260622072000,126062207200001057,TRUE
2026-08-07 00:22:29.169,WIR-LDI-01-L,,12607060550002B032,TRUE
2026-08-07 00:22:00.956,LIN-OUTTRE-01-UL,,126063034800001048,TRUE
2026-08-07 00:22:16.286,SMK-TRE-01-UL,1260622024030,126062202400001068,TRUE
2026-08-07 00:22:05.875,LAM-BOP-02-UL,1260801110000,126080104400012043,TRUE
2026-08-07 00:22:23.099,ELC-DEP-01-L,1260711018000,126071101800001014,TRUE
2026-08-07 00:06:08.550,SMK-DEV-01-UL,,126062013300001007,TRUE
2026-08-07 00:22:55.438,ELC-RED-01-L,1260703048000,126070304800001077,TRUE
2026-08-07 00:22:57.068,LIN-OUTTRE-01-L,1260704091020,126070409100001005,TRUE
2026-08-07 00:22:55.939,WIR-LDI-01-L,,12607060550002B033,TRUE
2026-08-07 00:22:54.664,SMK-SPR-01-L,1260622030000,126062203000001024,TRUE
2026-08-07 00:22:54.057,LAM-BOP-02-UL,1260803013000,126080301300002050,TRUE
2026-08-07 00:22:53.928,ELC-TRE-01-L,1260718112020,126071811200001045,TRUE
2026-08-07 00:22:54.316,LAM-BOP-03-UL,1260803088000,126080308800018022,TRUE
2026-08-07 00:22:52.634,LAM-BOP-02-L,1260803013000,126080301900002054,TRUE
2026-08-07 00:22:51.996,LIN-INNLDI-03-L,1260804008000,ERROR_202608070722519968,TRUE
2026-08-07 00:19:21.643,AOI-RESAOI-01-L,1260704109000,126070410900001076,TRUE
2026-08-07 00:22:51.663,SMK-TUN-01-L,1260622072000,126062207200001009,TRUE
2026-08-07 00:22:41.318,ELC-DEP-01-UL,1260716035000,126071603500001039,TRUE
2026-08-07 00:23:11.084,SMK-SPR-01-L,1260622030000,126062203000001079/0,TRUE
2026-08-07 00:23:10.357,LIN-INNLDI-03-L,1260804008000,ERROR_202608070723103575,TRUE
2026-08-07 00:23:09.834,ELC-TRE-01-L,1260718112020,126071811200001028,TRUE
2026-08-07 00:23:07.909,CPP-Horizontalplating-01-L,1260718160000,126071816000058060,TRUE
2026-08-07 00:23:05.481,LAM-BOP-02-UL,1260803013000,126080301300002048,TRUE
2026-08-07 00:23:05.709,ELC-DEP-01-UL,1260716035000,126071603500001034,TRUE
2026-08-07 00:23:06.324,LIN-INNDES-01-UL,1260803062000,126080402400002017,TRUE
2026-08-07 00:23:02.877,WIR-Decoatbake-01-UL,1260715023000,126071502300058035,TRUE
2026-08-07 00:22:59.022,ELC-TRE-01-UL,1260718112020,126071811200001022,TRUE
2026-08-07 00:23:04.402,LAM-BOP-02-L,1260803013000,126080301900002052,TRUE
2026-08-07 00:22:59.008,ELC-PUL-02-L,1260715060020,126071506000001006,TRUE
2026-08-07 00:22:59.018,CPP-Horizontalplating-01-UL,1260709001010,126071502400058047,TRUE
2026-08-07 00:23:36.047,LAM-BOP-02-L,1260803013000,126080301900002061,TRUE
2026-08-07 00:23:32.397,LAM-BOP-03-UL,1260803088000,126080308700020026,TRUE
2026-08-07 00:23:33.234,LIN-INNDES-01-UL,1260803062000,126080400400010080,TRUE
2026-08-07 00:23:31.474,CPP-Horizontalplating-01-L,1260718160000,126071816000058002,TRUE
2026-08-07 00:23:30.820,ELC-TRE-01-UL,1260718112020,126071811200001038,TRUE
2026-08-07 00:23:28.369,ELC-PUL-01-UL,1260715030000,126071503000001070,TRUE
2026-08-07 00:23:30.805,ELC-DEP-01-UL,1260716035000,126071603500001035,TRUE
2026-08-07 00:23:29.272,SMK-SPR-01-L,1260622030000,126062203000001074,TRUE
2026-08-07 00:23:26.612,LIN-INNLDI-03-L,1260804008000,ERROR_202608070723266125,TRUE
2026-08-07 00:23:25.616,ELC-TRE-01-L,1260718112020,126071811200001078,TRUE
2026-08-07 00:23:25.582,WIR-LDI-01-UL,,12607060550002B050,TRUE
2026-08-07 00:23:26.468,LAM-BOP-02-UL,1260803013000,126080301300002044,TRUE
2026-08-07 00:23:23.238,CPP-Horizontalplating-01-UL,1260709001010,126071502400058042,TRUE
2026-08-07 00:23:22.613,WIR-LDI-01-L,,12607060550002B026,TRUE
2026-08-07 00:23:21.491,SMK-TUN-01-UL,1260616078000,126071001900001076,TRUE
2026-08-07 00:23:21.301,ELC-RED-01-L,1260703048000,126070304800001027,TRUE
2026-08-07 00:23:19.710,LIN-OUTTRE-01-L,1260704091020,126070409100001007,TRUE
2026-08-07 00:23:18.914,ELC-PUL-02-UL,1260629073000,126062907300001020,TRUE
2026-08-07 00:23:17.287,ELC-DEP-01-L,1260711018000,126071101800001078,TRUE
2026-08-07 00:23:15.487,CPP-Patternplating-01-L,1260616092010,12606160920001C229,TRUE
2026-08-07 00:23:14.772,SUR-FLM-01-UL,1260715042020,126071604700001059,TRUE
2026-08-07 00:23:49.056,WIR-LDI-01-L,,12607060550002B029,TRUE
2026-08-07 00:23:48.173,LAM-BOP-02-UL,1260803013000,126080301300002075,TRUE
2026-08-07 00:23:52.371,LAM-BOP-03-UL,1260803088000,126080309000014037,TRUE
2026-08-07 00:23:48.829,LIN-INNDES-01-UL,1260803062000,126080400500012014,TRUE
2026-08-07 00:23:47.461,CPP-Horizontalplating-01-UL,1260709001010,126071502400058044,TRUE
2026-08-07 00:23:47.086,WIR-Decoatbake-01-UL,1260715023000,126071502300058055,TRUE
2026-08-07 00:23:46.658,LAM-BOP-02-L,1260803013000,126080301900002059,TRUE
2026-08-07 00:23:46.101,SMK-TUN-01-UL,1260616078000,126071001900001068,TRUE
2026-08-07 00:23:46.072,AOI-RESAOI-01-L,1260720026020,126072002600001030,TRUE
2026-08-07 00:23:45.478,LIN-INNLDI-03-L,1260804008000,ERROR_202608070723454788,TRUE
2026-08-07 00:23:45.712,ELC-PUL-02-L,1260715060020,126071506000001029,TRUE
2026-08-07 00:23:45.320,SMK-SPR-01-L,1260622030000,126062203000001022/0,TRUE
2026-08-07 00:23:46.744,ELC-RED-01-L,1260703048000,126070304800001074,TRUE
2026-08-07 00:23:44.963,ELC-TRE-01-UL,1260718112020,126071811200001019,TRUE
2026-08-07 00:23:42.978,LIN-OUTTRE-01-L,1260704091020,126070409100001051,TRUE
2026-08-07 00:23:41.807,ELC-TRE-01-L,1260718112020,126071811200001065,TRUE
2026-08-07 00:23:39.445,SUR-FLM-01-UL,1260715042020,126071604700001038,TRUE
2026-08-07 00:23:38.961,SMK-TUN-01-L,1260622072000,126062207200001066,TRUE
2026-08-07 00:23:41.838,ELC-DEP-01-L,1260711018000,126071101800001017,TRUE
2026-08-07 00:23:30.805,ELC-DEP-01-UL,1260716035000,126071603500001035,TRUE
2026-08-07 00:24:09.442,LAM-BOP-02-UL,1260803013000,126080301300002069,TRUE
2026-08-07 00:24:11.230,CPP-Horizontalplating-01-UL,1260709001010,126071502400058046,TRUE
2026-08-07 00:24:07.973,LAM-BOP-02-L,1260803013000,126080301900002055,TRUE
2026-08-07 00:24:08.761,CPP-Patternplating-01-L,1260616092010,12606160920001C232,TRUE
2026-08-07 00:24:06.508,SUR-FLM-01-UL,1260715042020,126071604700001053,TRUE
2026-08-07 00:24:05.715,LIN-OUTTRE-01-L,1260704091020,126070409100001015,TRUE
2026-08-07 00:24:05.449,ELC-PUL-02-UL,1260629073000,126062907300001051,TRUE
2026-08-07 00:24:03.883,SMK-SPR-01-L,1260622030000,126062203000001023,TRUE
2026-08-07 00:24:05.645,LIN-INNDES-01-UL,1260803062000,126080400500012016,TRUE
2026-08-07 00:24:01.854,ELC-TRE-01-UL,1260718112020,126071811200001031,TRUE
2026-08-07 00:24:00.012,AOI-RESAOI-01-L,1260720026020,126072002600001005,TRUE
2026-08-07 00:24:01.620,LIN-INNLDI-03-L,1260804008000,ERROR_202608070724016203,TRUE
2026-08-07 00:23:55.509,WIR-LDI-01-UL,,12607060550002B049,TRUE
2026-08-07 00:23:54.962,CPP-Horizontalplating-01-L,1260718160000,126071816000058056,TRUE
2026-08-07 00:23:57.086,SMK-TUN-01-L,1260622072000,126062207200001052,TRUE
2026-08-07 00:23:57.276,ELC-TRE-01-L,1260718112020,126071811200001075,TRUE
2026-08-07 00:23:41.838,ELC-DEP-01-L,1260711018000,126071101800001017,TRUE
2026-08-07 00:23:52.371,LAM-BOP-03-UL,1260803088000,126080309000014037,TRUE
2026-08-07 00:23:30.805,ELC-DEP-01-UL,1260716035000,126071603500001035,TRUE
2026-08-07 00:06:08.550,SMK-DEV-01-UL,,126062013300001007,TRUE
2026-08-07 00:24:20.209,LAM-BOP-02-UL,1260803013000,126080301300002063,TRUE
2026-08-07 00:24:20.370,LIN-INNLDI-03-L,1260804008000,ERROR_202608070724203706,TRUE
2026-08-07 00:24:19.789,SMK-SPR-01-L,1260622030000,126062203000001056/0,TRUE
2026-08-07 00:24:19.553,LIN-INNDES-01-UL,1260803062000,126080400500012018,TRUE
2026-08-07 00:24:18.709,LAM-BOP-02-L,1260803013000,126080301900002053,TRUE
2026-08-07 00:24:18.060,AOI-RESAOI-01-L,1260720026020,126072002600001043,TRUE
2026-08-07 00:24:18.482,CPP-Horizontalplating-01-L,1260718160000,126071816000058059,TRUE
2026-08-07 00:24:16.277,ELC-TRE-01-UL,1260718112020,126071811200001030,TRUE
2026-08-07 00:24:13.108,ELC-RED-01-L,1260703048000,126070304800001032,TRUE
2026-08-07 00:24:12.963,ELC-TRE-01-L,1260718112020,126071811200001074,TRUE
2026-08-07 00:24:15.856,WIR-LDI-01-L,,12607060550002B028,TRUE
2026-08-07 00:24:48.685,ELC-TRE-01-UL,1260718112020,126071811200001037,TRUE
2026-08-07 00:24:48.716,AOI-PEP-01-L,1260803061000,126080306100002078,TRUE
2026-08-07 00:24:44.825,AOI-PEP-01-UL,1260803061000,126080306100002072,TRUE
2026-08-07 00:24:44.670,SMK-TUN-01-L,1260622072000,126062207200001075,TRUE
2026-08-07 00:24:47.700,LAM-BOP-02-L,1260803013000,126080301900002051,TRUE
2026-08-07 00:24:42.485,WIR-LDI-01-L,,12607060550002B025,TRUE
2026-08-07 00:24:42.278,LAM-BOP-02-UL,1260803013000,126080301300002057,TRUE
2026-08-07 00:24:44.345,ELC-TRE-01-L,1260718112020,126071811200001053,TRUE
2026-08-07 00:24:42.188,CPP-Horizontalplating-01-L,1260718160000,126071816000058053,TRUE
2026-08-07 00:24:40.998,AOI-RESAOI-01-L,1260720026020,126072002600001041,TRUE
2026-08-07 00:24:38.244,SMK-SPR-01-L,1260622030000,126062203000001079,TRUE
2026-08-07 00:24:39.609,LIN-OUTVAP-01-UL,,12606160910001C238,TRUE
2026-08-07 00:24:37.062,ELC-RED-01-L,1260703048000,126070304800001002,TRUE
2026-08-07 00:24:36.011,LIN-INNLDI-03-L,1260804008000,ERROR_202608070724360114,TRUE
2026-08-07 00:24:34.703,CPP-Horizontalplating-01-UL,1260709001010,126071502400058039,TRUE
2026-08-07 00:24:34.087,LIN-INNDES-01-UL,1260803062000,126080400500012012,TRUE
2026-08-07 00:24:32.124,WIR-Decoatbake-01-UL,1260715023000,126071502300058017,TRUE
2026-08-07 00:24:31.010,SUR-FLM-01-UL,1260715042020,126071604700001019,TRUE
2026-08-07 00:24:26.592,AOI-RESAOI-01-UL,1260720026020,126072002600001030,TRUE
2026-08-07 00:24:31.966,ELC-PUL-02-L,1260715060020,126071506000001019,TRUE
2026-08-07 00:24:28.482,LIN-OUTTRE-01-L,1260704091020,126070409100001011,TRUE
2026-08-07 00:24:25.264,WIR-LDI-01-UL,,12607060550002B037,TRUE
2026-08-07 00:24:24.526,ELC-PUL-01-UL,1260715030000,126071503000001044,TRUE
2026-08-07 00:25:05.799,CPP-Horizontalplating-01-L,1260718160000,126071816000058055,TRUE
2026-08-07 00:25:04.499,AOI-PEP-01-UL,1260803061000,126080306100002076,TRUE
2026-08-07 00:25:04.643,ELC-TRE-01-UL,1260718112020,126071811200001040,TRUE
2026-08-07 00:25:04.001,AOI-RESAOI-01-L,1260720026020,126072002600001042,TRUE
2026-08-07 00:25:03.907,LIN-OUTTRE-01-UL,,126070409100001071,TRUE
2026-08-07 00:25:02.936,LAM-BOP-02-UL,1260803013000,126080301300002053,TRUE
2026-08-07 00:25:02.846,CPP-Patternplating-01-L,1260616092010,12606160920001C225,TRUE
2026-08-07 00:25:02.922,SMK-TUN-01-L,1260622072000,126062207200001062,TRUE
2026-08-07 00:25:02.110,ELC-RED-01-L,1260703048000,126070304800001014,TRUE
2026-08-07 00:25:00.705,WIR-Pretreatment-01-L,1260715023002,126071502300258284,TRUE
2026-08-07 00:24:59.295,AOI-PEP-01-L,1260803061000,126080306100002080,TRUE
2026-08-07 00:24:58.267,CPP-Horizontalplating-01-UL,1260709001010,126071502400058049,TRUE
2026-08-07 00:24:58.233,LAM-BOP-02-L,1260803013000,126080301900002049,TRUE
2026-08-07 00:24:55.111,WIR-LDI-01-UL,,12607060550002B046,TRUE
2026-08-07 00:24:54.420,LIN-INNLDI-03-L,1260804008000,ERROR_202608070724544200,TRUE
2026-08-07 00:24:54.810,SUR-FLM-01-UL,1260715042020,126071604700001021,TRUE
2026-08-07 00:24:51.109,LIN-OUTTRE-01-L,1260704091020,126070409100001079,TRUE
2026-08-07 00:24:54.357,SMK-SPR-01-L,1260622030000,126062203000001004/0,TRUE
2026-08-07 00:24:53.091,LIN-INNDES-01-UL,1260803062000,Error_202608070724530918,FALSE
2026-08-07 00:24:51.592,ELC-PUL-02-UL,1260629073000,126062907300001054,TRUE
2026-08-07 00:24:49.546,AOI-RESAOI-01-UL,1260720026020,126072002600001005,TRUE
2026-08-07 00:24:44.345,ELC-TRE-01-L,1260718112020,126071811200001053,TRUE
2026-08-07 00:20:16.451,WIR-SE-01-UL,1260721078000,12607210780004B003,TRUE
2026-08-07 00:25:23.767,LAM-BOP-02-UL,1260803013000,126080301300002045,TRUE
2026-08-07 00:25:22.770,SMK-SPR-01-L,1260622030000,126062203000001022,TRUE
2026-08-07 00:25:23.767,LIN-INNDES-01-UL,1260803062000,Error_202608070725237672,FALSE
2026-08-07 00:25:21.957,CPP-Horizontalplating-01-UL,1260709001010,126071502400058060,TRUE
2026-08-07 00:25:21.688,AOI-PEP-01-UL,1260803061000,126080306100002080,TRUE
2026-08-07 00:25:19.641,LAM-BOP-02-L,1260803013000,126080301900002043,TRUE
2026-08-07 00:25:19.469,AOI-PEP-01-L,1260803061000,126080306100002001,TRUE
2026-08-07 00:25:19.859,ELC-PUL-01-UL,1260715030000,126071503000001067,TRUE
2026-08-07 00:25:19.428,ELC-TRE-01-UL,1260718112020,126071811200001008,TRUE
2026-08-07 00:25:19.285,WIR-Pretreatment-01-L,1260715023002,126071502300258288,TRUE
2026-08-07 00:25:18.046,ELC-PUL-02-L,1260715060020,126071506000001039,TRUE
2026-08-07 00:25:17.144,WIR-Decoatbake-01-UL,1260715023000,126071502300058044,TRUE
2026-08-07 00:25:14.252,LIN-OUTTRE-01-L,1260704091020,126070409100001042,TRUE
2026-08-07 00:25:12.267,AOI-RESAOI-01-UL,1260720026020,126072002600001043,TRUE
2026-08-07 00:25:10.639,LIN-INNLDI-03-L,1260804008000,ERROR_202608070725106395,TRUE
2026-08-07 00:25:09.300,WIR-LDI-01-L,,12607060550002B024,TRUE
2026-08-07 00:20:16.451,WIR-SE-01-UL,1260721078000,12607210780004B003,TRUE
2026-08-07 00:06:08.550,SMK-DEV-01-UL,,126062013300001007,TRUE
2026-08-07 00:25:41.660,LAM-BOP-02-L,1260803013000,126080301900002038,TRUE
2026-08-07 00:25:45.582,LAM-BOP-02-UL,1260803013000,126080301300002009,TRUE
2026-08-07 00:25:44.937,LIN-INNLDI-03-L,1260804008000,ERROR_202608070725449377,TRUE
2026-08-07 00:25:38.663,SMK-SPR-01-L,1260622030000,126062203000001059/0,TRUE
2026-08-07 00:25:38.002,ELC-PUL-02-UL,1260629073000,126062907300001060,TRUE
2026-08-07 00:25:35.756,WIR-LDI-01-L,,12607060550002B027,TRUE
2026-08-07 00:25:36.616,LIN-OUTTRE-01-L,1260704091020,126070409100001010,TRUE
2026-08-07 00:25:38.097,LIN-INNDES-01-UL,1260803062000,Error_202608070725380974,FALSE
2026-08-07 00:25:29.537,CPP-Horizontalplating-01-L,1260718160000,126071816000058050,TRUE
2026-08-07 00:25:34.760,ELC-TRE-01-UL,1260718112020,126071811200001001,TRUE
2026-08-07 00:25:35.287,AOI-RESAOI-01-UL,1260720026020,126072002600001041,TRUE
2026-08-07 00:25:30.267,AOI-PEP-01-UL,1260803061000,126080306100002002,TRUE
2026-08-07 00:25:26.723,LIN-OUTTRE-01-UL,,126070409100001065,TRUE
2026-08-07 00:25:25.755,WIR-LDI-01-UL,,12607060550002B060,TRUE
2026-08-07 00:25:26.678,AOI-RESAOI-01-L,1260720026020,126072002600001052,TRUE
2026-08-07 00:25:26.397,ELC-RED-01-L,1260703048000,126070304800001063,TRUE
2026-08-07 00:25:21.957,CPP-Horizontalplating-01-UL,1260709001010,126071502400058060,TRUE
2026-08-07 00:16:00.335,ELC-PUL-01-L,1260714007020,126071400700001070,TRUE
2026-08-07 00:25:59.603,LIN-OUTTRE-01-L,1260704091020,126070409100001031,TRUE
2026-08-07 00:26:01.600,LIN-INNDES-01-UL,1260803062000,Error_202608070726016009,FALSE
2026-08-07 00:25:58.431,AOI-RESAOI-01-UL,1260720026020,126072002600001042,TRUE
2026-08-07 00:25:57.649,WIR-Pretreatment-01-L,1260715023002,126071502300258292,TRUE
2026-08-07 00:25:55.961,CPP-Patternplating-01-L,1260616092010,12606160920001C228,TRUE
2026-08-07 00:25:57.572,SMK-SPR-01-L,1260622030000,126062203000001056,TRUE
2026-08-07 00:25:55.536,LAM-BOP-02-UL,1260803013000,126080301300002007,TRUE
2026-08-07 00:25:55.867,WIR-LDI-01-UL,,12607060550002B034,TRUE
2026-08-07 00:25:53.447,ELC-RED-01-L,1260703048000,126070304800001006,TRUE
2026-08-07 00:25:52.991,CPP-Horizontalplating-01-L,1260718160000,126071816000058058,TRUE
2026-08-07 00:25:51.684,ELC-TRE-01-UL,1260718112020,126071811200001036,TRUE
2026-08-07 00:25:52.661,LAM-BOP-02-L,1260803013000,126080301900002036,TRUE
2026-08-07 00:25:50.243,SMK-TUN-01-L,1260622072000,126062207200001005,TRUE
2026-08-07 00:25:50.509,LIN-OUTTRE-01-UL,,126070409100001073,TRUE
2026-08-07 00:25:51.554,CPP-Horizontalplating-01-UL,1260709001010,126072501300400011,TRUE
2026-08-07 00:25:49.524,AOI-RESAOI-01-L,1260720026020,126072002600001022,TRUE
2026-08-07 00:26:05.982,ELC-TRE-01-UL,1260718112020,126071811200001021,TRUE
2026-08-07 00:26:06.743,LAM-BOP-02-UL,1260803013000,126080301300002005,TRUE
2026-08-07 00:26:03.411,LIN-INNLDI-03-L,1260804008000,ERROR_202608070726034111,TRUE
2026-08-07 00:26:04.509,ELC-PUL-02-L,1260715060020,126071506000001063,TRUE
2026-08-07 00:26:02.977,WIR-Decoatbake-01-UL,1260715023000,126071502300058045,TRUE
2026-08-07 00:26:03.382,LAM-BOP-02-L,1260803013000,126080301900002034,TRUE
2026-08-07 00:26:02.336,WIR-LDI-01-L,,12607060550002B020,TRUE
2026-08-07 00:25:57.649,WIR-Pretreatment-01-L,1260715023002,126071502300258292,TRUE
2026-08-07 00:26:36.110,LIN-OUTTRE-01-UL,,126070409100001066,TRUE
2026-08-07 00:26:36.372,LIN-INNDES-01-UL,1260803062000,Error_202608070726363728,FALSE
2026-08-07 00:26:36.016,AOI-RESAOI-01-L,1260720026020,126072002600001053,TRUE
2026-08-07 00:26:36.215,WIR-Pretreatment-01-L,1260715023002,126071502300258307,TRUE
2026-08-07 00:26:32.017,SMK-SPR-01-L,1260622030000,126062203000001004,TRUE
2026-08-07 00:26:29.010,WIR-LDI-01-L,,12607060550002B023,TRUE
2026-08-07 00:26:29.151,WIR-DES-01-L,1260718163040,126071816300067013,TRUE
2026-08-07 00:26:28.167,LAM-BOP-02-UL,1260803013000,126080301300002001,TRUE
2026-08-07 00:26:35.450,LAM-BOP-02-L,1260803013000,126080301900002026,TRUE
2026-08-07 00:26:25.328,SMK-TUN-01-L,1260622072000,126062207200001050,TRUE
2026-08-07 00:26:24.214,ELC-PUL-02-UL,1260629073000,126062907300001063,TRUE
2026-08-07 00:26:24.713,WIR-LDI-01-UL,,12607060550002B035,TRUE
2026-08-07 00:26:22.297,ELC-TRE-01-UL,1260718112020,126071811200001035,TRUE
2026-08-07 00:26:21.592,AOI-RESAOI-01-UL,1260720026020,126072002600001052,TRUE
2026-08-07 00:26:22.529,LIN-OUTTRE-01-L,1260704091020,126070409100001019,TRUE
2026-08-07 00:26:19.178,LIN-INNLDI-03-L,1260804008000,126080407600010032,TRUE
2026-08-07 00:26:17.880,ELC-RED-01-L,1260703048000,126070304800001030,TRUE
2026-08-07 00:26:16.691,ELC-PUL-01-UL,1260715030000,126071503000001048,TRUE
2026-08-07 00:26:14.931,CPP-Horizontalplating-01-UL,1260709001010,126072501300400056,TRUE
2026-08-07 00:26:16.415,CPP-Horizontalplating-01-L,1260718160000,126071816000058057,TRUE
2026-08-07 00:26:02.977,WIR-Decoatbake-01-UL,1260715023000,126071502300058045,TRUE
2026-08-07 00:26:55.669,WIR-LDI-01-L,,12607060550002B022,TRUE
2026-08-07 00:26:55.663,SMK-TUN-01-L,1260622072000,126062207200001071,TRUE
2026-08-07 00:26:56.609,LAM-BOP-02-L,1260803013000,126080301900002022,TRUE
2026-08-07 00:26:54.341,WIR-LDI-01-UL,,12607060550002B036,TRUE
2026-08-07 00:26:53.992,ELC-TRE-01-UL,1260718112020,126071811200001028,TRUE
2026-08-07 00:26:53.916,LIN-INNLDI-03-L,1260804008000,ERROR_202608070726539165,TRUE
2026-08-07 00:26:50.233,LIN-INNDES-01-UL,1260803062000,Error_202608070726502337,FALSE
2026-08-07 00:26:50.917,ELC-PUL-02-L,1260715060020,126071506000001030,TRUE
2026-08-07 00:26:50.216,CPP-Patternplating-01-L,1260616092010,12606160920001C227,TRUE
2026-08-07 00:26:49.905,LAM-BOP-02-UL,1260803013000,126080301900002012,TRUE
2026-08-07 00:26:48.458,SMK-SPR-01-L,1260622030000,126062203000001034/0,TRUE
2026-08-07 00:26:47.731,WIR-Decoatbake-01-UL,1260715023003,126071502300058024,TRUE
2026-08-07 00:26:45.207,LIN-OUTTRE-01-L,1260704091020,126070409100001056,TRUE
2026-08-07 00:26:44.503,AOI-RESAOI-01-UL,1260720026020,126072002600001022,TRUE
2026-08-07 00:26:43.938,LSR-Debrowning-01-L,1260626094003,126062609400336802,TRUE
2026-08-07 00:26:42.899,ELC-RED-01-L,1260703048000,126070304800001008,TRUE
2026-08-07 00:26:41.209,ELC-DEP-01-L,1260711018000,126071101800001013,TRUE
2026-08-07 00:26:39.918,CPP-Horizontalplating-01-L,1260718160000,126071816000058023,TRUE
2026-08-07 00:26:38.059,CPP-Horizontalplating-01-UL,1260709001010,126071502200058049,TRUE
2026-08-07 00:25:19.469,AOI-PEP-01-L,1260803061000,126080306100002001,TRUE
2026-08-07 00:24:44.345,ELC-TRE-01-L,1260718112020,126071811200001053,TRUE
2026-08-07 00:20:16.451,WIR-SE-01-UL,1260721078000,12607210780004B003,TRUE
2026-08-07 00:06:08.550,SMK-DEV-01-UL,,126062013300001007,TRUE
2026-08-07 00:27:13.586,SMK-TUN-01-L,1260622072000,126062207200001008,TRUE
2026-08-07 00:27:17.755,LIN-INNDES-01-UL,1260803062000,Error_202608070727177559,FALSE
2026-08-07 00:27:12.809,LIN-INNLDI-03-L,1260804008000,ERROR_202608070727128091,TRUE
2026-08-07 00:27:14.610,WIR-Pretreatment-01-L,1260715023002,126071502300258303,TRUE
2026-08-07 00:27:11.736,LAM-BOP-02-UL,1260803013000,126080301900002008,TRUE
2026-08-07 00:27:12.630,ELC-PUL-01-UL,1260715030000,126071503000001055,TRUE
2026-08-07 00:27:10.668,ELC-PUL-02-UL,1260629073000,126062907300001075,TRUE
2026-08-07 00:27:09.511,ELC-TRE-01-UL,1260718112020,126071811200001078,TRUE
2026-08-07 00:27:08.022,LIN-OUTTRE-01-L,1260704091020,126070409100001040,TRUE
2026-08-07 00:27:07.741,AOI-RESAOI-01-UL,1260720026020,126072002600001080,TRUE
2026-08-07 00:27:07.016,LAM-BOP-02-L,1260803013000,126080301900002020,TRUE
2026-08-07 00:27:08.231,ELC-RED-01-L,1260703048000,126070304800001049,TRUE
2026-08-07 00:27:02.873,CPP-Horizontalplating-01-UL,1260709001010,126071502200058050,TRUE
2026-08-07 00:27:03.789,SMK-TUN-01-UL,1260616078000,126071001900001024,TRUE
2026-08-07 00:27:06.742,SMK-SPR-01-L,1260622030000,126062203000001059,TRUE
2026-08-07 00:27:03.654,CPP-Horizontalplating-01-L,1260718160000,126071816000058027,TRUE
2026-08-07 00:27:02.645,LSR-Debrowning-01-L,1260626094003,126062609400336801,TRUE
2026-08-07 00:26:59.622,WIR-DES-01-L,1260718163040,126071816300067012,TRUE
2026-08-07 00:26:58.745,ELC-RED-01-UL,1260715048000,126070304800001015,TRUE
2026-08-07 00:26:59.380,AOI-RESAOI-01-L,1260720026020,126072002600001066,TRUE
2026-08-07 00:26:58.489,LIN-OUTTRE-01-UL,,126070409100001058,TRUE
2026-08-07 00:27:31.105,AOI-RESAOI-01-UL,1260720026020,126072002600001053,TRUE
2026-08-07 00:27:30.933,LIN-OUTTRE-01-L,1260704091020,126070409100001016,TRUE
2026-08-07 00:27:30.107,LIN-INNLDI-03-L,1260804008000,126080407600010036,TRUE
2026-08-07 00:27:29.877,LIN-INNDES-01-UL,1260803062000,Error_202608070727298779,FALSE
2026-08-07 00:27:26.950,ELC-TRE-01-UL,1260718112020,126071811200001065,TRUE
2026-08-07 00:27:24.002,WIR-LDI-01-UL,,12607060550002B030,TRUE
2026-08-07 00:27:25.363,ELC-TRE-01-L,1260718124000,126071812400001063,TRUE
2026-08-07 00:27:27.408,CPP-Horizontalplating-01-L,1260718160000,126071816000058004,TRUE
2026-08-07 00:27:23.747,ELC-DEP-01-L,1260711018000,126071101800001064,TRUE
2026-08-07 00:27:22.837,SMK-SPR-01-L,1260622030000,126062203000001031/0,TRUE
2026-08-07 00:27:22.291,LIN-OUTTRE-01-UL,,126070409100001045,TRUE
2026-08-07 00:27:22.408,WIR-LDI-01-L,,12607060550002B019,TRUE
2026-08-07 00:27:21.940,LAM-BOP-02-UL,1260803013000,126080301900002004,TRUE
2026-08-07 00:27:21.661,LSR-Debrowning-01-L,1260626094003,126062609400336805,TRUE
2026-08-07 00:27:18.783,LAM-BOP-02-L,1260803013000,126080301900002018,TRUE
2026-08-07 00:27:46.354,SMK-TUN-01-UL,1260616078000,126071001900001045,TRUE
2026-08-07 00:27:45.610,LIN-OUTTRE-01-UL,,126070409100001021,TRUE
2026-08-07 00:27:44.550,LAM-BOP-02-L,1260803013000,126080301900002017,TRUE
2026-08-07 00:27:48.171,LIN-INNLDI-03-L,1260804008000,ERROR_202608070727481719,TRUE
2026-08-07 00:27:43.049,CPP-Patternplating-01-L,1260616092010,12606160920001C224,TRUE
2026-08-07 00:27:43.331,LAM-BOP-02-UL,1260803013000,126080301900002080,TRUE
2026-08-07 00:27:41.401,SMK-SPR-01-L,1260622030000,126062203000001069,TRUE
2026-08-07 00:27:41.358,ELC-TRE-01-UL,1260718112020,126071811200001075,TRUE
2026-08-07 00:27:40.936,ELC-TRE-01-L,1260718124000,126071812400001005,TRUE
2026-08-07 00:27:40.144,LIN-INNDES-01-UL,1260803062000,Error_202608070727401441,FALSE
2026-08-07 00:27:39.781,LIN-INNTRE-02-UL-1,,Error_202608070727397810,FALSE
2026-08-07 00:27:32.814,CPP-Horizontalplating-01-UL,1260709001010,126071502200058055,TRUE
2026-08-07 00:27:37.936,ELC-PUL-02-L,1260715060020,126071506000001073,TRUE
2026-08-07 00:26:59.622,WIR-DES-01-L,1260718163040,126071816300067012,TRUE
2026-08-07 00:27:23.747,ELC-DEP-01-L,1260711018000,126071101800001064,TRUE
2026-08-07 00:27:34.858,ELC-RED-01-L,1260703048000,126070304800001039,TRUE
2026-08-07 00:18:37.070,WIR-Decoatbake-01-L,1260620158010,12606201580001C187,TRUE
2026-08-07 00:28:03.938,LIN-INNLDI-03-L,1260804008000,126080407600010038,TRUE
2026-08-07 00:28:02.516,LIN-INNTRE-02-UL-1,,126080509000002005,TRUE
2026-08-07 00:28:01.575,SMK-TUN-01-L,1260622072000,126062207200001078,TRUE
2026-08-07 00:27:57.141,ELC-PUL-02-UL,1260629073000,126062907300001037,TRUE
2026-08-07 00:27:56.716,ELC-TRE-01-UL,1260718112020,126071811200001074,TRUE
2026-08-07 00:27:56.279,ELC-TRE-01-L,1260718124000,126071812400001062,TRUE
2026-08-07 00:27:54.959,LAM-BOP-02-L,1260803013000,126080301900002015,TRUE
2026-08-07 00:27:54.849,LAM-BOP-02-UL,1260803013000,126080301900002078,TRUE
2026-08-07 00:27:54.693,LIN-INNDES-01-UL,1260803062000,Error_202608070727546935,FALSE
2026-08-07 00:27:53.737,WIR-LDI-01-UL,,12607060550002B032,TRUE
2026-08-07 00:27:53.690,LIN-OUTTRE-01-L,1260704091020,126070409100001020,TRUE
2026-08-07 00:27:53.269,WIR-Pretreatment-01-L,1260715023002,126071502300258310,TRUE
2026-08-07 00:27:49.112,WIR-LDI-01-L,,12607060550002B018,TRUE
2026-08-07 00:27:50.909,CPP-Horizontalplating-01-L,1260718160000,126071816000058003,TRUE
2026-08-07 00:27:41.401,SMK-SPR-01-L,1260622030000,126062203000001069,TRUE
2026-08-07 00:27:23.747,ELC-DEP-01-L,1260711018000,126071101800001064,TRUE
2026-08-07 00:26:47.731,WIR-Decoatbake-01-UL,1260715023003,126071502300058024,TRUE
2026-08-07 00:28:26.689,ELC-TRE-01-L,1260718124000,126071812400001073,TRUE
2026-08-07 00:28:24.127,ELC-PUL-02-L,1260715060020,126071506000001067,TRUE
2026-08-07 00:28:22.799,LIN-INNLDI-03-L,1260804008000,ERROR_202608070728227991,TRUE
2026-08-07 00:28:23.535,WIR-LDI-01-UL,,12607060550002B033,TRUE
2026-08-07 00:28:20.676,CPP-Horizontalplating-01-UL,1260709001010,126071502200058030,TRUE
2026-08-07 00:28:19.189,LIN-INNTRE-02-UL-2,,126080509000002004,TRUE
2026-08-07 00:28:17.807,LAM-BOP-02-UL,1260803013000,126080301900002076,TRUE
2026-08-07 00:28:17.604,LAM-BOP-02-L,1260803013000,126080301900002011,TRUE
2026-08-07 00:28:16.019,WIR-LDI-01-L,,12607060550002B021,TRUE
2026-08-07 00:28:15.212,LIN-INNDES-01-UL,1260803062000,Error_202608070728152128,FALSE
2026-08-07 00:28:15.720,LIN-INNTRE-02-UL-1,,126080509000002007,TRUE
2026-08-07 00:28:16.315,LIN-OUTTRE-01-L,1260704091020,126070409100001067,TRUE
2026-08-07 00:28:14.863,CPP-Horizontalplating-01-L,1260718160000,126071816000058006,TRUE
2026-08-07 00:28:11.889,ELC-TRE-01-UL,1260718112020,126071811200001072,TRUE
2026-08-07 00:28:08.330,LIN-OUTTRE-01-UL,,126070409100001023,TRUE
2026-08-07 00:28:10.514,SMK-TUN-01-UL,1260616078000,126071001900001064,TRUE
2026-08-07 00:28:07.467,ELC-PUL-01-UL,1260715030000,126071503000001051,TRUE
2026-08-07 00:27:53.269,WIR-Pretreatment-01-L,1260715023002,126071502300258310,TRUE
2026-08-07 00:28:01.575,SMK-TUN-01-L,1260622072000,126062207200001078,TRUE
2026-08-07 00:27:23.747,ELC-DEP-01-L,1260711018000,126071101800001064,TRUE
2026-08-07 00:27:21.661,LSR-Debrowning-01-L,1260626094003,126062609400336805,TRUE
2026-08-07 00:28:43.518,ELC-PUL-02-UL,1260629073000,126062907300001035,TRUE
2026-08-07 00:28:47.627,LIN-INNTRE-02-UL-2,,126080509000002008,TRUE
2026-08-07 00:28:45.107,LIN-INNDES-01-UL,1260803062000,126080102100002080,TRUE
2026-08-07 00:28:42.474,WIR-LDI-01-L,,12607060550002B014,TRUE
2026-08-07 00:28:40.105,LAM-BOP-02-UL,1260803013000,126080301900002072,TRUE
2026-08-07 00:28:42.096,ELC-TRE-01-L,1260718124000,126071812400001078,TRUE
2026-08-07 00:28:39.301,LIN-OUTTRE-01-L,1260704091020,126070409100001043,TRUE
2026-08-07 00:28:41.283,LIN-INNTRE-02-UL-1,,Error_202608070728412839,FALSE
2026-08-07 00:28:39.161,LIN-INNLDI-03-L,1260804008000,126080407600010040,TRUE
2026-08-07 00:28:39.011,LAM-BOP-02-L,1260803013000,126080301900002005,TRUE
2026-08-07 00:28:38.286,CPP-Horizontalplating-01-L,1260718160000,126071816000058005,TRUE
2026-08-07 00:28:36.708,CPP-Patternplating-01-L,1260616092010,12606160920001C223,TRUE
2026-08-07 00:28:31.786,WIR-Pretreatment-01-L,1260715023002,126071502300258311,TRUE
2026-08-07 00:28:31.098,LIN-OUTTRE-01-UL,,126070409100001027,TRUE
2026-08-07 00:28:28.533,ELC-TRE-01-UL,1260718112020,126071811200001053,TRUE
2026-08-07 00:28:28.784,ELC-RED-01-L,1260703048000,126070304800001003,TRUE
2026-08-07 00:28:58.193,LIN-INNTRE-02-UL-2,,126080509000002010,TRUE
2026-08-07 00:28:57.757,LIN-INNLDI-03-L,1260804008000,ERROR_202608070728577573,TRUE
2026-08-07 00:28:58.889,LIN-INNDES-01-UL,1260803062000,126080401200002021,TRUE
2026-08-07 00:28:55.615,CPP-Horizontalplating-01-UL,1260709001010,126071502200058026,TRUE
2026-08-07 00:28:55.556,ELC-RED-01-L,1260703048000,126070304800001020,TRUE
2026-08-07 00:28:54.133,LIN-OUTTRE-01-UL,,126070409100001030,TRUE
2026-08-07 00:28:51.335,SMK-TUN-01-UL,1260616078000,126071001900001019,TRUE
2026-08-07 00:28:53.256,WIR-LDI-01-UL,,12607060550002B026,TRUE
2026-08-07 00:28:50.248,LAM-BOP-02-UL,1260803013000,126080301900002070,TRUE
2026-08-07 00:28:49.623,LAM-BOP-02-L,1260803013000,126080301900002003,TRUE
2026-08-07 00:28:50.433,LAM-BOP-03-L,1260704001010,12607040010003A143,TRUE
2026-08-07 00:29:13.452,LAM-BOP-02-UL,1260803013000,126080301900002064,TRUE
2026-08-07 00:29:10.608,LIN-INNDES-01-UL,1260803062000,126080401200002020,TRUE
2026-08-07 00:29:11.108,LAM-BOP-02-L,1260803013000,126080301900002079,TRUE
2026-08-07 00:29:10.288,ELC-PUL-02-L,1260715060020,126071506000001037,TRUE
2026-08-07 00:29:13.570,LIN-INNLDI-03-L,1260804008000,126080407600010042,TRUE
2026-08-07 00:29:05.336,SUR-FLM-01-UL,1260715042020,126071604700001068,TRUE
2026-08-07 00:29:02.071,LIN-OUTTRE-01-L,1260704091020,126070409100001046,TRUE
2026-08-07 00:29:10.273,WIR-Pretreatment-01-L,1260715023002,126071502300258305,TRUE
2026-08-07 00:29:09.558,LAM-BOP-03-L,1260704001010,12607040010003A176,TRUE
2026-08-07 00:29:02.789,SMK-SPR-01-L,1260622030000,126062203000001013/0,TRUE
2026-08-07 00:29:03.102,ELC-PUL-01-UL,1260715030000,126071503000001054,TRUE
2026-08-07 00:29:09.132,WIR-LDI-01-L,,12607060550002B017,TRUE
2026-08-07 00:29:01.865,CPP-Horizontalplating-01-L,1260718160000,126071816000058008,TRUE
2026-08-07 00:29:01.020,ELC-TRE-01-L,1260718124000,126071812400001074,TRUE
2026-08-07 00:29:00.555,SMK-TUN-01-L,1260622072000,126062207200001053,TRUE
2026-08-07 00:29:34.971,LAM-BOP-02-UL,1260803013000,126080301900002060,TRUE
2026-08-07 00:29:36.008,WIR-LDI-01-L,,12607060550002B016,TRUE
2026-08-07 00:29:32.196,LIN-INNLDI-03-L,1260804008000,ERROR_202608070729321962,TRUE
2026-08-07 00:29:32.369,ELC-TRE-01-L,1260718124000,126071812400001042,TRUE
2026-08-07 00:29:32.074,SUR-FLM-01-UL,1260715042020,126071604700001057,TRUE
2026-08-07 00:29:30.356,LIN-OUTVAP-01-UL,,12606160910001C193,TRUE
2026-08-07 00:29:32.095,LAM-BOP-02-L,1260803013000,126080301900002073,TRUE
2026-08-07 00:29:30.242,CPP-Patternplating-01-L,1260616092010,12606160920001C226,TRUE
2026-08-07 00:29:29.851,ELC-PUL-02-UL,1260629073000,126062907300001028,TRUE
2026-08-07 00:29:30.581,LIN-OUTTRE-01-UL,,126070409100001017,TRUE
2026-08-07 00:29:25.445,CPP-Horizontalplating-01-L,1260718160000,126071816000058007,TRUE
2026-08-07 00:29:28.902,LAM-BOP-03-L,1260704001010,12607040010003A148,TRUE
2026-08-07 00:29:25.408,LIN-OUTTRE-01-L,1260704091020,126070409100001006,TRUE
2026-08-07 00:29:23.007,WIR-LDI-01-UL,,12607060550002B029,TRUE
2026-08-07 00:29:23.666,SMK-SPR-01-L,1260622030000,126062203000001034,TRUE
2026-08-07 00:29:23.390,LIN-INNDES-01-UL,1260803062000,126080401200002010,TRUE
2026-08-07 00:29:20.952,ELC-RED-01-L,1260703048000,126070304800001071,TRUE
2026-08-07 00:29:18.072,SMK-TUN-01-L,1260622072000,126062207200001036,TRUE
2026-08-07 00:29:17.557,SMK-TUN-01-UL,1260616078000,126071001900001022,TRUE
2026-08-07 00:29:19.288,CPP-Horizontalplating-01-UL,1260709001010,126071502200058024,TRUE
2026-08-07 00:29:56.812,SMK-SPR-01-L,1260622030000,126062203000001031,TRUE
2026-08-07 00:29:56.195,ELC-PUL-02-L,1260715060020,126071506000001002,TRUE
2026-08-07 00:29:54.003,LAM-BOP-02-L,1260803013000,126080301900002069,TRUE
2026-08-07 00:29:53.643,LIN-INNDES-01-UL,1260803062000,126080401200002009,TRUE
2026-08-07 00:29:49.008,CPP-Horizontalplating-01-L,1260718160000,126071816000058021,TRUE
2026-08-07 00:29:52.680,WIR-LDI-01-UL,,12607060550002B028,TRUE
2026-08-07 00:29:48.774,WIR-Pretreatment-01-L,1260715023002,126071502300258312,TRUE
2026-08-07 00:29:48.655,LAM-BOP-03-L,1260704001010,12607040010003A177,TRUE
2026-08-07 00:29:48.290,LIN-INNLDI-03-L,1260804008000,126080407600010044,TRUE
2026-08-07 00:29:47.800,LIN-OUTTRE-01-L,1260704091020,126070409100001032,TRUE
2026-08-07 00:29:45.909,LAM-BOP-02-UL,1260803013000,126080301900002058,TRUE
2026-08-07 00:29:47.774,ELC-TRE-01-L,1260718124000,126071812400001015,TRUE
2026-08-07 00:29:45.485,ELC-RED-01-L,1260703048000,126070304800001004,TRUE
2026-08-07 00:29:43.289,CPP-Horizontalplating-01-UL,1260709001010,126071502200058010,TRUE
2026-08-07 00:29:41.147,ELC-DEP-01-L,1260711018000,126071101800001066,TRUE
2026-08-07 00:29:43.659,LIN-OUTTRE-01-UL,,126070409100001062,TRUE
2026-08-07 00:29:40.872,SMK-TUN-01-L,1260622072000,126062207200001002,TRUE
2026-08-07 00:30:12.292,CPP-Horizontalplating-01-L,1260718160000,126071816000058009,TRUE
2026-08-07 00:30:10.661,LIN-OUTTRE-01-L,1260704091020,126070409100001047,TRUE
2026-08-07 00:30:11.112,SMK-TUN-01-L,1260622072000,126062207200001019,TRUE
2026-08-07 00:30:09.771,ELC-RED-01-L,1260703048000,126070304800001056,TRUE
2026-08-07 00:30:07.205,LAM-BOP-03-L,1260704001010,12607040010003A150,TRUE
2026-08-07 00:30:09.489,LAM-BOP-02-UL,1260803013000,126080301900002054,TRUE
2026-08-07 00:30:09.002,SUR-FLM-01-UL,1260715042020,126071604700001011,TRUE
2026-08-07 00:30:06.978,CPP-Horizontalplating-01-UL,1260709001010,126071502200058012,TRUE
2026-08-07 00:30:06.870,LIN-INNLDI-03-L,1260804008000,ERROR_202608070730068704,TRUE
2026-08-07 00:30:06.758,LIN-INNDES-01-UL,1260803062000,126080401200002008,TRUE
2026-08-07 00:30:04.556,WIR-LDI-01-L,,12607060550002B013,TRUE
2026-08-07 00:30:04.597,LAM-BOP-02-L,1260803013000,126080301900002067,TRUE
2026-08-07 00:30:03.823,ELC-TRE-01-L,1260718124000,126071812400001036,TRUE
2026-08-07 00:29:58.612,ELC-PUL-01-UL,1260715030000,126071503000001034,TRUE
2026-08-07 00:29:58.546,SMK-TUN-01-UL,1260616078000,126071001900001007,TRUE
2026-08-07 00:29:57.598,LIN-OUTTRE-01-UL,,126070409100001033,TRUE
2026-08-07 00:30:36.076,CPP-Horizontalplating-01-L,1260718160000,126071816000058019,TRUE
2026-08-07 00:30:34.420,WIR-LDI-01-L,,12607060550002B012,TRUE
2026-08-07 00:30:34.759,ELC-RED-01-L,1260703048000,126070304800001023,TRUE
2026-08-07 00:30:34.450,ELC-TRE-01-L,1260718124000,126071812400001050,TRUE
2026-08-07 00:30:33.571,LIN-OUTTRE-01-L,1260704091020,126070409100001063,TRUE
2026-08-07 00:30:32.660,SMK-SPR-01-L,1260622030000,126062203000001013,TRUE
2026-08-07 00:30:31.321,LAM-BOP-02-UL,1260803013000,126080301900002050,TRUE
2026-08-07 00:30:33.102,LIN-INNDES-01-UL,1260803062000,126080401200002017,TRUE
2026-08-07 00:30:30.732,CPP-Horizontalplating-01-UL,1260709001010,126071502200058028,TRUE
2026-08-07 00:30:27.321,LAM-BOP-02-L,1260803013000,126080301900002019,TRUE
2026-08-07 00:30:27.779,WIR-Pretreatment-01-L,1260715023002,126071502300258278,TRUE
2026-08-07 00:30:27.115,LAM-BOP-03-L,1260704001010,12607040010003A155,TRUE
2026-08-07 00:30:28.581,SMK-TUN-01-L,1260622072000,126062207200001048,TRUE
2026-08-07 00:30:23.948,LIN-INNLDI-03-L,1260804008000,126080407600010046,TRUE
2026-08-07 00:30:24.685,CPP-Patternplating-01-L,1260616092010,12606160920001C219,TRUE
2026-08-07 00:30:22.482,WIR-LDI-01-UL,,12607060550002B025,TRUE
2026-08-07 00:30:21.854,ELC-PUL-02-UL,1260629073000,Error_202608070730218544,FALSE
2026-08-07 00:29:58.612,ELC-PUL-01-UL,1260715030000,126071503000001034,TRUE
2026-08-07 00:30:21.159,SMK-TUN-01-UL,1260616078000,126071001900001033,TRUE
2026-08-07 00:29:57.598,LIN-OUTTRE-01-UL,,126070409100001033,TRUE
2026-08-07 00:29:41.147,ELC-DEP-01-L,1260711018000,126071101800001066,TRUE
2026-08-07 00:23:52.371,LAM-BOP-03-UL,1260803088000,126080309000014037,TRUE
2026-08-07 00:30:52.117,WIR-LDI-01-UL,,12607060550002B024,TRUE
2026-08-07 00:30:54.554,CPP-Horizontalplating-01-UL,1260709001010,126071502200058056,TRUE
2026-08-07 00:30:52.524,LAM-BOP-02-UL,1260803013000,126080301900002061,TRUE
2026-08-07 00:30:50.377,ELC-TRE-01-L,1260718124000,126071812400001033,TRUE
2026-08-07 00:30:48.957,SMK-SPR-01-L,1260622030000,126062203000001015/0,TRUE
2026-08-07 00:30:46.197,LAM-BOP-03-L,1260704001010,12607040010003A139,TRUE
2026-08-07 00:30:46.821,LIN-INNDES-01-UL,1260803062000,126080401200002016,TRUE
2026-08-07 00:30:44.149,AOI-PEP-01-L,1260803060000,126080304200012037,TRUE
2026-08-07 00:30:42.902,ELC-PUL-02-L,1260715060020,126071506000001038,TRUE
2026-08-07 00:30:41.636,LIN-INNTRE-02-UL-1,,126080509000002011,TRUE
2026-08-07 00:30:42.983,WIR-Decoatbake-01-L,1260622080000,12606220800002B016,TRUE
2026-08-07 00:30:42.387,LIN-INNLDI-03-L,1260804008000,ERROR_202608070730423873,TRUE
2026-08-07 00:30:41.019,SUR-FLM-01-UL,1260715042020,126071604700001023,TRUE
2026-08-07 00:30:21.159,SMK-TUN-01-UL,1260616078000,126071001900001033,TRUE
2026-08-07 00:31:16.958,SMK-TUN-01-L,1260622072000,126062207200001045,TRUE
2026-08-07 00:31:17.327,LIN-INNLDI-03-L,1260804008000,ERROR_202608070731173273,TRUE
2026-08-07 00:31:09.557,LIN-INNTRE-02-UL-1,,126080509000002013,TRUE
2026-08-07 00:31:13.619,LAM-BOP-02-UL,1260803013000,126080301900002057,TRUE
2026-08-07 00:31:08.781,ELC-TRE-01-UL,1260718124000,126071812400001063,TRUE
2026-08-07 00:31:06.468,ELC-TRE-01-L,1260718124000,126071812400001048,TRUE
2026-08-07 00:31:08.500,LIN-INNTRE-02-UL-2,,126080509000002012,TRUE
2026-08-07 00:31:07.504,SMK-SPR-01-L,1260622030000,126062203000001028,TRUE
2026-08-07 00:31:05.760,LIN-INNDES-01-UL,1260803062000,126080401200002015,TRUE
2026-08-07 00:31:05.790,WIR-Pretreatment-01-L,1260715023002,126071502300258279,TRUE
2026-08-07 00:31:04.086,WIR-LDI-01-L,,12607060550002B015,TRUE
2026-08-07 00:31:05.217,LAM-BOP-03-L,1260704001010,12607040010003A167,TRUE
2026-08-07 00:31:03.976,WIR-Decoatbake-01-L,1260622080000,12606220800002B048,TRUE
2026-08-07 00:31:02.880,LIN-OUTVAP-01-UL,,12606160910001C194,TRUE
2026-08-07 00:31:02.286,SMK-TUN-01-UL,1260616078000,126071001900001018,TRUE
2026-08-07 00:31:00.512,ELC-RED-01-L,1260703048000,126070304800001075,TRUE
2026-08-07 00:30:59.633,CPP-Horizontalplating-01-L,1260718160000,126071816000058020,TRUE
2026-08-07 00:30:56.355,LIN-OUTTRE-01-L,1260704091020,126070409100001055,TRUE
2026-08-07 00:31:35.917,LIN-INNTRE-02-UL-2,,126080509000002014,TRUE
2026-08-07 00:31:35.216,LAM-BOP-02-UL,1260803013000,126080301900002053,TRUE
2026-08-07 00:31:36.339,LIN-INNTRE-02-UL-1,,126080509000002015,TRUE
2026-08-07 00:31:34.286,SMK-TUN-01-L,1260622072000,126062207200001024,TRUE
2026-08-07 00:31:30.263,LIN-INNDES-01-UL,1260803062000,126080401200002013,TRUE
2026-08-07 00:31:33.589,WIR-LDI-01-L,,12607060550002B008,TRUE
2026-08-07 00:31:33.347,LIN-INNLDI-03-L,1260804008000,126080407600010050,TRUE
2026-08-07 00:31:33.914,ELC-RED-01-UL,1260715048000,126070304800001016,TRUE
2026-08-07 00:31:29.823,ELC-PUL-02-L,1260715060020,126071506000001044,TRUE
2026-08-07 00:31:25.563,ELC-TRE-01-UL,1260718124000,126071812400001005,TRUE
2026-08-07 00:31:24.991,ELC-RED-01-L,1260703048000,126070304800001078,TRUE
2026-08-07 00:31:26.614,SMK-TUN-01-UL,1260616078000,126071001900001013,TRUE
2026-08-07 00:31:24.641,LAM-BOP-03-L,1260704001010,12607040010003A138,TRUE
2026-08-07 00:31:23.307,CPP-Horizontalplating-01-L,1260718160000,126071816000058017,TRUE
2026-08-07 00:31:22.095,ELC-TRE-01-L,1260718124000,126071812400001061,TRUE
2026-08-07 00:31:21.760,WIR-LDI-01-UL,,12607060550002B027,TRUE
2026-08-07 00:31:18.827,LIN-OUTTRE-01-L,1260704091020,126070409100001059,TRUE
2026-08-07 00:31:17.493,CPP-Patternplating-01-L,1260616092010,12606160920001C222,TRUE
2026-08-07 00:31:19.942,SUR-FLM-01-UL,1260715042020,126071604700001061,TRUE
2026-08-07 00:31:18.432,CPP-Horizontalplating-01-UL,1260709001010,126071502200058048,TRUE
2026-08-07 00:31:07.504,SMK-SPR-01-L,1260622030000,126062203000001028,TRUE
2026-08-07 00:31:05.915,CPP-VCP-01-L,1260727003010,M0960002G2000E-0607,TRUE
2026-08-07 00:31:55.816,ELC-TRE-01-UL,1260718124000,126071812400001077,TRUE
2026-08-07 00:31:52.101,LIN-INNLDI-03-L,1260804008000,ERROR_202608070731521016,TRUE
2026-08-07 00:31:54.816,ELC-TRE-01-L,1260718124000,126071812400001027,TRUE
2026-08-07 00:31:51.449,WIR-LDI-01-UL,,12607060550002B020,TRUE
2026-08-07 00:31:50.103,ELC-RED-01-L,1260703048000,126070304800001055,TRUE
2026-08-07 00:31:48.193,AOI-RESAOI-01-L,1260720026020,126072002600001072,TRUE
2026-08-07 00:31:48.611,ELC-DEP-01-L,1260711018000,126071101800001045,TRUE
2026-08-07 00:31:46.980,CPP-Horizontalplating-01-L,1260718160000,126071816000058018,TRUE
2026-08-07 00:31:45.131,LIN-OUTTRE-01-UL,,Error_202608070731451311,FALSE
2026-08-07 00:31:46.006,SUR-FLM-01-UL,1260715042020,126071604700001067,TRUE
2026-08-07 00:31:44.443,LAM-BOP-03-L,1260704001010,12607040010003A140,TRUE
2026-08-07 00:31:44.417,WIR-Pretreatment-01-L,1260715023002,126071502300258272,TRUE
2026-08-07 00:31:42.765,LIN-INNDES-01-UL,1260803062000,126080401200002080,TRUE
2026-08-07 00:31:18.432,CPP-Horizontalplating-01-UL,1260709001010,126071502200058048,TRUE
2026-08-07 00:31:41.395,LIN-OUTTRE-01-L,1260704091020,126070409100001050,TRUE
2026-08-07 00:31:40.511,WIR-Decoatbake-01-L,1260622080000,12606220800002B060,TRUE
2026-08-07 00:29:58.612,ELC-PUL-01-UL,1260715030000,126071503000001034,TRUE
2026-08-07 00:30:44.149,AOI-PEP-01-L,1260803060000,126080304200012037,TRUE
2026-08-07 00:31:07.504,SMK-SPR-01-L,1260622030000,126062203000001028,TRUE
2026-08-07 00:32:14.785,LAM-BOP-02-UL,1260803013000,126080301900002049,TRUE
2026-08-07 00:32:13.899,SUR-FLM-01-UL,1260715042020,126071604700001037,TRUE
2026-08-07 00:32:13.894,LIN-INNDES-01-UL,1260803062000,126080401200002079,TRUE
2026-08-07 00:32:11.163,LIN-OUTTRE-01-UL,,126070409100001028,TRUE
2026-08-07 00:32:10.731,CPP-Patternplating-01-L,1260616092010,12606160920001C221,TRUE
2026-08-07 00:32:10.574,CPP-Horizontalplating-01-L,1260718160000,126071816000058015,TRUE
2026-08-07 00:32:10.566,ELC-TRE-01-UL,1260718124000,126071812400001073,TRUE
2026-08-07 00:32:10.723,ELC-TRE-01-L,1260718124000,126071812400001025,TRUE
2026-08-07 00:32:08.634,SMK-TUN-01-UL,1260616078000,126071001900001055,TRUE
2026-08-07 00:32:08.494,LIN-INNLDI-03-L,1260804008000,ERROR_202608070732084949,TRUE
2026-08-07 00:32:03.787,LIN-INNTRE-02-UL-1,,126080509000002017,TRUE
2026-08-07 00:32:03.449,WIR-LDI-01-L,,12607060550002B011,TRUE
2026-08-07 00:32:03.227,LAM-BOP-03-L,1260704001010,12607040010003A154,TRUE
2026-08-07 00:32:04.319,LIN-OUTTRE-01-L,1260704091020,126070409100001012,TRUE
2026-08-07 00:32:03.245,ELC-RED-01-UL,1260715048000,126070304800001007,TRUE
2026-08-07 00:32:07.709,AOI-RESAOI-01-L,1260720026020,126072002600001038,TRUE
2026-08-07 00:32:01.944,LIN-INNTRE-02-UL-2,,126080509000002016,TRUE
2026-08-07 00:29:58.612,ELC-PUL-01-UL,1260715030000,126071503000001034,TRUE
2026-08-07 00:32:27.122,LIN-INNLDI-03-L,1260804008000,ERROR_202608070732271223,TRUE
2026-08-07 00:32:28.389,ELC-RED-01-UL,1260715048000,126070304800001077,TRUE
2026-08-07 00:32:27.117,LIN-OUTTRE-01-L,1260704091020,126070409100001077,TRUE
2026-08-07 00:32:26.884,SMK-SPR-01-L,1260622030000,126062203000001071/0,TRUE
2026-08-07 00:32:26.412,ELC-TRE-01-L,1260718124000,126071812400001026,TRUE
2026-08-07 00:32:26.098,LAM-BOP-02-UL,1260803013000,126080301900002047,TRUE
2026-08-07 00:32:22.888,LAM-BOP-03-L,1260704001010,12607040010003A137,TRUE
2026-08-07 00:32:23.137,WIR-Pretreatment-01-L,1260715023002,126071502300258280,TRUE
2026-08-07 00:32:21.043,WIR-LDI-01-UL,,12607060550002B023,TRUE
2026-08-07 00:32:22.618,SMK-TUN-01-L,1260622072000,126062207200001040,TRUE
2026-08-07 00:32:18.012,WIR-Decoatbake-01-L,1260622080000,12606220800002B128,TRUE
2026-08-07 00:32:16.773,ELC-PUL-02-UL,1260629073000,126062907300001031,TRUE
2026-08-07 00:32:16.475,AOI-RESAOI-01-UL,1260720026020,126072002600001066,TRUE
2026-08-07 00:32:15.523,ELC-PUL-02-L,1260715060020,126071506000001016,TRUE
2026-08-07 00:32:15.277,ELC-RED-01-L,1260703048000,126070304800001060,TRUE
2026-08-07 00:31:48.611,ELC-DEP-01-L,1260711018000,126071101800001045,TRUE
2026-08-07 00:32:59.183,ELC-PUL-02-UL,1260629073000,126062907300001021,TRUE
2026-08-07 00:32:58.257,LAM-BOP-02-UL,1260803013000,126080301900002038,TRUE
2026-08-07 00:32:57.886,LIN-INNTRE-02-UL-1,,126080509000002021,TRUE
2026-08-07 00:32:59.050,ELC-TRE-01-L,1260718124000,126071812400001028,TRUE
2026-08-07 00:32:57.875,CPP-Horizontalplating-01-L,1260718160000,126071816000058013,TRUE
2026-08-07 00:32:56.785,LIN-INNLDI-03-L,1260804008000,126080407600010055,TRUE
2026-08-07 00:32:56.636,LIN-INNTRE-02-UL-2,,126080509000002020,TRUE
2026-08-07 00:32:56.200,LSR-Debrowning-01-UL,1260626094003,126062609400336801,TRUE
2026-08-07 00:32:56.106,LIN-OUTTRE-01-UL,,126070409100001069,TRUE
2026-08-07 00:32:54.371,AOI-RESAOI-01-L,1260720026020,126072002600001055,TRUE
2026-08-07 00:32:53.859,CPP-Horizontalplating-01-UL,1260709001010,126071502200058051,TRUE
2026-08-07 00:32:54.234,WIR-Decoatbake-01-L,1260622080000,12606220800002B015,TRUE
2026-08-07 00:32:50.641,WIR-LDI-01-UL,,12607060550002B022,TRUE
2026-08-07 00:32:53.549,ELC-RED-01-UL,1260715048000,126070304800001027,TRUE
2026-08-07 00:32:50.527,LIN-OUTTRE-01-L,1260704091020,126070409100001049,TRUE
2026-08-07 00:32:46.325,LIN-OUTVAP-01-UL,,12606160910001C190,TRUE
2026-08-07 00:32:42.509,SUR-FLM-01-UL,1260715042020,126071604700001030,TRUE
2026-08-07 00:32:42.100,LAM-BOP-03-L,1260704001010,12607040010003A151,TRUE
2026-08-07 00:32:44.696,ELC-TRE-01-UL,1260718124000,126071812400001074,TRUE
2026-08-07 00:32:40.837,SMK-SPR-01-L,1260622030000,126062203000001051,TRUE
2026-08-07 00:32:40.282,ELC-RED-01-L,1260703048000,126070304800001059,TRUE
2026-08-07 00:32:39.900,SMK-TUN-01-L,1260622072000,126062207200001051,TRUE
2026-08-07 00:32:34.243,SMK-TUN-01-UL,1260616078000,126071001900001066,TRUE
2026-08-07 00:32:39.508,AOI-RESAOI-01-UL,1260720026020,126072002600001072,TRUE
2026-08-07 00:32:33.028,WIR-LDI-01-L,,12607060550002B010,TRUE
2026-08-07 00:31:48.611,ELC-DEP-01-L,1260711018000,126071101800001045,TRUE
2026-08-07 00:33:12.905,LIN-OUTTRE-01-L,1260704091020,126070409100001075,TRUE
2026-08-07 00:33:12.777,SMK-TUN-01-UL,1260616078000,126071001900001042,TRUE
2026-08-07 00:33:11.336,LIN-INNDES-01-UL,1260803062000,126080307100010050,TRUE
2026-08-07 00:33:09.339,SUR-FLM-01-UL,1260715042020,126071604700001031,TRUE
2026-08-07 00:33:05.911,ELC-RED-01-L,1260703048000,126070304800001011,TRUE
2026-08-07 00:33:09.320,LAM-BOP-02-UL,1260803013000,126080301900002036,TRUE
2026-08-07 00:33:04.673,CPP-Patternplating-01-L,1260616092010,12606160920001C218,TRUE
2026-08-07 00:33:03.013,AOI-RESAOI-01-UL,1260720026020,126072002600001038,TRUE
2026-08-07 00:33:02.625,WIR-LDI-01-L,,12607060550002B007,TRUE
2026-08-07 00:33:01.863,LIN-INNLDI-03-L,1260804008000,ERROR_202608070733018636,TRUE
2026-08-07 00:33:02.512,ELC-PUL-02-L,1260715060020,126071506000001040,TRUE
2026-08-07 00:33:01.500,WIR-Pretreatment-01-L,1260715023002,126071502300258296,TRUE
2026-08-07 00:33:01.323,SMK-SPR-01-L,1260622030000,126062203000001020/0,TRUE
2026-08-07 00:33:01.008,LAM-BOP-03-L,1260704001010,12607040010003A152,TRUE
2026-08-07 00:33:00.191,ELC-TRE-01-UL,1260718124000,126071812400001070,TRUE
2026-08-07 00:33:32.600,ELC-TRE-01-UL,1260718124000,126071812400001015,TRUE
2026-08-07 00:33:33.076,SUR-FLM-01-UL,1260715042020,126071604700001046,TRUE
2026-08-07 00:33:34.763,SMK-SPR-01-L,1260622030000,126062203000001039/0,TRUE
2026-08-07 00:33:32.291,LIN-INNLDI-03-L,1260804008000,126080407600010057,TRUE
2026-08-07 00:33:30.895,WIR-Decoatbake-01-L,1260622080000,12606220800002B018,TRUE
2026-08-07 00:33:32.230,LIN-INNDES-01-UL,1260803062000,126080400600002078,TRUE
2026-08-07 00:33:32.192,WIR-LDI-01-L,,12607060550002B006,TRUE
2026-08-07 00:33:31.366,ELC-TRE-01-L,1260718124000,126071812400001024,TRUE
2026-08-07 00:33:30.589,LAM-BOP-02-UL,1260803013000,126080301900002032,TRUE
2026-08-07 00:33:25.467,AOI-RESAOI-01-UL,1260720026020,126072002600001045,TRUE
2026-08-07 00:33:30.556,ELC-RED-01-L,1260703048000,126070304800001058,TRUE
2026-08-07 00:33:28.091,SMK-TUN-01-L,1260622072000,126062207200001056,TRUE
2026-08-07 00:33:24.496,LIN-INNTRE-02-UL-1,,126080509000002023,TRUE
2026-08-07 00:33:23.903,LIN-INNTRE-02-UL-2,,126080509000002022,TRUE
2026-08-07 00:33:21.374,LSR-Debrowning-01-UL,1260626094003,126062609400336805,TRUE
2026-08-07 00:33:21.488,CPP-Horizontalplating-01-L,1260718160000,126071816000058014,TRUE
2026-08-07 00:33:20.378,WIR-LDI-01-UL,,12607060550002B019,TRUE
2026-08-07 00:33:18.602,ELC-RED-01-UL,1260715048000,126070304800001074,TRUE
2026-08-07 00:33:20.181,LAM-BOP-03-L,1260704001010,12607040010003A160,TRUE
2026-08-07 00:33:19.811,LIN-OUTTRE-01-UL,,126070409100001064,TRUE
2026-08-07 00:33:17.731,ELC-PUL-02-UL,1260629073000,126062907300001032,TRUE
2026-08-07 00:33:17.014,AOI-RESAOI-01-L,1260720026020,126072002600001025,TRUE
2026-08-07 00:33:17.643,CPP-Horizontalplating-01-UL,1260709001010,126071502200058052,TRUE
2026-08-07 00:33:55.465,ELC-RED-01-L,1260703048000,126070304800001062,TRUE
2026-08-07 00:33:53.295,SMK-SPR-01-L,1260622030000,126062203000001071,TRUE
2026-08-07 00:33:52.230,LAM-BOP-02-UL,1260803013000,126080301900002026,TRUE
2026-08-07 00:33:51.652,LIN-INNLDI-03-L,1260804008000,ERROR_202608070733516521,TRUE
2026-08-07 00:33:50.887,LIN-INNTRE-02-UL-2,,126080509000002024,TRUE
2026-08-07 00:33:48.995,LIN-INNDES-01-UL,1260803062000,126080400600002077,TRUE
2026-08-07 00:33:49.898,WIR-LDI-01-UL,,12607060550002B018,TRUE
2026-08-07 00:33:48.825,ELC-PUL-02-L,1260715060020,126071506000001026,TRUE
2026-08-07 00:33:48.499,AOI-RESAOI-01-UL,1260720026020,126072002600001055,TRUE
2026-08-07 00:33:47.475,ELC-TRE-01-L,1260718124000,126071812400001049,TRUE
2026-08-07 00:33:44.773,CPP-Horizontalplating-01-L,1260718160000,126071816000058011,TRUE
2026-08-07 00:33:47.710,ELC-TRE-01-UL,1260718124000,126071812400001036,TRUE
2026-08-07 00:33:45.498,SMK-TUN-01-L,1260622072000,126062207200001038,TRUE
2026-08-07 00:33:43.900,ELC-RED-01-UL,1260715048000,126070304800001032,TRUE
2026-08-07 00:33:42.686,LIN-OUTTRE-01-UL,,126070409100001057,TRUE
2026-08-07 00:33:41.945,CPP-Horizontalplating-01-UL,1260709001010,126071502200058053,TRUE
2026-08-07 00:33:40.023,WIR-Pretreatment-01-L,1260715023002,126071502300258295,TRUE
2026-08-07 00:33:37.295,SMK-TUN-01-UL,1260616078000,126071001900001006,TRUE
2026-08-07 00:33:39.184,LAM-BOP-03-L,1260704001010,12607040010003A144,TRUE
2026-08-07 00:33:39.936,AOI-RESAOI-01-L,1260720026020,126072002600001024,TRUE
2026-08-07 00:33:36.327,LIN-OUTTRE-01-L,1260704091020,126070409100001074,TRUE
2026-08-07 00:33:36.231,ELC-PUL-02-UL,1260629073000,126062907300001049,TRUE
2026-08-07 00:33:30.895,WIR-Decoatbake-01-L,1260622080000,12606220800002B018,TRUE
2026-08-07 00:33:24.496,LIN-INNTRE-02-UL-1,,126080509000002023,TRUE
2026-08-07 00:34:11.295,LIN-INNLDI-03-L,1260804008000,ERROR_202608070734112951,TRUE
2026-08-07 00:34:13.310,LAM-BOP-02-UL,1260803013000,126080301900002022,TRUE
2026-08-07 00:34:11.344,AOI-RESAOI-01-UL,1260720026020,126072002600001025,TRUE
2026-08-07 00:34:09.623,SMK-SPR-01-L,1260622030000,126062203000001045/0,TRUE
2026-08-07 00:34:08.920,ELC-RED-01-UL,1260715048000,126070304800001002,TRUE
2026-08-07 00:34:07.713,WIR-Decoatbake-01-L,1260622080000,12606220800002B034,TRUE
2026-08-07 00:34:08.432,CPP-Horizontalplating-01-L,1260718160000,126071816000058012,TRUE
2026-08-07 00:34:08.888,ELC-PUL-02-UL,1260629073000,126062907300001042,TRUE
2026-08-07 00:34:05.650,CPP-Horizontalplating-01-UL,1260709001010,126071502200058054,TRUE
2026-08-07 00:34:05.530,LIN-OUTTRE-01-UL,,126070409100001022,TRUE
2026-08-07 00:34:03.963,ELC-TRE-01-UL,1260718124000,126071812400001071,TRUE
2026-08-07 00:34:04.182,ELC-TRE-01-L,1260718124000,126071812400001072,TRUE
2026-08-07 00:34:02.746,LIN-INNDES-01-UL,1260803062000,126080400600002079,TRUE
2026-08-07 00:34:02.088,WIR-LDI-01-L,,12607060550002B009,TRUE
2026-08-07 00:33:59.782,LAM-BOP-03-L,1260704001010,12607040010003A168,TRUE
2026-08-07 00:34:02.734,AOI-RESAOI-01-L,1260720026020,126072002600001006,TRUE
2026-08-07 00:33:59.109,LIN-OUTTRE-01-L,1260704091020,126070409100001076,TRUE
2026-08-07 00:33:58.483,SUR-FLM-01-UL,1260715042020,126071604700001008,TRUE
2026-08-07 00:33:58.369,CPP-Patternplating-01-L,1260616092010,12606160920001C217,TRUE
2026-08-07 00:34:36.042,ELC-TRE-01-L,1260718124000,126071812400001010,TRUE
2026-08-07 00:34:34.980,ELC-TRE-01-UL,1260718124000,126071812400001033,TRUE
2026-08-07 00:34:35.374,ELC-PUL-02-L,1260715060020,126071506000001062,TRUE
2026-08-07 00:34:34.392,ELC-RED-01-UL,1260715048000,126070304800001014,TRUE
2026-08-07 00:34:34.268,AOI-RESAOI-01-UL,1260720026020,126072002600001024,TRUE
2026-08-07 00:34:33.674,SMK-TUN-01-L,1260622072000,126062207200001069,TRUE
2026-08-07 00:34:31.573,WIR-LDI-01-L,,12607060550002B002,TRUE
2026-08-07 00:34:31.823,CPP-Horizontalplating-01-L,1260718160000,126071816000058022,TRUE
2026-08-07 00:34:30.686,LIN-INNDES-01-UL,1260803062000,126080400600002076,TRUE
2026-08-07 00:34:29.761,CPP-Horizontalplating-01-UL,1260709001010,126071502200058057,TRUE
2026-08-07 00:34:27.953,SMK-SPR-01-L,1260622030000,126062203000001020,TRUE
2026-08-07 00:34:27.565,LIN-OUTTRE-01-UL,,126070409100001025,TRUE
2026-08-07 00:34:28.955,SUR-FLM-01-UL,1260715042020,126071604700001070,TRUE
2026-08-07 00:34:27.203,LIN-INNLDI-03-L,1260804008000,126080407600010060,TRUE
2026-08-07 00:34:25.440,AOI-RESAOI-01-L,1260720026020,126072002600001059,TRUE
2026-08-07 00:34:23.858,LAM-BOP-02-UL,1260803013000,126080301900002020,TRUE
2026-08-07 00:34:21.691,GLD-RinseENEPIG-01-UL,,Error_202608070734216917,FALSE
2026-08-07 00:34:21.186,SMK-TUN-01-UL,1260616078000,126071001900001030,TRUE
2026-08-07 00:34:20.514,ELC-RED-01-L,1260703048000,126070304800001028,TRUE
2026-08-07 00:34:21.643,LIN-OUTTRE-01-L,1260704091020,126070409100001080,TRUE
2026-08-07 00:34:19.713,WIR-LDI-01-UL,,12607060550002B021,TRUE
2026-08-07 00:34:18.791,WIR-Pretreatment-01-L,1260715023002,126071502300258294,TRUE
2026-08-07 00:34:18.206,LAM-BOP-03-L,1260704001010,12607040010003A172,TRUE
2026-08-07 00:34:17.729,WIR-Decoatbake-01-UL,1260715023003,126071502300358805,TRUE
2026-08-07 00:34:15.961,LIN-OUTVAP-01-UL,,12606160910001C237,TRUE
2026-08-07 00:33:50.887,LIN-INNTRE-02-UL-2,,126080509000002024,TRUE
2026-08-07 00:34:07.713,WIR-Decoatbake-01-L,1260622080000,12606220800002B034,TRUE
2026-08-07 00:34:57.334,AOI-RESAOI-01-UL,1260720026020,126072002600001006,TRUE
2026-08-07 00:34:56.803,LAM-BOP-03-L,1260704001010,12607040010003A178,TRUE
2026-08-07 00:34:57.230,WIR-Pretreatment-01-L,1260715023002,126071502300258293,TRUE
2026-08-07 00:34:55.495,CPP-Horizontalplating-01-L,1260718160000,126071816000058010,TRUE
2026-08-07 00:34:55.564,LIN-INNDES-01-UL,1260803062000,126080401000010064,TRUE
2026-08-07 00:34:53.761,CPP-Horizontalplating-01-UL,1260709001010,126071502200058058,TRUE
2026-08-07 00:34:52.184,ELC-TRE-01-L,1260718124000,126071812400001022,TRUE
2026-08-07 00:34:52.183,CPP-Patternplating-01-L,1260616092010,12606160920001C220,TRUE
2026-08-07 00:34:51.714,ELC-TRE-01-UL,1260718124000,126071812400001048,TRUE
2026-08-07 00:34:49.658,LAM-BOP-02-UL,1260803013000,126080301900002016,TRUE
2026-08-07 00:34:51.051,SMK-TUN-01-L,1260622072000,126062207200001022,TRUE
2026-08-07 00:34:50.457,LIN-OUTTRE-01-UL,,126070409100001035,TRUE
2026-08-07 00:34:49.245,WIR-LDI-01-UL,,12607060550002B014,TRUE
2026-08-07 00:34:46.626,ELC-RED-01-L,1260703048000,126070304800001079,TRUE
2026-08-07 00:34:48.801,AOI-RESAOI-01-L,1260720026020,126072002600001060,TRUE
2026-08-07 00:34:45.955,LIN-INNLDI-03-L,1260804008000,ERROR_202608070734459558,TRUE
2026-08-07 00:34:45.472,SMK-TUN-01-UL,1260616078000,126071001900001040,TRUE
2026-08-07 00:34:45.426,SUR-FLM-01-UL,1260715042020,126071604700001026,TRUE
2026-08-07 00:34:44.738,LIN-OUTTRE-01-L,1260704091020,126070409100001070,TRUE
2026-08-07 00:34:44.331,SMK-SPR-01-L,1260622030000,126062203000001062/0,TRUE
2026-08-07 00:34:43.729,WIR-Decoatbake-01-L,1260622080000,12606220800002B059,TRUE
2026-08-07 00:35:11.741,AOI-RESAOI-01-L,1260720026020,126072002600001070,TRUE
2026-08-07 00:35:13.131,LIN-OUTTRE-01-UL,,126070409100001078,TRUE
2026-08-07 00:35:11.159,LAM-BOP-02-UL,1260803013000,126080301900002015,TRUE
2026-08-07 00:35:15.804,LAM-BOP-03-L,1260704001010,12607040010003A165,TRUE
2026-08-07 00:35:10.973,ELC-RED-01-L,1260703048000,126070304800001001,TRUE
2026-08-07 00:35:08.092,ELC-TRE-01-L,1260718124000,126071812400001021,TRUE
2026-08-07 00:35:07.176,SUR-FLM-01-UL,1260715042020,126071604700001032,TRUE
2026-08-07 00:35:07.365,LIN-OUTTRE-01-L,1260704091020,126070409100001053,TRUE
2026-08-07 00:35:02.473,SMK-SPR-01-L,1260622030000,126062203000001039,TRUE
2026-08-07 00:35:05.686,ELC-TRE-01-UL,1260718124000,126071812400001061,TRUE
2026-08-07 00:35:02.214,WIR-Decoatbake-01-UL,1260715023003,126071502300358806,TRUE
2026-08-07 00:35:01.818,GLD-RinseENEPIG-01-UL,,Error_202608070735018184,FALSE
2026-08-07 00:35:01.818,LIN-INNLDI-03-L,1260804008000,126080407600010062,TRUE
2026-08-07 00:35:01.183,WIR-LDI-01-L,,12607060550002B005,TRUE
2026-08-07 00:34:59.580,ELC-RED-01-UL,1260715048000,126070304800001063,TRUE
2026-08-07 00:35:24.990,SUR-FLM-01-UL,1260715042020,126071604700001071,TRUE
2026-08-07 00:35:25.006,SMK-TUN-01-UL,1260616078000,126071001900001069,TRUE
2026-08-07 00:35:24.802,ELC-RED-01-UL,1260715048000,126070304800001006,TRUE
2026-08-07 00:35:24.140,ELC-TRE-01-L,1260718124000,126071812400001023,TRUE
2026-08-07 00:35:22.531,ELC-TRE-01-UL,1260718124000,126071812400001053,TRUE
2026-08-07 00:35:22.724,LAM-BOP-02-UL,1260803013000,126080301900002013,TRUE
2026-08-07 00:35:21.215,WIR-Decoatbake-01-L,1260622080000,12606220800002B028,TRUE
2026-08-07 00:35:21.445,ELC-PUL-02-L,1260715060020,126071506000001007,TRUE
2026-08-07 00:35:20.636,LIN-INNLDI-03-L,1260804008000,ERROR_202608070735206360,TRUE
2026-08-07 00:35:19.091,WIR-LDI-01-UL,,12607060550002B017,TRUE
2026-08-07 00:35:19.152,CPP-Horizontalplating-01-L,1260718160000,126071816000058025,TRUE
2026-08-07 00:35:20.226,AOI-RESAOI-01-UL,1260720026020,126072002600001059,TRUE
2026-08-07 00:35:18.801,SMK-SPR-01-L,1260622030000,126062203000001050/0,TRUE
2026-08-07 00:35:17.621,CPP-Horizontalplating-01-UL,1260709001010,126071502200058059,TRUE
2026-08-07 00:35:45.385,LIN-INNTRE-02-UL-1,,126080509400014001,TRUE
2026-08-07 00:35:45.225,LAM-BOP-02-UL,1260803013000,126080301900002009,TRUE
2026-08-07 00:35:43.276,AOI-RESAOI-01-UL,1260720026020,126072002600001060,TRUE
2026-08-07 00:35:45.435,CPP-Patternplating-01-L,1260616092010,12606160920001C213,TRUE
2026-08-07 00:35:42.669,CPP-Horizontalplating-01-L,1260718160000,126071816000058024,TRUE
2026-08-07 00:35:39.707,ELC-TRE-01-L,1260718124000,126071812400001007,TRUE
2026-08-07 00:35:39.414,SMK-TUN-01-L,1260622072000,126062207200001043,TRUE
2026-08-07 00:35:36.558,LIN-INNLDI-03-L,1260804008000,126080407600010064,TRUE
2026-08-07 00:35:41.403,CPP-Horizontalplating-01-UL,1260709001010,126071502200058033,TRUE
2026-08-07 00:35:38.847,ELC-TRE-01-UL,1260718124000,126071812400001027,TRUE
2026-08-07 00:35:36.463,LIN-OUTTRE-01-UL,,126070409100001044,TRUE
2026-08-07 00:35:37.179,SMK-SPR-01-L,1260622030000,126062203000001045,TRUE
2026-08-07 00:35:36.225,ELC-RED-01-L,1260703048000,126070304800001041,TRUE
2026-08-07 00:35:34.852,LAM-BOP-03-L,1260704001010,12607040010003A175,TRUE
2026-08-07 00:35:35.715,WIR-Pretreatment-01-L,1260715023002,126071502300258299,TRUE
2026-08-07 00:35:34.479,AOI-RESAOI-01-L,1260720026020,126072002600001026,TRUE
2026-08-07 00:35:30.150,LIN-OUTTRE-01-L,1260704091020,126070409100001014,TRUE
2026-08-07 00:35:30.824,WIR-LDI-01-L,,12607060550002B004,TRUE
2026-08-07 00:36:01.335,ELC-RED-01-L,1260703048000,126070304800001044,TRUE
2026-08-07 00:36:03.652,SUR-FLM-01-UL,1260715042020,126071604700001028,TRUE
2026-08-07 00:36:04.059,LIN-INNTRE-02-UL-1,,Error_202608070736040590,FALSE
2026-08-07 00:36:00.685,WIR-LDI-01-L,,12607060550002B055,TRUE
2026-08-07 00:35:57.589,AOI-RESAOI-01-L,1260720026020,126072002600001075,TRUE
2026-08-07 00:35:57.700,WIR-Decoatbake-01-L,1260622080000,12606220800002B029,TRUE
2026-08-07 00:35:59.011,LIN-OUTTRE-01-UL,,126070409100001024,TRUE
2026-08-07 00:35:56.760,SMK-TUN-01-L,1260622072000,126062207200001007,TRUE
2026-08-07 00:35:55.725,LAM-BOP-02-UL,1260803013000,126080301900002005,TRUE
2026-08-07 00:35:55.253,LIN-INNLDI-03-L,1260804008000,ERROR_202608070735552534,TRUE
2026-08-07 00:35:55.801,ELC-TRE-01-L,1260718124000,126071812400001006,TRUE
2026-08-07 00:35:54.133,LAM-BOP-03-L,1260704001010,12607040010003A169,TRUE
2026-08-07 00:35:54.988,ELC-TRE-01-UL,1260718124000,126071812400001025,TRUE
2026-08-07 00:35:52.823,LIN-OUTTRE-01-L,1260704091020,126070409100001052,TRUE
2026-08-07 00:35:51.694,LIN-OUTVAP-01-UL,,12606160910001C232,TRUE
2026-08-07 00:35:53.275,SMK-SPR-01-L,1260622030000,126062203000001055/0,TRUE
2026-08-07 00:35:50.412,LIN-INNDES-01-UL,1260803062000,126080400400067080,TRUE
2026-08-07 00:35:48.435,WIR-LDI-01-UL,,12607060550002B016,TRUE
2026-08-07 00:35:51.057,SMK-TUN-01-UL,1260616078000,126071001900001046,TRUE
2026-08-07 00:35:50.194,ELC-RED-01-UL,1260715048000,126070304800001030,TRUE
2026-08-07 00:35:47.669,WIR-Decoatbake-01-UL,1260715023003,126071502300358810,TRUE
2026-08-07 00:36:26.572,ELC-RED-01-L,1260703048000,126070304800001018,TRUE
2026-08-07 00:36:25.580,LIN-INNLDI-03-L,1260804008000,126080407600010067,TRUE
2026-08-07 00:36:22.044,LIN-OUTTRE-01-UL,,126070409100001041,TRUE
2026-08-07 00:36:24.749,LIN-INNTRE-02-UL-2,,126080509400014004,TRUE
2026-08-07 00:36:20.669,AOI-RESAOI-01-L,1260720026020,126072002600001036,TRUE
2026-08-07 00:36:19.624,LIN-INNTRE-02-UL-1,,126080509400014005,TRUE
2026-08-07 00:36:17.904,WIR-LDI-01-UL,,12607060550002B013,TRUE
2026-08-07 00:36:17.071,LAM-BOP-02-UL,1260803013000,126080301900002001,TRUE
2026-08-07 00:36:15.606,LIN-OUTTRE-01-L,1260704091020,126070409100001072,TRUE
2026-08-07 00:36:15.415,ELC-RED-01-UL,1260715048000,126070304800001008,TRUE
2026-08-07 00:36:14.185,WIR-Pretreatment-01-L,1260715023002,126071502300258308,TRUE
2026-08-07 00:36:13.574,LAM-BOP-03-L,1260704001010,12607040010003A163,TRUE
2026-08-07 00:36:11.279,ELC-PUL-02-UL,1260629073000,126062907300001064,TRUE
2026-08-07 00:36:11.473,ELC-TRE-01-L,1260718124000,126071812400001017,TRUE
2026-08-07 00:36:10.207,ELC-TRE-01-UL,1260718124000,126071812400001026,TRUE
2026-08-07 00:36:08.366,LIN-INNDES-01-UL,1260803062000,Error_202608070736083666,FALSE
2026-08-07 00:36:08.356,ELC-PUL-02-L,1260715060020,126071506000001014,TRUE
2026-08-07 00:36:06.544,CPP-Horizontalplating-01-L,1260718160000,126071816000058028,TRUE
2026-08-07 00:36:06.231,AOI-RESAOI-01-UL,1260720026020,126072002600001070,TRUE
2026-08-07 00:36:05.138,CPP-Horizontalplating-01-UL,1260709001010,126071502200058029,TRUE
2026-08-07 00:36:45.310,LIN-OUTTRE-01-UL,,126070409100001009,TRUE
2026-08-07 00:36:45.879,LIN-INNLDI-03-L,1260804008000,126080407600010068,TRUE
2026-08-07 00:36:44.918,SMK-TUN-01-L,1260622072000,126062207200001010,TRUE
2026-08-07 00:36:44.869,AOI-PEP-01-L,1260803060000,126080301200012058,TRUE
2026-08-07 00:36:43.959,ELC-TRE-01-UL,1260718124000,126071812400001028,TRUE
2026-08-07 00:36:44.276,LIN-INNDES-01-UL,1260803062000,Error_202608070736442761,FALSE
2026-08-07 00:36:43.763,AOI-RESAOI-01-L,1260720026020,126072002600001039,TRUE
2026-08-07 00:36:42.709,ELC-TRE-01-L,1260718124000,126071812400001041,TRUE
2026-08-07 00:36:40.557,ELC-RED-01-UL,1260715048000,126070304800001049,TRUE
2026-08-07 00:36:39.359,CPP-Patternplating-01-L,1260616092010,12606160920001C216,TRUE
2026-08-07 00:36:38.494,LAM-BOP-01-L,1260801143000,126080114000002020,TRUE
2026-08-07 00:36:38.326,LIN-OUTTRE-01-L,1260704091020,126070409100001029,TRUE
2026-08-07 00:36:37.001,LIN-INNTRE-02-UL-2,,126080509400014006,TRUE
2026-08-07 00:36:38.072,LAM-BOP-02-UL,1260803013000,126080301900002077,TRUE
2026-08-07 00:36:33.156,WIR-Decoatbake-01-UL,1260715023003,126071502300358808,TRUE
2026-08-07 00:36:29.859,WIR-LDI-01-L,,12607060550002B054,TRUE
2026-08-07 00:36:32.563,LIN-INNTRE-02-UL-1,,126080509400014007,TRUE
2026-08-07 00:36:29.922,CPP-Horizontalplating-01-L,1260718160000,126071816000058026,TRUE
2026-08-07 00:36:32.153,SMK-TUN-01-UL,1260616078000,126071001900001028,TRUE
2026-08-07 00:36:28.875,CPP-Horizontalplating-01-UL,1260709001010,126071502200058017,TRUE
2026-08-07 00:36:32.466,LAM-BOP-03-L,1260704001010,12607040010003A173,TRUE
2026-08-07 00:36:29.625,ELC-PUL-02-UL,1260629073000,126062907300001067,TRUE
2026-08-07 00:36:29.185,AOI-RESAOI-01-UL,1260720026020,126072002600001026,TRUE
2026-08-07 00:36:57.944,ELC-TRE-01-L,1260718124000,126071812400001012,TRUE
2026-08-07 00:36:55.448,LIN-INNDES-01-UL,1260803062000,Error_202608070736554481,FALSE
2026-08-07 00:36:56.639,SMK-TUN-01-UL,1260616078000,126071001900001038,TRUE
2026-08-07 00:36:55.119,AOI-PEP-01-UL,1260803060000,126080304200012037,TRUE
2026-08-07 00:36:53.979,AOI-PEP-01-L,1260803060000,126080301200012028,TRUE
2026-08-07 00:36:54.611,ELC-PUL-02-L,1260715060020,126071506000001055,TRUE
2026-08-07 00:36:53.704,CPP-Horizontalplating-01-L,1260718160000,126071816000058037,TRUE
2026-08-07 00:36:52.704,WIR-Pretreatment-01-L,1260715023002,126071502300258309,TRUE
2026-08-07 00:36:52.574,ELC-RED-01-L,1260703048000,126070304800001052,TRUE
2026-08-07 00:36:52.361,CPP-Horizontalplating-01-UL,1260709001010,126071502200058001,TRUE
2026-08-07 00:36:52.435,AOI-RESAOI-01-UL,1260720026020,126072002600001075,TRUE
2026-08-07 00:36:52.416,LAM-BOP-01-L,1260801143000,126080114000002035,TRUE
2026-08-07 00:36:48.854,LAM-BOP-02-UL,1260803013000,126080301900002073,TRUE
2026-08-07 00:36:51.658,LAM-BOP-03-L,1260704001010,12607040010003A149,TRUE
2026-08-07 00:36:48.330,ELC-PUL-02-UL,1260629073000,126062907300001072,TRUE
2026-08-07 00:36:48.814,LIN-INNTRE-02-UL-2,,126080509400014008,TRUE
2026-08-07 00:36:44.918,SMK-TUN-01-L,1260622072000,126062207200001010,TRUE
2026-08-07 00:36:47.548,WIR-LDI-01-UL,,12607060550002B012,TRUE
2026-08-07 00:37:17.361,CPP-Horizontalplating-01-L,1260718160000,126071816000058038,TRUE
2026-08-07 00:37:16.236,CPP-Horizontalplating-01-UL,1260709001010,126071502200058025,TRUE
2026-08-07 00:37:17.236,WIR-LDI-01-UL,,12607060550002B015,TRUE
2026-08-07 00:37:15.482,AOI-RESAOI-01-UL,1260720026020,126072002600001036,TRUE
2026-08-07 00:37:15.320,ELC-TRE-01-UL,1260718124000,126071812400001024,TRUE
2026-08-07 00:37:13.178,ELC-TRE-01-L,1260718124000,126071812400001035,TRUE
2026-08-07 00:37:13.998,AOI-PEP-01-L,1260803060000,126080306000012021,TRUE
2026-08-07 00:37:14.114,ELC-PUL-02-UL,1260629073000,126062907300001048,TRUE
2026-08-07 00:37:12.560,AOI-RESAOI-01-L,1260720026020,126072002600001008,TRUE
2026-08-07 00:37:10.833,LIN-INNTRE-02-UL-2,,126080509400014010,TRUE
2026-08-07 00:37:10.824,LAM-BOP-02-UL,1260803013000,126080301900002069,TRUE
2026-08-07 00:37:07.967,LIN-OUTTRE-01-UL,,126070409100001061,TRUE
2026-08-07 00:37:10.677,LAM-BOP-03-L,1260704001010,12607040010003A142,TRUE
2026-08-07 00:37:07.262,LIN-INNDES-01-UL,1260803062000,Error_202608070737072623,FALSE
2026-08-07 00:37:07.411,LIN-INNTRE-02-UL-1,,126080509400014009,TRUE
2026-08-07 00:37:04.694,LIN-INNLDI-03-L,1260804008000,ERROR_202608070737046945,TRUE
2026-08-07 00:37:05.699,AOI-PEP-01-UL,1260803060000,126080301200012058,TRUE
2026-08-07 00:37:02.108,SMK-TUN-01-L,1260622072000,126062207200001016,TRUE
2026-08-07 00:03:05.478,SMK-BRU-01-UL,1260720062020,12607110010003G021,TRUE
2026-08-07 00:36:59.517,WIR-LDI-01-L,,12607060550002B003,TRUE
2026-08-07 00:37:33.505,AOI-PEP-01-L,1260803060000,126080306000012052,TRUE
2026-08-07 00:37:33.002,CPP-Patternplating-01-L,1260616092010,12606160920001C215,TRUE
2026-08-07 00:37:35.045,AOI-RESAOI-01-L,1260720026020,126072002600001035,TRUE
2026-08-07 00:37:32.049,WIR-Pretreatment-01-L,1260715023002,126071502300258306,TRUE
2026-08-07 00:37:31.761,ELC-TRE-01-UL,1260718124000,126071812400001049,TRUE
2026-08-07 00:37:31.331,LIN-INNDES-01-UL,1260803062000,126080306900006067,TRUE
2026-08-07 00:37:31.802,LAM-BOP-02-UL,1260803013000,126080301900002065,TRUE
2026-08-07 00:37:31.123,LIN-OUTTRE-01-UL,,126070409100001036,TRUE
2026-08-07 00:37:29.276,ELC-TRE-01-L,1260718124000,126071812400001051,TRUE
2026-08-07 00:37:29.818,LAM-BOP-03-L,1260704001010,12607040010003A162,TRUE
2026-08-07 00:37:29.224,LAM-BOP-01-L,1260801143000,126080114000002006,TRUE
2026-08-07 00:37:29.065,WIR-LDI-01-L,,12607060550002B031,TRUE
2026-08-07 00:37:27.209,AOI-PEP-01-UL,1260803060000,126080301200012062,TRUE
2026-08-07 00:37:20.914,LIN-INNLDI-03-L,1260804008000,126080407600010070,TRUE
2026-08-07 00:37:19.896,LIN-INNTRE-02-UL-1,,126080509400014011,TRUE
2026-08-07 00:37:21.662,LIN-INNTRE-02-UL-2,,126080509400014012,TRUE
2026-08-07 00:37:17.830,WIR-Decoatbake-01-UL,1260715023003,126071502300358801,TRUE
2026-08-07 00:37:17.828,ELC-RED-01-L,1260703048000,126070304800001051,TRUE
2026-08-07 00:35:01.818,GLD-RinseENEPIG-01-UL,,Error_202608070735018184,FALSE
2026-08-07 00:37:57.254,SMK-SPR-01-L,1260622030000,126062203000001046/0,TRUE
2026-08-07 00:37:54.963,LIN-INNLDI-03-L,1260804008000,ERROR_202608070737549637,TRUE
2026-08-07 00:37:55.225,AOI-PEP-01-UL,1260803060000,126080306000012052,TRUE
2026-08-07 00:37:54.053,AOI-PEP-01-L,1260803060000,126080306000012056,TRUE
2026-08-07 00:37:53.506,LAM-BOP-01-L,1260801143000,126080114000002008,TRUE
2026-08-07 00:37:50.785,SMK-TUN-01-L,1260622072000,126062207200001031,TRUE
2026-08-07 00:37:52.624,AOI-RESAOI-01-L,1260720026020,126072002600001007,TRUE
2026-08-07 00:37:48.888,ELC-TRE-01-UL,1260718124000,126071812400001072,TRUE
2026-08-07 00:37:53.546,LIN-OUTTRE-01-UL,,126070409100001068,TRUE
2026-08-07 00:37:49.022,LAM-BOP-03-L,1260704001010,12607040010003A157,TRUE
2026-08-07 00:37:46.723,WIR-LDI-01-UL,,12607060550002B008,TRUE
2026-08-07 00:37:48.271,LIN-INNDES-01-UL,1260803062000,126080306900006065,TRUE
2026-08-07 00:37:45.246,ELC-TRE-01-L,1260718124000,126071812400001031,TRUE
2026-08-07 00:37:43.797,ELC-RED-01-L,1260703048000,126070304800001054,TRUE
2026-08-07 00:37:44.006,LAM-BOP-02-UL,1260803013000,126080301900002019,TRUE
2026-08-07 00:37:40.993,ELC-PUL-02-L,1260715060020,126071506000001066,TRUE
2026-08-07 00:37:38.202,AOI-RESAOI-01-UL,1260720026020,126072002600001039,TRUE
2026-08-07 00:37:40.910,CPP-Horizontalplating-01-L,1260718160000,126071816000058042,TRUE
2026-08-07 00:37:40.050,CPP-Horizontalplating-01-UL,1260709001010,126071502200058011,TRUE
2026-08-07 00:37:37.565,SMK-TUN-01-UL,1260616078000,126071001900001036,TRUE
2026-08-07 00:37:37.053,ELC-RED-01-UL,1260715048000,126070304800001039,TRUE
2026-08-07 00:38:13.912,AOI-PEP-01-L,1260803060000,126080306000012060,TRUE
2026-08-07 00:38:13.897,LIN-INNDES-01-UL,1260803062000,126080306900006053,TRUE
2026-08-07 00:38:13.850,AOI-PEP-01-UL,1260803060000,126080306000012056,TRUE
2026-08-07 00:38:13.839,LIN-INNLDI-03-L,1260804008000,ERROR_202608070738138392,TRUE
2026-08-07 00:38:08.037,SMK-TUN-01-L,1260622072000,126062207200001020,TRUE
2026-08-07 00:38:08.172,ELC-RED-01-L,1260703048000,126070304800001005,TRUE
2026-08-07 00:38:09.787,WIR-Pretreatment-01-L,1260715023002,126071502300258287,TRUE
2026-08-07 00:38:07.303,LAM-BOP-01-L,1260801143000,126080114000002009,TRUE
2026-08-07 00:38:08.960,LAM-BOP-03-L,1260704001010,12607040010003A126,TRUE
2026-08-07 00:38:04.537,CPP-Horizontalplating-01-L,1260718160000,126071816000058039,TRUE
2026-08-07 00:38:04.297,ELC-TRE-01-UL,1260718124000,126071812400001009,TRUE
2026-08-07 00:38:03.599,CPP-Horizontalplating-01-UL,1260709001010,126071502200058018,TRUE
2026-08-07 00:38:03.265,AOI-RESAOI-01-UL,1260720026020,126072002600001008,TRUE
2026-08-07 00:38:01.332,SMK-TUN-01-UL,1260616078000,126071001900001011,TRUE
2026-08-07 00:38:02.709,WIR-Decoatbake-01-UL,1260715023003,126071502300358803,TRUE
2026-08-07 00:38:01.938,ELC-RED-01-UL,1260715048000,126070304800001003,TRUE
2026-08-07 00:38:00.416,ELC-PUL-02-UL,1260629073000,126062907300001009,TRUE
2026-08-07 00:37:58.802,WIR-LDI-01-L,,12607060550002B057,TRUE
2026-08-07 00:37:45.246,ELC-TRE-01-L,1260718124000,126071812400001031,TRUE
2026-08-07 00:37:44.006,LAM-BOP-02-UL,1260803013000,126080301900002019,TRUE
2026-08-07 00:08:14.719,WIR-SE-01-L,1260721078000,12607210780004B003,TRUE
2026-08-07 00:38:29.397,LIN-INNDES-01-UL,1260803062000,126080306900006051,TRUE
2026-08-07 00:38:29.387,LIN-INNLDI-03-L,1260804008000,ERROR_202608070738293877,TRUE
2026-08-07 00:38:28.615,WIR-LDI-01-L,,12607060550002B056,TRUE
2026-08-07 00:38:28.334,CPP-Horizontalplating-01-L,1260718160000,126071816000058048,TRUE
2026-08-07 00:38:27.788,LAM-BOP-03-L,1260704001010,12607040010003A135,TRUE
2026-08-07 00:38:27.771,CPP-Horizontalplating-01-UL,1260709001010,126071502200058013,TRUE
2026-08-07 00:38:27.357,ELC-PUL-02-L,1260715060020,126071506000001054,TRUE
2026-08-07 00:38:27.174,ELC-RED-01-UL,1260715048000,126070304800001020,TRUE
2026-08-07 00:38:23.928,AOI-PEP-01-UL,1260803060000,126080306000012058,TRUE
2026-08-07 00:38:25.860,AOI-RESAOI-01-UL,1260720026020,126072002600001035,TRUE
2026-08-07 00:38:24.272,AOI-PEP-01-L,1260803060000,126080306000012062,TRUE
2026-08-07 00:38:26.662,CPP-Patternplating-01-L,1260616092010,12606160920001C212,TRUE
2026-08-07 00:38:21.309,LIN-INNTRE-02-UL-1,,126080509400014013,TRUE
2026-08-07 00:38:21.047,AOI-RESAOI-01-L,1260720026020,126072002600001029,TRUE
2026-08-07 00:38:21.600,LAM-BOP-01-L,1260801143000,126080114000002010,TRUE
2026-08-07 00:38:18.771,SMK-SPR-01-L,1260622030000,126062203000001050,TRUE
2026-08-07 00:31:48.611,ELC-DEP-01-L,1260711018000,126071101800001045,TRUE
2026-08-07 00:38:16.281,LIN-OUTTRE-01-UL,,126070409100001037,TRUE
2026-08-07 00:38:16.209,WIR-LDI-01-UL,,12607060550002B011,TRUE
2026-08-07 00:38:45.984,LIN-INNLDI-03-L,1260804008000,126080407600010075,TRUE
2026-08-07 00:38:45.803,WIR-LDI-01-UL,,12607060550002B010,TRUE
2026-08-07 00:38:44.647,AOI-PEP-01-UL,1260803060000,126080306000012062,TRUE
2026-08-07 00:38:45.225,AOI-PEP-01-L,1260803060000,126080306000012066,TRUE
2026-08-07 00:38:41.788,LIN-INNDES-01-UL,1260803062000,126080306900006045,TRUE
2026-08-07 00:38:42.725,SMK-TUN-01-UL,1260616078000,126071001900001008,TRUE
2026-08-07 00:38:38.752,LIN-OUTTRE-01-UL,,126070409100001060,TRUE
2026-08-07 00:38:38.283,AOI-RESAOI-01-L,1260720026020,126072002600001074,TRUE
2026-08-07 00:38:35.100,LAM-BOP-01-L,1260801143000,126080114000002011,TRUE
2026-08-07 00:38:34.849,SMK-SPR-01-L,1260622030000,126062203000001061/0,TRUE
2026-08-07 00:38:27.174,ELC-RED-01-UL,1260715048000,126070304800001020,TRUE
2026-08-07 00:36:38.326,LIN-OUTTRE-01-L,1260704091020,126070409100001029,TRUE
2026-08-07 00:06:08.550,SMK-DEV-01-UL,,126062013300001007,TRUE
2026-08-07 00:39:02.663,LAM-BOP-01-L,1260801143000,126080114000002014,TRUE
2026-08-07 00:39:01.502,AOI-RESAOI-01-L,1260720026020,126072002600001054,TRUE
2026-08-07 00:38:59.882,LIN-INNDES-01-UL,1260803062000,126080306300006013,TRUE
2026-08-07 00:38:56.475,AOI-PEP-01-L,1260803060000,126080306000012068,TRUE
2026-08-07 00:38:56.413,SMK-TUN-01-L,1260622072000,126062207200001013,TRUE
2026-08-07 00:38:58.007,WIR-LDI-01-L,,12607060550002B051,TRUE
2026-08-07 00:39:02.439,LIN-OUTTRE-01-UL,,126070409100001048,TRUE
2026-08-07 00:38:53.241,SMK-SPR-01-L,1260622030000,126062203000001055,TRUE
2026-08-07 00:38:54.850,AOI-PEP-01-UL,1260803060000,126080306000012064,TRUE
2026-08-07 00:38:51.397,CPP-Horizontalplating-01-UL,1260709001010,126071502200058027,TRUE
2026-08-07 00:38:51.897,CPP-Horizontalplating-01-L,1260718160000,126071816000058046,TRUE
2026-08-07 00:38:47.452,LIN-INNTRE-02-UL-2,,126080509400014014,TRUE
2026-08-07 00:38:52.664,ELC-RED-01-UL,1260715048000,126070304800001071,TRUE
2026-08-07 00:38:48.491,WIR-Pretreatment-01-L,1260715023002,126071502300258277,TRUE
2026-08-07 00:38:48.077,LIN-INNTRE-02-UL-1,,126080509400014015,TRUE
2026-08-07 00:38:48.303,WIR-Decoatbake-01-L,1260622080000,12606220800002B027,TRUE
2026-08-07 00:38:47.099,WIR-Decoatbake-01-UL,1260715023003,126071502300358802,TRUE
2026-08-07 00:38:47.242,LAM-BOP-03-L,1260704001010,12607040010003A123,TRUE
2026-08-07 00:38:46.874,ELC-PUL-02-UL,1260629073000,126062907300001011,TRUE
2026-08-07 00:38:46.986,AOI-RESAOI-01-UL,1260720026020,126072002600001007,TRUE
2026-08-07 00:38:45.984,LIN-INNLDI-03-L,1260804008000,126080407600010075,TRUE
2026-08-07 00:39:25.678,AOI-PEP-01-UL,1260803060000,126080306000012070,TRUE
2026-08-07 00:39:25.569,AOI-PEP-01-L,1260803060000,126080306000012074,TRUE
2026-08-07 00:39:25.556,LAM-BOP-03-L,1260704001010,12607040010003A146,TRUE
2026-08-07 00:39:24.783,LIN-OUTTRE-01-UL,,126070409100001003,TRUE
2026-08-07 00:39:24.361,AOI-RESAOI-01-L,1260720026020,126072002600001073,TRUE
2026-08-07 00:39:23.843,GLD-RinseENEPIG-01-UL,,12606100020001C115,TRUE
2026-08-07 00:39:18.918,LIN-INNLDI-03-L,1260804008000,126080407600010077,TRUE
2026-08-07 00:39:20.063,CPP-Patternplating-01-L,1260616092010,12606160920001C211,TRUE
2026-08-07 00:39:17.855,ELC-RED-01-UL,1260715048000,126070304800001004,TRUE
2026-08-07 00:39:16.085,LAM-BOP-01-L,1260801143000,126080114000002015,TRUE
2026-08-07 00:39:15.924,LIN-INNTRE-02-UL-1,,126080509400014017,TRUE
2026-08-07 00:39:15.430,CPP-Horizontalplating-01-UL,1260709001010,126071502200058019,TRUE
2026-08-07 00:39:15.414,WIR-LDI-01-UL,,12607060550002B007,TRUE
2026-08-07 00:39:15.055,CPP-Horizontalplating-01-L,1260718160000,126071816000058054,TRUE
2026-08-07 00:39:14.346,LIN-INNTRE-02-UL-2,,126080509400014016,TRUE
2026-08-07 00:39:13.971,ELC-PUL-02-L,1260715060020,126071506000001042,TRUE
2026-08-07 00:39:13.775,SMK-TUN-01-L,1260622072000,126062207200001017,TRUE
2026-08-07 00:39:12.096,AOI-RESAOI-01-UL,1260720026020,126072002600001029,TRUE
2026-08-07 00:39:09.352,SMK-SPR-01-L,1260622030000,126062203000001080/0,TRUE
2026-08-07 00:39:13.741,LIN-INNDES-01-UL,1260803062000,126080306200004031,TRUE
2026-08-07 00:39:08.945,WIR-Decoatbake-01-L,1260622080000,12606220800002B026,TRUE
2026-08-07 00:38:04.297,ELC-TRE-01-UL,1260718124000,126071812400001009,TRUE
2026-08-07 00:37:45.246,ELC-TRE-01-L,1260718124000,126071812400001031,TRUE
2026-08-07 00:39:06.258,SMK-TUN-01-UL,1260616078000,126071001900001029,TRUE
2026-08-07 00:39:47.127,AOI-RESAOI-01-L,1260720026020,126072002600001047,TRUE
2026-08-07 00:39:46.507,AOI-PEP-01-L,1260803060000,126080306000012078,TRUE
2026-08-07 00:39:47.846,LIN-OUTTRE-01-UL,,126070409100001013,TRUE
2026-08-07 00:39:45.788,AOI-PEP-01-UL,1260803060000,126080306000012074,TRUE
2026-08-07 00:39:44.188,WIR-Decoatbake-01-L,1260622080000,12606220800002B019,TRUE
2026-08-07 00:39:44.845,WIR-LDI-01-UL,,12607060550002B006,TRUE
2026-08-07 00:39:44.074,SMK-SPR-01-L,1260622030000,126062203000001066/0,TRUE
2026-08-07 00:39:44.619,LAM-BOP-03-L,1260704001010,12607040010003A121,TRUE
2026-08-07 00:39:43.866,LAM-BOP-01-L,1260801143000,126080114000002021,TRUE
2026-08-07 00:39:42.308,LIN-INNTRE-02-UL-2,,126080509400014018,TRUE
2026-08-07 00:39:41.839,LIN-INNTRE-02-UL-1,,126080509400014019,TRUE
2026-08-07 00:39:42.877,ELC-RED-01-UL,1260715048000,126070304800001056,TRUE
2026-08-07 00:39:39.032,CPP-Horizontalplating-01-UL,1260709001010,126071502200058015,TRUE
2026-08-07 00:39:38.876,CPP-Horizontalplating-01-L,1260718160000,126071816000058052,TRUE
2026-08-07 00:39:33.096,AOI-RESAOI-01-UL,1260720026020,126072002600001074,TRUE
2026-08-07 00:39:38.319,LIN-INNDES-01-UL,1260803062000,126080306200004075,TRUE
2026-08-07 00:39:33.026,ELC-PUL-02-UL,1260629073000,126062907300001065,TRUE
2026-08-07 00:39:27.610,WIR-LDI-01-L,,12607060550002B048,TRUE
2026-08-07 00:39:32.688,WIR-Decoatbake-01-UL,1260715023003,126071502300358804,TRUE
2026-08-07 00:39:27.001,WIR-Pretreatment-01-L,1260715023002,126071502300258285,TRUE
2026-08-07 00:38:08.172,ELC-RED-01-L,1260703048000,126070304800001005,TRUE
2026-08-07 00:38:04.297,ELC-TRE-01-UL,1260718124000,126071812400001009,TRUE
2026-08-07 00:39:57.064,WIR-LDI-01-L,,12607060550002B047,TRUE
2026-08-07 00:39:57.632,LAM-BOP-01-L,1260801143000,126080114000002022,TRUE
2026-08-07 00:39:58.132,AOI-PEP-01-UL,1260803060000,126080306000012076,TRUE
2026-08-07 00:39:56.538,AOI-PEP-01-L,1260803060000,126080306000012080,TRUE
2026-08-07 00:39:56.237,AOI-RESAOI-01-UL,1260720026020,126072002600001054,TRUE
2026-08-07 00:39:51.366,LIN-INNDES-01-UL,1260803062000,126080306200004041,TRUE
2026-08-07 00:39:51.559,ELC-TRE-01-UL,1260718124000,Error_202608070739515596,FALSE
2026-08-07 00:39:49.246,SMK-TUN-01-UL,1260616078000,126071001900001027,TRUE
2026-08-07 00:39:38.876,CPP-Horizontalplating-01-L,1260718160000,126071816000058052,TRUE
2026-08-07 00:39:13.775,SMK-TUN-01-L,1260622072000,126062207200001017,TRUE
2026-08-07 00:40:14.407,WIR-LDI-01-UL,,12607060550002B009,TRUE
2026-08-07 00:40:14.335,LIN-INNDES-01-UL,1260803062000,126080306700002056,TRUE
2026-08-07 00:40:13.923,CPP-Patternplating-01-L,1260616092010,12606160920001C214,TRUE
2026-08-07 00:40:11.482,LIN-INNTRE-02-UL-1,,Error_202608070740114822,FALSE
2026-08-07 00:40:13.325,SMK-TUN-01-UL,1260616078000,126071001900001041,TRUE
2026-08-07 00:40:11.876,CPP-Horizontalplating-01-L,1260718160000,126072501300400114,TRUE
2026-08-07 00:40:11.132,LAM-BOP-01-L,1260801143000,126080114000002023,TRUE
2026-08-07 00:40:11.035,LIN-OUTTRE-01-UL,,126070409100001039,TRUE
2026-08-07 00:40:08.279,LIN-INNTRE-02-UL-2,,126080509400014020,TRUE
2026-08-07 00:40:10.270,AOI-RESAOI-01-L,1260720026020,126072002600001018,TRUE
2026-08-07 00:40:08.194,AOI-PEP-01-UL,1260803060000,126080306000012078,TRUE
2026-08-07 00:40:02.954,CPP-Horizontalplating-01-UL,1260709001010,126071502200058020,TRUE
2026-08-07 00:40:08.034,ELC-RED-01-UL,1260715048000,126070304800001023,TRUE
2026-08-07 00:40:05.595,WIR-Pretreatment-01-L,1260715023002,126071502300258275,TRUE
2026-08-07 00:40:03.998,LAM-BOP-03-L,1260704001010,12607040010003A131,TRUE
2026-08-07 00:40:06.897,AOI-PEP-01-L,1260803060000,126080306000012022,TRUE
2026-08-07 00:40:00.841,LAM-BOP-03-UL,1260704001010,12607040010003A143,TRUE
2026-08-07 00:40:02.528,SMK-SPR-01-L,1260622030000,126062203000001061,TRUE
2026-08-07 00:40:00.074,ELC-PUL-02-L,1260715060020,126071506000001061,TRUE
2026-08-07 00:40:01.288,GLD-RinseENEPIG-01-UL,,12606100020001C114,TRUE
2026-08-07 00:39:59.310,ELC-TRE-01-UL,1260718124000,Error_202608070739593106,FALSE
2026-08-07 00:39:44.188,WIR-Decoatbake-01-L,1260622080000,12606220800002B019,TRUE
2026-08-07 00:39:18.918,LIN-INNLDI-03-L,1260804008000,126080407600010077,TRUE
2026-08-07 00:31:48.611,ELC-DEP-01-L,1260711018000,126071101800001045,TRUE
2026-08-07 00:40:35.901,GLD-RinseENEPIG-01-UL,,12606100020001C104,TRUE
2026-08-07 00:40:35.357,SMK-SPR-01-L,1260622030000,126062203000001080,TRUE
2026-08-07 00:40:35.313,LIN-INNTRE-02-UL-2,,126080509400014022,TRUE
2026-08-07 00:40:33.491,AOI-RESAOI-01-L,1260720026020,126072002600001031,TRUE
2026-08-07 00:40:32.911,ELC-RED-01-UL,1260715048000,126070304800001075,TRUE
2026-08-07 00:40:32.882,LIN-OUTTRE-01-UL,,126070409100001054,TRUE
2026-08-07 00:40:29.670,SMK-TUN-01-L,1260622072000,126062207200001061,TRUE
2026-08-07 00:40:29.284,CPP-Horizontalplating-01-L,1260718160000,126072501300400113,TRUE
2026-08-07 00:40:26.549,WIR-LDI-01-L,,12607060550002B038,TRUE
2026-08-07 00:40:27.601,AOI-PEP-01-L,1260803060000,126080306000012026,TRUE
2026-08-07 00:40:26.674,CPP-Horizontalplating-01-UL,1260709001010,126071502200058007,TRUE
2026-08-07 00:40:28.883,AOI-PEP-01-UL,1260803060000,126080306000012022,TRUE
2026-08-07 00:40:24.695,LIN-INNDES-01-UL,1260803062000,126080306700002058,TRUE
2026-08-07 00:40:26.437,ELC-TRE-01-UL,1260718124000,126071812400001041,TRUE
2026-08-07 00:40:23.686,LAM-BOP-03-L,1260704001010,12607040010003A156,TRUE
2026-08-07 00:40:25.242,LAM-BOP-01-L,1260801143000,126080114000002024,TRUE
2026-08-07 00:40:20.201,LAM-BOP-03-UL,1260704001010,12607040010003A176,TRUE
2026-08-07 00:40:19.921,ELC-PUL-02-UL,1260629073000,126062907300001026,TRUE
2026-08-07 00:40:18.880,AOI-RESAOI-01-UL,1260720026020,126072002600001073,TRUE
2026-08-07 00:40:17.079,WIR-Decoatbake-01-UL,1260715023003,126071502300358809,TRUE
2026-08-07 00:31:48.611,ELC-DEP-01-L,1260711018000,126071101800001045,TRUE
2026-08-07 00:40:55.897,WIR-LDI-01-L,,12607060550002B053,TRUE
2026-08-07 00:40:54.562,SMK-TUN-01-UL,1260616078000,126071001900001016,TRUE
2026-08-07 00:40:53.140,SMK-SPR-01-L,1260622030000,126062203000001067/0,TRUE
2026-08-07 00:40:52.947,LAM-BOP-01-L,1260801143000,126080114000002026,TRUE
2026-08-07 00:40:50.473,CPP-Horizontalplating-01-UL,1260709001010,126071502200058021,TRUE
2026-08-07 00:40:48.979,AOI-PEP-01-UL,1260803060000,126080306000012026,TRUE
2026-08-07 00:40:47.791,AOI-PEP-01-L,1260803060000,126080306000012030,TRUE
2026-08-07 00:40:48.108,SMK-TUN-01-L,1260622072000,126062207200001047,TRUE
2026-08-07 00:40:46.422,ELC-PUL-02-L,1260715060020,126071506000001003,TRUE
2026-08-07 00:40:43.957,WIR-LDI-01-UL,,12607060550002B002,TRUE
2026-08-07 00:40:44.176,WIR-Pretreatment-01-L,1260715023002,126071502300258281,TRUE
2026-08-07 00:40:42.666,LIN-INNDES-01-UL,1260803062000,126080305600004079,TRUE
2026-08-07 00:40:42.641,ELC-TRE-01-UL,1260718124000,126071812400001012,TRUE
2026-08-07 00:40:39.016,LAM-BOP-03-UL,1260704001010,12607040010003A148,TRUE
2026-08-07 00:40:42.251,LAM-BOP-03-L,1260704001010,12607040010003A171,TRUE
2026-08-07 00:40:41.913,AOI-RESAOI-01-UL,1260720026020,126072002600001047,TRUE
2026-08-07 00:40:38.282,LIN-INNTRE-02-UL-1,,Error_202608070740382821,FALSE
2026-08-07 00:40:32.882,LIN-OUTTRE-01-UL,,126070409100001054,TRUE
2026-08-07 00:37:45.246,ELC-TRE-01-L,1260718124000,126071812400001031,TRUE
2026-08-07 00:41:14.554,CPP-Horizontalplating-01-UL,1260709001010,126071502200058022,TRUE
2026-08-07 00:41:13.304,WIR-LDI-01-UL,,12607060550002B005,TRUE
2026-08-07 00:41:12.770,ELC-TRE-01-UL,1260718124000,126071812400001051,TRUE
2026-08-07 00:41:11.543,LIN-INNDES-01-UL,1260803062000,126080306500010023,TRUE
2026-08-07 00:41:10.251,SMK-TUN-01-L,1260622072000,126062207200001025,TRUE
2026-08-07 00:41:10.023,CPP-Horizontalplating-01-L,1260718160010,126072501300400074,TRUE
2026-08-07 00:41:09.793,AOI-PEP-01-UL,1260803060000,126080306000012030,TRUE
2026-08-07 00:41:09.340,AOI-PEP-01-L,1260803060000,126080306000012034,TRUE
2026-08-07 00:41:07.632,CPP-Patternplating-01-L,1260616092010,12606160920001C207,TRUE
2026-08-07 00:41:06.085,WIR-DES-01-UL,1260624087280,126071816300067013,TRUE
2026-08-07 00:41:06.143,ELC-PUL-02-UL,1260629073000,126062907300001076,TRUE
2026-08-07 00:41:06.292,LAM-BOP-01-L,1260801143000,126080114000002027,TRUE
2026-08-07 00:41:03.049,LIN-INNTRE-02-UL-2,,126080509400014024,TRUE
2026-08-07 00:41:01.658,LAM-BOP-03-L,1260704001010,12607040010003A124,TRUE
2026-08-07 00:41:04.760,AOI-RESAOI-01-UL,1260720026020,126072002600001018,TRUE
2026-08-07 00:40:58.658,LAM-BOP-03-UL,1260704001010,12607040010003A177,TRUE
2026-08-07 00:40:58.146,ELC-RED-01-UL,1260715048000,126070304800001078,TRUE
2026-08-07 00:40:56.149,AOI-RESAOI-01-L,1260720026020,126072002600001028,TRUE
2026-08-07 00:40:38.282,LIN-INNTRE-02-UL-1,,Error_202608070740382821,FALSE
2026-08-07 00:41:40.766,AOI-PEP-01-UL,1260803060000,126080306000012036,TRUE
2026-08-07 00:41:40.081,LAM-BOP-03-L,1260704001010,12607040010003A166,TRUE
2026-08-07 00:41:39.421,LIN-INNDES-01-UL,1260803062000,126080305200008079,TRUE
2026-08-07 00:41:39.843,AOI-PEP-01-L,1260803060000,126080306000012040,TRUE
2026-08-07 00:41:36.378,LAM-BOP-03-UL,1260704001010,126070400100049163,TRUE
2026-08-07 00:41:33.811,LAM-BOP-01-L,1260801143000,126080114000002034,TRUE
2026-08-07 00:41:38.199,CPP-Horizontalplating-01-UL,1260709001010,126071502200058002,TRUE
2026-08-07 00:41:33.691,SMK-SPR-01-L,1260622030000,126062203000001058/0,TRUE
2026-08-07 00:41:33.256,ELC-PUL-02-L,1260715060020,126071506000001056,TRUE
2026-08-07 00:41:29.052,ELC-TRE-01-UL,1260718124000,126071812400001031,TRUE
2026-08-07 00:41:28.456,SMK-TUN-01-L,1260622072000,126062207200001035,TRUE
2026-08-07 00:41:30.694,LIN-INNLDI-03-L,1260804008000,126080407600010078,TRUE
2026-08-07 00:41:27.701,AOI-RESAOI-01-UL,1260720026020,126072002600001031,TRUE
2026-08-07 00:41:25.666,WIR-LDI-01-L,,12607060550002B052,TRUE
2026-08-07 00:41:24.009,CPP-Horizontalplating-01-L,1260718160010,126072501300400081,TRUE
2026-08-07 00:41:23.775,WIR-Pretreatment-01-L,1260715023002,126071502300258298,TRUE
2026-08-07 00:41:23.320,ELC-RED-01-UL,1260715048000,126070304800001055,TRUE
2026-08-07 00:41:19.518,SMK-TUN-01-UL,1260616078000,126071001900001031,TRUE
2026-08-07 00:41:18.917,AOI-RESAOI-01-L,1260720026020,126072002600001044,TRUE
2026-08-07 00:41:15.686,GLD-RinseENEPIG-01-UL,,12606100020001C118,TRUE
2026-08-07 00:41:59.347,AOI-PEP-01-UL,1260803060000,126080306000012040,TRUE
2026-08-07 00:41:59.364,LAM-BOP-03-L,1260704001010,12607040010003A179,TRUE
2026-08-07 00:41:57.710,ELC-TRE-01-UL,1260718124000,126071812400001023,TRUE
2026-08-07 00:41:56.707,LAM-BOP-03-UL,1260704001010,12607040010003A139,TRUE
2026-08-07 00:41:55.081,LIN-INNDES-01-UL,1260803062000,126080305100006079,TRUE
2026-08-07 00:41:55.249,WIR-LDI-01-L,,12607060550002B041,TRUE
2026-08-07 00:41:53.706,GLD-RinseENEPIG-01-UL,,12606100020001C061,TRUE
2026-08-07 00:41:52.679,ELC-PUL-02-UL,1260629073000,126062907300001074,TRUE
2026-08-07 00:41:52.365,SMK-SPR-01-L,1260622030000,126062203000001048,TRUE
2026-08-07 00:41:50.242,LIN-INNLDI-03-L,1260804008000,126080407600010079,TRUE
2026-08-07 00:41:50.950,AOI-RESAOI-01-UL,1260720026020,126072002600001028,TRUE
2026-08-07 00:41:49.485,AOI-PEP-01-L,1260803060000,126080306000012042,TRUE
2026-08-07 00:41:48.583,ELC-DEP-01-L,1260711018000,126071101800001061,TRUE
2026-08-07 00:41:48.320,ELC-RED-01-UL,1260715048000,126070304800001060,TRUE
2026-08-07 00:41:47.923,LAM-BOP-01-L,1260801143000,126080114000002033,TRUE
2026-08-07 00:41:46.983,CPP-Horizontalplating-01-L,1260718160010,126071816000058179,TRUE
2026-08-07 00:41:46.264,WIR-DES-01-UL,1260624087280,126071816300067012,TRUE
2026-08-07 00:41:42.887,WIR-LDI-01-UL,,12607060550002B004,TRUE
2026-08-07 00:40:17.079,WIR-Decoatbake-01-UL,1260715023003,126071502300358809,TRUE
2026-08-07 00:41:42.106,AOI-RESAOI-01-L,1260720026020,126072002600001037,TRUE
2026-08-07 00:30:27.321,LAM-BOP-02-L,1260803013000,126080301900002019,TRUE
2026-08-07 00:42:22.271,LIN-INNDES-01-UL,1260803062000,126080305700006071,TRUE
2026-08-07 00:42:20.886,ELC-TRE-01-UL,1260718124000,126071812400001022,TRUE
2026-08-07 00:42:19.434,ELC-PUL-02-L,1260715060020,126071506000001027,TRUE
2026-08-07 00:42:20.283,WIR-Decoatbake-01-L,1260622080000,12606220800002B021,TRUE
2026-08-07 00:42:18.865,LAM-BOP-03-L,1260704001010,12607040010003A145,TRUE
2026-08-07 00:42:16.177,AOI-PEP-01-L,1260803060000,126080306000012044,TRUE
2026-08-07 00:42:15.818,LAM-BOP-03-UL,1260704001010,12607040010003A167,TRUE
2026-08-07 00:42:16.105,SMK-TUN-01-L,1260622072000,126062207200001033,TRUE
2026-08-07 00:42:15.739,LAM-BOP-01-L,1260801143000,126080114000002001,TRUE
2026-08-07 00:42:13.874,AOI-RESAOI-01-UL,1260720026020,126072002600001044,TRUE
2026-08-07 00:42:13.461,ELC-RED-01-UL,1260715048000,126070304800001059,TRUE
2026-08-07 00:42:12.282,WIR-LDI-01-UL,,12607060550002B055,TRUE
2026-08-07 00:42:10.814,CPP-Horizontalplating-01-L,1260718160010,126071816000058177,TRUE
2026-08-07 00:42:11.262,LIN-INNLDI-03-L,1260804008000,126080407600010080,TRUE
2026-08-07 00:42:09.145,AOI-PEP-01-UL,1260803060000,126080306000012042,TRUE
2026-08-07 00:42:08.870,SMK-SPR-01-L,1260622030000,126062203000001003/0,TRUE
2026-08-07 00:42:06.157,WIR-SE-01-L,1260731061120,126073106100069016,TRUE
2026-08-07 00:42:01.406,WIR-Pretreatment-01-L,1260715023002,126071502300258297,TRUE
2026-08-07 00:42:01.656,CPP-Patternplating-01-L,1260616092010,12606160920001C210,TRUE
2026-08-07 00:42:02.094,CPP-Horizontalplating-01-UL,1260709001010,126071502200058023,TRUE
2026-08-07 00:41:46.264,WIR-DES-01-UL,1260624087280,126071816300067012,TRUE
2026-08-07 00:42:00.727,SMK-TUN-01-UL,1260616078000,126071001900001070,TRUE
2026-08-07 00:41:48.583,ELC-DEP-01-L,1260711018000,126071101800001061,TRUE
2026-08-07 00:42:42.969,SMK-SPR-01-L,1260622030000,126062203000001010/0,TRUE
2026-08-07 00:42:41.754,WIR-LDI-01-UL,,12607060550002B054,TRUE
2026-08-07 00:42:39.847,WIR-Pretreatment-01-L,1260715023002,126071502300258276,TRUE
2026-08-07 00:42:39.092,ELC-TRE-01-L,1260718124020,126071812400001011,TRUE
2026-08-07 00:42:39.045,ELC-PUL-02-UL,1260629073000,126062907300001040,TRUE
2026-08-07 00:42:38.568,LAM-BOP-03-L,1260704001010,12607040010003A130,TRUE
2026-08-07 00:42:38.435,ELC-RED-01-UL,1260715048000,126070304800001011,TRUE
2026-08-07 00:42:37.616,LAM-BOP-01-L,1260801143000,126080114000002003,TRUE
2026-08-07 00:42:34.896,LAM-BOP-03-UL,1260704001010,12607040010003A138,TRUE
2026-08-07 00:42:35.663,AOI-PEP-01-UL,1260803060000,126080306000012044,TRUE
2026-08-07 00:42:37.269,AOI-RESAOI-01-UL,1260720026020,126072002600001037,TRUE
2026-08-07 00:42:36.851,AOI-PEP-01-L,1260803060000,126080306000012048,TRUE
2026-08-07 00:42:34.296,SMK-TUN-01-L,1260622072000,126062207200001026,TRUE
2026-08-07 00:42:29.489,GLD-RinseENEPIG-01-UL,,12606100020001C119,TRUE
2026-08-07 00:42:34.232,ELC-TRE-01-UL,1260718124000,126071812400001034,TRUE
2026-08-07 00:42:34.190,CPP-Horizontalplating-01-L,1260718160010,126071816000058121,TRUE
2026-08-07 00:42:25.703,SMK-TUN-01-UL,1260616078000,126071001900001067,TRUE
2026-08-07 00:42:26.018,CPP-Horizontalplating-01-UL,1260709001010,126071502200058003,TRUE
2026-08-07 00:42:24.580,WIR-LDI-01-L,,12607060550002B040,TRUE
2026-08-07 00:43:03.297,ELC-RED-01-UL,1260715048000,126070304800001058,TRUE
2026-08-07 00:43:04.314,SMK-TUN-01-UL,1260616078000,126071001900001054,TRUE
2026-08-07 00:42:57.817,CPP-Horizontalplating-01-L,1260718160010,126071816000058122,TRUE
2026-08-07 00:42:59.370,LAM-BOP-01-L,1260801143000,126080114000002002,TRUE
2026-08-07 00:42:57.618,LAM-BOP-03-L,1260704001010,12607040010003A127,TRUE
2026-08-07 00:42:56.587,AOI-PEP-01-UL,1260803060000,126080306000012048,TRUE
2026-08-07 00:42:56.650,AOI-PEP-01-L,1260803060000,126080306000012006,TRUE
2026-08-07 00:42:56.004,WIR-Decoatbake-01-L,1260622080000,12606220800002B023,TRUE
2026-08-07 00:42:54.895,CPP-Patternplating-01-L,1260616092010,12606160920001C209,TRUE
2026-08-07 00:42:54.507,LAM-BOP-03-UL,1260704001010,12607040010003A140,TRUE
2026-08-07 00:42:54.735,ELC-TRE-01-L,1260718124020,126071812400001030,TRUE
2026-08-07 00:42:54.379,WIR-LDI-01-L,,12607060550002B039,TRUE
2026-08-07 00:42:53.364,CPP-Patternplating-01-UL,,126072501100400118,TRUE
2026-08-07 00:42:49.645,CPP-Horizontalplating-01-UL,1260709001010,126071502200058004,TRUE
2026-08-07 00:42:51.087,LIN-INNDES-01-UL,1260803062000,126080305700006070,TRUE
2026-08-07 00:42:46.874,ELC-TRE-01-UL,1260718124000,126071812400001010,TRUE
2026-08-07 00:41:46.264,WIR-DES-01-UL,1260624087280,126071816300067012,TRUE
2026-08-07 00:41:42.106,AOI-RESAOI-01-L,1260720026020,126072002600001037,TRUE
2026-08-07 00:37:44.006,LAM-BOP-02-UL,1260803013000,126080301900002019,TRUE
2026-08-07 00:35:51.694,LIN-OUTVAP-01-UL,,12606160910001C232,TRUE
2026-08-07 00:43:23.460,WIR-LDI-01-L,,12607060550002B045,TRUE
2026-08-07 00:43:21.600,CPP-Horizontalplating-01-L,1260718160010,126071816000058123,TRUE
2026-08-07 00:43:21.429,SMK-TUN-01-L,1260622072000,126062207200001006,TRUE
2026-08-07 00:43:19.188,LIN-INNTRE-02-UL-1,,126080509100020001,TRUE
2026-08-07 00:43:18.460,WIR-Pretreatment-01-L,1260715023002,126071502300258289,TRUE
2026-08-07 00:43:17.653,AOI-PEP-01-L,1260803060000,126080306000012014,TRUE
2026-08-07 00:43:18.481,AOI-PEP-01-UL,1260803060000,126080306000012006,TRUE
2026-08-07 00:43:16.481,LAM-BOP-03-L,1260704001010,12607040010003A128,TRUE
2026-08-07 00:43:14.105,LAM-BOP-03-UL,1260704001010,12607040010003A154,TRUE
2026-08-07 00:43:13.724,CPP-Horizontalplating-01-UL,1260709001010,126071502200058005,TRUE
2026-08-07 00:43:11.778,LIN-INNDES-01-UL,1260803062000,126080101700006036,TRUE
2026-08-07 00:43:12.122,LAM-BOP-01-L,1260801143000,126080114000002036,TRUE
2026-08-07 00:43:11.318,WIR-LDI-01-UL,,12607060550002B003,TRUE
2026-08-07 00:43:11.144,ELC-TRE-01-L,1260718124020,126071812400001040,TRUE
2026-08-07 00:43:10.362,LIN-INNLDI-03-L,1260804008000,ERROR_202608070743103623,TRUE
2026-08-07 00:43:05.734,ELC-PUL-02-L,1260715060020,126071506000001036,TRUE
2026-08-07 00:43:05.634,GLD-RinseENEPIG-01-UL,,12606100020001C120,TRUE
2026-08-07 00:42:37.269,AOI-RESAOI-01-UL,1260720026020,126072002600001037,TRUE
2026-08-07 00:41:48.583,ELC-DEP-01-L,1260711018000,126071101800001061,TRUE
2026-08-07 00:43:35.673,LAM-BOP-03-L,1260704001010,12607040010003A136,TRUE
2026-08-07 00:43:33.062,LAM-BOP-03-UL,1260704001010,12607040010003A137,TRUE
2026-08-07 00:43:32.432,WIR-Decoatbake-01-L,1260622080000,12606220800002B054,TRUE
2026-08-07 00:43:29.977,SMK-TUN-01-UL,1260616078000,126071001900001065,TRUE
2026-08-07 00:43:29.893,LIN-INNTRE-02-UL-1,,Error_202608070743298931,FALSE
2026-08-07 00:43:27.911,ELC-DEP-01-L,1260711018000,126071101800001021,TRUE
2026-08-07 00:43:27.561,AOI-PEP-01-L,1260803060000,126080306000012016,TRUE
2026-08-07 00:43:28.724,ELC-RED-01-UL,1260715048000,126070304800001062,TRUE
2026-08-07 00:43:26.936,AOI-PEP-01-UL,1260803060000,126080306000012012,TRUE
2026-08-07 00:43:26.692,ELC-TRE-01-L,1260718124020,126071812400001056,TRUE
2026-08-07 00:43:25.313,ELC-PUL-02-UL,1260629073000,126062907300001022,TRUE
2026-08-07 00:43:26.029,LAM-BOP-01-L,1260801143000,126080114000002004,TRUE
2026-08-07 00:43:24.550,LIN-INNLDI-03-L,1260804008000,ERROR_202608070743245500,TRUE
2026-08-07 00:42:46.874,ELC-TRE-01-UL,1260718124000,126071812400001010,TRUE
2026-08-07 00:43:53.695,ELC-RED-01-UL,1260715048000,126070304800001028,TRUE
2026-08-07 00:43:53.014,WIR-LDI-01-L,,12607060550002B154,TRUE
2026-08-07 00:43:52.314,LAM-BOP-03-UL,1260704001010,12607040010003A151,TRUE
2026-08-07 00:43:53.735,LAM-BOP-01-L,1260801143000,126080113300002015,TRUE
2026-08-07 00:43:49.234,AOI-PEP-01-UL,1260803060000,126080306000012016,TRUE
2026-08-07 00:43:48.920,CPP-Patternplating-01-L,1260616092010,12606160920001C206,TRUE
2026-08-07 00:43:52.223,ELC-PUL-02-L,1260715060020,126071506000001047,TRUE
2026-08-07 00:43:45.660,LIN-INNTRE-02-UL-2,,126080509100020002,TRUE
2026-08-07 00:43:48.828,AOI-PEP-01-L,1260803060000,126080306000012007,TRUE
2026-08-07 00:43:46.785,LIN-INNTRE-02-UL-1,,Error_202608070743467859,FALSE
2026-08-07 00:43:46.951,CPP-Patternplating-01-UL,,126072501100400034,TRUE
2026-08-07 00:43:45.475,LIN-INNLDI-03-L,1260804008000,ERROR_202608070743454752,TRUE
2026-08-07 00:43:42.152,GLD-RinseENEPIG-01-UL,,12606100020001C062,TRUE
2026-08-07 00:43:43.490,ELC-TRE-01-L,1260718124020,126071812400001057,TRUE
2026-08-07 00:43:40.621,WIR-LDI-01-UL,,12607060550002B031,TRUE
2026-08-07 00:43:44.856,CPP-Horizontalplating-01-L,1260718160010,126071816000058124,TRUE
2026-08-07 00:43:39.680,SMK-TUN-01-L,1260622072000,126062207200001003,TRUE
2026-08-07 00:43:37.715,CPP-Horizontalplating-01-UL,1260709001010,126071502200058006,TRUE
2026-08-07 00:43:27.911,ELC-DEP-01-L,1260711018000,126071101800001021,TRUE
2026-08-07 00:43:38.405,LIN-OUTTRE-01-UL,,126070409100001002,TRUE
2026-08-07 00:42:06.157,WIR-SE-01-L,1260731061120,126073106100069016,TRUE
2026-08-07 00:44:15.479,ELC-TRE-01-L,1260718124020,126071812400001058,TRUE
2026-08-07 00:44:14.224,LIN-INNTRE-02-UL-2,,126080509100020004,TRUE
2026-08-07 00:44:12.306,LIN-INNLDI-03-L,1260804008000,126080407700012001,TRUE
2026-08-07 00:44:14.223,LAM-BOP-03-L,1260704001010,12607040010003A141,TRUE
2026-08-07 00:44:11.644,LAM-BOP-03-UL,1260704001010,12607040010003A152,TRUE
2026-08-07 00:44:12.115,ELC-PUL-02-UL,1260629073000,126062907300001041,TRUE
2026-08-07 00:44:10.214,SMK-TUN-01-UL,1260616078000,126071001900001014,TRUE
2026-08-07 00:44:10.109,WIR-LDI-01-UL,,12607060550002B057,TRUE
2026-08-07 00:44:09.252,AOI-PEP-01-UL,1260803060000,126080306000012007,TRUE
2026-08-07 00:44:09.749,WIR-Decoatbake-01-L,1260622080000,12606220800002B058,TRUE
2026-08-07 00:44:08.499,CPP-Horizontalplating-01-L,1260718160010,126071816000058126,TRUE
2026-08-07 00:44:08.423,AOI-PEP-01-L,1260803060000,126080306000012057,TRUE
2026-08-07 00:44:07.307,SMK-SPR-01-L,1260622030000,126062203000001058,TRUE
2026-08-07 00:44:07.689,LAM-BOP-01-L,1260801143000,126080114000002012,TRUE
2026-08-07 00:43:59.221,LIN-OUTTRE-01-UL,,126070409100001038,TRUE
2026-08-07 00:44:01.233,CPP-Horizontalplating-01-UL,1260709001010,126071502200058008,TRUE
2026-08-07 00:41:46.264,WIR-DES-01-UL,1260624087280,126071816300067012,TRUE
2026-08-07 00:43:27.911,ELC-DEP-01-L,1260711018000,126071101800001021,TRUE
2026-08-07 00:43:57.014,WIR-Pretreatment-01-L,1260715023002,126071502300258291,TRUE
2026-08-07 00:44:35.526,LIN-INNLDI-03-L,1260804008000,ERROR_202608070744355260,TRUE
2026-08-07 00:44:35.972,LAM-BOP-01-L,1260801143000,126080114000002016,TRUE
2026-08-07 00:44:35.594,WIR-Pretreatment-01-L,1260715023002,126071502300258283,TRUE
2026-08-07 00:44:35.029,SMK-TUN-01-UL,1260616078000,126071001900001049,TRUE
2026-08-07 00:44:33.304,LAM-BOP-03-L,1260704001010,12607040010003A159,TRUE
2026-08-07 00:44:31.585,LIN-INNTRE-02-UL-2,,126080509100020008,TRUE
2026-08-07 00:44:32.031,CPP-Horizontalplating-01-L,1260718160010,126071816000058125,TRUE
2026-08-07 00:44:31.568,AOI-RESAOI-01-UL,1260720026020,126072002600001015,TRUE
2026-08-07 00:44:31.206,AOI-PEP-01-UL,1260803060000,126080306000012057,TRUE
2026-08-07 00:44:31.390,ELC-TRE-01-L,1260718124020,126071812400001032,TRUE
2026-08-07 00:44:30.726,LAM-BOP-03-UL,1260704001010,12607040010003A160,TRUE
2026-08-07 00:44:29.737,AOI-PEP-01-L,1260803060000,126080306000012061,TRUE
2026-08-07 00:44:27.326,SMK-TUN-01-L,1260622072000,126062207200001044,TRUE
2026-08-07 00:44:23.826,SMK-SPR-01-L,1260622030000,126062203000001027/0,TRUE
2026-08-07 00:44:25.047,CPP-Horizontalplating-01-UL,1260709001010,126071502200058009,TRUE
2026-08-07 00:44:22.468,WIR-LDI-01-L,,12607060550002B043,TRUE
2026-08-07 00:44:21.988,LIN-OUTTRE-01-UL,,126070409100001004,TRUE
2026-08-07 00:44:20.268,GLD-RinseENEPIG-01-UL,,12606100020001C208,TRUE
2026-08-07 00:44:19.013,ELC-RED-01-UL,1260715048000,126070304800001079,TRUE
2026-08-07 00:43:52.223,ELC-PUL-02-L,1260715060020,126071506000001047,TRUE
2026-08-07 00:43:48.920,CPP-Patternplating-01-L,1260616092010,12606160920001C206,TRUE
2026-08-07 00:44:58.163,GLD-RinseENEPIG-01-UL,,12606100020001C194,TRUE
2026-08-07 00:44:58.277,ELC-PUL-02-UL,1260629073000,126062907300001077,TRUE
2026-08-07 00:44:54.215,LIN-INNLDI-03-L,1260804008000,ERROR_202608070744542152,TRUE
2026-08-07 00:44:55.784,CPP-Horizontalplating-01-L,1260718160010,126071816000058128,TRUE
2026-08-07 00:44:52.353,LAM-BOP-03-L,1260704001010,12607040010003A147,TRUE
2026-08-07 00:44:49.822,LAM-BOP-03-UL,1260704001010,12607040010003A144,TRUE
2026-08-07 00:44:50.301,AOI-PEP-01-L,1260803060000,126080306000012065,TRUE
2026-08-07 00:44:49.644,AOI-PEP-01-UL,1260803060000,126080306000012061,TRUE
2026-08-07 00:44:47.424,WIR-Decoatbake-01-L,1260622080000,12606220800002B003,TRUE
2026-08-07 00:44:47.342,ELC-TRE-01-L,1260718124020,126071812400001014,TRUE
2026-08-07 00:44:48.721,CPP-Horizontalplating-01-UL,1260709001010,126071502200058038,TRUE
2026-08-07 00:44:44.346,ELC-RED-01-UL,1260715048000,126070304800001001,TRUE
2026-08-07 00:44:44.303,LIN-OUTTRE-01-UL,,126070409100001005,TRUE
2026-08-07 00:44:42.345,CPP-Patternplating-01-L,1260616092010,12606160920001C205,TRUE
2026-08-07 00:44:42.257,LIN-INNTRE-02-UL-1,,Error_202608070744422572,FALSE
2026-08-07 00:44:41.967,SMK-SPR-01-L,1260622030000,126062203000001003,TRUE
2026-08-07 00:44:31.568,AOI-RESAOI-01-UL,1260720026020,126072002600001015,TRUE
2026-08-07 00:44:40.611,CPP-Patternplating-01-UL,,126071100800400013,TRUE
2026-08-07 00:44:39.439,WIR-LDI-01-UL,,12607060550002B056,TRUE
2026-08-07 00:44:38.507,ELC-PUL-02-L,1260715060020,126071506000001071,TRUE
2026-08-07 00:43:27.911,ELC-DEP-01-L,1260711018000,126071101800001021,TRUE
2026-08-07 00:45:14.145,WIR-Pretreatment-01-L,1260715023002,126071502300258263,TRUE
2026-08-07 00:45:13.098,CPP-Horizontalplating-01-UL,1260709001010,126071502200058039,TRUE
2026-08-07 00:45:10.131,AOI-PEP-01-UL,1260803060000,126080306000012065,TRUE
2026-08-07 00:45:11.792,LAM-BOP-03-L,1260704001010,12607040010003A125,TRUE
2026-08-07 00:45:10.046,LIN-INNLDI-03-L,1260804008000,ERROR_202608070745100465,TRUE
2026-08-07 00:45:09.477,ELC-RED-01-UL,1260715048000,126070304800001041,TRUE
2026-08-07 00:45:09.809,LIN-INNTRE-02-UL-2,,126080509100020010,TRUE
2026-08-07 00:45:09.120,LAM-BOP-03-UL,1260704001010,126070400100049145,TRUE
2026-08-07 00:45:05.809,LIN-INNTRE-02-UL-1,,126080509100020009,TRUE
2026-08-07 00:45:06.946,LIN-OUTTRE-01-UL,,126070409100001007,TRUE
2026-08-07 00:45:08.926,WIR-LDI-01-UL,,12607060550002B051,TRUE
2026-08-07 00:45:03.250,ELC-TRE-01-L,1260718124020,126071812400001060,TRUE
2026-08-07 00:45:00.880,AOI-PEP-01-L,1260803060000,126080306000012067,TRUE
2026-08-07 00:14:49.772,WIR-Pretreatment-01-UL,2260525067000,226052506700018006,TRUE
2026-08-07 00:45:02.423,SMK-TUN-01-L,1260622072000,126062207200001011,TRUE
2026-08-07 00:15:38.516,SMK-TRE-01-L,1260622024030,126062202400001068,TRUE
2026-08-07 00:45:20.438,LIN-INNLDI-03-L,1260804008000,126080407700012005,TRUE
2026-08-07 00:45:24.208,WIR-Decoatbake-01-L,1260622080000,12606220800002B049,TRUE
2026-08-07 00:45:24.660,ELC-PUL-02-L,1260715060020,126071506000001035,TRUE
2026-08-07 00:45:19.380,CPP-Horizontalplating-01-L,1260718160010,126071816000058127,TRUE
2026-08-07 00:45:19.272,AOI-PEP-01-L,1260803060000,126080306000012069,TRUE
2026-08-07 00:45:19.002,ELC-TRE-01-L,1260718124020,126071812400001003,TRUE
2026-08-07 00:45:16.080,SMK-TUN-01-UL,1260616078000,126071001900001044,TRUE
2026-08-07 00:45:43.691,LIN-INNLDI-03-L,1260804008000,ERROR_202608070745436915,TRUE
2026-08-07 00:45:44.772,ELC-PUL-02-UL,1260629073000,126062907300001030,TRUE
2026-08-07 00:45:43.163,CPP-Horizontalplating-01-L,1260718160010,126071816000058130,TRUE
2026-08-07 00:45:42.191,SMK-TUN-01-UL,1260616078000,126071001900001080,TRUE
2026-08-07 00:45:42.333,LIN-INNTRE-02-UL-2,,126080509100020012,TRUE
2026-08-07 00:45:38.286,WIR-LDI-01-UL,,12607060550002B048,TRUE
2026-08-07 00:45:39.461,AOI-PEP-01-L,1260803060000,126080306000012073,TRUE
2026-08-07 00:45:38.508,AOI-PEP-01-UL,1260803060000,126080306000012069,TRUE
2026-08-07 00:45:37.364,LIN-INNTRE-02-UL-1,,126080509100020011,TRUE
2026-08-07 00:45:36.458,CPP-Patternplating-01-UL,,126071100800400041,TRUE
2026-08-07 00:45:36.427,CPP-Horizontalplating-01-UL,1260709001010,126071502200058040,TRUE
2026-08-07 00:45:36.791,GLD-RinseENEPIG-01-UL,,12606100020001C210,TRUE
2026-08-07 00:45:34.895,ELC-TRE-01-L,1260718124020,126071812400001018,TRUE
2026-08-07 00:45:34.401,ELC-RED-01-UL,1260715048000,126070304800001044,TRUE
2026-08-07 00:45:36.318,CPP-Patternplating-01-L,1260616092010,12606160920001C208,TRUE
2026-08-07 00:45:31.026,LAM-BOP-03-L,1260704001010,12607040010003A153,TRUE
2026-08-07 00:45:32.893,SMK-TUN-01-L,1260622072000,126062207200001077,TRUE
2026-08-07 00:45:28.776,LAM-BOP-03-UL,1260704001010,12607040010003A172,TRUE
2026-08-07 00:45:29.916,LIN-OUTTRE-01-UL,,126070409100001051,TRUE
2026-08-07 00:44:41.967,SMK-SPR-01-L,1260622030000,126062203000001003,TRUE
2026-08-07 00:46:02.630,LIN-INNLDI-03-L,1260804008000,ERROR_202608070746026301,TRUE
2026-08-07 00:46:01.384,WIR-Decoatbake-01-L,1260622080000,12606220800002B051,TRUE
2026-08-07 00:46:00.776,AOI-PEP-01-UL,1260803060000,126080306000012073,TRUE
2026-08-07 00:45:59.343,ELC-RED-01-UL,1260715048000,126070304800001018,TRUE
2026-08-07 00:46:00.369,CPP-Horizontalplating-01-UL,1260709001010,126071502200058041,TRUE
2026-08-07 00:45:55.499,ELC-RED-01-L,1260703048030,126070304800001070,TRUE
2026-08-07 00:45:59.010,AOI-PEP-01-L,1260803060000,126080306000012077,TRUE
2026-08-07 00:45:52.719,LIN-OUTTRE-01-UL,,126070409100001015,TRUE
2026-08-07 00:45:52.696,WIR-Pretreatment-01-L,1260715023002,126071502300258304,TRUE
2026-08-07 00:45:50.882,ELC-TRE-01-L,1260718124020,126071812400001019,TRUE
2026-08-07 00:45:50.042,LAM-BOP-03-L,1260704001010,12607040010003A134,TRUE
2026-08-07 00:45:47.667,LAM-BOP-03-UL,1260704001010,12607040010003A174,TRUE
2026-08-07 00:45:44.772,ELC-PUL-02-UL,1260629073000,126062907300001030,TRUE
2026-08-07 00:45:42.191,SMK-TUN-01-UL,1260616078000,126071001900001080,TRUE
2026-08-07 00:46:26.168,LAM-BOP-03-UL,1260704001010,12607040010003A165,TRUE
2026-08-07 00:46:24.531,ELC-RED-01-UL,1260715048000,126070304800001052,TRUE
2026-08-07 00:46:24.339,CPP-Horizontalplating-01-UL,1260709001010,126071502200058042,TRUE
2026-08-07 00:46:22.886,ELC-TRE-01-UL,1260718124020,126071812400001011,TRUE
2026-08-07 00:46:21.979,ELC-TRE-01-L,1260718124020,126071812400001013,TRUE
2026-08-07 00:46:19.401,AOI-PEP-01-L,1260803060000,126080306000012011,TRUE
2026-08-07 00:46:17.930,LIN-INNLDI-03-L,1260804008000,ERROR_202608070746179305,TRUE
2026-08-07 00:46:19.760,AOI-PEP-01-UL,1260803060000,126080306000012077,TRUE
2026-08-07 00:46:15.391,LIN-OUTTRE-01-UL,,126070409100001011,TRUE
2026-08-07 00:46:15.281,ELC-RED-01-L,1260703048030,126070304800001038,TRUE
2026-08-07 00:46:15.055,SMK-SPR-01-L,1260622030000,126062203000001073/0,TRUE
2026-08-07 00:46:11.039,ELC-PUL-02-L,1260715060020,126071506000001005,TRUE
2026-08-07 00:46:10.654,GLD-RinseENEPIG-01-UL,,12606100020001C106,TRUE
2026-08-07 00:46:07.541,WIR-LDI-01-UL,,12607060550002B047,TRUE
2026-08-07 00:46:09.465,LAM-BOP-03-L,1260704001010,12607040010003A133,TRUE
2026-08-07 00:46:08.022,SMK-TUN-01-L,1260622072000,126062207200001023,TRUE
2026-08-07 00:46:06.651,CPP-Horizontalplating-01-L,1260718160010,126071816000058129,TRUE
2026-08-07 00:45:42.191,SMK-TUN-01-UL,1260616078000,126071001900001080,TRUE
2026-08-07 00:36:38.326,LIN-OUTTRE-01-L,1260704091020,126070409100001029,TRUE
2026-08-07 00:43:11.778,LIN-INNDES-01-UL,1260803062000,126080101700006036,TRUE
2026-08-07 00:46:45.310,LAM-BOP-03-UL,1260704001010,12607040010003A175,TRUE
2026-08-07 00:46:41.823,SMK-TUN-01-UL,1260616078000,126071001900001023,TRUE
2026-08-07 00:46:40.123,AOI-PEP-01-L,1260803060000,126080306000012025,TRUE
2026-08-07 00:46:40.580,ELC-RED-01-L,1260703048030,126070304800001013,TRUE
2026-08-07 00:46:38.518,LIN-OUTTRE-01-UL,,126070409100001079,TRUE
2026-08-07 00:46:38.495,SMK-TUN-01-L,1260622072000,126062207200001063,TRUE
2026-08-07 00:46:39.748,AOI-PEP-01-UL,1260803060000,126080306000012011,TRUE
2026-08-07 00:46:38.261,WIR-Decoatbake-01-L,1260622080000,12606220800002B053,TRUE
2026-08-07 00:46:38.230,ELC-TRE-01-UL,1260718124020,126071812400001030,TRUE
2026-08-07 00:46:37.964,ELC-TRE-01-L,1260718124020,126071812400001002,TRUE
2026-08-07 00:46:37.011,WIR-LDI-01-UL,,12607060550002B038,TRUE
2026-08-07 00:46:36.898,LIN-INNLDI-03-L,1260804008000,ERROR_202608070746368985,TRUE
2026-08-07 00:46:32.620,WIR-Pretreatment-01-L,1260715023002,126071502300258267,TRUE
2026-08-07 00:46:30.930,ELC-PUL-02-UL,1260629073030,126062907300001016,TRUE
2026-08-07 00:46:29.636,CPP-Patternplating-01-L,1260616092010,12606160920001C201,TRUE
2026-08-07 00:46:30.542,CPP-Horizontalplating-01-L,1260718160010,126071816000058132,TRUE
2026-08-07 00:46:29.056,SMK-SPR-01-L,1260622030000,126062203000001010,TRUE
2026-08-07 00:46:28.730,LAM-BOP-03-L,1260704001010,12607040010003A164,TRUE
2026-08-07 00:43:11.778,LIN-INNDES-01-UL,1260803062000,126080101700006036,TRUE
2026-08-07 00:46:27.667,CPP-Patternplating-01-UL,,12606160920001C094,TRUE
2026-08-07 00:46:56.386,SMK-TUN-01-L,1260622072000,126062207200001076,TRUE
2026-08-07 00:46:54.481,CPP-Horizontalplating-01-L,1260718160010,126071816000058131,TRUE
2026-08-07 00:46:57.543,ELC-PUL-02-L,1260715060020,126071506000001015,TRUE
2026-08-07 00:46:55.092,ELC-TRE-01-UL,1260718124020,126071812400001040,TRUE
2026-08-07 00:46:52.448,LIN-INNLDI-03-L,1260804008000,ERROR_202608070746524485,TRUE
2026-08-07 00:46:50.048,AOI-PEP-01-UL,1260803060000,126080306000012001,TRUE
2026-08-07 00:46:50.033,AOI-PEP-01-L,1260803060000,126080306000012027,TRUE
2026-08-07 00:46:52.701,ELC-TRE-01-L,1260718124020,126071812400001004,TRUE
2026-08-07 00:46:49.909,ELC-RED-01-UL,1260715048000,126070304800001051,TRUE
2026-08-07 00:46:49.683,SMK-SPR-01-L,1260622030000,126062203000001047/0,TRUE
2026-08-07 00:46:48.012,CPP-Horizontalplating-01-UL,1260709001010,126071502200058043,TRUE
2026-08-07 00:46:48.919,LAM-BOP-03-L,1260704001010,12607040010003A161,TRUE
2026-08-07 00:46:47.643,GLD-RinseENEPIG-01-UL,,12606100020001C211,TRUE
2026-08-07 00:46:40.580,ELC-RED-01-L,1260703048030,126070304800001013,TRUE
2026-08-07 00:47:15.227,ELC-RED-01-UL,1260715048000,126070304800001054,TRUE
2026-08-07 00:47:14.950,WIR-Decoatbake-01-L,1260622080000,12606220800002B046,TRUE
2026-08-07 00:47:12.890,ELC-TRE-01-UL,1260718124020,126071812400001056,TRUE
2026-08-07 00:47:14.067,LIN-OUTTRE-01-UL,,126070409100001010,TRUE
2026-08-07 00:47:12.096,AOI-PEP-01-UL,1260803060000,126080306000012027,TRUE
2026-08-07 00:47:12.559,CPP-Horizontalplating-01-UL,1260709001010,126071502200058044,TRUE
2026-08-07 00:47:10.983,LIN-INNLDI-03-L,1260804008000,ERROR_202608070747109831,TRUE
2026-08-07 00:47:09.809,WIR-Pretreatment-01-L,1260715023002,126071502300258266,TRUE
2026-08-07 00:47:11.471,AOI-PEP-01-L,1260803060000,126080306000012033,TRUE
2026-08-07 00:47:08.186,ELC-TRE-01-L,1260718124020,126071812400001001,TRUE
2026-08-07 00:47:07.468,LAM-BOP-03-L,1260704001010,12607040010003A129,TRUE
2026-08-07 00:47:06.356,WIR-LDI-01-UL,,12607060550002B053,TRUE
2026-08-07 00:47:05.852,ELC-RED-01-L,1260703048030,126070304800001057,TRUE
2026-08-07 00:47:05.075,LIN-INNTRE-02-UL-2,,126080509100020014,TRUE
2026-08-07 00:47:04.514,LAM-BOP-03-UL,1260704001010,12607040010003A169,TRUE
2026-08-07 00:47:04.122,LIN-INNTRE-02-UL-1,,Error_202608070747041220,FALSE
2026-08-07 00:47:03.761,SMK-SPR-01-L,1260622030000,126062203000001027,TRUE
2026-08-07 00:46:57.543,ELC-PUL-02-L,1260715060020,126071506000001015,TRUE
2026-08-07 00:43:11.778,LIN-INNDES-01-UL,1260803062000,126080101700006036,TRUE
2026-08-07 00:47:36.357,LIN-INNTRE-02-UL-1,,Error_202608070747363576,FALSE
2026-08-07 00:47:35.687,WIR-LDI-01-UL,,12607060550002B052,TRUE
2026-08-07 00:47:35.843,CPP-Horizontalplating-01-UL,1260709001010,126071502200058060,TRUE
2026-08-07 00:47:34.810,SMK-TUN-01-UL,1260616078000,126071001900001074,TRUE
2026-08-07 00:47:33.319,AOI-PEP-01-UL,1260803060000,126080306000012033,TRUE
2026-08-07 00:47:31.059,ELC-RED-01-L,1260703048030,126070304800001072,TRUE
2026-08-07 00:47:30.763,LIN-INNTRE-02-UL-2,,126080509100020016,TRUE
2026-08-07 00:47:31.912,AOI-PEP-01-L,1260803060000,126080306000012037,TRUE
2026-08-07 00:47:27.814,ELC-TRE-01-UL,1260718124020,126071812400001057,TRUE
2026-08-07 00:47:27.003,LAM-BOP-03-L,1260704001010,12607040010003A132,TRUE
2026-08-07 00:47:26.755,LIN-OUTTRE-01-UL,,126070409100001031,TRUE
2026-08-07 00:47:26.687,LIN-INNLDI-03-L,1260804008000,ERROR_202608070747266873,TRUE
2026-08-07 00:47:23.981,SMK-SPR-01-L,1260622030000,126062203000001060/0,TRUE
2026-08-07 00:47:23.954,ELC-TRE-01-L,1260718124020,126071812400001008,TRUE
2026-08-07 00:47:23.799,LAM-BOP-03-UL,1260704001010,12607040010003A163,TRUE
2026-08-07 00:47:23.435,CPP-Patternplating-01-L,1260616092010,12606160920001C204,TRUE
2026-08-07 00:47:21.482,CPP-Patternplating-01-UL,,12606160920001C090,TRUE
2026-08-07 00:46:47.643,GLD-RinseENEPIG-01-UL,,12606100020001C211,TRUE
2026-08-07 00:47:18.059,CPP-Horizontalplating-01-L,1260718160010,126071816000058134,TRUE
2026-08-07 00:47:57.765,SMK-SPR-01-L,1260622030000,126062203000001070/0,TRUE
2026-08-07 00:47:56.038,LIN-OUTTRE-01-L,1260624072000,126062407200001017,TRUE
2026-08-07 00:47:55.920,ELC-RED-01-L,1260703048030,126070304800001035,TRUE
2026-08-07 00:47:55.379,ELC-TRE-01-L,1260718124020,126071812400001044,TRUE
2026-08-07 00:47:55.876,LIN-INNLDI-03-L,1260804008000,126080407700012014,TRUE
2026-08-07 00:47:52.336,AOI-PEP-01-L,1260803060000,126080306000012041,TRUE
2026-08-07 00:47:52.163,LIN-OUTTRE-01-UL,,126070409100001056,TRUE
2026-08-07 00:47:54.143,WIR-Decoatbake-01-L,1260622080000,12606220800002B032,TRUE
2026-08-07 00:47:51.790,AOI-PEP-01-UL,1260803060000,126080306000012037,TRUE
2026-08-07 00:47:50.268,WIR-Pretreatment-01-L,1260715023002,126071502300258270,TRUE
2026-08-07 00:47:45.031,LIN-INNTRE-02-UL-2,,126080509100020018,TRUE
2026-08-07 00:47:47.954,LIN-INNTRE-02-UL-1,,126080509100020017,TRUE
2026-08-07 00:47:44.595,ELC-TRE-01-UL,1260718124020,126071812400001055,TRUE
2026-08-07 00:47:42.975,LAM-BOP-03-UL,1260704001010,12607040010003A173,TRUE
2026-08-07 00:47:43.905,SMK-TUN-01-L,1260622072000,126062207200001060,TRUE
2026-08-07 00:47:43.797,ELC-PUL-02-L,1260715060020,126071506000001011,TRUE
2026-08-07 00:47:41.422,CPP-Horizontalplating-01-L,1260718160010,126071816000058133,TRUE
2026-08-07 00:47:40.527,ELC-RED-01-UL,1260715048000,126070304800001005,TRUE
2026-08-07 00:35:51.694,LIN-OUTVAP-01-UL,,12606160910001C232,TRUE
2026-08-07 00:48:13.315,LIN-INNLDI-03-L,1260804008000,126080407700012015,TRUE
2026-08-07 00:48:15.195,LIN-OUTTRE-01-L,1260624072000,126062407200001020,TRUE
2026-08-07 00:48:15.207,CPP-Patternplating-01-UL,,12606160920001C091,TRUE
2026-08-07 00:48:11.176,ELC-TRE-01-L,1260718124020,126071812400001043,TRUE
2026-08-07 00:48:12.870,AOI-PEP-01-UL,1260803060000,126080306000012041,TRUE
2026-08-07 00:48:11.893,ELC-PUL-02-UL,1260629073030,126071506000001072,TRUE
2026-08-07 00:48:07.757,LIN-OUTTRE-01-UL,,126070409100001040,TRUE
2026-08-07 00:48:12.636,AOI-PEP-01-L,1260803060000,126080306000012045,TRUE
2026-08-07 00:48:06.890,SMK-TUN-01-UL,1260616078000,126071001900001050,TRUE
2026-08-07 00:48:05.019,WIR-LDI-01-UL,,12607060550002B041,TRUE
2026-08-07 00:48:04.972,CPP-Horizontalplating-01-L,1260718160010,126071816000058136,TRUE
2026-08-07 00:48:01.867,LAM-BOP-03-UL,1260704001010,12607040010003A149,TRUE
2026-08-07 00:47:59.816,ELC-TRE-01-UL,1260718124020,126071812400001058,TRUE
2026-08-07 00:47:59.691,CPP-Horizontalplating-01-UL,1260709001010,126071502200058031,TRUE
2026-08-07 00:47:57.765,SMK-SPR-01-L,1260622030000,126062203000001070/0,TRUE
2026-08-07 00:47:40.527,ELC-RED-01-UL,1260715048000,126070304800001005,TRUE
2026-08-07 00:41:42.106,AOI-RESAOI-01-L,1260720026020,126072002600001037,TRUE
2026-08-07 00:48:21.126,SMK-SPR-01-L,1260622030000,126062203000001047,TRUE
2026-08-07 00:48:22.067,ELC-TRE-01-UL,1260718124020,Error_202608070748220674,FALSE
2026-08-07 00:48:21.416,LAM-BOP-03-UL,1260704001010,12607040010003A142,TRUE
2026-08-07 00:48:19.157,SMK-TUN-01-L,1260622072000,126062207200001072,TRUE
2026-08-07 00:48:19.236,LIN-INNLDI-03-L,1260804008000,ERROR_202608070748192369,TRUE
2026-08-07 00:48:18.902,ELC-PUL-01-UL,1260715030020,126071400700001008,TRUE
2026-08-07 00:48:20.890,ELC-RED-01-L,1260703048030,126070304800001065,TRUE
2026-08-07 00:48:17.269,CPP-Patternplating-01-L,1260616092010,12606160920001C203,TRUE
2026-08-07 00:48:16.956,LIN-INNTRE-02-UL-2,,126080509100020020,TRUE
2026-08-07 00:48:16.346,LIN-INNTRE-02-UL-1,,Error_202608070748163466,FALSE
2026-08-07 00:48:07.757,LIN-OUTTRE-01-UL,,126070409100001040,TRUE
2026-08-07 00:44:31.568,AOI-RESAOI-01-UL,1260720026020,126072002600001015,TRUE
2026-08-07 00:43:11.778,LIN-INNDES-01-UL,1260803062000,126080101700006036,TRUE
2026-08-07 00:48:47.950,ELC-TRE-01-UL,1260718124020,126071812400001060,TRUE
2026-08-07 00:48:47.647,CPP-Horizontalplating-01-UL,1260709001010,126071502200058037,TRUE
2026-08-07 00:48:47.207,LIN-INNLDI-03-L,1260804008000,126080407700012017,TRUE
2026-08-07 00:48:45.955,ELC-RED-01-L,1260703048030,126070304800001068,TRUE
2026-08-07 00:48:42.684,ELC-TRE-01-L,1260718124020,126071812400001054,TRUE
2026-08-07 00:48:43.592,AOI-PEP-01-UL,1260803060000,126080306000012047,TRUE
2026-08-07 00:48:40.200,LAM-BOP-03-UL,1260704001010,12607040010003A162,TRUE
2026-08-07 00:48:43.467,AOI-PEP-01-L,1260803060000,126080306000012053,TRUE
2026-08-07 00:48:39.630,LIN-INNTRE-02-UL-1,,126080509100020021,TRUE
2026-08-07 00:48:38.212,LIN-OUTTRE-01-L,1260624072000,126062407200001021,TRUE
2026-08-07 00:48:38.316,SMK-TUN-01-UL,1260616078000,126071001900001012,TRUE
2026-08-07 00:48:39.113,SMK-SPR-01-L,1260622030000,126062203000001009/0,TRUE
2026-08-07 00:48:37.473,LIN-INNTRE-02-UL-2,,126080509100020022,TRUE
2026-08-07 00:48:28.582,CPP-Horizontalplating-01-L,1260718160010,126071816000058135,TRUE
2026-08-07 00:48:30.738,WIR-Decoatbake-01-L,1260622080000,12606220800002B030,TRUE
2026-08-07 00:48:34.364,WIR-LDI-01-UL,,12607060550002B040,TRUE
2026-08-07 00:48:26.926,WIR-Pretreatment-01-L,1260715023002,126071502300258268,TRUE
2026-08-07 00:41:42.106,AOI-RESAOI-01-L,1260720026020,126072002600001037,TRUE
2026-08-07 00:48:15.207,CPP-Patternplating-01-UL,,12606160920001C091,TRUE
2026-08-07 00:48:19.157,SMK-TUN-01-L,1260622072000,126062207200001072,TRUE
2026-08-07 00:49:02.499,ELC-TRE-01-UL,1260718124020,126071812400001003,TRUE
2026-08-07 00:49:01.003,ELC-RED-01-UL,1260715048000,126070304800001019,TRUE
2026-08-07 00:48:59.576,LAM-BOP-03-UL,1260704001010,12607040010003A157,TRUE
2026-08-07 00:49:00.166,LIN-OUTTRE-01-L,1260624072000,126062407200001053,TRUE
2026-08-07 00:48:58.404,ELC-TRE-01-L,1260718124020,126071812400001066,TRUE
2026-08-07 00:48:57.116,SMK-SPR-01-L,1260622030000,126062203000001060,TRUE
2026-08-07 00:48:54.297,AOI-PEP-01-L,1260803060000,126080306000012005,TRUE
2026-08-07 00:48:54.755,LIN-INNTRE-02-UL-1,,126080509100020023,TRUE
2026-08-07 00:48:53.937,AOI-PEP-01-UL,1260803060000,126080306000012051,TRUE
2026-08-07 00:48:53.379,LIN-INNLDI-03-L,1260804008000,ERROR_202608070748533797,TRUE
2026-08-07 00:48:52.273,CPP-Horizontalplating-01-L,1260718160010,126071816000058138,TRUE
2026-08-07 00:48:52.067,LIN-INNTRE-02-UL-2,,126080509100020024,TRUE
2026-08-07 00:48:49.615,SMK-TUN-01-L,1260622072000,126062207200001014,TRUE
2026-08-07 00:30:27.321,LAM-BOP-02-L,1260803013000,126080301900002019,TRUE
2026-08-07 00:48:11.893,ELC-PUL-02-UL,1260629073030,126071506000001072,TRUE
2026-08-07 00:49:19.110,LAM-BOP-03-UL,1260704001010,12607040010003A126,TRUE
2026-08-07 00:49:18.281,ELC-TRE-01-UL,1260718124020,126071812400001018,TRUE
2026-08-07 00:49:15.664,CPP-Horizontalplating-01-L,1260718160010,126071816000058137,TRUE
2026-08-07 00:49:14.673,AOI-PEP-01-L,1260803060000,126080306000012003,TRUE
2026-08-07 00:49:14.580,AOI-PEP-01-UL,1260803060000,126080306000012005,TRUE
2026-08-07 00:49:11.161,ELC-RED-01-L,1260703048030,126070304800001067,TRUE
2026-08-07 00:49:14.343,ELC-TRE-01-L,1260718124020,126071812400001079,TRUE
2026-08-07 00:49:11.492,CPP-Horizontalplating-01-UL,1260709001010,126071502200058036,TRUE
2026-08-07 00:49:09.976,SMK-TUN-01-UL,1260616078000,126071001900001034,TRUE
2026-08-07 00:49:08.690,ELC-PUL-01-UL,1260715030020,126071400700001010,TRUE
2026-08-07 00:49:09.054,CPP-Patternplating-01-UL,,12606160920001C092,TRUE
2026-08-07 00:49:10.976,CPP-Patternplating-01-L,1260616092010,12606160920001C200,TRUE
2026-08-07 00:49:08.678,LIN-INNLDI-03-L,1260804008000,ERROR_202608070749086781,TRUE
2026-08-07 00:49:07.257,SMK-TUN-01-L,1260622072000,126062207200001073,TRUE
2026-08-07 00:49:07.304,WIR-Pretreatment-01-L,1260715023002,126071502300258264,TRUE
2026-08-07 00:49:08.289,WIR-Decoatbake-01-L,1260622080000,12606220800002B022,TRUE
2026-08-07 00:49:03.710,WIR-LDI-01-UL,,12607060550002B039,TRUE
2026-08-07 00:49:01.003,ELC-RED-01-UL,1260715048000,126070304800001019,TRUE
2026-08-07 00:48:54.755,LIN-INNTRE-02-UL-1,,126080509100020023,TRUE
2026-08-07 00:48:57.116,SMK-SPR-01-L,1260622030000,126062203000001060,TRUE
2026-08-07 00:42:06.157,WIR-SE-01-L,1260731061120,126073106100069016,TRUE
2026-08-07 00:16:00.335,ELC-PUL-01-L,1260714007020,126071400700001070,TRUE
2026-08-07 00:49:45.957,AOI-PEP-01-UL,1260803060000,126080306000012013,TRUE
2026-08-07 00:49:46.023,WIR-Pretreatment-01-L,1260715023002,126071502300258265,TRUE
2026-08-07 00:49:46.191,AOI-PEP-01-L,1260803060000,126080306000012017,TRUE
2026-08-07 00:49:45.242,WIR-Decoatbake-01-L,1260622080000,12606220800002B024,TRUE
2026-08-07 00:49:44.121,LIN-INNLDI-03-L,1260804008000,ERROR_202608070749441214,TRUE
2026-08-07 00:49:38.189,LAM-BOP-03-UL,1260704001010,12607040010003A135,TRUE
2026-08-07 00:49:41.605,SMK-TUN-01-UL,1260616078000,126071001900001026,TRUE
2026-08-07 00:49:36.537,ELC-RED-01-L,1260703048030,126070304800001034,TRUE
2026-08-07 00:49:39.383,CPP-Horizontalplating-01-L,1260718160010,126071816000058140,TRUE
2026-08-07 00:49:35.048,ELC-TRE-01-UL,1260718124020,126071812400001019,TRUE
2026-08-07 00:49:33.008,WIR-LDI-01-UL,,12607060550002B045,TRUE
2026-08-07 00:49:34.789,CPP-Horizontalplating-01-UL,1260709001010,126071502200058035,TRUE
2026-08-07 00:49:30.032,ELC-TRE-01-L,1260718124020,126071812400001064,TRUE
2026-08-07 00:49:23.136,LIN-OUTTRE-01-L,1260624072000,126062407200001019,TRUE
2026-08-07 00:49:01.003,ELC-RED-01-UL,1260715048000,126070304800001019,TRUE
2026-08-07 00:48:07.757,LIN-OUTTRE-01-UL,,126070409100001040,TRUE
2026-08-07 00:48:52.067,LIN-INNTRE-02-UL-2,,126080509100020024,TRUE
2026-08-07 00:44:31.568,AOI-RESAOI-01-UL,1260720026020,126072002600001015,TRUE
2026-08-07 00:49:57.333,AOI-PEP-01-L,1260803060000,126080306000012019,TRUE
2026-08-07 00:49:54.842,LIN-INNLDI-03-L,1260804008000,126080407700012021,TRUE
2026-08-07 00:49:55.575,SMK-TUN-01-L,1260622072000,126062207200001039,TRUE
2026-08-07 00:49:55.927,AOI-PEP-01-UL,1260803060000,126080306000012015,TRUE
2026-08-07 00:49:46.779,LIN-OUTTRE-01-L,1260624072000,126062407200001065,TRUE
2026-08-07 00:49:41.605,SMK-TUN-01-UL,1260616078000,126071001900001026,TRUE
2026-08-07 00:49:47.049,ELC-TRE-01-L,1260718124020,126071812400001069,TRUE
2026-08-07 00:49:51.066,ELC-TRE-01-UL,1260718124020,126071812400001045,TRUE
2026-08-07 00:44:31.568,AOI-RESAOI-01-UL,1260720026020,126072002600001015,TRUE
2026-08-07 00:49:01.003,ELC-RED-01-UL,1260715048000,126070304800001019,TRUE
2026-08-07 00:44:22.468,WIR-LDI-01-L,,12607060550002B043,TRUE
2026-08-07 00:50:08.280,LIN-OUTTRE-01-L,1260624072000,126062407200001078,TRUE
2026-08-07 00:50:11.967,LIN-OUTTRE-01-UL,,126070409100001020,TRUE
2026-08-07 00:50:06.771,AOI-PEP-01-L,1260803060000,126080306000012008,TRUE
2026-08-07 00:50:06.567,ELC-TRE-01-UL,1260718124020,126071812400001013,TRUE
2026-08-07 00:50:06.302,AOI-PEP-01-UL,1260803060000,126080306000012017,TRUE
2026-08-07 00:50:06.150,ELC-PUL-02-L,1260715060000,126071506000001077,TRUE
2026-08-07 00:50:03.455,ELC-PUL-01-UL,1260715030020,126071400700001041,TRUE
2026-08-07 00:50:04.589,CPP-Patternplating-01-L,1260616092010,12606160920001C199,TRUE
2026-08-07 00:50:03.245,CPP-Horizontalplating-01-L,1260718160010,126071816000058139,TRUE
2026-08-07 00:50:03.214,CPP-Patternplating-01-UL,,12606160920001C086,TRUE
2026-08-07 00:50:02.894,ELC-TRE-01-L,1260718124020,126071812400001038,TRUE
2026-08-07 00:50:02.907,LIN-INNLDI-03-L,1260804008000,ERROR_202608070750029074,TRUE
2026-08-07 00:50:02.323,WIR-LDI-01-UL,,12607060550002B154,TRUE
2026-08-07 00:50:02.306,ELC-RED-01-L,1260703048030,126070304800001033,TRUE
2026-08-07 00:49:59.058,CPP-Horizontalplating-01-UL,1260709001010,126071502200058034,TRUE
2026-08-07 00:49:41.605,SMK-TUN-01-UL,1260616078000,126071001900001026,TRUE
2026-08-07 00:49:57.723,LAM-BOP-03-UL,1260704001010,12607040010003A123,TRUE
2026-08-07 00:50:36.914,ELC-TRE-01-UL,1260718124020,126071812400001004,TRUE
2026-08-07 00:50:37.334,LIN-INNLDI-03-L,1260804008000,ERROR_202608070750373345,TRUE
2026-08-07 00:50:36.893,ELC-PUL-02-L,1260715060000,126071506000001074,TRUE
2026-08-07 00:50:37.453,LIN-OUTTRE-01-UL,,126070409100001067,TRUE
2026-08-07 00:50:36.156,SMK-TUN-01-UL,1260616078000,Error_202608070750361564,FALSE
2026-08-07 00:50:36.366,LAM-BOP-03-UL,1260704001010,12607040010003A146,TRUE
2026-08-07 00:50:32.062,SMK-SPR-01-L,1260622030000,126062203000001070,TRUE
2026-08-07 00:50:34.695,ELC-TRE-01-L,1260718124020,126071812400001068,TRUE
2026-08-07 00:50:31.171,LIN-OUTTRE-01-L,1260624072000,126062407200001074,TRUE
2026-08-07 00:50:30.723,SMK-TUN-01-L,1260622072000,126062207200001027,TRUE
2026-08-07 00:50:28.710,AOI-PEP-01-UL,1260803060000,126080306000012008,TRUE
2026-08-07 00:50:27.381,AOI-PEP-01-L,1260803060000,126080306000012055,TRUE
2026-08-07 00:50:26.700,CPP-Horizontalplating-01-L,1260718160010,126071816000058142,TRUE
2026-08-07 00:50:26.856,ELC-RED-01-L,1260703048030,126070304800001022,TRUE
2026-08-07 00:50:22.715,CPP-Horizontalplating-01-UL,1260709001010,126071502200058045,TRUE
2026-08-07 00:50:22.606,WIR-Pretreatment-01-L,1260715023002,126071502300258290,TRUE
2026-08-07 00:50:20.887,WIR-Decoatbake-01-L,1260622080000,12606220800002B040,TRUE
2026-08-07 00:50:53.479,LIN-INNLDI-03-L,1260804008000,ERROR_202608070750534790,TRUE
2026-08-07 00:50:52.482,ELC-RED-01-L,1260703048030,126070304800001053,TRUE
2026-08-07 00:50:51.477,ELC-TRE-01-UL,1260718124020,126071812400001001,TRUE
2026-08-07 00:50:51.188,SMK-SPR-01-L,1260622030000,126062203000001030/0,TRUE
2026-08-07 00:50:50.602,ELC-TRE-01-L,1260718124020,126071812400001052,TRUE
2026-08-07 00:50:50.169,CPP-Horizontalplating-01-L,1260718160010,126071816000058141,TRUE
2026-08-07 00:50:48.172,AOI-RESAOI-01-L,1260720026000,126072002600001050,TRUE
2026-08-07 00:50:47.822,AOI-PEP-01-UL,1260803060000,126080306000012055,TRUE
2026-08-07 00:50:46.403,CPP-Horizontalplating-01-UL,1260709001010,126071502200058046,TRUE
2026-08-07 00:50:40.419,WIR-Pretreatment-01-UL,1260715023002,126071502300258284,TRUE
2026-08-07 00:50:37.906,SMK-TUN-01-UL,1260616078000,126071001900001063,TRUE
2026-08-07 00:51:16.816,SMK-SPR-01-L,1260622030000,126062203000001009,TRUE
2026-08-07 00:51:16.689,LIN-OUTTRE-01-L,1260624072000,126062407200001045,TRUE
2026-08-07 00:51:14.869,LAM-BOP-03-UL,1260704001010,12607040010003A131,TRUE
2026-08-07 00:51:13.576,CPP-Horizontalplating-01-L,1260718160010,126071816000058144,TRUE
2026-08-07 00:51:10.501,LIN-OUTTRE-01-UL,,126070409100001046,TRUE
2026-08-07 00:51:12.310,LIN-INNLDI-03-L,1260804008000,ERROR_202608070751123100,TRUE
2026-08-07 00:51:07.980,ELC-TRE-01-UL,1260718124020,126071812400001008,TRUE
2026-08-07 00:51:07.956,ELC-PUL-02-L,1260715060000,126071506000001048,TRUE
2026-08-07 00:51:06.607,WIR-LDI-01-UL,,12607060550002B043,TRUE
2026-08-07 00:51:01.294,WIR-Pretreatment-01-L,1260715023002,126071502300258286,TRUE
2026-08-07 00:51:01.907,AOI-RESAOI-01-L,1260720026000,126072002600001051,TRUE
2026-08-07 00:51:06.480,ELC-TRE-01-L,1260718124020,126071812400001046,TRUE
2026-08-07 00:50:59.927,ELC-PUL-01-UL,1260715030020,126071400700001026,TRUE
2026-08-07 00:50:58.294,CPP-Patternplating-01-L,1260616092010,12606160920001C202,TRUE
2026-08-07 00:50:58.951,WIR-Decoatbake-01-L,1260622080000,12606220800002B037,TRUE
2026-08-07 00:51:01.080,SMK-TUN-01-L,1260622072000,126062207200001028,TRUE
2026-08-07 00:50:58.283,SMK-TUN-01-UL,1260616078000,126071001900001002,TRUE
2026-08-07 00:50:57.029,CPP-Patternplating-01-UL,,12606160920001C089,TRUE
2026-08-07 00:50:27.381,AOI-PEP-01-L,1260803060000,126080306000012055,TRUE
2026-08-07 00:50:54.315,ELC-PUL-02-UL,1260629073030,126062907300001058,TRUE
2026-08-07 00:49:01.003,ELC-RED-01-UL,1260715048000,126070304800001019,TRUE
2026-08-07 00:16:00.335,ELC-PUL-01-L,1260714007020,126071400700001070,TRUE
2026-08-07 00:51:28.627,AOI-RESAOI-01-UL,1260720026000,126072002600001050,TRUE
2026-08-07 00:51:27.797,LIN-INNLDI-03-L,1260804008000,ERROR_202608070751277979,TRUE
2026-08-07 00:51:24.339,ELC-TRE-01-UL,1260718124020,126071812400001016,TRUE
2026-08-07 00:51:22.198,ELC-TRE-01-L,1260718124020,126071812400001039,TRUE
2026-08-07 00:51:19.019,SMK-TUN-01-UL,1260616078000,126071001900001071,TRUE
2026-08-07 00:51:20.658,AOI-RESAOI-01-L,1260720026000,126072002600001069,TRUE
2026-08-07 00:51:18.483,WIR-Pretreatment-01-UL,1260715023002,126071502300258288,TRUE
2026-08-07 00:51:17.287,ELC-RED-01-L,1260703048030,126070304800001017,TRUE
2026-08-07 00:51:43.025,ELC-RED-01-L,1260703048030,126070304800001009,TRUE
2026-08-07 00:51:42.754,AOI-RESAOI-01-L,1260720026000,126072002600001048,TRUE
2026-08-07 00:51:47.075,LIN-INNLDI-03-L,1260804008000,ERROR_202608070751470758,TRUE
2026-08-07 00:51:40.263,ELC-TRE-01-UL,1260718124020,126071812400001044,TRUE
2026-08-07 00:51:39.797,WIR-Pretreatment-01-L,1260715023002,126071502300258282,TRUE
2026-08-07 00:51:38.849,ELC-PUL-02-L,1260715060000,126071506000001034,TRUE
2026-08-07 00:51:39.753,SMK-TUN-01-UL,1260616078000,126071001900001075,TRUE
2026-08-07 00:51:39.332,LIN-OUTTRE-01-L,1260624072000,126062407200001037,TRUE
2026-08-07 00:51:38.279,ELC-TRE-01-L,1260718124020,126071812400001059,TRUE
2026-08-07 00:51:33.745,LAM-BOP-03-UL,1260704001010,12607040010003A156,TRUE
2026-08-07 00:51:34.938,WIR-Decoatbake-01-L,1260622080000,12606220800002B002,TRUE
2026-08-07 00:51:37.313,CPP-Horizontalplating-01-L,1260718160010,126071816000058143,TRUE
2026-08-07 00:51:33.316,SMK-SPR-01-L,1260622030000,126062203000001025/0,TRUE
2026-08-07 00:51:32.457,LIN-OUTTRE-01-UL,,126070409100001006,TRUE
2026-08-07 00:46:47.643,GLD-RinseENEPIG-01-UL,,12606100020001C211,TRUE
2026-08-07 00:52:03.577,LIN-INNLDI-03-L,1260804008000,ERROR_202608070752035774,TRUE
2026-08-07 00:52:01.834,LIN-OUTTRE-01-L,1260624072000,126062407200001070,TRUE
2026-08-07 00:52:01.752,CPP-Horizontalplating-01-L,1260718160010,126071816000058146,TRUE
2026-08-07 00:52:01.679,ELC-PUL-02-UL,1260629073030,126062907300001033,TRUE
2026-08-07 00:51:56.955,WIR-Pretreatment-01-UL,1260715023002,126071502300258292,TRUE
2026-08-07 00:51:55.024,ELC-PUL-01-UL,1260715030020,126071400700001016,TRUE
2026-08-07 00:51:55.310,ELC-TRE-01-UL,1260718124020,126071812400001043,TRUE
2026-08-07 00:51:55.123,ELC-TRE-01-L,1260718124020,126071812400001080,TRUE
2026-08-07 00:51:52.141,CPP-Patternplating-01-L,1260616092010,12606160920001C195,TRUE
2026-08-07 00:51:53.092,LAM-BOP-03-UL,1260704001010,12607040010003A171,TRUE
2026-08-07 00:51:51.176,AOI-RESAOI-01-UL,1260720026000,126072002600001051,TRUE
2026-08-07 00:51:51.238,SMK-SPR-01-L,1260622030000,126062203000001041,TRUE
2026-08-07 00:50:46.403,CPP-Horizontalplating-01-UL,1260709001010,126071502200058046,TRUE
2026-08-07 00:51:50.844,CPP-Patternplating-01-UL,,12606160920001C088,TRUE
2026-08-07 00:50:27.381,AOI-PEP-01-L,1260803060000,126080306000012055,TRUE
2026-08-07 00:52:26.876,ELC-TRE-01-UL,1260718124020,126071812400001054,TRUE
2026-08-07 00:52:26.626,ELC-TRE-01-L,1260718124020,126071812400001076,TRUE
2026-08-07 00:52:26.432,LIN-OUTTRE-01-UL,,126070409100001047,TRUE
2026-08-07 00:52:25.756,SMK-SPR-01-L,1260622030000,126062203000001030,TRUE
2026-08-07 00:52:24.784,CPP-Horizontalplating-01-L,1260718160010,126071816000058145,TRUE
2026-08-07 00:52:24.651,LIN-OUTTRE-01-L,1260624072000,126062407200001005,TRUE
2026-08-07 00:52:20.230,ELC-PUL-02-UL,1260629073030,126062907300001052,TRUE
2026-08-07 00:52:21.781,LIN-INNLDI-03-L,1260804008000,ERROR_202608070752217812,TRUE
2026-08-07 00:52:14.634,AOI-RESAOI-01-UL,1260720026000,126072002600001069,TRUE
2026-08-07 00:52:18.690,WIR-Pretreatment-01-L,1260715023002,126071502300258302,TRUE
2026-08-07 00:52:11.674,WIR-Decoatbake-01-L,1260622080000,12606220800002B013,TRUE
2026-08-07 00:52:12.186,LAM-BOP-03-UL,1260704001010,126070400100049157,TRUE
2026-08-07 00:52:07.966,ELC-RED-01-L,1260703048030,126070304800001036,TRUE
2026-08-07 00:52:06.131,AOI-RESAOI-01-L,1260720026000,126072002600001049,TRUE
2026-08-07 00:52:09.664,ELC-PUL-02-L,1260715060000,126071506000001033,TRUE
2026-08-07 00:52:42.502,ELC-TRE-01-L,1260718124020,126071812400001065,TRUE
2026-08-07 00:52:42.564,ELC-TRE-01-UL,1260718124020,126071812400001066,TRUE
2026-08-07 00:52:42.212,SMK-SPR-01-L,1260622030000,126062203000001036/0,TRUE
2026-08-07 00:52:40.391,ELC-PUL-02-L,1260715060000,126071506000001059,TRUE
2026-08-07 00:52:39.064,LIN-INNLDI-03-L,1260804008000,ERROR_202608070752390647,TRUE
2026-08-07 00:52:38.119,AOI-RESAOI-01-UL,1260720026000,126072002600001048,TRUE
2026-08-07 00:52:39.906,ELC-PUL-02-UL,1260629073030,126062907300001045,TRUE
2026-08-07 00:52:34.988,WIR-Pretreatment-01-UL,1260715023002,126071502300258307,TRUE
2026-08-07 00:52:38.994,LIN-OUTTRE-01-UL,,126070409100001063,TRUE
2026-08-07 00:52:33.671,ELC-RED-01-L,1260703048030,126070304800001040,TRUE
2026-08-07 00:52:29.495,AOI-RESAOI-01-L,1260720026000,126072002600001056,TRUE
2026-08-07 00:52:31.344,LAM-BOP-03-UL,1260704001010,12607040010003A170,TRUE
2026-08-07 00:50:46.403,CPP-Horizontalplating-01-UL,1260709001010,126071502200058046,TRUE
2026-08-07 00:22:16.286,SMK-TRE-01-UL,1260622024030,126062202400001068,TRUE
2026-08-07 00:52:58.003,LIN-INNLDI-03-L,1260804008000,ERROR_202608070752580036,TRUE
2026-08-07 00:52:57.252,ELC-TRE-01-UL,1260718124020,126071812400001079,TRUE
2026-08-07 00:52:51.981,AOI-RESAOI-01-L,1260720026000,126072002600001034,TRUE
2026-08-07 00:52:57.083,WIR-Pretreatment-01-L,1260715023002,126071502300258301,TRUE
2026-08-07 00:52:51.856,LIN-OUTTRE-01-UL,,126070409100001055,TRUE
2026-08-07 00:52:50.906,ELC-PUL-01-UL,1260715030020,126071400700001005,TRUE
2026-08-07 00:52:50.440,LAM-BOP-03-UL,1260704001010,12607040010003A166,TRUE
2026-08-07 00:52:49.176,WIR-Decoatbake-01-L,1260622080000,12606220800002B017,TRUE
2026-08-07 00:52:48.301,CPP-Horizontalplating-01-L,1260718160010,126071816000058148,TRUE
2026-08-07 00:52:47.371,LIN-OUTTRE-01-L,1260624072000,126062407200001046,TRUE
2026-08-07 00:52:46.176,CPP-Patternplating-01-L,1260616092010,12606160920001C198,TRUE
2026-08-07 00:51:39.753,SMK-TUN-01-UL,1260616078000,126071001900001075,TRUE
2026-08-07 00:43:27.911,ELC-DEP-01-L,1260711018000,126071101800001021,TRUE
2026-08-07 00:52:45.191,CPP-Patternplating-01-UL,,12606160920001C085,TRUE
2026-08-07 00:53:14.874,AOI-RESAOI-01-L,1260720026000,126072002600001079,TRUE
2026-08-07 00:53:13.584,LIN-INNLDI-03-L,1260804008000,ERROR_202608070753135849,TRUE
2026-08-07 00:53:11.519,ELC-PUL-02-L,1260715060000,126071506000001020,TRUE
2026-08-07 00:53:11.820,CPP-VCP-01-L,1260727003010,M0960002G2000E-0607,TRUE
2026-08-07 00:53:13.070,WIR-Pretreatment-01-UL,1260715023002,126071502300258303,TRUE
2026-08-07 00:53:11.883,CPP-Horizontalplating-01-L,1260718160010,126071816000058147,TRUE
2026-08-07 00:53:09.628,LAM-BOP-03-UL,1260704001010,12607040010003A179,TRUE
2026-08-07 00:53:05.170,LIN-OUTTRE-01-UL,,126070409100001059,TRUE
2026-08-07 00:53:00.606,AOI-RESAOI-01-UL,1260720026000,126072002600001049,TRUE
2026-08-07 00:53:10.201,LIN-OUTTRE-01-L,1260624072000,126062407200001008,TRUE
2026-08-07 00:53:00.261,SMK-SPR-01-L,1260622030000,126062203000001025,TRUE
2026-08-07 00:53:14.140,ELC-TRE-01-UL,1260718124020,126071812400001064,TRUE
2026-08-07 00:52:58.831,ELC-RED-01-L,1260703048030,126070304800001012,TRUE
2026-08-07 00:52:46.176,CPP-Patternplating-01-L,1260616092010,12606160920001C198,TRUE
2026-08-07 00:50:27.381,AOI-PEP-01-L,1260803060000,126080306000012055,TRUE
2026-08-07 00:52:58.595,ELC-PUL-02-UL,1260629073030,126062907300001023,TRUE
2026-08-07 00:53:35.666,WIR-Pretreatment-01-L,1260715023002,126071502300258300,TRUE
2026-08-07 00:53:35.651,CPP-Horizontalplating-01-L,1260718160010,126071816000058150,TRUE
2026-08-07 00:53:34.920,SMK-SPR-01-L,1260622030000,126062203000001011,TRUE
2026-08-07 00:53:33.912,ELC-RED-01-L,1260703048030,126070304800001048,TRUE
2026-08-07 00:53:32.507,LIN-INNLDI-03-L,1260804008000,ERROR_202608070753325077,TRUE
2026-08-07 00:53:32.968,LIN-OUTTRE-01-L,1260624072000,126062407200001007,TRUE
2026-08-07 00:53:31.791,CPP-Horizontalplating-01-UL,1260709001010,126071816000058030,TRUE
2026-08-07 00:53:30.484,LIN-OUTTRE-01-UL,,126070409100001012,TRUE
2026-08-07 00:53:30.438,ELC-TRE-01-UL,1260718124020,126071812400001069,TRUE
2026-08-07 00:53:29.004,LAM-BOP-03-UL,1260704001010,12607040010003A145,TRUE
2026-08-07 00:53:24.722,LIN-INNTRE-02-UL-1,,126080509200018001,TRUE
2026-08-07 00:53:25.759,WIR-Decoatbake-01-L,1260622080000,12606220800002B020,TRUE
2026-08-07 00:53:23.421,AOI-RESAOI-01-UL,1260720026000,126072002600001056,TRUE
2026-08-07 00:52:42.502,ELC-TRE-01-L,1260718124020,126071812400001065,TRUE
2026-08-07 00:53:54.836,ELC-RED-01-L,1260703048030,126070304800001046,TRUE
2026-08-07 00:53:55.846,CPP-Horizontalplating-01-UL,1260709001010,126071816000058031,TRUE
2026-08-07 00:53:54.635,ELC-PUL-02-L,1260715060000,126071506000001046,TRUE
2026-08-07 00:53:52.690,WIR-Pretreatment-01-UL,1260715023002,126071502300258310,TRUE
2026-08-07 00:53:55.703,LIN-OUTTRE-01-L,1260624072000,126062407200001049,TRUE
2026-08-07 00:53:51.166,LIN-INNTRE-02-UL-2,,126080509200018002,TRUE
2026-08-07 00:53:51.469,SMK-SPR-01-L,1260622030000,126062203000001064/0,TRUE
2026-08-07 00:53:51.900,LIN-INNTRE-02-UL-1,,126080509200018003,TRUE
2026-08-07 00:53:48.875,LIN-OUTTRE-01-UL,,126070409100001077,TRUE
2026-08-07 00:53:47.852,LIN-INNLDI-03-L,1260804008000,ERROR_202608070753478520,TRUE
2026-08-07 00:53:46.563,AOI-RESAOI-01-UL,1260720026000,126072002600001034,TRUE
2026-08-07 00:53:45.726,ELC-PUL-01-UL,1260715030020,126071400700001009,TRUE
2026-08-07 00:53:46.673,ELC-TRE-01-UL,1260718124020,126071812400001038,TRUE
2026-08-07 00:53:44.882,ELC-PUL-02-UL,1260629073030,126062907300001015,TRUE
2026-08-07 00:53:39.885,CPP-Patternplating-01-L,1260616092010,12606160920001C197,TRUE
2026-08-07 00:53:48.584,LAM-BOP-03-UL,1260704001010,12607040010003A130,TRUE
2026-08-07 00:53:38.203,AOI-RESAOI-01-L,1260720026000,126072002600001009,TRUE
2026-08-07 00:53:11.820,CPP-VCP-01-L,1260727003010,M0960002G2000E-0607,TRUE
2026-08-07 00:53:38.104,CPP-Patternplating-01-UL,,12606160920001C084,TRUE
2026-08-07 00:51:39.753,SMK-TUN-01-UL,1260616078000,126071001900001075,TRUE
2026-08-07 00:23:30.805,ELC-DEP-01-UL,1260716035000,126071603500001035,TRUE
2026-08-07 00:54:09.689,AOI-RESAOI-01-UL,1260720026000,126072002600001079,TRUE
2026-08-07 00:54:07.907,LIN-OUTTRE-01-UL,,126070409100001049,TRUE
2026-08-07 00:54:07.680,LAM-BOP-03-UL,1260704001010,12607040010003A127,TRUE
2026-08-07 00:54:07.043,LIN-INNLDI-03-L,1260804008000,ERROR_202608070754070432,TRUE
2026-08-07 00:54:02.253,WIR-Decoatbake-01-L,1260622080000,12606220800002B012,TRUE
2026-08-07 00:54:02.596,ELC-TRE-01-UL,1260718124020,126071812400001047,TRUE
2026-08-07 00:54:00.906,AOI-RESAOI-01-L,1260720026000,126072002600001046,TRUE
2026-08-07 00:53:59.159,CPP-Horizontalplating-01-L,1260718160010,126071816000058149,TRUE
2026-08-07 00:51:39.753,SMK-TUN-01-UL,1260616078000,126071001900001075,TRUE
2026-08-07 00:43:27.911,ELC-DEP-01-L,1260711018000,126071101800001021,TRUE
2026-08-07 00:54:35.349,ELC-TRE-01-UL,1260718124020,126071812400001052,TRUE
2026-08-07 00:54:33.778,LIN-INNLDI-03-L,1260804008000,126080407700012037,TRUE
2026-08-07 00:54:33.054,AOI-RESAOI-01-UL,1260720026000,126072002600001009,TRUE
2026-08-07 00:54:33.381,CPP-Patternplating-01-L,1260616092010,12606160920001C194,TRUE
2026-08-07 00:54:32.506,CPP-Patternplating-01-UL,,12606160920001C087,TRUE
2026-08-07 00:54:31.818,WIR-Pretreatment-01-UL,1260715023002,126071502300258311,TRUE
2026-08-07 00:54:30.926,AOI-PEP-01-L,1260803056000,126080304400004060,TRUE
2026-08-07 00:54:31.233,ELC-PUL-02-UL,1260629073030,126062907300001029,TRUE
2026-08-07 00:54:26.789,LAM-BOP-03-UL,1260704001010,12607040010003A128,TRUE
2026-08-07 00:54:26.785,LIN-OUTTRE-01-UL,,126070409100001075,TRUE
2026-08-07 00:54:25.912,CPP-VCP-01-L,1260727003010,126072700200400046,TRUE
2026-08-07 00:54:24.081,AOI-RESAOI-01-L,1260720026000,126072002600001016,TRUE
2026-08-07 00:54:20.040,ELC-RED-01-L,1260703048030,126070304800001073,TRUE
2026-08-07 00:54:22.803,CPP-Horizontalplating-01-L,1260718160010,126071816000058152,TRUE
2026-08-07 00:54:19.831,LIN-OUTTRE-01-L,1260624072000,Error_202608070754198310,FALSE
2026-08-07 00:54:19.567,CPP-Horizontalplating-01-UL,1260709001010,126071816000058001,TRUE
2026-08-07 00:54:19.028,LIN-INNTRE-02-UL-2,,126080509200018004,TRUE
2026-08-07 00:54:18.919,LIN-INNTRE-02-UL-1,,126080509200018005,TRUE
2026-08-07 00:54:14.145,WIR-Pretreatment-01-L,1260715023002,126071502300258274,TRUE
2026-08-07 00:54:41.264,ELC-PUL-01-UL,1260715030020,126071400700001019,TRUE
2026-08-07 00:54:41.264,ELC-PUL-02-L,1260715060000,126071506000001050,TRUE
2026-08-07 00:54:41.122,LIN-INNLDI-03-L,1260804008000,ERROR_202608070754411226,TRUE
2026-08-07 00:54:39.037,WIR-Decoatbake-01-L,1260622080000,12606220800002B010,TRUE
2026-08-07 00:55:06.302,ELC-TRE-01-UL,1260718124020,126071812400001039,TRUE
2026-08-07 00:55:03.899,LIN-OUTTRE-01-L,1260624072000,126062407200001027,TRUE
2026-08-07 00:55:05.385,LAM-BOP-03-UL,1260704001010,12607040010003A158,TRUE
2026-08-07 00:55:00.071,WIR-SE-01-UL,1260731061120,126073106100069016,TRUE
2026-08-07 00:55:03.868,LIN-OUTTRE-01-UL,,126070409100001076,TRUE
2026-08-07 00:54:56.608,LIN-INNLDI-03-L,1260804008000,ERROR_202608070754566081,TRUE
2026-08-07 00:54:55.444,CPP-Horizontalplating-01-UL,1260709001010,126071816000058029,TRUE
2026-08-07 00:54:55.571,AOI-RESAOI-01-UL,1260720026000,126072002600001046,TRUE
2026-08-07 00:54:53.163,WIR-Pretreatment-01-L,1260715023002,126071502300258273,TRUE
2026-08-07 00:54:48.661,ELC-DEP-01-UL,1260716035000,Error_202608070754486619,FALSE
2026-08-07 00:54:47.165,AOI-RESAOI-01-L,1260720026000,126072002600001010,TRUE
2026-08-07 00:54:51.053,CPP-VCP-01-L,1260727003010,126072700200400090,TRUE
2026-08-07 00:54:46.709,CPP-Horizontalplating-01-L,1260718160010,126071816000058151,TRUE
2026-08-07 00:54:46.233,LIN-INNTRE-02-UL-2,,126080509200018006,TRUE
2026-08-07 00:54:46.124,LIN-INNTRE-02-UL-1,,126080509200018007,TRUE
2026-08-07 00:54:45.354,ELC-RED-01-L,1260703048030,126070304800001045,TRUE
2026-08-07 00:54:30.926,AOI-PEP-01-L,1260803056000,126080304400004060,TRUE
2026-08-07 00:49:01.003,ELC-RED-01-UL,1260715048000,126070304800001019,TRUE
2026-08-07 00:55:29.055,SMK-SPR-01-L,1260622030000,126062203000001008/0,TRUE
2026-08-07 00:55:28.923,LIN-INNLDI-03-L,1260804008000,126080407700012040,TRUE
2026-08-07 00:55:28.235,ELC-PUL-02-L,1260715060000,126071506000001065,TRUE
2026-08-07 00:55:27.742,CPP-VCP-01-L,1260727003010,126072700200400101,TRUE
2026-08-07 00:55:26.713,LIN-OUTTRE-01-L,1260624072000,126062407200001018,TRUE
2026-08-07 00:55:26.976,CPP-Patternplating-01-L,1260616092010,12606160920001C193,TRUE
2026-08-07 00:55:25.617,CPP-Patternplating-01-UL,,12606160920001C080,TRUE
2026-08-07 00:55:25.711,AOI-PEP-01-L,1260803056000,126080303800004060,TRUE
2026-08-07 00:55:18.917,AOI-RESAOI-01-UL,1260720026000,126072002600001016,TRUE
2026-08-07 00:55:21.693,ELC-TRE-01-UL,1260718124020,126071812400001059,TRUE
2026-08-07 00:55:24.573,LAM-BOP-03-UL,1260704001010,12607040010003A141,TRUE
2026-08-07 00:55:22.713,LIN-OUTTRE-01-UL,,126070409100001080,TRUE
2026-08-07 00:55:15.303,WIR-Decoatbake-01-L,1260622080000,12606220800002B008,TRUE
2026-08-07 00:55:13.031,LIN-INNTRE-02-UL-2,,126080509200018008,TRUE
2026-08-07 00:55:13.469,LIN-INNTRE-02-UL-1,,126080509200018009,TRUE
2026-08-07 00:55:17.500,ELC-PUL-02-UL,1260629073030,126062907300001027,TRUE
2026-08-07 00:55:10.671,ELC-RED-01-L,1260703048030,126070304800001042,TRUE
2026-08-07 00:55:09.978,AOI-RESAOI-01-L,1260720026000,126072002600001012,TRUE
2026-08-07 00:55:10.319,CPP-Horizontalplating-01-L,1260718160010,126071816000058154,TRUE
2026-08-07 00:55:10.303,WIR-Pretreatment-01-UL,1260715023002,126071502300258305,TRUE
2026-08-07 00:55:08.913,SMK-TUN-01-UL,1260616078000,126070401900001057,TRUE
2026-08-07 00:49:01.003,ELC-RED-01-UL,1260715048000,126070304800001019,TRUE
2026-08-07 00:54:53.163,WIR-Pretreatment-01-L,1260715023002,126071502300258273,TRUE
2026-08-07 00:55:00.071,WIR-SE-01-UL,1260731061120,126073106100069016,TRUE
2026-08-07 00:55:43.721,LIN-INNLDI-03-L,1260804008000,126080407700012041,TRUE
2026-08-07 00:55:43.574,LAM-BOP-03-UL,1260704001010,12607040010003A159,TRUE
2026-08-07 00:55:43.462,CPP-Horizontalplating-01-UL,1260709001010,126071816000058047,TRUE
2026-08-07 00:55:43.220,LIN-INNTRE-02-UL-1,,Error_202608070755432203,FALSE
2026-08-07 00:55:41.387,AOI-RESAOI-01-UL,1260720026000,126072002600001010,TRUE
2026-08-07 00:55:41.668,LIN-OUTTRE-01-UL,,126070409100001070,TRUE
2026-08-07 00:55:38.797,ELC-TRE-01-UL,1260718124020,126071812400001080,TRUE
2026-08-07 00:55:40.142,LIN-INNTRE-02-UL-2,,126080509200018010,TRUE
2026-08-07 00:55:37.327,ELC-PUL-01-UL,1260715030020,126071400700001039,TRUE
2026-08-07 00:55:36.191,ELC-RED-01-L,1260703048030,126070304800001037,TRUE
2026-08-07 00:55:35.415,AOI-PEP-01-L,1260803056000,126080303800004070,TRUE
2026-08-07 00:55:37.212,AOI-PEP-01-UL,1260803056000,126080304400004060,TRUE
2026-08-07 00:55:34.602,SMK-TUN-01-UL,1260616078000,126070401900001009,TRUE
2026-08-07 00:55:34.210,CPP-Horizontalplating-01-L,1260718160010,126071816000058153,TRUE
2026-08-07 00:55:32.776,AOI-RESAOI-01-L,1260720026000,126072002600001077,TRUE
2026-08-07 00:55:31.394,ELC-RED-01-UL,1260703048000,126070304800001070,TRUE
2026-08-07 00:55:29.055,SMK-SPR-01-L,1260622030000,126062203000001008/0,TRUE
2026-08-07 00:55:31.382,WIR-Pretreatment-01-L,1260715023002,126071502300258271,TRUE
2026-08-07 00:56:01.800,ELC-RED-01-L,1260703048030,126070304800001066,TRUE
2026-08-07 00:56:01.311,LIN-OUTTRE-01-UL,,126070409100001053,TRUE
2026-08-07 00:55:57.509,CPP-Horizontalplating-01-L,1260718160010,126071816000058156,TRUE
2026-08-07 00:55:59.063,ELC-DEP-01-UL,1260716035000,126071603500001023,TRUE
2026-08-07 00:55:54.150,AOI-PEP-01-UL,1260803056000,126080303800004070,TRUE
2026-08-07 00:55:54.009,AOI-PEP-01-L,1260803056000,126080303800004029,TRUE
2026-08-07 00:55:55.873,AOI-RESAOI-01-L,1260720026000,126072002600001002,TRUE
2026-08-07 00:55:55.110,ELC-TRE-01-UL,1260718124020,126071812400001067,TRUE
2026-08-07 00:55:53.752,LIN-INNTRE-02-UL-1,,126080509200018013,TRUE
2026-08-07 00:55:49.674,LIN-INNLDI-03-L,1260804008000,ERROR_202608070755496747,TRUE
2026-08-07 00:55:48.228,WIR-Pretreatment-01-UL,1260715023002,126071502300258312,TRUE
2026-08-07 00:55:49.623,LIN-OUTTRE-01-L,1260624072000,126062407200001054,TRUE
2026-08-07 00:55:47.285,ELC-RED-01-UL,1260703048000,126070304800001038,TRUE
2026-08-07 00:55:48.043,SMK-SPR-01-L,1260622030000,126062203000001002,TRUE
2026-08-07 00:55:52.369,WIR-Decoatbake-01-L,1260622080000,12606220800002B006,TRUE
2026-08-07 00:55:00.071,WIR-SE-01-UL,1260731061120,126073106100069016,TRUE
2026-08-07 00:56:15.792,AOI-PEP-01-L,1260803056000,126080303800004059,TRUE
2026-08-07 00:56:17.363,LIN-INNTRE-02-UL-2,,126080509200018014,TRUE
2026-08-07 00:56:17.394,LIN-INNTRE-02-UL-1,,126080509200018017,TRUE
2026-08-07 00:56:15.264,SMK-TUN-01-UL,1260616078000,126070401900001059,TRUE
2026-08-07 00:56:15.167,CPP-VCP-01-L,1260727003010,126072700200400091,TRUE
2026-08-07 00:56:14.331,ELC-PUL-02-L,1260715060000,126071506000001023,TRUE
2026-08-07 00:56:14.745,AOI-PEP-01-UL,1260803056000,126080303800004029,TRUE
2026-08-07 00:56:14.296,LIN-OUTTRE-01-UL,,126070409100001014,TRUE
2026-08-07 00:56:12.233,LIN-OUTTRE-01-L,1260624072000,126062407200001033,TRUE
2026-08-07 00:56:10.173,ELC-TRE-01-UL,1260718124020,126071812400001076,TRUE
2026-08-07 00:56:12.472,ELC-RED-01-UL,1260703048000,126070304800001013,TRUE
2026-08-07 00:56:10.057,WIR-Pretreatment-01-L,1260715023002,126071502300258269,TRUE
2026-08-07 00:56:05.054,LIN-INNLDI-03-L,1260804008000,ERROR_202608070756050548,TRUE
2026-08-07 00:56:03.784,ELC-PUL-02-UL,1260629073030,126062907300001078,TRUE
2026-08-07 00:56:04.373,AOI-RESAOI-01-UL,1260720026000,126072002600001012,TRUE
2026-08-07 00:56:03.059,LAM-BOP-03-UL,1260704001010,12607040010003A147,TRUE
2026-08-07 00:55:00.071,WIR-SE-01-UL,1260731061120,126073106100069016,TRUE
2026-08-07 00:55:59.063,ELC-DEP-01-UL,1260716035000,126071603500001023,TRUE
2026-08-07 00:56:37.091,AOI-PEP-01-UL,1260803056000,126080303800004059,TRUE
2026-08-07 00:56:33.252,ELC-PUL-01-UL,1260715030020,126071400700001034,TRUE
2026-08-07 00:56:35.124,LIN-OUTTRE-01-L,1260624072000,126062407200001012,TRUE
2026-08-07 00:56:32.363,LIN-INNTRE-02-UL-2,,126080509200018016,TRUE
2026-08-07 00:56:29.245,WIR-Decoatbake-01-L,1260622080000,12606220800002B004,TRUE
2026-08-07 00:56:26.856,AOI-PEP-01-L,1260803056000,126080305600004077,TRUE
2026-08-07 00:56:26.635,WIR-Pretreatment-01-UL,1260715023002,126071502300258278,TRUE
2026-08-07 00:56:26.939,ELC-TRE-01-UL,1260718124020,126071812400001065,TRUE
2026-08-07 00:56:26.506,ELC-RED-01-L,1260703048030,126070304800001025,TRUE
2026-08-07 00:56:26.374,LIN-OUTTRE-01-UL,,126070409100001052,TRUE
2026-08-07 00:56:25.392,ELC-DEP-01-UL,1260716035020,126071603500001022,TRUE
2026-08-07 00:56:26.358,AOI-RESAOI-01-UL,1260720026000,126072002600001077,TRUE
2026-08-07 00:56:25.030,SMK-SPR-01-L,1260622030000,126062203000001064,TRUE
2026-08-07 00:56:23.902,LIN-INNLDI-03-L,1260804008000,ERROR_202608070756239024,TRUE
2026-08-07 00:56:22.577,LAM-BOP-03-UL,1260704001010,12607040010003A125,TRUE
2026-08-07 00:56:21.151,CPP-Horizontalplating-01-L,1260718160010,126071816000058155,TRUE
2026-08-07 00:56:20.854,CPP-Patternplating-01-L,1260616092010,12606160920001C196,TRUE
2026-08-07 00:56:18.514,AOI-RESAOI-01-L,1260720026000,126072002600001014,TRUE
2026-08-07 00:56:20.682,CPP-Patternplating-01-UL,,12606160920001C083,TRUE
2026-08-07 00:56:18.604,CPP-Horizontalplating-01-UL,1260709001010,126071816000058044,TRUE
2026-08-07 00:56:53.171,LIN-INNLDI-03-L,1260804008000,126080407700012045,TRUE
2026-08-07 00:56:52.000,LIN-OUTTRE-01-UL,,126070409100001029,TRUE
2026-08-07 00:56:50.359,AOI-RESAOI-01-UL,1260720026000,126072002600001002,TRUE
2026-08-07 00:56:50.290,ELC-PUL-02-UL,1260629073030,126062907300001061,TRUE
2026-08-07 00:56:47.935,AOI-PEP-01-UL,1260803056000,126080305600004077,TRUE
2026-08-07 00:56:47.463,WIR-Decoatbake-01-UL,1260620158000,12606201580001C086,TRUE
2026-08-07 00:56:46.440,ELC-DEP-01-L,1260717051000,126071705100001031,TRUE
2026-08-07 00:56:51.541,ELC-RED-01-L,1260703048030,126070304800001043,TRUE
2026-08-07 00:56:47.156,SMK-SPR-01-L,1260622030000,126062203000001027/0,TRUE
2026-08-07 00:56:45.352,LIN-INNTRE-02-UL-2,,126080509200018018,TRUE
2026-08-07 00:56:46.743,LIN-INNTRE-02-UL-1,,126080509200018021,TRUE
2026-08-07 00:56:49.326,AOI-PEP-01-L,1260803056000,126080305600004075,TRUE
2026-08-07 00:56:44.745,CPP-Horizontalplating-01-L,1260718160010,126071816000058157,TRUE
2026-08-07 00:56:41.391,LAM-BOP-03-UL,1260704001010,12607040010003A153,TRUE
2026-08-07 00:56:42.031,AOI-RESAOI-01-L,1260720026000,126072002600001064,TRUE
2026-08-07 00:56:42.370,CPP-Horizontalplating-01-UL,1260709001010,126071816000058045,TRUE
2026-08-07 00:56:37.884,ELC-RED-01-UL,1260703048000,126070304800001057,TRUE
2026-08-07 00:56:39.140,SMK-TUN-01-UL,1260616078000,126070401900001033,TRUE
2026-08-07 00:56:39.409,ELC-DEP-01-UL,1260716035020,126071603500001024,TRUE
2026-08-07 00:56:26.939,ELC-TRE-01-UL,1260718124020,126071812400001065,TRUE
2026-08-07 00:57:14.714,CPP-Patternplating-01-L,1260616092010,12606160920001C189,TRUE
2026-08-07 00:57:15.275,LIN-INNLDI-03-L,1260804008000,126080407700012046,TRUE
2026-08-07 00:57:14.050,ELC-DEP-01-UL,1260716035020,126071603500001004,TRUE
2026-08-07 00:57:13.221,AOI-RESAOI-01-UL,1260720026000,126072002600001014,TRUE
2026-08-07 00:57:13.417,CPP-Patternplating-01-UL,,12606160920001C082,TRUE
2026-08-07 00:57:10.312,AOI-PEP-01-UL,1260803056000,126080305600004075,TRUE
2026-08-07 00:57:09.988,ELC-DEP-01-L,1260717051000,126071705100001039,TRUE
2026-08-07 00:57:11.585,ELC-PUL-01-L,1260716035000,126071603500001027,TRUE
2026-08-07 00:57:08.057,CPP-Horizontalplating-01-L,1260718160010,126071816000058158,TRUE
2026-08-07 00:57:05.917,WIR-Decoatbake-01-L,1260622080000,12606220800002B014,TRUE
2026-08-07 00:57:05.276,WIR-Pretreatment-01-UL,1260715023002,126071502300258279,TRUE
2026-08-07 00:57:06.011,CPP-Horizontalplating-01-UL,1260709001010,126071816000058041,TRUE
2026-08-07 00:57:04.783,AOI-RESAOI-01-L,1260720026000,126072002600001013,TRUE
2026-08-07 00:57:02.666,ELC-RED-01-UL,1260703048000,126070304800001072,TRUE
2026-08-07 00:57:04.463,LIN-INNTRE-02-UL-2,,126080509200018020,TRUE
2026-08-07 00:57:01.948,CPP-VCP-01-L,1260727003010,126072700200400092,TRUE
2026-08-07 00:57:00.650,ELC-PUL-02-L,1260715060000,126071506000001009,TRUE
2026-08-07 00:57:00.357,AOI-PEP-01-L,1260803056000,126080305600004074,TRUE
2026-08-07 00:56:57.687,LIN-OUTTRE-01-L,1260624072000,126062407200001016,TRUE
2026-08-07 00:56:56.712,LIN-INNTRE-02-UL-1,,126080509200018023,TRUE
2026-08-07 00:57:00.079,LAM-BOP-03-UL,1260704001010,126070400100049132,TRUE
2026-08-07 00:56:52.000,LIN-OUTTRE-01-UL,,126070409100001029,TRUE
2026-08-07 00:57:36.764,ELC-PUL-02-UL,1260629073030,126062907300001008,TRUE
2026-08-07 00:57:36.221,AOI-RESAOI-01-UL,1260720026000,126072002600001064,TRUE
2026-08-07 00:57:35.208,ELC-DEP-01-L,1260717051000,126071705100001015,TRUE
2026-08-07 00:57:34.313,AOI-PEP-01-L,1260803056000,126080305600004070,TRUE
2026-08-07 00:57:32.658,SMK-SPR-01-L,1260622030000,126062203000001008,TRUE
2026-08-07 00:57:33.385,LIN-INNLDI-03-L,1260804008000,ERROR_202608070757333855,TRUE
2026-08-07 00:57:34.172,AOI-PEP-01-UL,1260803056000,126080305600004072,TRUE
2026-08-07 00:57:32.386,WIR-Decoatbake-01-UL,1260620158000,12606201580001C081,TRUE
2026-08-07 00:57:31.442,ELC-DEP-01-UL,1260716035020,126071603500001003,TRUE
2026-08-07 00:57:29.776,CPP-Horizontalplating-01-UL,1260709001010,126071816000058043,TRUE
2026-08-07 00:57:28.368,ELC-PUL-01-UL,1260715030020,126071400700001035,TRUE
2026-08-07 00:57:32.073,CPP-Horizontalplating-01-L,1260718160010,126071816000058159,TRUE
2026-08-07 00:57:21.372,LIN-INNTRE-02-UL-2,,126080509200018022,TRUE
2026-08-07 00:57:27.763,ELC-RED-01-UL,1260703048000,126070304800001035,TRUE
2026-08-07 00:57:27.643,AOI-RESAOI-01-L,1260720026000,126072002600001003,TRUE
2026-08-07 00:57:20.362,LIN-OUTTRE-01-L,1260624072000,126062407200001011,TRUE
2026-08-07 00:57:20.003,LAM-BOP-03-UL,1260704001010,12607040010003A133,TRUE
2026-08-07 00:57:19.876,SMK-TUN-01-UL,1260616078000,126070401900001077,TRUE
2026-08-07 00:57:01.948,CPP-VCP-01-L,1260727003010,126072700200400092,TRUE
2026-08-07 00:57:17.260,ELC-RED-01-L,1260703048030,126070304800001021,TRUE
2026-08-07 00:56:26.939,ELC-TRE-01-UL,1260718124020,126071812400001065,TRUE
2026-08-07 00:55:00.071,WIR-SE-01-UL,1260731061120,126073106100069016,TRUE
2026-08-07 00:57:47.864,ELC-DEP-01-UL,1260716035020,126071603500001029,TRUE
2026-08-07 00:57:47.171,ELC-PUL-02-L,1260715060000,126071506000001001,TRUE
2026-08-07 00:57:46.113,SMK-TUN-01-UL,1260616078000,126070401900001079,TRUE
2026-08-07 00:57:44.290,ELC-PUL-01-L,1260716035000,126071603500001019,TRUE
2026-08-07 00:57:44.221,AOI-PEP-01-L,1260803056000,126080305600004069,TRUE
2026-08-07 00:57:43.433,WIR-Pretreatment-01-UL,1260715023002,126071502300258272,TRUE
2026-08-07 00:57:43.222,LIN-OUTTRE-01-L,1260624072000,126062407200001009,TRUE
2026-08-07 00:57:43.580,AOI-PEP-01-UL,1260803056000,126080305600004071,TRUE
2026-08-07 00:57:42.511,WIR-Decoatbake-01-L,1260622080000,12606220800002B009,TRUE
2026-08-07 00:57:39.655,LIN-INNTRE-02-UL-2,,126080509200018024,TRUE
2026-08-07 00:57:39.614,LAM-BOP-03-UL,1260704001010,12607040010003A164,TRUE
2026-08-07 00:57:41.717,ELC-RED-01-L,1260703048030,126070304800001047,TRUE
2026-08-07 00:57:32.658,SMK-SPR-01-L,1260622030000,126062203000001008,TRUE
2026-08-07 00:26:59.622,WIR-DES-01-L,1260718163040,126071816300067012,TRUE
2026-08-07 00:58:03.537,AOI-PEP-01-UL,1260803056000,126080305600004070,TRUE
2026-08-07 00:57:59.255,ELC-DEP-01-L,1260717051000,126071705100001044,TRUE
2026-08-07 00:57:59.065,AOI-RESAOI-01-UL,1260720026000,126072002600001013,TRUE
2026-08-07 00:57:58.908,LAM-BOP-03-UL,1260704001010,12607040010003A161,TRUE
2026-08-07 00:57:56.816,AOI-PEP-01-L,1260803056000,126080305600004068,TRUE
2026-08-07 00:57:55.544,CPP-Horizontalplating-01-L,1260718160010,126071816000058160,TRUE
2026-08-07 00:57:53.981,CPP-Horizontalplating-01-UL,1260709001010,126071816000058036,TRUE
2026-08-07 00:57:53.155,ELC-RED-01-UL,1260703048000,126070304800001065,TRUE
2026-08-07 00:57:50.534,AOI-RESAOI-01-L,1260720026000,126072002600001078,TRUE
2026-08-07 00:57:49.073,LIN-INNLDI-03-L,1260804008000,ERROR_202608070757490735,TRUE
2026-08-07 00:56:56.712,LIN-INNTRE-02-UL-1,,126080509200018023,TRUE
2026-08-07 00:55:00.071,WIR-SE-01-UL,1260731061120,126073106100069016,TRUE
2026-08-07 00:58:25.601,SMK-TUN-01-UL,1260616078000,126070401900001003,TRUE
2026-08-07 00:58:24.974,ELC-DEP-01-UL,1260716035020,126071603500001030,TRUE
2026-08-07 00:58:24.653,ELC-PUL-01-UL,1260715030020,126071400700001027,TRUE
2026-08-07 00:58:24.396,ELC-DEP-01-L,1260717051000,126071705100001073,TRUE
2026-08-07 00:58:22.993,AOI-PEP-01-L,1260803056000,126080305600004067,TRUE
2026-08-07 00:58:23.003,ELC-PUL-02-UL,1260629073030,126062907300001010,TRUE
2026-08-07 00:58:24.246,LIN-INNLDI-03-L,1260804008000,126080407700012050,TRUE
2026-08-07 00:58:22.955,WIR-Pretreatment-01-UL,1260715023002,126071502300258280,TRUE
2026-08-07 00:58:22.036,AOI-RESAOI-01-UL,1260720026000,126072002600001003,TRUE
2026-08-07 00:58:18.905,WIR-Decoatbake-01-L,1260622080000,12606220800002B005,TRUE
2026-08-07 00:58:18.890,CPP-Horizontalplating-01-L,1260718160010,126071816000058162,TRUE
2026-08-07 00:58:18.265,ELC-RED-01-UL,1260703048000,126070304800001068,TRUE
2026-08-07 00:58:18.053,LAM-BOP-03-UL,1260704001010,12607040010003A129,TRUE
2026-08-07 00:58:14.692,SMK-SPR-01-L,1260622030000,126062203000001027,TRUE
2026-08-07 00:58:17.890,WIR-Decoatbake-01-UL,1260620158000,12606201580001C12009,TRUE
2026-08-07 00:58:17.561,CPP-Horizontalplating-01-UL,1260709001010,126071816000058040,TRUE
2026-08-07 00:58:13.567,AOI-RESAOI-01-L,1260720026000,126072002600001021,TRUE
2026-08-07 00:58:08.419,CPP-Patternplating-01-L,1260616092010,12606160920001C192,TRUE
2026-08-07 00:58:07.232,CPP-Patternplating-01-UL,,12606160920001C079,TRUE
2026-08-07 00:58:11.930,AOI-PEP-01-UL,1260803056000,126080305600004069,TRUE
2026-08-07 00:57:39.655,LIN-INNTRE-02-UL-2,,126080509200018024,TRUE
2026-08-07 00:58:06.906,ELC-RED-01-L,1260703048030,126070304800001064,TRUE
2026-08-07 00:55:00.071,WIR-SE-01-UL,1260731061120,126073106100069016,TRUE
2026-08-07 00:58:05.831,LIN-OUTTRE-01-L,1260624072000,126062407200001015,TRUE
2026-08-07 00:27:21.661,LSR-Debrowning-01-L,1260626094003,126062609400336805,TRUE
2026-08-07 00:58:38.466,LIN-INNLDI-03-L,1260804008000,126080407700012051,TRUE
2026-08-07 00:58:37.244,LAM-BOP-03-UL,1260704001010,12607040010003A132,TRUE
2026-08-07 00:58:36.335,AOI-RESAOI-01-L,1260720026000,126072002600001057,TRUE
2026-08-07 00:58:33.255,ELC-PUL-02-L,1260715060000,126071506000001068,TRUE
2026-08-07 00:58:32.281,ELC-RED-01-L,1260703048030,126070304800001050,TRUE
2026-08-07 00:58:32.573,AOI-PEP-01-L,1260803056000,126080305600004066,TRUE
2026-08-07 00:58:28.646,LIN-OUTTRE-01-L,1260624072000,126062407200001064,TRUE
2026-08-07 00:58:31.464,AOI-PEP-01-UL,1260803056000,126080305600004068,TRUE
2026-08-07 00:55:00.071,WIR-SE-01-UL,1260731061120,126073106100069016,TRUE
2026-08-07 00:59:06.036,CPP-Horizontalplating-01-L,1260718160010,126071816000058163,TRUE
2026-08-07 00:59:05.021,CPP-Horizontalplating-01-UL,1260709001010,126071816000058002,TRUE
2026-08-07 00:59:01.896,CPP-Patternplating-01-L,1260616092010,12606160920001C191,TRUE
2026-08-07 00:59:02.193,WIR-Decoatbake-01-UL,1260620158000,12606201580001C113,TRUE
2026-08-07 00:59:01.255,WIR-Pretreatment-01-UL,1260715023002,126071502300258296,TRUE
2026-08-07 00:58:59.352,AOI-RESAOI-01-L,1260720026000,126072002600001023,TRUE
2026-08-07 00:59:01.192,CPP-Patternplating-01-UL,,12606160920001C078,TRUE
2026-08-07 00:58:58.999,LIN-INNLDI-03-L,1260804008000,126080407700012052,TRUE
2026-08-07 00:58:57.834,ELC-DEP-01-UL,1260716035020,126071603500001007,TRUE
2026-08-07 00:58:57.315,ELC-RED-01-L,1260703048030,126070304800001031,TRUE
2026-08-07 00:58:54.450,AOI-PEP-01-L,1260803056000,126080305600004062,TRUE
2026-08-07 00:58:56.239,WIR-Decoatbake-01-L,1260622080000,12606220800002B001,TRUE
2026-08-07 00:58:53.811,AOI-PEP-01-UL,1260803056000,126080305600004066,TRUE
2026-08-07 00:58:51.619,SMK-SPR-01-L,1260622030000,126062203000001065,TRUE
2026-08-07 00:58:51.352,LIN-OUTTRE-01-L,1260624072000,126062407200001022,TRUE
2026-08-07 00:58:51.213,SMK-TUN-01-UL,1260616078000,126070401900001069,TRUE
2026-08-07 00:58:49.436,ELC-PUL-01-L,1260716035000,126071603500001035,TRUE
2026-08-07 00:58:48.490,ELC-DEP-01-L,1260717051000,126071705100001067,TRUE
2026-08-07 00:58:43.656,ELC-RED-01-UL,1260703048000,126070304800001067,TRUE
2026-08-07 00:58:44.944,AOI-RESAOI-01-UL,1260720026000,126072002600001078,TRUE
2026-08-07 00:58:37.244,LAM-BOP-03-UL,1260704001010,12607040010003A132,TRUE
2026-08-07 00:52:42.502,ELC-TRE-01-L,1260718124020,126071812400001065,TRUE
2026-08-07 00:59:17.749,LIN-INNLDI-03-L,1260804008000,ERROR_202608070759177491,TRUE
2026-08-07 00:59:15.038,ELC-DEP-01-UL,1260716035020,126071603500001028,TRUE
2026-08-07 00:59:14.182,LIN-OUTTRE-01-L,1260624072000,126062407200001063,TRUE
2026-08-07 00:59:13.819,ELC-DEP-01-L,1260717051000,126071705100001051,TRUE
2026-08-07 00:59:09.651,ELC-PUL-02-UL,1260629073030,126062907300001034,TRUE
2026-08-07 00:59:08.024,AOI-RESAOI-01-UL,1260720026000,126072002600001021,TRUE
2026-08-07 00:59:08.690,ELC-RED-01-UL,1260703048000,126070304800001034,TRUE
2026-08-07 00:59:34.099,ELC-RED-01-UL,1260703048000,126070304800001033,TRUE
2026-08-07 00:59:33.571,WIR-Decoatbake-01-L,1260622080000,12606220800002B041,TRUE
2026-08-07 00:59:33.328,LIN-INNLDI-03-L,1260804008000,126080407700012054,TRUE
2026-08-07 00:59:32.264,SMK-TUN-01-UL,1260616078000,126070401900001020,TRUE
2026-08-07 00:59:30.838,AOI-RESAOI-01-UL,1260720026000,126072002600001057,TRUE
2026-08-07 00:59:30.524,ELC-DEP-01-UL,1260716035020,126071603500001016,TRUE
2026-08-07 00:59:29.960,CPP-Horizontalplating-01-L,1260718160010,126071816000058164,TRUE
2026-08-07 00:59:28.898,CPP-Horizontalplating-01-UL,1260709001010,126071816000058056,TRUE
2026-08-07 00:59:27.407,ELC-PUL-01-UL,1260715030020,126071400700001002,TRUE
2026-08-07 00:59:22.447,AOI-RESAOI-01-L,1260720026000,126072002600001061,TRUE
2026-08-07 00:59:22.442,ELC-RED-01-L,1260703048030,126070304800001024,TRUE
2026-08-07 00:59:19.981,ELC-PUL-02-L,1260715060000,126071506000001045,TRUE
2026-08-07 00:56:26.939,ELC-TRE-01-UL,1260718124020,126071812400001065,TRUE
2026-08-07 00:59:53.448,CPP-Horizontalplating-01-L,1260718160010,126071816000058166,TRUE
2026-08-07 00:59:52.542,CPP-Horizontalplating-01-UL,1260709001010,126071816000058059,TRUE
2026-08-07 00:59:52.239,LIN-INNLDI-03-L,1260804008000,ERROR_202608070759522394,TRUE
2026-08-07 00:59:47.476,ELC-RED-01-L,1260703048030,126070304800001069,TRUE
2026-08-07 00:59:47.433,WIR-Decoatbake-01-UL,1260620158000,12606201580001C116,TRUE
2026-08-07 00:59:37.712,ELC-DEP-01-L,1260717051000,126071705100001064,TRUE
2026-08-07 00:59:39.868,WIR-Pretreatment-01-UL,1260715023002,126071502300258295,TRUE
2026-08-07 00:59:37.245,LIN-OUTTRE-01-L,1260624072000,126062407200001023,TRUE
2026-08-07 00:59:22.447,AOI-RESAOI-01-L,1260720026000,126072002600001061,TRUE
2026-08-07 00:58:51.619,SMK-SPR-01-L,1260622030000,126062203000001065,TRUE
2026-08-07 01:00:16.951,CPP-Horizontalplating-01-L,1260718160010,126071816000058165,TRUE
2026-08-07 01:00:16.709,ELC-PUL-01-UL,1260715030020,126071400700001020,TRUE
2026-08-07 01:00:16.701,CPP-Horizontalplating-01-UL,1260709001010,126071816000058053,TRUE
2026-08-07 01:00:16.011,AOI-PEP-01-UL,1260803056000,126080305600004062,TRUE
2026-08-07 01:00:10.826,WIR-Decoatbake-01-L,1260622080000,12606220800002B045,TRUE
2026-08-07 01:00:08.364,LIN-INNLDI-03-L,1260804008000,ERROR_202608070800083645,TRUE
2026-08-07 01:00:06.501,ELC-PUL-02-L,1260715060000,126071506000001060,TRUE
2026-08-07 01:00:03.261,ELC-DEP-01-L,1260717051000,126071705100001065,TRUE
2026-08-07 01:00:00.667,ELC-DEP-01-UL,1260716035020,126071603500001025,TRUE
2026-08-07 00:59:59.654,LIN-OUTTRE-01-L,1260624072000,126062407200001031,TRUE
2026-08-07 00:59:59.242,ELC-RED-01-UL,1260703048000,126070304800001022,TRUE
2026-08-07 00:59:56.328,SMK-TUN-01-UL,1260616078000,126070401900001074,TRUE
2026-08-07 00:59:56.245,CPP-Patternplating-01-L,1260616092010,12606160920001C188,TRUE
2026-08-07 00:59:55.970,ELC-PUL-02-UL,1260629073030,126062907300001012,TRUE
2026-08-07 00:59:55.004,ELC-PUL-01-L,1260716035000,126071603500001034,TRUE
2026-08-07 01:00:12.962,ELC-RED-01-L,1260703048030,126070304800001080,TRUE
2026-08-07 00:59:54.823,CPP-Patternplating-01-UL,,12606160920001C081,TRUE
2026-08-07 00:59:54.122,AOI-RESAOI-01-UL,1260720026000,126072002600001023,TRUE
2026-08-07 00:58:51.619,SMK-SPR-01-L,1260622030000,126062203000001065,TRUE
2026-08-07 01:00:26.968,ELC-DEP-01-L,1260717051000,126071705100001052,TRUE
2026-08-07 01:00:24.431,ELC-RED-01-UL,1260703048000,126070304800001053,TRUE
2026-08-07 01:00:22.625,LIN-OUTTRE-01-L,1260624072000,126062407200001081,TRUE
2026-08-07 01:00:18.451,WIR-Pretreatment-01-UL,1260715023002,126071502300258294,TRUE
2026-08-07 01:00:17.780,ELC-DEP-01-UL,1260716035020,126071603500001037,TRUE
2026-08-07 01:00:26.727,LIN-INNLDI-03-L,1260804008000,ERROR_202608070800267271,TRUE
2026-08-07 01:00:56.868,LIN-INNLDI-03-L,1260804008000,126080407700012059,TRUE
2026-08-07 01:00:57.297,WIR-Pretreatment-01-UL,1260715023002,126071502300258293,TRUE
2026-08-07 01:00:56.675,ELC-DEP-01-UL,1260716035020,126071603500001053,TRUE
2026-08-07 01:00:52.823,ELC-PUL-02-L,1260715060000,126071506000001053,TRUE
2026-08-07 01:00:52.206,ELC-DEP-01-L,1260717051000,126071705100001063,TRUE
2026-08-07 01:00:49.718,CPP-Patternplating-01-L,1260616092010,12606160920001C187,TRUE
2026-08-07 01:00:49.500,CPP-Patternplating-01-UL,,12606160920001C074,TRUE
2026-08-07 01:00:47.156,WIR-Decoatbake-01-L,1260622080000,12606220800002B038,TRUE
2026-08-07 01:00:44.672,LIN-OUTTRE-01-L,1260624072000,126062407200001006,TRUE
2026-08-07 01:00:49.698,ELC-RED-01-UL,1260703048000,126070304800001017,TRUE
2026-08-07 01:00:40.748,CPP-Horizontalplating-01-L,1260718160010,126071816000058168,TRUE
2026-08-07 01:00:42.385,ELC-PUL-02-UL,1260629073030,126062907300001057,TRUE
2026-08-07 01:00:40.061,CPP-Horizontalplating-01-UL,1260709001010,126071816000058055,TRUE
2026-08-07 01:00:38.284,SMK-TUN-01-UL,1260616078000,126070401900001080,TRUE
2026-08-07 01:00:38.698,ELC-RED-01-L,1260703048030,126070304800001076,TRUE
2026-08-07 01:00:32.311,WIR-Decoatbake-01-UL,1260620158000,12606201580001C101,TRUE
2026-08-07 00:58:51.619,SMK-SPR-01-L,1260622030000,126062203000001065,TRUE
2026-08-07 01:04:54.465,LIN-INNTRE-02-UL-2,,126080509700008008,TRUE
2026-08-07 01:04:53.402,AOI-PEP-01-L,1260803056000,126080305600004043,TRUE
2026-08-07 01:04:52.640,ELC-PUL-01-UL,1260715030020,126071400700001046,TRUE
2026-08-07 01:04:48.668,LIN-INNTRE-02-UL-1,,126080509700008009,TRUE
2026-08-07 01:04:46.400,LIN-INNLDI-03-L,1260804008000,ERROR_202608070804464003,TRUE
2026-08-07 01:04:44.980,ELC-PUL-02-L,1260715060000,126071506000001012,TRUE
2026-08-07 01:04:43.026,ELC-RED-01-UL,1260703048000,126070304800001042,TRUE
2026-08-07 01:04:51.423,AOI-RESAOI-01-L,1260720026000,126072002600001011,TRUE
2026-08-07 01:04:42.795,ELC-PUL-01-L,1260716035000,126071603500001042,TRUE
2026-08-07 01:04:52.402,AOI-PEP-01-UL,1260803056000,126080305600004046,TRUE
2026-08-07 01:04:38.573,CPP-Horizontalplating-01-UL,1260709001010,126071816000058008,TRUE
2026-08-07 01:04:34.386,ELC-PUL-02-UL,1260629073030,126062907300001005,TRUE
2026-08-07 01:04:36.338,CPP-Horizontalplating-01-L,1260718160010,126071816000058180,TRUE
2026-08-07 01:04:24.713,CPP-Patternplating-01-L,1260616092010,12606160920001C185,TRUE
2026-08-07 01:04:30.260,WIR-Decoatbake-01-L,1260622080000,12606220800002B047,TRUE
2026-08-07 01:04:17.118,WIR-Decoatbake-01-UL,1260620158000,12606201580001C102,TRUE
2026-08-07 01:03:30.350,WIR-Pretreatment-01-UL,1260715023002,126071502300258306,TRUE
2026-08-07 01:03:05.019,ELC-DEP-01-UL,1260716035020,126071603500001020,TRUE
2026-08-07 01:02:19.242,ELC-RED-01-L,1260703048030,126070304800001010,TRUE
2026-08-07 01:02:15.512,LIN-OUTTRE-01-L,1260624072000,126062407200001066,TRUE
2026-08-07 01:01:43.428,SMK-TUN-01-UL,1260616078000,126070401900001001,TRUE
2026-08-07 01:00:52.206,ELC-DEP-01-L,1260717051000,126071705100001063,TRUE
2026-08-07 00:58:37.244,LAM-BOP-03-UL,1260704001010,12607040010003A132,TRUE
2026-08-07 00:56:26.939,ELC-TRE-01-UL,1260718124020,126071812400001065,TRUE
2026-08-07 01:04:23.963,CPP-Patternplating-01-UL,,12606160920001C072,TRUE
2026-08-07 00:51:06.607,WIR-LDI-01-UL,,12607060550002B043,TRUE
2026-08-07 01:05:16.905,LIN-INNTRE-02-UL-2,,126080509700008012,TRUE
2026-08-07 01:05:14.998,AOI-PEP-01-UL,1260803056000,126080305600004043,TRUE
2026-08-07 01:05:08.920,LIN-INNTRE-02-UL-1,,126080509700008013,TRUE
2026-08-07 01:05:14.596,AOI-RESAOI-01-L,1260720026000,126072002600001063,TRUE
2026-08-07 01:05:08.276,ELC-RED-01-UL,1260703048000,126070304800001037,TRUE
2026-08-07 01:05:06.417,WIR-Decoatbake-01-L,1260622080000,12606220800002B036,TRUE
2026-08-07 01:05:05.181,LIN-INNLDI-03-L,1260804008000,ERROR_202608070805051816,TRUE
2026-08-07 01:05:04.590,AOI-PEP-01-L,1260803056000,126080305600004042,TRUE
2026-08-07 01:05:02.323,WIR-Decoatbake-01-UL,1260620158000,12606201580001C099,TRUE
2026-08-07 01:05:00.323,CPP-Horizontalplating-01-L,1260718160010,126071816000058178,TRUE
2026-08-07 01:05:00.064,AOI-RESAOI-01-UL,1260720026000,126072002600001061,TRUE
2026-08-07 01:03:05.019,ELC-DEP-01-UL,1260716035020,126071603500001020,TRUE
2026-08-07 01:05:02.127,CPP-Horizontalplating-01-UL,1260709001010,126071816000058007,TRUE
2026-08-07 01:05:33.014,CPP-Horizontalplating-01-L,1260718160010,126072501300400117,TRUE
2026-08-07 01:05:31.266,LIN-INNTRE-02-UL-1,,Error_202608070805312668,FALSE
2026-08-07 01:05:30.970,ELC-PUL-02-L,1260715060000,126071506000001041,TRUE
2026-08-07 01:05:28.036,ELC-DEP-01-UL,1260716035020,126071603500001076,TRUE
2026-08-07 01:05:27.999,AOI-PEP-01-L,1260803056000,126080305600004040,TRUE
2026-08-07 01:05:26.374,AOI-PEP-01-UL,1260803056000,126080305600004042,TRUE
2026-08-07 01:05:25.999,CPP-Horizontalplating-01-UL,1260709001010,126071816000058021,TRUE
2026-08-07 01:05:22.940,AOI-RESAOI-01-UL,1260720026000,126072002600001001,TRUE
2026-08-07 01:05:20.964,LIN-INNLDI-03-L,1260804008000,ERROR_202608070805209649,TRUE
2026-08-07 01:05:20.844,ELC-PUL-02-UL,1260629073030,126062907300001062,TRUE
2026-08-07 01:05:17.857,CPP-Patternplating-01-L,1260616092010,12606160920001C182,TRUE
2026-08-07 01:05:17.294,CPP-Patternplating-01-UL,,12606160920001C075,TRUE
2026-08-07 01:05:06.417,WIR-Decoatbake-01-L,1260622080000,12606220800002B036,TRUE
2026-08-07 01:05:56.383,ELC-DEP-01-UL,1260716035020,126071603500001060,TRUE
2026-08-07 01:05:55.107,LIN-INNLDI-03-L,1260804008000,126080407700012076,TRUE
2026-08-07 01:05:50.655,CPP-Horizontalplating-01-L,1260718160010,126072501300400079,TRUE
2026-08-07 01:05:50.172,AOI-PEP-01-L,1260803056000,126080305600004038,TRUE
2026-08-07 01:05:51.108,ELC-RED-01-UL,1260703048000,126070304800001066,TRUE
2026-08-07 01:05:49.973,LIN-INNTRE-02-UL-1,,126080509700008021,TRUE
2026-08-07 01:05:49.753,ELC-PUL-01-UL,1260715030020,126071400700001017,TRUE
2026-08-07 01:05:48.875,AOI-PEP-01-UL,1260803056000,126080305600004040,TRUE
2026-08-07 01:05:47.249,WIR-Decoatbake-01-UL,1260620158000,12606201580001C098,TRUE
2026-08-07 01:05:42.952,WIR-Decoatbake-01-L,1260622080000,12606220800002B057,TRUE
2026-08-07 01:02:15.512,LIN-OUTTRE-01-L,1260624072000,126062407200001066,TRUE
2026-08-07 01:05:45.771,AOI-RESAOI-01-UL,1260720026000,126072002600001011,TRUE
2026-08-07 01:05:38.252,ELC-PUL-01-L,1260716035000,126071603500001077,TRUE
2026-08-07 01:05:37.191,AOI-RESAOI-01-L,1260720026000,126072002600001062,TRUE
2026-08-07 01:06:12.805,AOI-PEP-01-L,1260803056000,126080305600004035,TRUE
2026-08-07 01:06:11.687,CPP-Patternplating-01-L,1260616092010,12606160920001C181,TRUE
2026-08-07 01:06:11.345,AOI-PEP-01-UL,1260803056000,126080305600004038,TRUE
2026-08-07 01:06:10.883,ELC-DEP-01-UL,1260716035020,126071603500001047,TRUE
2026-08-07 01:06:10.750,CPP-Patternplating-01-UL,,12606160920001C068,TRUE
2026-08-07 01:06:09.546,LIN-INNLDI-03-L,1260804008000,126080407700012077,TRUE
2026-08-07 01:06:08.820,AOI-RESAOI-01-UL,1260720026000,126072002600001063,TRUE
2026-08-07 01:06:06.880,ELC-PUL-02-UL,1260629073030,126062907300001036,TRUE
2026-08-07 01:06:00.926,LIN-INNTRE-02-UL-1,,126080509700008023,TRUE
2026-08-07 01:06:00.289,AOI-RESAOI-01-L,1260720026000,126072002600001040,TRUE
2026-08-07 01:33:01.490,AOI-PEP-01-UL,1260803058000,126080305800008022,TRUE
2026-08-07 01:32:58.443,LSR-Debrowning-01-L,1260626094003,226052207400400023,TRUE
2026-08-07 01:33:02.287,AOI-PEP-01-L,1260803058000,126080305800008020,TRUE
2026-08-07 01:33:01.407,CPP-Horizontalplating-01-UL,1260709001010,126071816000058158,TRUE
2026-08-07 01:32:47.873,WIR-Decoatbake-01-UL,1260620158000,12606201580001C09109,TRUE
2026-08-07 01:32:42.169,WIR-Decoatbake-01-L,1260622080010,12606220800002B122,TRUE
2026-08-07 01:32:41.924,ELC-PUL-01-L,1260716035000,126071603500001049,TRUE
2026-08-07 01:33:00.001,CPP-Patternplating-01-UL,,12606160920001C096,TRUE
2026-08-07 01:32:40.908,ELC-PUL-01-UL,1260714007000,126071400700001003,TRUE
2026-08-07 01:32:34.215,WIR-Vdevelop-01-L,1260706055000,12607060550002B057,TRUE
2026-08-07 01:32:39.054,ELC-DEP-01-L,1260717051000,126071705100001026,TRUE
2026-08-07 01:32:30.619,ELC-PUL-02-L,1260711018020,126071101800001023,TRUE
2026-08-07 01:30:40.090,GLD-RinseENEPIG-01-UL,,12606100020001C199,TRUE
2026-08-07 01:25:11.082,LIN-OUTTRE-01-UL,,126062407200001066,TRUE
2026-08-07 01:26:17.060,SMK-BRU-02-UL,1260704079030,Error_202608070826170602,FALSE
2026-08-07 01:24:51.421,WIR-Pretreatment-01-UL,1260715023002,126071502300258269,TRUE
2026-08-07 01:28:47.898,WIR-LDI-01-L,,12607080100003A028,TRUE
2026-08-07 01:27:21.374,SMK-TUN-01-UL,1260616078000,126070401900001062,TRUE
2026-08-07 01:19:50.910,CPP-Patternplating-01-L,1260616092010,126072012700400018,TRUE
2026-08-07 01:13:34.481,LIN-INNDES-01-UL,1260803062000,125072102500600042,TRUE
2026-08-07 01:23:01.018,CPP-Horizontalplating-01-L,1260715024003,126072501300400119,TRUE
2026-08-07 01:13:14.267,LIN-INNTRE-02-UL-2,,126080509900004024,TRUE
2026-08-07 01:18:31.395,ELC-PUL-02-UL,1260629073030,126062907300001050,TRUE
2026-08-07 01:11:51.438,ELC-RED-01-UL,1260703048030,126070304800001010,TRUE
2026-08-07 01:11:20.574,ELC-DEP-01-UL,1260716035020,126071603500001031,TRUE
2026-08-07 01:11:07.906,AOI-RESAOI-01-UL,1260720026000,126072002600001032,TRUE
2026-08-07 01:10:13.544,AOI-RESAOI-01-L,1260720026000,126072002600001032,TRUE
2026-08-07 01:11:42.933,LIN-INNTRE-02-UL-1,,126080509900004023,TRUE
2026-08-07 01:02:19.242,ELC-RED-01-L,1260703048030,126070304800001010,TRUE
2026-08-07 01:02:15.512,LIN-OUTTRE-01-L,1260624072000,126062407200001066,TRUE
2026-08-07 01:07:05.853,LIN-INNLDI-03-L,1260804008000,126080407700012080,TRUE
2026-08-07 00:58:51.619,SMK-SPR-01-L,1260622030000,126062203000001065,TRUE
2026-08-07 00:58:37.244,LAM-BOP-03-UL,1260704001010,12607040010003A132,TRUE
2026-08-07 00:56:26.939,ELC-TRE-01-UL,1260718124020,126071812400001065,TRUE
2026-08-07 00:57:01.948,CPP-VCP-01-L,1260727003010,126072700200400092,TRUE
2026-08-07 00:52:42.502,ELC-TRE-01-L,1260718124020,126071812400001065,TRUE
2026-08-07 00:56:10.057,WIR-Pretreatment-01-L,1260715023002,126071502300258269,TRUE
2026-08-07 00:55:00.071,WIR-SE-01-UL,1260731061120,126073106100069016,TRUE
2026-08-07 00:51:06.607,WIR-LDI-01-UL,,12607060550002B043,TRUE
2026-08-07 00:51:01.080,SMK-TUN-01-L,1260622072000,126062207200001028,TRUE
2026-08-07 00:42:06.157,WIR-SE-01-L,1260731061120,126073106100069016,TRUE
2026-08-07 00:47:27.003,LAM-BOP-03-L,1260704001010,12607040010003A132,TRUE
2026-08-07 00:44:35.972,LAM-BOP-01-L,1260801143000,126080114000002016,TRUE
2026-08-07 00:41:46.264,WIR-DES-01-UL,1260624087280,126071816300067012,TRUE
2026-08-07 00:37:44.006,LAM-BOP-02-UL,1260803013000,126080301900002019,TRUE
2026-08-07 00:36:03.652,SUR-FLM-01-UL,1260715042020,126071604700001028,TRUE
2026-08-07 00:33:21.374,LSR-Debrowning-01-UL,1260626094003,126062609400336805,TRUE
2026-08-07 00:35:51.694,LIN-OUTVAP-01-UL,,12606160910001C232,TRUE
2026-08-07 00:26:59.622,WIR-DES-01-L,1260718163040,126071816300067012,TRUE
2026-08-07 00:30:27.321,LAM-BOP-02-L,1260803013000,126080301900002019,TRUE
2026-08-07 00:22:16.286,SMK-TRE-01-UL,1260622024030,126062202400001068,TRUE
2026-08-07 00:06:08.550,SMK-DEV-01-UL,,126062013300001007,TRUE
2026-08-07 00:15:38.516,SMK-TRE-01-L,1260622024030,126062202400001068,TRUE
2026-08-07 00:03:05.478,SMK-BRU-01-UL,1260720062020,12607110010003G021,TRUE
2026-08-07 01:33:21.945,AOI-PEP-01-UL,1260803058000,126080305800008020,TRUE
2026-08-07 01:33:22.648,AOI-PEP-01-L,1260803058000,126080305800008018,TRUE
2026-08-07 01:33:18.688,WIR-Decoatbake-01-L,1260622080010,12606220800002B131,TRUE
2026-08-07 01:33:17.157,WIR-Vdevelop-01-UL,1260706055000,"12607060550002B043,BD",TRUE
2026-08-07 01:33:02.633,ELC-DEP-01-L,1260717051000,126071705100001006,TRUE
2026-08-07 01:33:09.532,WIR-Vdevelop-01-L,1260706055000,12607060550002B031,TRUE
2026-08-07 01:33:37.678,ELC-PUL-01-L,1260716035000,126071603500001072,TRUE
2026-08-07 01:33:36.053,ELC-PUL-01-UL,1260714007000,126071400700001004,TRUE
2026-08-07 01:33:32.460,AOI-PEP-01-L,1260803058000,126080305800008017,TRUE
2026-08-07 01:33:26.948,ELC-DEP-01-L,1260717051000,126071705100001021,TRUE
2026-08-07 01:33:25.578,ELC-PUL-02-L,1260711018020,126071101800001038,TRUE
2026-08-07 01:33:32.891,WIR-Decoatbake-01-UL,1260620158000,12606201580001C08909,TRUE
2026-08-07 01:33:23.866,LSR-Debrowning-01-L,1260626094003,126062408400400115,TRUE
2026-08-07 01:33:31.992,AOI-PEP-01-UL,1260803058000,126080305800008019,TRUE
2026-08-07 01:34:04.767,WIR-LDI-01-L,,12607080100003A027,TRUE
2026-08-07 01:34:03.816,AOI-PEP-01-L,1260803058000,126080305800008014,TRUE
2026-08-07 01:34:03.685,AOI-PEP-01-UL,1260803058000,126080305800008016,TRUE
2026-08-07 01:34:02.157,CPP-Horizontalplating-01-UL,1260709001010,126071816000058162,TRUE
2026-08-07 01:33:53.267,CPP-Patternplating-01-UL,,12606160920001C100,TRUE
2026-08-07 01:33:51.218,ELC-DEP-01-L,1260717051000,126071705100001023,TRUE
2026-08-07 01:33:57.314,WIR-Decoatbake-01-L,1260622080010,12606220800002B133,TRUE
2026-08-07 01:33:50.048,WIR-Vdevelop-01-UL,1260706055000,"12607060550002B154,BD",TRUE
2026-08-07 01:33:49.273,LSR-Debrowning-01-L,1260626094003,126070300300400056,TRUE
2026-08-07 01:33:45.110,WIR-Vdevelop-01-L,1260706055000,12607060550002B003,TRUE
2026-08-07 01:33:37.678,ELC-PUL-01-L,1260716035000,126071603500001072,TRUE
2026-08-07 00:44:35.972,LAM-BOP-01-L,1260801143000,126080114000002016,TRUE
2026-08-07 03:18:15.694,LIN-INNDES-02-L,,126080406200006044,TRUE
2026-08-07 03:18:14.985,WIR-LDI-01-UL,,12607080100003A173,TRUE
2026-08-07 03:18:12.931,GLD-RinseENEPIG-01-UL,,12606080010001C212,TRUE
2026-08-07 03:18:13.261,AOI-RESAOI-01-L,1260704079000,126070407900001028,TRUE
2026-08-07 03:18:10.808,LIN-OUTTRE-01-UL,,126071606500001031,TRUE
2026-08-07 03:18:11.095,ELC-INS-01-L,1260720056020,126072005600001012,TRUE
2026-08-07 03:18:10.282,WIR-Vdevelop-01-UL,1260706055010,"12607060550002B163,BD",TRUE
2026-08-07 03:18:09.535,LAM-BOP-02-L,1260803011000,126080301100010034,TRUE
2026-08-07 03:18:10.184,SMK-BRU-01-L,1260715066020,126071506600001061,TRUE
2026-08-07 03:18:08.611,ELC-TRE-01-L,1260716041020,126071604100001073,TRUE
2026-08-07 03:18:05.387,ELC-PUL-01-UL,1260716035000,126071603500001049,TRUE
2026-08-07 03:18:04.035,LAM-BOP-01-L,1260803031000,126080303100002045,TRUE
2026-08-07 03:18:04.933,SMK-TRE-01-UL,1260622048000,126062204800001028,TRUE
2026-08-07 03:18:07.808,SMK-TRE-01-L,1260622048000,126062204800001073,TRUE
2026-08-07 03:18:03.162,WIR-Vdevelop-01-L,1260706055010,12607060550002B148,TRUE
2026-08-07 03:18:02.500,ELC-TRE-01-UL,1260716041020,126071604100001044,TRUE
2026-08-07 03:18:00.594,ELC-INS-01-UL,1260720056020,126072005600001068,TRUE
2026-08-07 03:17:59.028,ELC-PUL-01-L,1260717051020,126071705100001023,TRUE
2026-08-07 03:17:57.371,WIR-SE-01-L,1260629001000,12606290010002B044,TRUE
2026-08-07 03:17:56.028,SMK-BRU-01-UL,1260715066020,126071506600001074,TRUE
2026-08-07 03:17:54.990,SMK-TUN-01-UL,1260704019000,126061906800001069,TRUE
2026-08-07 03:17:54.671,WIR-LDI-01-L,,12606080020001C088,TRUE
2026-08-07 03:17:27.863,SMK-DEV-01-UL,,126062015700001043,TRUE
2026-08-07 03:17:36.510,LIN-OUTDES-01-UL,1260716053020,Error_202608071017365104,FALSE
2026-08-07 03:17:19.218,LIN-INNLDI-03-L,,ERROR_202608071017192183,TRUE
2026-08-07 03:17:01.574,LIN-INNTRE-02-UL-1,,126080509600010004,TRUE
2026-08-07 03:16:58.314,LIN-OUTVAP-01-UL,,Error_202608071016583143,FALSE
2026-08-07 03:17:50.281,WIR-Pretreatment-01-L,1260718160010,126071816000058159,TRUE
2026-08-07 03:16:51.574,WIR-Decoatbake-01-L,1260703001010,12607030010002B171,TRUE
2026-08-07 03:16:17.208,WIR-Decoatbake-01-UL,1260622080000,12606220800002B033,TRUE
2026-08-07 03:16:48.495,ELC-PUL-02-UL,1260715060000,126071101800001030,TRUE
2026-08-07 03:14:55.944,LAM-BOP-03-UL,1260720001010,126072000101067092,TRUE
2026-08-07 03:16:15.554,ELC-DEP-01-UL,1260717051020,126071504200001071,TRUE
2026-08-07 03:13:18.460,WIR-Pretreatment-01-UL,1260718160000,126071816000058030,TRUE
2026-08-07 03:12:09.382,LIN-INNDES-01-UL,1260803062000,Error_202608071012093825,FALSE
2026-08-07 03:10:08.165,LIN-INNTRE-02-UL-2,,126080509500013023,TRUE
2026-08-07 03:07:21.458,LIN-INNTRE-01-UL,1260804074000,126080402500004020,TRUE
2026-08-07 03:07:13.386,ELC-DEP-01-L,1260717021000,126071702100001044,TRUE
2026-08-07 03:03:45.904,WIR-SE-01-UL,1260715023070,12606290010002B038,TRUE
2026-08-07 03:18:08.269,LAM-BOP-02-UL,1260803012000,126080301800012078,TRUE
2026-08-07 03:03:44.292,LAM-BOP-03-L,1260720001010,126072000101067092,TRUE
2026-08-07 03:02:07.543,LSR-Debrowning-01-UL,1260620159010,12606201590001C199,TRUE
2026-08-07 03:00:04.520,AOI-PEP-01-L,1260804022000,126080402200010054,TRUE
2026-08-07 02:57:44.528,LIN-OUTTRE-01-L,1260716065000,126071606500001010,TRUE
2026-08-07 03:00:22.380,AOI-PEP-01-UL,1260804022000,126080402200010054,TRUE
2026-08-07 02:52:51.007,CPP-Patternplating-01-L,1260616092010,126072012700400020,TRUE
2026-08-07 02:52:16.968,LIN-INNDES-02-UL,,126080406900008080,TRUE
2026-08-07 02:43:32.213,SMK-SPR-01-L,1260618003000,12606180030001C090,TRUE
2026-08-07 02:32:13.956,CPP-Patternplating-01-UL,,Error_202608070932139562,FALSE
2026-08-07 02:56:04.848,LSR-Debrowning-01-L,1260620159010,12606201590001C199,TRUE
2026-08-07 02:27:23.084,SMK-TUN-01-L,1260622030000,126062203000001002,TRUE
2026-08-07 02:35:12.090,ELC-PUL-02-L,1260711018000,126071101800001028,TRUE
2026-08-07 02:18:09.333,FVI-OSP-01-UL,1260709013000,Error_202608070918093330,FALSE
2026-08-07 02:19:30.678,SMK-DEV-01-L,1260704019020,126062013300001062,TRUE
2026-08-07 01:58:47.378,CPP-Horizontalplating-01-UL,1260709001010,126072501300400119,TRUE
2026-08-07 01:52:33.435,SMK-BRU-02-UL,1260704079030,126071708700001066,TRUE
2026-08-07 01:11:51.438,ELC-RED-01-UL,1260703048030,126070304800001010,TRUE
2026-08-07 01:11:07.906,AOI-RESAOI-01-UL,1260720026000,126072002600001032,TRUE
2026-08-07 01:37:37.857,SMK-DIX-01-L,1260620157000,126062015700001040,TRUE
2026-08-07 01:02:19.242,ELC-RED-01-L,1260703048030,126070304800001010,TRUE
2026-08-07 01:23:01.018,CPP-Horizontalplating-01-L,1260715024003,126072501300400119,TRUE
2026-08-07 00:26:59.622,WIR-DES-01-L,1260718163040,126071816300067012,TRUE
2026-08-07 00:36:03.652,SUR-FLM-01-UL,1260715042020,126071604700001028,TRUE
2026-08-07 00:57:01.948,CPP-VCP-01-L,1260727003010,126072700200400092,TRUE
2026-08-07 00:41:46.264,WIR-DES-01-UL,1260624087280,126071816300067012,TRUE
2026-08-07 03:18:50.940,ELC-INS-01-UL,1260720056020,126072005600001020,TRUE
2026-08-07 03:18:48.776,GLD-RinseENEPIG-01-UL,,12606080010001C198,TRUE
2026-08-07 03:18:47.998,WIR-SE-01-L,1260629001000,12606290010002B056,TRUE
2026-08-07 03:18:48.178,LAM-BOP-01-L,1260803031000,126080303100002039,TRUE
2026-08-07 03:18:47.268,ELC-TRE-01-UL,1260716041020,126071604100001008,TRUE
2026-08-07 03:18:45.530,AOI-RESAOI-01-L,1260704079000,126070407900001016,TRUE
2026-08-07 03:18:45.205,WIR-Vdevelop-01-UL,1260706055010,"12607060550002B164,BD",TRUE
2026-08-07 03:18:44.946,LIN-INNDES-02-L,,126080406200006042,TRUE
2026-08-07 03:18:44.267,WIR-LDI-01-UL,,12607080100003A176,TRUE
2026-08-07 03:18:42.357,SMK-TRE-01-L,1260622048000,126062204800001042,TRUE
2026-08-07 03:18:40.138,SMK-TRE-01-UL,1260622048000,126062204800001023,TRUE
2026-08-07 03:18:39.201,SMK-BRU-01-L,1260715066020,126071506600001056,TRUE
2026-08-07 03:18:41.723,LAM-BOP-02-L,1260803011000,126080301100010072,TRUE
2026-08-07 03:18:38.939,WIR-Vdevelop-01-L,1260706055010,12607060550002B157,TRUE
2026-08-07 03:18:38.315,ELC-TRE-01-L,1260716041020,126071604100001018,TRUE
2026-08-07 03:18:35.339,SMK-TUN-01-UL,1260704019020,126061906800001057,TRUE
2026-08-07 03:18:34.307,SMK-DEV-01-UL,,126062015700001068,TRUE
2026-08-07 03:18:16.991,LIN-OUTVAP-01-UL,,Error_202608071018169911,FALSE
2026-08-07 03:18:30.221,ELC-INS-01-L,1260720056020,126072005600001072,TRUE
2026-08-07 03:18:08.269,LAM-BOP-02-UL,1260803012000,126080301800012078,TRUE
2026-08-07 03:18:05.387,ELC-PUL-01-UL,1260716035000,126071603500001049,TRUE
2026-08-07 03:12:09.382,LIN-INNDES-01-UL,1260803062000,Error_202608071012093825,FALSE
2026-08-07 03:19:02.397,LAM-BOP-01-L,1260803031000,126080303100002037,TRUE
2026-08-07 03:19:00.000,ELC-PUL-01-UL,1260716035020,126071603500001072,TRUE
2026-08-07 03:18:59.654,SMK-TUN-01-UL,1260704019020,126061906800001023,TRUE
2026-08-07 03:18:59.321,LIN-INNDES-02-L,,126080406200006041,TRUE
2026-08-07 03:18:58.940,ELC-INS-01-L,1260720056020,126072005600001062,TRUE
2026-08-07 03:18:58.908,SMK-TRE-01-L,1260622048000,126062204800001004,TRUE
2026-08-07 03:18:57.110,LIN-OUTDES-01-UL,1260716053020,126062507200001067,TRUE
2026-08-07 03:18:54.749,ELC-PUL-01-L,1260717051020,126071705100001021,TRUE
2026-08-07 03:18:54.188,AOI-RESAOI-01-UL,1260704079000,126070407900001028,TRUE
2026-08-07 03:18:57.188,SMK-TRE-01-UL,1260622048000,126062204800001039,TRUE
2026-08-07 03:18:53.440,ELC-TRE-01-L,1260716041020,126071604100001075,TRUE
2026-08-07 03:18:52.413,LAM-BOP-02-L,1260803011000,126080301100010070,TRUE
2026-08-07 01:37:37.857,SMK-DIX-01-L,1260620157000,126062015700001040,TRUE
2026-08-07 00:57:01.948,CPP-VCP-01-L,1260727003010,126072700200400092,TRUE
2026-08-07 03:19:24.665,LAM-BOP-02-UL,1260803011000,126080301100010042,TRUE
2026-08-07 03:19:23.974,ELC-TRE-01-L,1260716041020,126071604100001080,TRUE
2026-08-07 03:19:23.962,LAM-BOP-02-L,1260803011000,126080301100010062,TRUE
2026-08-07 03:19:23.216,GLD-RinseENEPIG-01-UL,,12606080010001C068,TRUE
2026-08-07 03:19:19.176,WIR-Vdevelop-01-UL,1260706055010,"12607060550002B161,BD",TRUE
2026-08-07 03:19:17.564,WIR-SE-01-L,1260629001000,12606290010002B031,TRUE
2026-08-07 03:19:17.498,AOI-RESAOI-01-UL,1260704079000,126070407900001061,TRUE
2026-08-07 03:19:15.686,SMK-TRE-01-L,1260622048000,126062204800001024,TRUE
2026-08-07 03:19:17.458,ELC-TRE-01-UL,1260716041020,126071604100001023,TRUE
2026-08-07 03:19:14.654,SMK-TRE-01-UL,1260622048000,126062204800001047,TRUE
2026-08-07 03:19:14.925,WIR-Vdevelop-01-L,1260706055010,12607060550002B158,TRUE
2026-08-07 03:19:10.329,SMK-DEV-01-UL,,126062015700001059,TRUE
2026-08-07 03:19:13.683,LIN-INNDES-02-L,,126080406200006040,TRUE
2026-08-07 03:19:09.154,AOI-RESAOI-01-L,1260704079000,126070407900001062,TRUE
2026-08-07 03:19:02.397,LAM-BOP-01-L,1260803031000,126080303100002037,TRUE
2026-08-07 03:19:06.626,SMK-BRU-01-L,1260715066020,126071506600001063,TRUE
2026-08-07 03:19:08.581,ELC-INS-01-UL,1260720056020,126072005600001077,TRUE
2026-08-07 03:18:44.267,WIR-LDI-01-UL,,12607080100003A176,TRUE
2026-08-07 03:18:58.940,ELC-INS-01-L,1260720056020,126072005600001062,TRUE
2026-08-07 02:32:13.956,CPP-Patternplating-01-UL,,Error_202608070932139562,FALSE
2026-08-07 03:19:40.127,SMK-TUN-01-UL,1260704019020,126061906800001021,TRUE
2026-08-07 03:19:34.932,LAM-BOP-02-L,1260803011000,126080301100010060,TRUE
2026-08-07 03:19:34.807,LAM-BOP-02-UL,1260803011000,126080301100010039,TRUE
2026-08-07 03:19:34.048,SMK-BRU-01-L,1260715066020,126071506600001064,TRUE
2026-08-07 03:19:32.630,ELC-TRE-01-UL,1260716041020,126071604100001065,TRUE
2026-08-07 03:19:33.031,SMK-TRE-01-L,1260622048000,126062204800001069,TRUE
2026-08-07 03:19:32.093,AOI-RESAOI-01-L,1260704079000,126070407900001075,TRUE
2026-08-07 03:19:25.661,WIR-LDI-01-UL,,12607080100003A175,TRUE
2026-08-07 03:19:28.448,LIN-INNDES-02-L,,126080406200006039,TRUE
2026-08-07 03:19:28.114,ELC-INS-01-UL,1260720056020,126072005600001012,TRUE
2026-08-07 03:19:02.397,LAM-BOP-01-L,1260803031000,126080303100002037,TRUE
2026-08-07 03:12:09.382,LIN-INNDES-01-UL,1260803062000,Error_202608071012093825,FALSE
2026-08-07 03:18:58.940,ELC-INS-01-L,1260720056020,126072005600001062,TRUE
2026-08-07 03:20:05.752,LIN-OUTDES-01-UL,1260716053020,126062507200001066,TRUE
2026-08-07 03:20:04.017,SMK-TUN-01-UL,1260704019020,126061906800001071,TRUE
2026-08-07 03:20:03.997,ELC-TRE-01-UL,1260716041020,126071604100001036,TRUE
2026-08-07 03:20:05.674,SMK-TRE-01-L,1260622048000,126062204800001041,TRUE
2026-08-07 03:20:03.690,AOI-RESAOI-01-UL,1260704079000,126070407900001062,TRUE
2026-08-07 03:20:03.210,SMK-BRU-01-L,1260715066020,126071506600001009,TRUE
2026-08-07 03:19:56.746,LAM-BOP-02-L,1260803011000,126080301100010056,TRUE
2026-08-07 03:19:56.516,GLD-RinseENEPIG-01-UL,,12606080010001C072,TRUE
2026-08-07 03:19:57.328,LIN-INNDES-02-L,,126080406200006037,TRUE
2026-08-07 03:19:56.246,LAM-BOP-02-UL,1260803011000,126080301100010035,TRUE
2026-08-07 03:19:55.115,WIR-LDI-01-UL,,12607080100003A178,TRUE
2026-08-07 03:19:55.237,AOI-RESAOI-01-L,1260704079000,126070407900001066,TRUE
2026-08-07 03:19:56.022,ELC-PUL-01-UL,1260716035020,126071603500001063,TRUE
2026-08-07 03:19:50.787,WIR-Vdevelop-01-L,1260706055010,12607060550002B122,TRUE
2026-08-07 03:19:53.943,WIR-Vdevelop-01-UL,1260706055010,"12607060550002B162,BD",TRUE
2026-08-07 03:19:50.536,ELC-PUL-01-L,1260717051020,126071705100001006,TRUE
2026-08-07 03:19:50.006,CPP-VCP-01-L,1260727003010,126072700200400043,TRUE
2026-08-07 03:19:47.175,WIR-SE-01-L,1260629001000,12606290010002B030,TRUE
2026-08-07 03:19:45.928,ELC-INS-01-UL,1260720056020,126072005600001072,TRUE
2026-08-07 03:19:48.840,ELC-TRE-01-L,1260716041020,126071604100001069,TRUE
2026-08-07 03:19:46.361,SMK-DEV-01-UL,,126062015700001053,TRUE
2026-08-07 03:18:16.991,LIN-OUTVAP-01-UL,,Error_202608071018169911,FALSE
2026-08-07 03:20:26.407,LIN-INNDES-02-L,,126080406200006035,TRUE
2026-08-07 03:20:24.554,WIR-LDI-01-UL,,12607080100003A177,TRUE
2026-08-07 03:20:23.252,SMK-DEV-01-UL,,126062015700001051,TRUE
2026-08-07 03:20:24.268,SMK-TRE-01-L,1260622048000,126062204800001019,TRUE
2026-08-07 03:20:19.721,SMK-TRE-01-UL,1260622048000,126062204800001052,TRUE
2026-08-07 03:20:21.513,ELC-TRE-01-UL,1260716041020,126071604100001041,TRUE
2026-08-07 03:20:17.997,LAM-BOP-02-L,1260803011000,126080301100010050,TRUE
2026-08-07 03:20:19.081,AOI-RESAOI-01-L,1260704079000,126070407900001032,TRUE
2026-08-07 03:20:17.513,LAM-BOP-02-UL,1260803011000,126080301100010031,TRUE
2026-08-07 03:20:14.950,ELC-TRE-01-L,1260716041020,126071604100001060,TRUE
2026-08-07 03:20:14.443,CPP-VCP-01-L,1260727003010,126072700200400044,TRUE
2026-08-07 03:17:01.574,LIN-INNTRE-02-UL-1,,126080509600010004,TRUE
2026-08-07 03:20:45.780,ELC-TRE-01-L,1260716041020,126071604100001067,TRUE
2026-08-07 03:20:41.972,AOI-RESAOI-01-L,1260704079000,126070407900001022,TRUE
2026-08-07 03:20:40.816,SMK-TRE-01-L,1260622048000,126062204800001016,TRUE
2026-08-07 03:20:40.721,LIN-INNDES-02-L,,126080406200006034,TRUE
2026-08-07 03:20:39.076,LAM-BOP-02-L,1260803011000,126080301100010046,TRUE
2026-08-07 03:20:38.962,CPP-VCP-01-L,1260727003010,126072700200400045,TRUE
2026-08-07 03:20:38.638,LAM-BOP-02-UL,1260803011000,126080301100010027,TRUE
2026-08-07 03:20:36.186,ELC-TRE-01-UL,1260716041020,126071604100001020,TRUE
2026-08-07 03:20:38.019,LIN-OUTDES-01-UL,1260716053020,126061908000001002,TRUE
2026-08-07 03:20:32.534,GLD-RinseENEPIG-01-UL,,12606080010001C120,TRUE
2026-08-07 03:20:31.557,SMK-BRU-01-L,1260715066020,126071506600001058,TRUE
2026-08-07 03:20:31.569,ELC-INS-01-UL,1260720056020,126072005600001062,TRUE
2026-08-07 03:20:28.720,LIN-OUTVAP-01-UL,,12606160910001C118,TRUE
2026-08-07 03:20:27.581,AOI-RESAOI-01-UL,1260704079000,126070407900001075,TRUE
2026-08-07 03:20:28.367,WIR-Vdevelop-01-UL,1260706055010,"12607060550002B159,BD",TRUE
2026-08-07 03:20:26.648,WIR-Vdevelop-01-L,1260706055010,12607060550002B121,TRUE
2026-08-07 03:19:50.536,ELC-PUL-01-L,1260717051020,126071705100001006,TRUE
2026-08-07 03:19:47.175,WIR-SE-01-L,1260629001000,12606290010002B030,TRUE
2026-08-07 03:20:51.203,ELC-TRE-01-UL,1260716041020,126071604100001079,TRUE
2026-08-07 03:20:51.199,ELC-PUL-01-UL,1260716035020,126071603500001023,TRUE
2026-08-07 03:20:50.441,AOI-RESAOI-01-UL,1260704079000,126070407900001066,TRUE
2026-08-07 03:20:49.750,LAM-BOP-02-L,1260803011000,126080301100010044,TRUE
2026-08-07 03:20:49.187,LAM-BOP-02-UL,1260803011000,126080301100010025,TRUE
2026-08-07 03:20:46.690,SMK-TUN-01-UL,1260704019020,126061906800001001,TRUE
2026-08-07 03:20:46.480,ELC-PUL-01-L,1260717051020,126071705100001026,TRUE
2026-08-07 03:20:40.816,SMK-TRE-01-L,1260622048000,126062204800001016,TRUE
2026-08-07 03:21:29.801,LAM-BOP-02-UL,1260803011000,126080301100010021,TRUE
2026-08-07 03:21:32.270,LAM-BOP-02-L,1260803011000,126080301700010021,TRUE
2026-08-07 03:21:28.413,AOI-RESAOI-01-L,1260704079000,126070407900001001,TRUE
2026-08-07 03:21:27.515,SMK-BRU-01-L,1260715066020,126071506600001043,TRUE
2026-08-07 03:21:24.120,LIN-INNDES-02-L,,126080406200006031,TRUE
2026-08-07 03:21:23.446,WIR-LDI-01-UL,,12607080100003A170,TRUE
2026-08-07 03:21:22.908,ELC-TRE-01-UL,1260716041020,126071604100001049,TRUE
2026-08-07 03:21:15.774,SMK-TRE-01-UL,1260622048000,126062204800001051,TRUE
2026-08-07 03:21:16.281,ELC-TRE-01-L,1260716041020,126071604100001066,TRUE
2026-08-07 03:21:15.556,CPP-VCP-01-L,1260727003010,126072700200400093,TRUE
2026-08-07 03:21:14.208,SMK-TRE-01-L,1260622048000,126062204800001020,TRUE
2026-08-07 03:21:14.428,LIN-OUTDES-01-UL,1260716053020,126061908000001306,TRUE
2026-08-07 03:21:13.646,AOI-RESAOI-01-UL,1260704079000,126070407900001032,TRUE
2026-08-07 03:21:11.067,SMK-TUN-01-UL,1260704019020,126061906800001065,TRUE
2026-08-07 03:21:03.071,WIR-Vdevelop-01-UL,1260706055010,"12607060550002B170,BD",TRUE
2026-08-07 03:21:06.553,GLD-RinseENEPIG-01-UL,,12606080010001C105,TRUE
2026-08-07 03:20:59.206,SMK-DEV-01-UL,,126062015700001069,TRUE
2026-08-07 03:21:02.524,WIR-Vdevelop-01-L,1260706055010,12607060550002B127,TRUE
2026-08-07 03:19:47.175,WIR-SE-01-L,1260629001000,12606290010002B030,TRUE
2026-08-07 03:22:04.710,LAM-BOP-02-L,1260803011000,126080301700010067,TRUE
2026-08-07 03:22:02.928,LAM-BOP-02-UL,1260803011000,126080301100010005,TRUE
2026-08-07 03:22:00.104,AOI-RESAOI-01-UL,1260704079000,126070407900001023,TRUE
2026-08-07 03:21:59.956,WIR-SE-01-L,1260629001000,12606290010002B036,TRUE
2026-08-07 03:21:55.985,SMK-BRU-01-L,1260715066020,126071506600001066,TRUE
2026-08-07 03:21:59.298,ELC-TRE-01-L,1260716041020,126071604100001027,TRUE
2026-08-07 03:21:52.900,WIR-LDI-01-UL,,12607080100003A172,TRUE
2026-08-07 03:21:53.339,LIN-INNDES-02-L,,126080406200006029,TRUE
2026-08-07 03:21:52.241,SMK-TUN-01-UL,1260704019020,126061906800001054,TRUE
2026-08-07 03:21:52.439,ELC-TRE-01-UL,1260716041020,126071604100001073,TRUE
2026-08-07 03:21:47.891,ELC-PUL-01-UL,1260716035020,126071603500001071,TRUE
2026-08-07 03:21:51.667,AOI-RESAOI-01-L,1260704079000,126070407900001004,TRUE
2026-08-07 03:21:45.719,SMK-BRU-01-UL,1260715066020,126071506600001007,TRUE
2026-08-07 03:21:41.750,ELC-PUL-01-L,1260717051020,126071705100001033,TRUE
2026-08-07 03:21:39.603,WIR-Vdevelop-01-UL,1260706055010,"12607060550002B167,BB",TRUE
2026-08-07 03:21:40.605,GLD-RinseENEPIG-01-UL,,12606080010001C070,TRUE
2026-08-07 03:20:31.569,ELC-INS-01-UL,1260720056020,126072005600001062,TRUE
2026-08-07 03:12:09.382,LIN-INNDES-01-UL,1260803062000,Error_202608071012093825,FALSE
2026-08-07 03:21:38.775,WIR-Vdevelop-01-L,1260706055010,12607060550002B142,TRUE
2026-08-07 03:22:36.319,LAM-BOP-02-L,1260803011000,126080301700010072,TRUE
2026-08-07 03:22:36.657,LIN-INNDES-02-L,,126080406200006026,TRUE
2026-08-07 03:22:34.663,LAM-BOP-02-UL,1260803011000,126080301100010077,TRUE
2026-08-07 03:22:30.064,ELC-TRE-01-L,1260716041020,126071604100001063,TRUE
2026-08-07 03:22:23.510,AOI-RESAOI-01-UL,1260704079000,126070407900001001,TRUE
2026-08-07 03:22:24.907,SMK-BRU-01-L,1260715066020,126071506600001023,TRUE
2026-08-07 03:22:22.033,ELC-TRE-01-UL,1260716041020,126071604100001018,TRUE
2026-08-07 03:22:21.964,CPP-VCP-01-L,1260727003010,126072700200400065,TRUE
2026-08-07 03:22:21.276,SMK-TRE-01-UL,1260622048000,126062204800001026,TRUE
2026-08-07 03:22:20.824,WIR-SE-01-L,1260629001000,12606290010002B060,TRUE
2026-08-07 03:22:17.070,SMK-TUN-01-UL,1260704019020,126061906800001008,TRUE
2026-08-07 03:22:15.688,SMK-BRU-01-UL,1260715066020,126071506600001011,TRUE
2026-08-07 03:22:16.057,WIR-Vdevelop-01-UL,1260706055010,"12607060550002B145,BB",TRUE
2026-08-07 03:22:15.652,GLD-RinseENEPIG-01-UL,,12606080010001C083,TRUE
2026-08-07 03:22:14.214,WIR-Vdevelop-01-L,1260706055010,12607060550002B141,TRUE
2026-08-07 03:22:14.464,AOI-RESAOI-01-L,1260704079000,126070407900001059,TRUE
2026-08-07 03:20:31.569,ELC-INS-01-UL,1260720056020,126072005600001062,TRUE
2026-08-07 03:22:08.604,LIN-OUTDES-01-UL,1260716053020,126061908000001308,TRUE
2026-08-07 03:17:01.574,LIN-INNTRE-02-UL-1,,126080509600010004,TRUE
2026-08-07 03:12:09.382,LIN-INNDES-01-UL,1260803062000,Error_202608071012093825,FALSE
2026-08-07 03:22:58.587,LAM-BOP-02-L,1260803011000,126080301700010074,TRUE
2026-08-07 03:22:58.103,SMK-TUN-01-UL,1260704019020,126061906800001029,TRUE
2026-08-07 03:22:56.070,LAM-BOP-02-UL,1260803011000,126080301100010075,TRUE
2026-08-07 03:22:55.048,SMK-BRU-01-L,1260715066020,126071506600001003,TRUE
2026-08-07 03:22:54.107,WIR-Vdevelop-01-UL,1260706055010,"12607060550002B144,BD",TRUE
2026-08-07 03:22:53.317,ELC-TRE-01-UL,1260716041020,126071604100001076,TRUE
2026-08-07 03:22:50.404,WIR-SE-01-L,1260629001000,12606290010002B035,TRUE
2026-08-07 03:22:50.847,LIN-INNDES-02-L,,126080406200006025,TRUE
2026-08-07 03:22:49.841,GLD-RinseENEPIG-01-UL,,12606080010001C078,TRUE
2026-08-07 03:22:50.029,WIR-Vdevelop-01-L,1260706055010,12607060550002B140,TRUE
2026-08-07 03:22:46.464,AOI-RESAOI-01-UL,1260704079000,126070407900001004,TRUE
2026-08-07 03:22:47.516,LIN-INNLDI-03-L,,ERROR_202608071022475166,TRUE
2026-08-07 03:22:45.237,ELC-TRE-01-L,1260716041020,126071604100001021,TRUE
2026-08-07 03:22:42.283,ELC-PUL-01-UL,1260716035020,126071603500001031,TRUE
2026-08-07 03:22:41.876,SMK-BRU-01-UL,1260715066020,126071506600001012,TRUE
2026-08-07 03:22:41.480,LIN-OUTDES-01-UL,1260716053020,126061908000001305,TRUE
2026-08-07 03:22:40.425,ELC-DEP-01-UL,1260715042000,126071702100001075,TRUE
2026-08-07 03:22:38.010,AOI-RESAOI-01-L,1260704079000,126070407900001006,TRUE
2026-08-07 03:22:37.517,ELC-PUL-01-L,1260717051020,126071705100001077,TRUE
2026-08-07 03:20:31.569,ELC-INS-01-UL,1260720056020,126072005600001062,TRUE
2026-08-07 03:23:25.905,WIR-Vdevelop-01-L,1260706055010,12607060550002B139,TRUE
2026-08-07 03:23:24.858,GLD-RinseENEPIG-01-UL,,12606080010001C104,TRUE
2026-08-07 03:23:24.638,SMK-TRE-01-UL,1260622048000,126062204800001001,TRUE
2026-08-07 03:23:24.439,SMK-BRU-01-L,1260715066020,126071506600001029,TRUE
2026-08-07 03:23:22.440,LIN-INNLDI-03-L,,ERROR_202608071023224407,TRUE
2026-08-07 03:23:21.730,SMK-TUN-01-UL,1260704019020,126061906800001064,TRUE
2026-08-07 03:23:20.154,WIR-LDI-01-UL,,12607080100003A171,TRUE
2026-08-07 03:23:20.120,LAM-BOP-02-L,1260803011000,126080301700010076,TRUE
2026-08-07 03:23:19.988,WIR-SE-01-L,1260629001000,12606290010002B053,TRUE
2026-08-07 03:23:19.701,LIN-INNDES-02-L,,126080406200006023,TRUE
2026-08-07 03:23:17.104,LAM-BOP-02-UL,1260803011000,126080301100010071,TRUE
2026-08-07 03:23:15.426,ELC-TRE-01-L,1260716041020,126071604100001071,TRUE
2026-08-07 03:23:12.824,LIN-OUTDES-01-UL,1260716053020,126062507200001028,TRUE
2026-08-07 03:23:10.373,LIN-INNDES-02-UL,,126080406200006050,TRUE
2026-08-07 03:23:09.809,AOI-RESAOI-01-UL,1260704079000,126070407900001059,TRUE
2026-08-07 03:23:08.533,SMK-BRU-01-UL,1260715066020,126071506600001020,TRUE
2026-08-07 03:23:06.966,WIR-Pretreatment-01-L,1260718160010,126071816000058033,TRUE
2026-08-07 03:23:06.536,ELC-DEP-01-UL,1260715042000,126071702100001079,TRUE
2026-08-07 03:23:02.232,WIR-Decoatbake-01-UL,1260622080000,12606220800002B042,TRUE
2026-08-07 03:23:01.091,WIR-Decoatbake-01-L,1260703001010,12607030010002B157,TRUE
2026-08-07 03:23:01.012,AOI-RESAOI-01-L,1260704079000,126070407900001058,TRUE
2026-08-07 03:22:59.950,LIN-OUTVAP-01-UL,,Error_202608071022599507,FALSE
2026-08-07 03:20:31.569,ELC-INS-01-UL,1260720056020,126072005600001062,TRUE
2026-08-07 03:12:09.382,LIN-INNDES-01-UL,1260803062000,Error_202608071012093825,FALSE
2026-08-07 02:52:51.007,CPP-Patternplating-01-L,1260616092010,126072012700400020,TRUE
2026-08-07 03:23:48.948,LAM-BOP-02-UL,1260803011000,126080301100010065,TRUE
2026-08-07 03:23:49.787,WIR-SE-01-L,1260629001000,12606290010002B002,TRUE
2026-08-07 03:23:47.250,WIR-Decoatbake-01-UL,1260622080000,12606220800002B050,TRUE
2026-08-07 03:23:48.625,LIN-INNDES-02-L,,126080406200006021,TRUE
2026-08-07 03:23:47.610,WIR-Pretreatment-01-L,1260718160010,126071816000058178,TRUE
2026-08-07 03:23:46.584,ELC-TRE-01-L,1260716041020,126071604100001062,TRUE
2026-08-07 03:23:43.011,LAM-BOP-02-L,1260803011000,126080301700010078,TRUE
2026-08-07 03:23:39.092,SMK-TRE-01-UL,1260622048000,126062204800001015,TRUE
2026-08-07 03:23:42.695,LIN-INNTRE-02-UL-1,,Error_202608071023426958,FALSE
2026-08-07 03:23:38.004,LIN-INNLDI-03-L,,ERROR_202608071023380041,TRUE
2026-08-07 03:23:33.018,ELC-PUL-01-L,1260717051020,126071705100001032,TRUE
2026-08-07 03:23:33.143,SMK-BRU-01-UL,1260715066020,126071506600001054,TRUE
2026-08-07 03:23:37.986,ELC-PUL-01-UL,1260716035020,126071603500001017,TRUE
2026-08-07 03:23:32.810,AOI-RESAOI-01-UL,1260704079000,126070407900001006,TRUE
2026-08-07 03:23:30.217,WIR-Vdevelop-01-UL,1260706055010,"12607060550002B143,BD",TRUE
2026-08-07 03:23:32.584,ELC-TRE-01-UL,1260716041020,126071604100001069,TRUE
2026-08-07 03:23:31.421,CPP-VCP-01-L,1260727003010,Error_202608071023314217,FALSE
2026-08-07 03:23:28.584,ELC-DEP-01-UL,1260715042000,126071702100001076,TRUE
2026-08-07 03:18:58.940,ELC-INS-01-L,1260720056020,126072005600001062,TRUE
2026-08-07 03:24:24.392,WIR-Pretreatment-01-L,1260718160010,126071816000058128,TRUE
2026-08-07 03:24:22.364,SMK-BRU-01-L,1260715066020,126071506600001065,TRUE
2026-08-07 03:24:25.307,LAM-BOP-02-L,1260803011000,126080301700010004,TRUE
2026-08-07 03:24:21.716,ROU-RIN-01-UL,,12606160900000108001,TRUE
2026-08-07 03:24:20.776,LAM-BOP-02-UL,1260803011000,126080301100010059,TRUE
2026-08-07 03:24:19.306,WIR-SE-01-L,1260629001000,12606290010002B048,TRUE
2026-08-07 03:24:17.131,ELC-DEP-01-UL,1260715042000,126071702100001048,TRUE
2026-08-07 03:24:17.519,LIN-INNDES-02-L,,126080406200006019,TRUE
2026-08-07 03:24:12.097,LIN-INNLDI-03-L,,ERROR_202608071024120974,TRUE
2026-08-07 03:24:12.428,ELC-TRE-01-L,1260716041020,126071604100001045,TRUE
2026-08-07 03:24:11.578,SMK-TRE-01-UL,1260622048000,126062204800001003,TRUE
2026-08-07 03:24:13.881,ELC-TRE-01-UL,1260716041020,126071604100001054,TRUE
2026-08-07 03:24:02.519,SMK-BRU-01-UL,1260715066020,126071506600001078,TRUE
2026-08-07 03:24:04.703,WIR-Vdevelop-01-UL,1260706055010,"12607060550002B151,BB",TRUE
2026-08-07 03:24:03.732,SMK-TUN-01-UL,1260704019020,126061906800001042,TRUE
2026-08-07 03:10:08.165,LIN-INNTRE-02-UL-2,,126080509500013023,TRUE
2026-08-07 03:23:59.563,GLD-RinseENEPIG-01-UL,,12606080010001C101,TRUE
2026-08-07 03:23:50.891,WIR-Decoatbake-01-L,1260703001010,12607030010002B155,TRUE
2026-08-07 03:24:01.735,WIR-Vdevelop-01-L,1260706055010,12607060550002B136,TRUE
2026-08-07 03:24:55.084,SMK-BRU-01-UL,1260715066020,126071506600001055,TRUE
2026-08-07 03:24:53.479,LAM-BOP-02-UL,1260803011000,126080301100010040,TRUE
2026-08-07 03:24:52.365,SMK-BRU-01-L,1260715066020,126071506600001049,TRUE
2026-08-07 03:24:51.969,ROU-RIN-01-UL,,12606160900000107801,TRUE
2026-08-07 03:24:46.882,LIN-INNLDI-03-L,,ERROR_202608071024468822,TRUE
2026-08-07 03:24:49.028,WIR-SE-01-L,1260629001000,12606290010002B046,TRUE
2026-08-07 03:24:48.796,LIN-INNTRE-02-UL-1,,Error_202608071024487969,FALSE
2026-08-07 03:24:46.679,LIN-INNDES-02-L,,126080406200006017,TRUE
2026-08-07 03:24:45.893,SMK-TRE-01-UL,1260622048000,126062204800001073,TRUE
2026-08-07 03:24:45.303,ELC-TRE-01-UL,1260716041020,126071604100001068,TRUE
2026-08-07 03:24:42.850,ELC-DEP-01-UL,1260715042000,126071702100001073,TRUE
2026-08-07 03:24:39.206,WIR-Vdevelop-01-UL,1260706055010,"12607060550002B152,BB",TRUE
2026-08-07 03:24:35.268,GLD-RinseENEPIG-01-UL,,12606080010001C113,TRUE
2026-08-07 03:24:37.722,WIR-Vdevelop-01-L,1260706055010,12607060550002B147,TRUE
2026-08-07 03:24:36.167,LAM-BOP-02-L,1260803011000,126080301700010006,TRUE
2026-08-07 03:24:33.645,ELC-PUL-01-UL,1260716035020,126071603500001018,TRUE
2026-08-07 03:24:29.252,WIR-Decoatbake-01-L,1260703001010,12607030010002B153,TRUE
2026-08-07 03:24:32.252,WIR-Decoatbake-01-UL,1260622080000,12606220800002B035,TRUE
2026-08-07 03:24:33.002,CPP-VCP-01-L,1260727003010,126071100800400056,TRUE
2026-08-07 03:24:28.660,ELC-PUL-01-L,1260717051020,126071705100001030,TRUE
2026-08-07 03:24:28.297,SMK-TUN-01-UL,1260704019020,126061906800001073,TRUE
2026-08-07 03:07:21.458,LIN-INNTRE-01-UL,1260804074000,126080402500004020,TRUE
2026-08-07 01:52:33.435,SMK-BRU-02-UL,1260704079030,126071708700001066,TRUE
2026-08-07 03:25:34.394,SMK-TUN-01-UL,1260704019020,126061906800001032,TRUE
2026-08-07 03:25:33.727,LIN-INNDES-02-UL,,126080406200006053,TRUE
2026-08-07 03:25:30.568,ELC-PUL-01-UL,1260716035020,126071603500001001,TRUE
2026-08-07 03:25:30.418,ELC-DEP-01-UL,1260715042000,126071702100001053,TRUE
2026-08-07 03:25:29.929,LIN-INNDES-02-L,,126080406200006014,TRUE
2026-08-07 03:25:29.297,LIN-INNTRE-02-UL-1,,Error_202608071025292974,FALSE
2026-08-07 03:25:28.480,LAM-BOP-01-L,1260803031000,126080303100002001,TRUE
2026-08-07 03:25:26.965,ELC-TRE-01-UL,1260716041020,126071604100001072,TRUE
2026-08-07 03:25:26.875,WIR-SE-01-UL,1260629001000,12606290010002B005,TRUE
2026-08-07 03:25:26.542,LAM-BOP-02-UL,1260803011000,126080301100010034,TRUE
2026-08-07 03:25:24.396,ELC-PUL-01-L,1260717051020,126071705100001034,TRUE
2026-08-07 03:25:21.834,SMK-BRU-01-L,1260715066020,126071506600001051,TRUE
2026-08-07 03:25:21.724,SMK-BRU-01-UL,1260715066020,126071506600001016,TRUE
2026-08-07 03:25:21.024,LIN-INNLDI-03-L,,ERROR_202608071025210249,TRUE
2026-08-07 03:25:20.707,SMK-TRE-01-UL,1260622048000,126062204800001042,TRUE
2026-08-07 03:25:19.172,WIR-SE-01-L,1260629001000,12606290010002B045,TRUE
2026-08-07 03:25:17.219,WIR-Decoatbake-01-UL,1260622080000,12606220800002B052,TRUE
2026-08-07 03:25:14.064,ROU-RIN-01-UL,,Error_202608071025140640,FALSE
2026-08-07 03:25:13.984,WIR-Vdevelop-01-UL,1260706055010,"12607060550002B150,BD",TRUE
2026-08-07 03:25:13.187,WIR-Vdevelop-01-L,1260706055010,12607060550002B146,TRUE
2026-08-07 03:25:08.250,ELC-PUL-02-UL,1260715060000,126071101800001009,TRUE
2026-08-07 03:25:08.207,GLD-RinseENEPIG-01-UL,,12606080010001C111,TRUE
2026-08-07 03:25:05.929,WIR-Decoatbake-01-L,1260703001010,12607030010002B162,TRUE
2026-08-07 03:25:04.929,LIN-OUTVAP-01-UL,,Error_202608071025049296,FALSE
2026-08-07 03:12:09.382,LIN-INNDES-01-UL,1260803062000,Error_202608071012093825,FALSE
2026-08-07 03:24:12.428,ELC-TRE-01-L,1260716041020,126071604100001045,TRUE
2026-08-07 03:25:02.319,WIR-Pretreatment-01-L,1260718160010,126071816000058127,TRUE
2026-08-07 03:26:02.189,WIR-Decoatbake-01-UL,1260622080000,12606220800002B043,TRUE
2026-08-07 03:25:59.309,LAM-BOP-01-L,1260803031000,126080303100002032,TRUE
2026-08-07 03:25:58.822,LIN-INNDES-02-L,,126080406200006012,TRUE
2026-08-07 03:25:58.716,LAM-BOP-02-UL,1260803011000,126080301100010072,TRUE
2026-08-07 03:25:58.215,ELC-TRE-01-UL,1260716041020,126071604100001059,TRUE
2026-08-07 03:25:56.469,WIR-SE-01-UL,1260629001000,12606290010002B037,TRUE
2026-08-07 03:25:55.198,LIN-INNLDI-03-L,,ERROR_202608071025551983,TRUE
2026-08-07 03:25:54.778,ELC-DEP-01-UL,1260715042000,126071702100001072,TRUE
2026-08-07 03:25:54.100,SMK-TRE-01-UL,1260622048000,126062204800001024,TRUE
2026-08-07 03:25:52.000,LIN-INNTRE-02-UL-1,,Error_202608071025520008,FALSE
2026-08-07 03:25:51.766,ELC-PUL-02-UL,1260715060000,126071101800001056,TRUE
2026-08-07 03:25:51.256,SMK-BRU-01-L,1260715066020,126071506600001026,TRUE
2026-08-07 03:25:49.064,WIR-Vdevelop-01-L,1260706055010,12607060550002B128,TRUE
2026-08-07 03:25:49.303,SMK-BRU-01-UL,1260715066020,126071506600001039,TRUE
2026-08-07 03:25:48.204,WIR-Vdevelop-01-UL,1260706055010,"12607060550002B149,BD",TRUE
2026-08-07 03:25:41.767,WIR-Decoatbake-01-L,1260703001010,12607030010002B146,TRUE
2026-08-07 03:25:43.599,GLD-RinseENEPIG-01-UL,,12606080010001C118,TRUE
2026-08-07 03:25:48.204,WIR-SE-01-L,1260629001000,12606290010002B055,TRUE
2026-08-07 03:25:41.126,WIR-Pretreatment-01-L,1260718160010,126071816000058130,TRUE
2026-08-07 03:24:12.428,ELC-TRE-01-L,1260716041020,126071604100001045,TRUE
2026-08-07 03:25:38.782,CPP-VCP-01-L,1260727003010,126071100800400058,TRUE
2026-08-07 00:41:46.264,WIR-DES-01-UL,1260624087280,126071816300067012,TRUE
2026-08-07 03:26:27.187,LAM-BOP-01-L,1260803031000,126080303100002028,TRUE
2026-08-07 03:26:27.148,ELC-PUL-01-UL,1260716035020,126071603500001026,TRUE
2026-08-07 03:26:26.470,WIR-SE-01-UL,1260629001000,12606290010002B040,TRUE
2026-08-07 03:26:24.879,WIR-Vdevelop-01-L,1260706055010,12607060550002B134,TRUE
2026-08-07 03:26:20.482,LAM-BOP-02-UL,1260803011000,126080301100010068,TRUE
2026-08-07 03:26:21.023,SMK-BRU-01-L,1260715066020,126071506600001073,TRUE
2026-08-07 03:26:19.945,ELC-PUL-01-L,1260717051020,126071705100001043,TRUE
2026-08-07 03:26:19.940,WIR-Decoatbake-01-L,1260703001010,12607030010002B143,TRUE
2026-08-07 03:26:18.695,GLD-RinseENEPIG-01-UL,,12606080010001C117,TRUE
2026-08-07 03:26:19.550,WIR-Pretreatment-01-L,1260718160010,126071816000058124,TRUE
2026-08-07 03:26:17.985,WIR-SE-01-L,1260629001000,12606290010002B052,TRUE
2026-08-07 03:26:17.731,ELC-DEP-01-UL,1260715042000,126071702100001062,TRUE
2026-08-07 03:26:16.851,SMK-BRU-01-UL,1260715066020,126071506600001068,TRUE
2026-08-07 03:26:15.256,SMK-TUN-01-UL,1260704019020,126061906800001059,TRUE
2026-08-07 03:26:13.776,LIN-INNDES-02-L,,126080406200006011,TRUE
2026-08-07 03:26:13.885,LIN-INNLDI-03-L,,ERROR_202608071026138858,TRUE
2026-08-07 03:26:13.637,ELC-TRE-01-UL,1260716041020,126071604100001063,TRUE
2026-08-07 03:26:11.414,SMK-TRE-01-UL,1260622048000,126062204800001069,TRUE
2026-08-07 03:26:03.491,LIN-INNTRE-02-UL-1,,126080509600010024,TRUE
2026-08-07 03:26:47.254,WIR-Decoatbake-01-UL,1260622080000,12606220800002B045,TRUE
2026-08-07 03:26:47.216,ELC-TRE-01-L,1260718046000,126071804600001003,TRUE
2026-08-07 03:26:44.216,ELC-TRE-01-UL,1260716041020,126071604100001052,TRUE
2026-08-07 03:26:43.857,ELC-DEP-01-UL,1260715042000,126071702100001063,TRUE
2026-08-07 03:26:43.639,SMK-TRE-01-UL,1260622048000,126062204800001041,TRUE
2026-08-07 03:26:42.559,LIN-INNDES-02-L,,126080406200006009,TRUE
2026-08-07 03:26:41.931,SMK-BRU-01-UL,1260715066020,126071506600001069,TRUE
2026-08-07 03:26:41.531,LAM-BOP-01-L,1260803031000,126080303100002026,TRUE
2026-08-07 03:26:41.203,LAM-BOP-02-UL,1260803011000,126080301100010062,TRUE
2026-08-07 03:26:39.710,SMK-SPR-01-L,1260618003010,0,TRUE
2026-08-07 03:26:38.182,ELC-PUL-02-UL,1260715060000,126071101800001007,TRUE
2026-08-07 03:26:38.616,SMK-TUN-01-UL,1260704019020,126061906800001005,TRUE
2026-08-07 03:26:29.541,LIN-INNLDI-03-L,,ERROR_202608071026295419,TRUE
2026-08-07 03:26:27.761,LIN-OUTVAP-01-UL,,12606160910001C206,TRUE
2026-08-07 03:26:19.945,ELC-PUL-01-L,1260717051020,126071705100001043,TRUE
2026-08-07 03:23:12.824,LIN-OUTDES-01-UL,1260716053020,126062507200001028,TRUE
2026-08-07 03:27:05.763,LIN-INNDES-02-UL,,126080406200006011,TRUE
2026-08-07 03:27:04.644,LAM-BOP-01-L,1260803031000,126080303100002033,TRUE
2026-08-07 03:27:04.499,LIN-INNLDI-03-L,,ERROR_202608071027044991,TRUE
2026-08-07 03:27:03.144,LAM-BOP-02-UL,1260803011000,126080301100010058,TRUE
2026-08-07 03:27:02.500,ELC-TRE-01-L,1260718046000,126071804600001002,TRUE
2026-08-07 03:27:02.186,SMK-TRE-01-UL,1260622048000,126062204800001019,TRUE
2026-08-07 03:27:00.692,WIR-Vdevelop-01-L,1260706055010,12607060550002B133,TRUE
2026-08-07 03:26:59.640,ELC-TRE-01-UL,1260716041020,126071604100001071,TRUE
2026-08-07 03:26:58.270,WIR-Pretreatment-01-L,1260718160010,126071816000058126,TRUE
2026-08-07 03:26:56.551,WIR-Vdevelop-01-UL,1260706055010,"12607060550002B157,BD",TRUE
2026-08-07 03:26:57.152,LIN-INNDES-02-L,,126080406200006008,TRUE
2026-08-07 03:26:56.457,WIR-Decoatbake-01-L,1260703001010,12607030010002B151,TRUE
2026-08-07 03:26:55.733,WIR-SE-01-UL,1260629001000,12606290010002B051,TRUE
2026-08-07 03:26:52.244,GLD-RinseENEPIG-01-UL,,12606080010001C115,TRUE
2026-08-07 03:26:51.198,SMK-BRU-01-L,1260715066020,126071506600001042,TRUE
2026-08-07 03:26:47.904,WIR-SE-01-L,1260629001000,12606290010002B050,TRUE
2026-08-07 03:26:47.910,CPP-VCP-01-L,1260727003010,Error_202608071026479106,FALSE
2026-08-07 03:24:36.167,LAM-BOP-02-L,1260803011000,126080301700010006,TRUE
2026-08-07 03:27:27.105,GLD-RinseENEPIG-01-UL,,12606080010001C119,TRUE
2026-08-07 03:27:25.654,LIN-INNDES-02-L,,126080406200006006,TRUE
2026-08-07 03:27:25.577,WIR-SE-01-UL,1260629001000,12606290010002B047,TRUE
2026-08-07 03:27:24.553,LAM-BOP-02-UL,1260803011000,126080301100010054,TRUE
2026-08-07 03:27:24.497,ELC-PUL-02-UL,1260715060000,126071101800001059,TRUE
2026-08-07 03:27:23.703,LIN-INNLDI-03-L,,ERROR_202608071027237035,TRUE
2026-08-07 03:27:22.060,ELC-PUL-01-UL,1260716035020,126071603500001040,TRUE
2026-08-07 03:27:22.235,SMK-TRE-01-UL,1260622048000,126062204800001016,TRUE
2026-08-07 03:27:21.997,SMK-BRU-01-L,1260715066020,126071506600001004,TRUE
2026-08-07 03:27:20.887,SMK-TUN-01-UL,1260704019020,126061906800001012,TRUE
2026-08-07 03:27:20.122,LIN-INNDES-02-UL,,126080406200006012,TRUE
2026-08-07 03:27:17.703,ELC-TRE-01-L,1260718046000,126071804600001073,TRUE
2026-08-07 03:27:16.584,LAM-BOP-01-L,1260803031000,126080303100002031,TRUE
2026-08-07 03:27:16.858,WIR-SE-01-L,1260629001000,12606290010002B049,TRUE
2026-08-07 03:27:15.796,ELC-TRE-01-UL,1260716041020,126071604100001017,TRUE
2026-08-07 03:27:15.669,ELC-PUL-01-L,1260717051020,126071705100001042,TRUE
2026-08-07 03:27:15.309,SMK-SPR-01-L,1260618003010,12606180030001C075/0,TRUE
2026-08-07 03:27:10.278,SMK-BRU-01-UL,1260715066020,126071506600001006,TRUE
2026-08-07 03:27:00.692,WIR-Vdevelop-01-L,1260706055010,12607060550002B133,TRUE
2026-08-07 03:23:20.154,WIR-LDI-01-UL,,12607080100003A171,TRUE
2026-08-07 02:56:04.848,LSR-Debrowning-01-L,1260620159010,12606201590001C199,TRUE
2026-08-07 03:27:45.837,LAM-BOP-02-UL,1260803011000,126080301100010048,TRUE
2026-08-07 03:27:44.888,SMK-TUN-01-UL,1260704019020,126061906800001046,TRUE
2026-08-07 03:27:43.868,LAM-BOP-01-L,1260803031000,126080303100002027,TRUE
2026-08-07 03:27:42.866,ROU-RIN-01-UL,,Error_202608071027428669,FALSE
2026-08-07 03:27:41.329,ELC-TRE-01-UL,1260716041020,126071604100001062,TRUE
2026-08-07 03:27:39.983,LIN-INNDES-02-L,,126080406200006005,TRUE
2026-08-07 03:27:39.266,LIN-INNLDI-03-L,,ERROR_202608071027392661,TRUE
2026-08-07 03:27:38.170,SMK-BRU-01-UL,1260715066020,126071506600001027,TRUE
2026-08-07 03:27:36.867,WIR-Pretreatment-01-L,1260718160010,126071816000058125,TRUE
2026-08-07 03:27:36.352,WIR-Vdevelop-01-L,1260706055010,12607060550002B132,TRUE
2026-08-07 03:27:33.031,ELC-TRE-01-L,1260718046000,126071804600001074,TRUE
2026-08-07 03:27:32.826,LAM-BOP-03-L,1260720001010,126072000101067093,TRUE
2026-08-07 03:27:34.935,LIN-INNDES-02-UL,,126080406200006075,TRUE
2026-08-07 03:27:32.804,WIR-Decoatbake-01-L,1260703001010,12607030010002B149,TRUE
2026-08-07 03:27:32.429,WIR-Decoatbake-01-UL,1260622080000,12606220800002B014,TRUE
2026-08-07 03:27:31.507,WIR-Vdevelop-01-UL,1260706055010,"12607060550002B158,BB",TRUE
2026-08-07 03:27:22.235,SMK-TRE-01-UL,1260622048000,126062204800001016,TRUE
2026-08-07 03:27:29.390,ELC-DEP-01-UL,1260715042000,126071702100001068,TRUE
2026-08-07 03:28:01.996,GLD-RinseENEPIG-01-UL,,12606080010001C100,TRUE
2026-08-07 03:27:57.939,LIN-INNLDI-03-L,,ERROR_202608071027579391,TRUE
2026-08-07 03:28:01.763,SMK-SPR-01-L,1260618003010,12606180030001C115,TRUE
2026-08-07 03:27:57.494,LAM-BOP-01-L,1260803031000,126080303100002025,TRUE
2026-08-07 03:27:54.546,LIN-INNDES-02-L,,126080406200006004,TRUE
2026-08-07 03:27:56.228,LAM-BOP-02-UL,1260803011000,126080301100010046,TRUE
2026-08-07 03:27:53.892,ELC-DEP-01-UL,1260715042000,126071702100001025,TRUE
2026-08-07 03:27:52.111,LAM-BOP-03-L,1260720001010,126072000101067094,TRUE
2026-08-07 03:27:51.843,SMK-BRU-01-L,1260715066020,126071506600001024,TRUE
2026-08-07 03:27:49.727,CPP-VCP-01-L,1260727003010,126071100800400057,TRUE
2026-08-07 03:27:48.547,ELC-TRE-01-L,1260718046000,126071804600001077,TRUE
2026-08-07 03:27:49.015,LIN-INNDES-02-UL,,126080406200006076,TRUE
2026-08-07 03:27:41.329,ELC-TRE-01-UL,1260716041020,126071604100001062,TRUE
2026-08-07 03:27:16.858,WIR-SE-01-L,1260629001000,12606290010002B049,TRUE
2026-08-07 03:28:22.500,SMK-SPR-01-L,1260618003010,12606180030001C092/0,TRUE
2026-08-07 03:28:21.765,SMK-BRU-01-L,1260715066020,126071506600001038,TRUE
2026-08-07 03:28:20.988,ELC-DEP-01-UL,1260715042000,126071702100001051,TRUE
2026-08-07 03:28:17.940,LIN-INNDES-02-UL,,126080406200006078,TRUE
2026-08-07 03:28:20.410,ELC-TRE-01-L,1260718046000,126071804600001062,TRUE
2026-08-07 03:28:17.806,WIR-Pretreatment-01-L,1260718160010,126071816000058160,TRUE
2026-08-07 03:28:17.478,LAM-BOP-02-UL,1260803011000,126080301700010018,TRUE
2026-08-07 03:28:17.515,ELC-PUL-01-UL,1260716035020,126071603500001068,TRUE
2026-08-07 03:28:17.447,WIR-Decoatbake-01-UL,1260622080000,12606220800002B020,TRUE
2026-08-07 03:28:13.884,LAM-BOP-01-L,1260803031000,126080303100002023,TRUE
2026-08-07 03:28:13.564,LIN-INNLDI-03-L,,ERROR_202608071028135641,TRUE
2026-08-07 03:28:12.103,WIR-Vdevelop-01-L,1260706055010,12607060550002B131,TRUE
2026-08-07 03:28:11.960,ROU-RIN-01-UL,,Error_202608071028119607,FALSE
2026-08-07 03:28:11.518,LAM-BOP-03-L,1260720001010,126072000101067066,TRUE
2026-08-07 03:28:11.374,ELC-PUL-01-L,1260717051020,126071705100001035,TRUE
2026-08-07 03:28:10.734,ELC-PUL-02-UL,1260715060000,126071101800001033,TRUE
2026-08-07 03:28:10.338,WIR-Decoatbake-01-L,1260703001010,12607030010002B150,TRUE
2026-08-07 03:28:09.438,LIN-INNDES-02-L,,126080406200006003,TRUE
2026-08-07 03:28:06.134,WIR-Vdevelop-01-UL,1260706055010,"12607060550002B122,BD",TRUE
2026-08-07 03:28:04.921,SMK-BRU-01-UL,1260715066020,126071506600001048,TRUE
2026-08-07 03:27:25.577,WIR-SE-01-UL,1260629001000,12606290010002B047,TRUE
2026-08-07 03:12:09.382,LIN-INNDES-01-UL,1260803062000,Error_202608071012093825,FALSE
2026-08-07 03:28:32.534,LIN-INNLDI-03-L,,ERROR_202608071028325345,TRUE
2026-08-07 03:28:32.426,LIN-INNDES-02-UL,,126080406200006079,TRUE
2026-08-07 03:28:32.281,SMK-BRU-01-UL,1260715066020,126071506600001061,TRUE
2026-08-07 03:28:28.494,LAM-BOP-02-UL,1260803011000,126080301700010007,TRUE
2026-08-07 03:28:30.862,LAM-BOP-03-L,1260720001010,126072000101067067,TRUE
2026-08-07 03:28:23.674,LIN-INNDES-02-L,,126080406200006002,TRUE
2026-08-07 03:28:26.796,SMK-TUN-01-UL,1260704019020,126061906800001050,TRUE
2026-08-07 03:28:17.447,WIR-Decoatbake-01-UL,1260622080000,12606220800002B020,TRUE
2026-08-07 03:27:41.329,ELC-TRE-01-UL,1260716041020,126071604100001062,TRUE
2026-08-07 03:28:01.996,GLD-RinseENEPIG-01-UL,,12606080010001C100,TRUE
2026-08-07 03:23:12.824,LIN-OUTDES-01-UL,1260716053020,126062507200001028,TRUE
2026-08-07 03:29:04.498,WIR-Decoatbake-01-UL,1260622080010,12606220800002B040,TRUE
2026-08-07 03:29:00.990,LIN-INNDES-02-UL,,126080406200006066,TRUE
2026-08-07 03:29:00.114,SMK-BRU-01-UL,1260715066020,126071506600001056,TRUE
2026-08-07 03:29:00.105,LAM-BOP-02-UL,1260803011000,126080301700010022,TRUE
2026-08-07 03:28:59.094,SMK-SPR-01-L,1260618003010,12606180030001C091/0,TRUE
2026-08-07 03:28:57.316,ELC-PUL-02-UL,1260715060000,126071101800001039,TRUE
2026-08-07 03:28:55.826,WIR-Pretreatment-01-L,1260718160010,126071816000058170,TRUE
2026-08-07 03:28:55.107,CPP-VCP-01-L,1260727003010,126072700200400063,TRUE
2026-08-07 03:28:54.081,LIN-INNTRE-02-UL-1,,Error_202608071028540814,FALSE
2026-08-07 03:28:53.831,SMK-BRU-01-L,1260715066020,126071506600001008,TRUE
2026-08-07 03:28:52.990,LIN-INNDES-02-L,,126080406200006052,TRUE
2026-08-07 03:28:51.797,SMK-TUN-01-UL,1260704019020,126061906800001007,TRUE
2026-08-07 03:28:50.901,ROU-RIN-01-UL,,Error_202608071028509019,FALSE
2026-08-07 03:28:49.834,LAM-BOP-03-L,1260720001010,126072000101067068,TRUE
2026-08-07 03:28:48.029,WIR-Vdevelop-01-L,1260706055010,12607060550002B126,TRUE
2026-08-07 03:28:48.005,LIN-INNLDI-03-L,,ERROR_202608071028480054,TRUE
2026-08-07 03:28:46.670,WIR-Decoatbake-01-L,1260703001010,12607030010002B139,TRUE
2026-08-07 03:28:44.442,LIN-OUTVAP-01-UL,,Error_202608071028444423,FALSE
2026-08-07 03:28:41.309,WIR-Vdevelop-01-UL,1260706055010,"12607060550002B121,BD",TRUE
2026-08-07 03:28:50.647,ELC-TRE-01-L,1260718046000,126071804600001061,TRUE
2026-08-07 03:23:32.810,AOI-RESAOI-01-UL,1260704079000,126070407900001006,TRUE
2026-08-07 03:18:58.940,ELC-INS-01-L,1260720056020,126072005600001062,TRUE
2026-08-07 03:29:37.181,ELC-TRE-01-L,1260718046000,126071804600001009,TRUE
2026-08-07 03:29:37.547,LAM-BOP-01-L,1260803031000,126080303100002021,TRUE
2026-08-07 03:29:35.990,LIN-INNDES-02-L,,126080406200006049,TRUE
2026-08-07 03:29:32.531,LAM-BOP-02-UL,1260803011000,126080301700010056,TRUE
2026-08-07 03:29:32.297,WIR-Pretreatment-01-L,1260718160010,126071816000058172,TRUE
2026-08-07 03:29:31.562,SMK-TUN-01-UL,1260704019020,126061906800001019,TRUE
2026-08-07 03:29:30.664,ELC-DEP-01-UL,1260715042000,126071702100001047,TRUE
2026-08-07 03:29:28.212,LAM-BOP-03-L,1260720001010,126072000101067070,TRUE
2026-08-07 03:29:29.896,LIN-INNDES-02-UL,,126080406200006069,TRUE
2026-08-07 03:29:27.553,SMK-BRU-01-UL,1260715066020,126071506600001063,TRUE
2026-08-07 03:29:23.920,WIR-Vdevelop-01-L,1260706055010,12607060550002B125,TRUE
2026-08-07 03:29:22.594,SMK-SPR-01-L,1260618003010,12606180030001C106,TRUE
2026-08-07 03:29:22.381,LIN-INNLDI-03-L,,ERROR_202608071029223817,TRUE
2026-08-07 03:29:17.654,WIR-Vdevelop-01-UL,1260706055010,"12607060550002B127,BD",TRUE
2026-08-07 03:29:16.521,SMK-BRU-01-L,1260715066020,126071506600001028,TRUE
2026-08-07 03:29:13.583,ELC-PUL-01-UL,1260716035020,126071603500001073,TRUE
2026-08-07 03:29:07.208,ELC-PUL-01-L,1260717051020,126071705100001007,TRUE
2026-08-07 03:29:04.498,WIR-Decoatbake-01-UL,1260622080010,12606220800002B040,TRUE
2026-08-07 03:27:16.858,WIR-SE-01-L,1260629001000,12606290010002B049,TRUE
2026-08-07 03:07:13.386,ELC-DEP-01-L,1260717021000,126071702100001044,TRUE
2026-08-07 02:32:13.956,CPP-Patternplating-01-UL,,Error_202608070932139562,FALSE
2026-08-07 03:29:23.045,WIR-Decoatbake-01-L,1260703001010,12607030010002B140,TRUE
2026-08-07 01:37:37.857,SMK-DIX-01-L,1260620157000,126062015700001040,TRUE
2026-08-07 04:57:03.869,ELC-TRE-01-UL,1260717045020,126071704500001049,TRUE
2026-08-07 04:57:04.590,LIN-INNLDI-01-L,1260804067000,126080406700004049,TRUE
2026-08-07 04:57:02.666,SMK-BRU-02-L,1260703054000,Error_202608071157026663,FALSE
2026-08-07 04:57:01.021,SMK-DIX-01-L,1260620151000,126062015100001019,TRUE
2026-08-07 04:57:00.559,WIR-LDI-01-UL,,12606080020001C229,TRUE
2026-08-07 04:56:58.335,ELC-PUL-01-L,1260717021000,126071702100001079,TRUE
2026-08-07 04:56:58.177,SMK-SPR-01-L,1260619001000,12606190010001C192/0,TRUE
2026-08-07 04:56:59.059,CPP-Patternplating-01-L,1260706055010,12607060550002B136,TRUE
2026-08-07 04:56:57.310,AOI-PEP-01-L,1260804014000,126080401400006076,TRUE
2026-08-07 04:56:56.153,WIR-Pretreatment-01-UL,1260715022000,126071502200058054,TRUE
2026-08-07 04:56:55.540,ELC-TRE-01-L,1260717045020,126071704500001069,TRUE
2026-08-07 04:56:54.887,ROU-RIN-01-UL,,Error_202608071156548872,FALSE
2026-08-07 04:56:53.717,LIN-INNDES-01-L,1260804066000,126080406600002050,TRUE
2026-08-07 04:56:53.350,ELC-PUL-01-UL,1260717051020,126071705100001024,TRUE
2026-08-07 04:56:49.743,ELC-DEP-01-L,1260718082000,126071808200001012,TRUE
2026-08-07 04:56:47.701,LAM-BOP-01-L,1260803030000,126080303000012055,TRUE
2026-08-07 04:56:46.712,SMK-BRU-02-UL,1260720044000,126070305400001047,TRUE
2026-08-07 04:56:47.262,WIR-Decoatbake-01-UL,1260703001000,12607030010002B006,TRUE
2026-08-07 04:56:46.293,WIR-Vdevelop-01-L,1260708010010,12607080100003A131,TRUE
2026-08-07 04:56:45.809,WIR-LDI-01-L,,12606080020001C223,TRUE
2026-08-07 04:56:45.155,WIR-DES-01-UL,1260624087280,126071816300067050,TRUE
2026-08-07 04:56:43.790,ELC-DEP-01-UL,1260717021020,126071804000001032,TRUE
2026-08-07 04:56:42.623,AOI-PEP-01-UL,1260804014000,126080401400006078,TRUE
2026-08-07 04:56:41.640,LIN-OUTDES-01-UL,1260619080050,126061908000001009,TRUE
2026-08-07 04:56:39.753,SMK-DEV-01-UL,,126062015100001024,TRUE
2026-08-07 04:56:37.886,LIN-INNTRE-02-UL-2,,126080500100004025,TRUE
2026-08-07 04:56:34.134,LIN-INNLDI-03-L,,126080508100020040,TRUE
2026-08-07 04:56:31.182,WIR-Decoatbake-01-L,1260709001000,12607090010003A003,TRUE
2026-08-07 04:55:06.786,WIR-DES-01-L,1260718163000,126071816300067051,TRUE
2026-08-07 04:55:18.025,LIN-INNDES-02-UL,,126080406800006047,TRUE
2026-08-07 04:55:06.350,LIN-INNDES-01-UL,1260804066000,126080406600002064,TRUE
2026-08-07 04:54:56.949,WIR-SE-01-UL,1260629001010,12606290010002B122,TRUE
2026-08-07 04:54:52.597,WIR-Vdevelop-01-UL,1260708010000,"12607080100003A045,BD",TRUE
2026-08-07 04:54:42.150,LIN-OUTDES-01-L,1260619080050,126061908000001001,TRUE
2026-08-07 04:52:44.576,LAM-BOP-02-L,1260803017000,126080307100010021,TRUE
2026-08-07 04:52:08.215,SMK-DEV-01-L,1260704019020,126062015100001029,TRUE
2026-08-07 04:52:59.682,ELC-PUL-02-L,1260715042000,126071504200001044,TRUE
2026-08-07 04:50:46.268,CPP-Horizontalplating-01-UL,1260709001010,Error_202608071150462687,FALSE
2026-08-07 04:48:48.051,SMK-TRE-01-UL,1260622042030,126062204200001050,TRUE
2026-08-07 04:47:52.574,SUR-FLM-01-UL,1260715042020,126071504800001023,TRUE
2026-08-07 04:46:21.920,WIR-Pretreatment-01-L,1260715022000,126071502200058010,TRUE
2026-08-07 04:41:58.306,SMK-TRE-01-L,1260622042030,126062204200001055,TRUE
2026-08-07 04:42:37.958,LAM-BOP-02-UL,1260803017000,126080301700010048,TRUE
2026-08-07 04:41:16.970,WIR-SE-01-L,1260629001010,12606290010002B122,TRUE
2026-08-07 04:39:19.888,LIN-INNTRE-02-UL-1,,126080500100004034,TRUE
2026-08-07 04:35:48.153,ELC-INS-01-UL,1260720038020,126072003800001027,TRUE
2026-08-07 04:36:04.519,AOI-RESAOI-01-UL,1260704079030,126070407900001025,TRUE
2026-08-07 04:35:48.434,SMK-BRU-01-UL,1260716047020,126071604700001077,TRUE
2026-08-07 04:35:33.168,AOI-RESAOI-01-L,1260704079030,126070407900001076,TRUE
2026-08-07 04:31:28.845,LIN-OUTTRE-01-UL,,126070303600001076,TRUE
2026-08-07 04:29:09.626,GLD-RinseENEPIG-01-UL,,12606080010001C209,TRUE
2026-08-07 04:27:08.873,ELC-INS-01-L,1260720038020,126072003800001027,TRUE
2026-08-07 04:24:08.062,LIN-INNDES-02-L,,126080406800006078,TRUE
2026-08-07 04:25:25.039,SMK-TUN-01-UL,1260622054000,126062205400001006,TRUE
2026-08-07 04:25:27.401,SMK-BRU-01-L,1260716047020,126071604700001077,TRUE
2026-08-07 04:15:30.078,WIR-TrayCleaning-01-L,,,FALSE
2026-08-07 04:13:51.216,CPP-Horizontalplating-01-L,1260805100000,126072501300400054,TRUE
2026-08-07 04:13:09.181,CPP-Patternplating-01-UL,,126072012700400020,TRUE
2026-08-07 04:09:49.132,LIN-OUTDEV-01-UL,1260715048020,126070409100001029,TRUE
2026-08-07 04:03:37.775,LIN-OUTDEV-01-L,1260704091000,126070409100001029,TRUE
2026-08-07 04:04:39.750,ELC-PUL-02-UL,1260715060000,126071101800001028,TRUE
2026-08-07 03:58:22.717,LIN-OUTTRE-01-L,1260703036000,126070303600001019,TRUE
2026-08-07 03:42:36.441,LIN-OUTVAP-01-UL,,12606160910001C214,TRUE
2026-08-07 03:53:25.561,LAM-BOP-03-UL,1260704001000,126072000101067111,TRUE
2026-08-07 03:42:30.394,LIN-INNTRE-01-UL,1260804074000,126080304000008061,TRUE
2026-08-07 03:42:13.972,LAM-BOP-03-L,1260720001010,126072000101067111,TRUE
2026-08-07 03:33:17.299,CPP-VCP-01-L,1260727003010,126072700200400069,TRUE
2026-08-07 02:27:23.084,SMK-TUN-01-L,1260622030000,126062203000001002,TRUE
2026-08-07 04:57:27.074,ELC-TRE-01-L,1260717045020,126071704500001068,TRUE
2026-08-07 04:57:26.104,SMK-BRU-02-L,1260703054000,126070305400001017,TRUE
2026-08-07 04:57:24.966,WIR-DES-01-UL,1260624087280,126071816300067049,TRUE
2026-08-07 04:57:24.547,LIN-INNLDI-01-L,1260804067000,126080406700004047,TRUE
2026-08-07 04:57:21.903,WIR-Vdevelop-01-L,1260708010010,12607080100003A132,TRUE
2026-08-07 04:57:21.775,SMK-SPR-01-L,1260619001000,12606190010001C236,TRUE
2026-08-07 04:57:21.016,LAM-BOP-01-L,1260803030000,126080303000012049,TRUE
2026-08-07 04:57:20.963,ELC-TRE-01-UL,1260717045020,126071704500001044,TRUE
2026-08-07 04:57:20.422,AOI-PEP-01-L,1260804014000,126080401400006073,TRUE
2026-08-07 04:57:19.463,SMK-BRU-02-UL,1260720044000,126070305400001001,TRUE
2026-08-07 04:57:18.860,LIN-OUTDES-01-UL,1260619080050,126061908000001024,TRUE
2026-08-07 04:57:17.375,AOI-PEP-01-UL,1260804014000,126080401400006076,TRUE
2026-08-07 04:57:16.215,WIR-Pretreatment-01-UL,1260715022000,126071502200058057,TRUE
2026-08-07 04:57:15.162,SMK-DEV-01-UL,,126062015100001018,TRUE
2026-08-07 04:57:16.022,SMK-DIX-01-L,1260620151000,126062015100001064,TRUE
2026-08-07 04:57:13.603,ELC-DEP-01-L,1260718082000,126071808200001011,TRUE
2026-08-07 04:57:12.559,WIR-LDI-01-L,,12606080020001C224,TRUE
2026-08-07 04:57:09.824,ROU-RIN-01-UL,,Error_202608071157098247,FALSE
2026-08-07 04:57:11.189,LIN-OUTDES-01-L,1260619080050,126061908000001063,TRUE
2026-08-07 04:57:09.791,ELC-DEP-01-UL,1260717021020,126071804000001011,TRUE
2026-08-07 04:57:07.934,WIR-Decoatbake-01-L,1260709001000,12607090010003A059,TRUE
2026-08-07 03:58:22.717,LIN-OUTTRE-01-L,1260703036000,126070303600001019,TRUE
2026-08-07 04:54:56.949,WIR-SE-01-UL,1260629001010,12606290010002B122,TRUE
2026-08-07 04:24:08.062,LIN-INNDES-02-L,,126080406800006078,TRUE
2026-08-07 04:57:45.470,LIN-INNDES-01-UL,1260804066000,126080406600002061,TRUE
2026-08-07 04:57:45.467,ROU-RIN-01-UL,,Error_202608071157454675,FALSE
2026-08-07 04:57:45.420,WIR-Decoatbake-01-L,1260709001000,12607090010003A011,TRUE
2026-08-07 04:57:44.689,LAM-BOP-01-L,1260803030000,126080303000012045,TRUE
2026-08-07 04:57:43.763,LIN-INNTRE-02-UL-2,,126080500100004027,TRUE
2026-08-07 04:57:42.917,ELC-TRE-01-L,1260717045020,126071704500001072,TRUE
2026-08-07 04:57:41.636,ELC-TRE-01-UL,1260717045020,Error_202608071157416365,FALSE
2026-08-07 04:57:40.689,AOI-PEP-01-UL,1260804014000,126080401400006073,TRUE
2026-08-07 04:57:39.486,LIN-INNDES-01-L,1260804066000,126080406600002049,TRUE
2026-08-07 04:57:40.908,AOI-PEP-01-L,1260804014000,126080401400006071,TRUE
2026-08-07 04:57:38.813,LIN-INNLDI-01-L,1260804067000,126080406700004045,TRUE
2026-08-07 04:57:38.721,LIN-OUTDES-01-UL,1260619080050,126061908000001002,TRUE
2026-08-07 04:57:38.086,SMK-SPR-01-L,1260619001000,12606190010001C216/0,TRUE
2026-08-07 04:57:37.511,ELC-DEP-01-L,1260718082000,126071808200001017,TRUE
2026-08-07 04:57:34.647,LIN-INNDES-02-UL,,126080406800006048,TRUE
2026-08-07 04:57:34.120,ELC-DEP-01-UL,1260717021020,126071804000001050,TRUE
2026-08-07 04:57:39.060,WIR-LDI-01-L,,12606080020001C225,TRUE
2026-08-07 04:57:34.059,WIR-Pretreatment-01-UL,1260715022000,126071502200058049,TRUE
2026-08-07 04:57:32.466,WIR-Decoatbake-01-UL,1260703001000,12607030010002B054,TRUE
2026-08-07 04:57:32.206,LIN-OUTDES-01-L,1260619080050,126061908000001003,TRUE
2026-08-07 04:35:33.168,AOI-RESAOI-01-L,1260704079030,126070407900001076,TRUE
2026-08-07 04:58:04.765,WIR-DES-01-UL,1260624087280,126071816300067048,TRUE
2026-08-07 04:58:03.647,LIN-INNDES-02-UL,,126080406800006049,TRUE
2026-08-07 04:58:03.253,LIN-INNLDI-01-L,1260804067000,126080406700004072,TRUE
2026-08-07 04:58:02.832,AOI-PEP-01-L,1260804014000,126080401400006069,TRUE
2026-08-07 04:58:02.715,ELC-DEP-01-L,1260718082000,126071808200001040,TRUE
2026-08-07 04:58:01.675,AOI-PEP-01-UL,1260804014000,126080401400006071,TRUE
2026-08-07 04:58:01.320,SMK-SPR-01-L,1260619001000,12606190010001C204,TRUE
2026-08-07 04:57:58.668,ELC-TRE-01-L,1260717045020,126071704500001067,TRUE
2026-08-07 04:57:58.246,ELC-DEP-01-UL,1260717021020,126071804000001006,TRUE
2026-08-07 04:57:57.655,WIR-Vdevelop-01-L,1260708010010,12607080100003A141,TRUE
2026-08-07 04:57:56.800,LAM-BOP-01-L,1260803030000,126080303000012043,TRUE
2026-08-07 04:57:54.416,ELC-PUL-01-L,1260717021000,126071702100001075,TRUE
2026-08-07 04:57:57.128,LIN-OUTDES-01-UL,1260619080050,126061908000001008,TRUE
2026-08-07 04:57:54.012,SMK-BRU-02-UL,1260720044000,126070305400001040,TRUE
2026-08-07 04:57:52.389,CPP-Patternplating-01-L,1260706055010,12607060550002B139,TRUE
2026-08-07 04:57:50.914,SMK-DEV-01-UL,,126062015100001004,TRUE
2026-08-07 04:57:50.293,ELC-TRE-01-UL,1260717045020,126071704500001010,TRUE
2026-08-07 04:57:49.041,ELC-PUL-01-UL,1260717051020,126071705100001008,TRUE
2026-08-07 04:57:32.206,LIN-OUTDES-01-L,1260619080050,126061908000001003,TRUE
2026-08-07 04:57:39.486,LIN-INNDES-01-L,1260804066000,126080406600002049,TRUE
2026-08-07 04:57:00.559,WIR-LDI-01-UL,,12606080020001C229,TRUE
2026-08-07 04:58:25.858,ELC-DEP-01-L,1260718082000,126071808200001013,TRUE
2026-08-07 04:58:25.098,LIN-INNDES-01-L,1260804066000,126080406600002048,TRUE
2026-08-07 04:58:24.833,AOI-PEP-01-L,1260804014000,126080401400006067,TRUE
2026-08-07 04:58:24.145,LIN-INNLDI-01-L,1260804067000,126080406700004049,TRUE
2026-08-07 04:58:23.669,SMK-BRU-02-UL,1260720044000,126070305400001015,TRUE
2026-08-07 04:58:24.129,AOI-PEP-01-UL,1260804014000,126080401400006069,TRUE
2026-08-07 04:58:23.535,LIN-INNDES-01-UL,1260804066000,126080406600002063,TRUE
2026-08-07 04:58:22.375,WIR-Decoatbake-01-L,1260709001000,12607090010003A010,TRUE
2026-08-07 04:58:20.997,ELC-TRE-01-UL,1260717045020,126071704500001009,TRUE
2026-08-07 04:58:20.853,SMK-DIX-01-L,1260620151000,126062015100001042,TRUE
2026-08-07 04:58:20.425,LAM-BOP-01-L,1260803030000,126080303000012031,TRUE
2026-08-07 04:58:22.435,ELC-DEP-01-UL,1260717021020,126071804000001053,TRUE
2026-08-07 04:58:17.696,SMK-SPR-01-L,1260619001000,12606190010001C086/0,TRUE
2026-08-07 04:58:19.328,WIR-Pretreatment-01-UL,1260715022000,126071502200058050,TRUE
2026-08-07 04:58:17.609,WIR-Decoatbake-01-UL,1260703001000,12607030010002B053,TRUE
2026-08-07 04:58:16.159,LIN-OUTDES-01-UL,1260619080050,126061908000001004,TRUE
2026-08-07 04:58:13.700,ELC-TRE-01-L,1260717045020,126071704500001076,TRUE
2026-08-07 04:58:06.997,SMK-BRU-02-L,1260703054000,Error_202608071158069976,FALSE
2026-08-07 04:58:05.859,WIR-LDI-01-L,,12606080020001C231,TRUE
2026-08-07 04:57:32.206,LIN-OUTDES-01-L,1260619080050,126061908000001003,TRUE
2026-08-07 04:56:34.134,LIN-INNLDI-03-L,,126080508100020040,TRUE
2026-08-07 04:42:37.958,LAM-BOP-02-UL,1260803017000,126080301700010048,TRUE
2026-08-07 04:58:47.276,ROU-RIN-01-UL,,Error_202608071158472764,FALSE
2026-08-07 04:58:46.991,AOI-PEP-01-L,1260804014000,126080401400006063,TRUE
2026-08-07 04:58:46.204,ELC-DEP-01-UL,1260717021020,126071804000001021,TRUE
2026-08-07 04:58:46.188,CPP-Patternplating-01-L,1260706055010,12607060550002B140,TRUE
2026-08-07 04:58:45.553,AOI-PEP-01-UL,1260804014000,126080401400006067,TRUE
2026-08-07 04:58:45.094,WIR-DES-01-UL,1260624087280,126071816300067047,TRUE
2026-08-07 04:58:44.990,LAM-BOP-01-L,1260803030000,126080303000012027,TRUE
2026-08-07 04:58:44.343,ELC-TRE-01-L,1260717045020,126071704500001064,TRUE
2026-08-07 04:58:44.781,ELC-PUL-01-UL,1260717051020,126071705100001018,TRUE
2026-08-07 04:58:41.182,SMK-SPR-01-L,1260619001000,12606190010001C192,TRUE
2026-08-07 04:58:41.078,SMK-BRU-02-L,1260703054000,Error_202608071158410782,FALSE
2026-08-07 04:58:37.898,LIN-INNLDI-01-L,1260804067000,126080406700004047,TRUE
2026-08-07 04:58:35.647,LIN-OUTDES-01-UL,1260619080050,126061908000001012,TRUE
2026-08-07 04:58:34.711,LIN-INNDES-02-UL,,126080406800006024,TRUE
2026-08-07 04:58:35.405,ELC-TRE-01-UL,1260717045020,126071704500001004,TRUE
2026-08-07 04:58:34.593,WIR-Pretreatment-01-UL,1260715022000,126071502200058055,TRUE
2026-08-07 04:58:33.468,WIR-Vdevelop-01-L,1260708010010,12607080100003A139,TRUE
2026-08-07 04:58:32.359,WIR-LDI-01-L,,12606080020001C232,TRUE
2026-08-07 04:52:44.576,LAM-BOP-02-L,1260803017000,126080307100010021,TRUE
2026-08-07 04:58:27.557,SMK-DEV-01-UL,,126062015100001023,TRUE
2026-08-07 04:46:21.920,WIR-Pretreatment-01-L,1260715022000,126071502200058010,TRUE
2026-08-07 04:24:08.062,LIN-INNDES-02-L,,126080406800006078,TRUE
2026-08-07 04:58:50.735,ELC-TRE-01-UL,1260717045020,126071704500001074,TRUE
2026-08-07 04:58:50.110,ELC-DEP-01-L,1260718082000,126071808200001034,TRUE
2026-08-07 04:58:49.628,LIN-INNTRE-02-UL-2,,126080500100004029,TRUE
2026-08-07 04:59:15.391,ELC-TRE-01-L,1260717045020,126071704500001059,TRUE
2026-08-07 04:59:14.622,SMK-DIX-01-L,1260620151000,126062015100001003,TRUE
2026-08-07 04:59:14.282,ELC-DEP-01-L,1260718082000,126071808200001033,TRUE
2026-08-07 04:59:13.962,LIN-OUTDES-01-UL,1260619080050,126061908000001034,TRUE
2026-08-07 04:59:13.885,LIN-INNLDI-01-L,1260804067000,126080406700004043,TRUE
2026-08-07 04:59:10.407,ELC-DEP-01-UL,1260717021020,126071804000001012,TRUE
2026-08-07 04:59:10.843,LAM-BOP-01-L,1260803030000,126080303000012023,TRUE
2026-08-07 04:59:08.781,WIR-Pretreatment-01-UL,1260715022000,126071502200058026,TRUE
2026-08-07 04:59:08.275,AOI-PEP-01-UL,1260804014000,126080401400006063,TRUE
2026-08-07 04:59:10.134,AOI-PEP-01-L,1260804014000,126080401400006061,TRUE
2026-08-07 04:59:07.780,LIN-INNDES-02-UL,,126080406800006050,TRUE
2026-08-07 04:59:08.297,WIR-LDI-01-UL,,12606080020001C230,TRUE
2026-08-07 04:59:07.391,ELC-TRE-01-UL,1260717045020,126071704500001078,TRUE
2026-08-07 04:59:06.791,LAM-BOP-02-L,1260803017000,126080307100010019,TRUE
2026-08-07 04:59:02.778,SMK-DEV-01-UL,,126062015100001070,TRUE
2026-08-07 04:59:00.219,SMK-BRU-02-UL,1260720044000,126070305400001043,TRUE
2026-08-07 04:59:02.516,WIR-Decoatbake-01-UL,1260703001000,12607030010002B056,TRUE
2026-08-07 04:58:58.891,WIR-LDI-01-L,,12606080020001C219,TRUE
2026-08-07 04:58:57.402,SMK-SPR-01-L,1260619001000,12606190010001C074/0,TRUE
2026-08-07 04:58:58.766,WIR-Decoatbake-01-L,1260709001000,12607090010003A009,TRUE
2026-08-07 04:57:32.206,LIN-OUTDES-01-L,1260619080050,126061908000001003,TRUE
2026-08-07 04:46:21.920,WIR-Pretreatment-01-L,1260715022000,126071502200058010,TRUE
2026-08-07 04:36:04.519,AOI-RESAOI-01-UL,1260704079030,126070407900001025,TRUE
2026-08-07 04:59:09.406,WIR-Vdevelop-01-L,1260708010010,12607080100003A138,TRUE
2026-08-07 04:24:08.062,LIN-INNDES-02-L,,126080406800006078,TRUE
2026-08-07 04:59:35.985,WIR-Decoatbake-01-L,1260709001000,12607090010003A008,TRUE
2026-08-07 04:59:33.685,LIN-INNLDI-01-L,1260804067000,126080406700004041,TRUE
2026-08-07 04:59:33.446,LIN-OUTDES-01-UL,1260619080050,126061908000001053,TRUE
2026-08-07 04:59:32.863,ELC-TRE-01-L,1260717045020,126071704500001055,TRUE
2026-08-07 04:59:32.101,AOI-PEP-01-L,1260804014000,126080401400006059,TRUE
2026-08-07 04:59:29.908,SMK-BRU-02-UL,1260720044000,126070305400001035,TRUE
2026-08-07 04:59:29.826,AOI-PEP-01-UL,1260804014000,126080401400006061,TRUE
2026-08-07 04:59:29.154,LAM-BOP-02-L,1260803017000,126080307100010015,TRUE
2026-08-07 04:59:26.842,SMK-DIX-01-L,1260620151000,126062015100001016,TRUE
2026-08-07 04:59:25.719,WIR-LDI-01-L,,12606080020001C220,TRUE
2026-08-07 04:59:24.781,WIR-DES-01-UL,1260624087280,126071816300067046,TRUE
2026-08-07 04:59:23.263,LAM-BOP-01-L,1260803030000,126080303000012021,TRUE
2026-08-07 04:59:22.719,WIR-Pretreatment-01-UL,1260715022000,126071502200058024,TRUE
2026-08-07 04:59:22.705,ELC-TRE-01-UL,1260717045020,126071704500001015,TRUE
2026-08-07 04:59:22.421,LIN-INNDES-02-UL,,126080406800006051,TRUE
2026-08-07 04:59:20.780,SMK-SPR-01-L,1260619001000,12606190010001C216,TRUE
2026-08-07 04:59:19.254,ELC-PUL-02-L,1260715042000,126071504200001074,TRUE
2026-08-07 04:56:34.134,LIN-INNLDI-03-L,,126080508100020040,TRUE
2026-08-07 04:59:58.876,SMK-SPR-01-L,1260619001000,12606190010001C086,TRUE
2026-08-07 04:59:58.320,LAM-BOP-02-L,1260803017000,126080307100010013,TRUE
2026-08-07 04:59:55.569,LIN-INNTRE-02-UL-2,,126080500100004031,TRUE
2026-08-07 04:59:53.367,AOI-PEP-01-L,1260804014000,126080401400006057,TRUE
2026-08-07 04:59:52.392,WIR-LDI-01-L,,12606080020001C226,TRUE
2026-08-07 04:59:52.669,ELC-TRE-01-UL,1260717045020,126071704500001026,TRUE
2026-08-07 04:59:52.260,LIN-OUTDES-01-UL,1260619080050,126061908000001001,TRUE
2026-08-07 04:59:51.570,AOI-PEP-01-UL,1260804014000,126080401400006059,TRUE
2026-08-07 04:59:51.816,LIN-INNDES-02-UL,,126080406800006053,TRUE
2026-08-07 04:59:50.100,ELC-PUL-02-L,1260715042000,126071504200001020,TRUE
2026-08-07 04:59:48.960,LAM-BOP-01-L,1260803030000,126080303000012015,TRUE
2026-08-07 04:59:47.950,ELC-TRE-01-L,1260717045020,126071704500001054,TRUE
2026-08-07 04:59:47.595,WIR-Decoatbake-01-UL,1260703001000,12607030010002B001,TRUE
2026-08-07 04:59:46.395,ELC-PUL-01-L,1260717021020,126071702100001044,TRUE
2026-08-07 04:59:45.220,WIR-Vdevelop-01-L,1260708010010,12607080100003A136,TRUE
2026-08-07 04:59:41.345,WIR-Pretreatment-01-UL,1260715022000,126071502200058010,TRUE
2026-08-07 04:59:40.503,ELC-PUL-01-UL,1260717051020,126071705100001016,TRUE
2026-08-07 04:59:39.986,CPP-Patternplating-01-L,1260706055010,12607060550002B141,TRUE
2026-08-07 04:59:39.338,ELC-DEP-01-UL,1260717021020,126071804000001004,TRUE
2026-08-07 04:59:39.279,SMK-DEV-01-UL,,126062015100001036,TRUE
2026-08-07 04:59:38.353,ELC-DEP-01-L,1260718082000,126071808200001042,TRUE
2026-08-07 04:59:33.685,LIN-INNLDI-01-L,1260804067000,126080406700004041,TRUE
2026-08-07 02:56:04.848,LSR-Debrowning-01-L,1260620159010,12606201590001C199,TRUE
2026-08-07 05:00:17.194,SMK-BRU-01-L,1260729001000,M0960002G2000E-0607,TRUE
2026-08-07 05:00:16.251,SMK-SPR-01-L,1260619001000,12606190010001C078/0,TRUE
2026-08-07 05:00:16.210,AOI-PEP-01-L,1260804014000,126080401400006055,TRUE
2026-08-07 05:00:14.969,LIN-INNLDI-03-L,,ERROR_202608071200149698,TRUE
2026-08-07 05:00:14.736,SMK-DEV-01-UL,,126062015100001038,TRUE
2026-08-07 05:00:14.335,LAM-BOP-01-L,1260803030000,126080303000012011,TRUE
2026-08-07 05:00:14.085,AOI-PEP-01-UL,1260804014000,126080401400006057,TRUE
2026-08-07 05:00:12.627,WIR-Decoatbake-01-L,1260709001000,12607090010003A007,TRUE
2026-08-07 05:00:12.229,LIN-OUTDES-01-UL,1260619080050,126061908000001064,TRUE
2026-08-07 05:00:09.273,LAM-BOP-02-L,1260803017000,126080307100010011,TRUE
2026-08-07 05:00:08.296,ELC-TRE-01-UL,1260717045020,126071704500001027,TRUE
2026-08-07 05:00:05.131,ELC-PUL-01-L,1260717021020,126071702100001061,TRUE
2026-08-07 05:00:05.818,LIN-INNDES-02-UL,,126080406800006054,TRUE
2026-08-07 05:00:04.945,LAM-BOP-02-UL,1260803017000,126080307100010021,TRUE
2026-08-07 05:00:04.846,WIR-DES-01-UL,1260624087280,126071816300067045,TRUE
2026-08-07 05:00:04.858,ELC-DEP-01-UL,1260717021020,126071804000001015,TRUE
2026-08-07 05:00:02.670,ELC-DEP-01-L,1260718082000,126071808200001003,TRUE
2026-08-07 04:35:33.168,AOI-RESAOI-01-L,1260704079030,126070407900001076,TRUE
2026-08-07 05:00:01.967,SMK-BRU-02-UL,1260720044000,126070305400001058,TRUE
2026-08-07 05:00:31.445,LAM-BOP-02-L,1260803017000,126080307100010007,TRUE
2026-08-07 05:00:30.964,LIN-OUTDES-01-UL,1260619080050,126061908000001058,TRUE
2026-08-07 05:00:29.532,LIN-INNLDI-03-L,,ERROR_202608071200295328,TRUE
2026-08-07 05:00:28.531,ELC-DEP-01-UL,1260717021020,126071804000001005,TRUE
2026-08-07 05:00:26.976,LAM-BOP-01-L,1260803030000,126080303000012009,TRUE
2026-08-07 05:00:26.570,AOI-PEP-01-L,1260804014000,126080401400006054,TRUE
2026-08-07 05:00:26.765,ELC-DEP-01-L,1260718082000,126071808200001010,TRUE
2026-08-07 05:00:25.289,AOI-PEP-01-UL,1260804014000,126080401400006056,TRUE
2026-08-07 05:00:22.734,ELC-TRE-01-UL,1260717045020,126071704500001014,TRUE
2026-08-07 05:00:21.236,WIR-Vdevelop-01-L,1260708010010,12607080100003A162,TRUE
2026-08-07 05:00:20.642,SMK-DIX-01-L,1260620151000,126062015100001049,TRUE
2026-08-07 05:00:20.240,LIN-INNDES-02-UL,,126080406800006055,TRUE
2026-08-07 05:00:19.815,WIR-LDI-01-L,,12606080020001C233,TRUE
2026-08-07 05:00:49.225,LIN-INNDES-02-UL,,126080406800006057,TRUE
2026-08-07 05:00:47.617,AOI-PEP-01-UL,1260804014000,126080401400006054,TRUE
2026-08-07 05:00:45.956,WIR-LDI-01-L,,12606080020001C234,TRUE
2026-08-07 05:00:45.611,LIN-INNLDI-03-L,,ERROR_202608071200456114,TRUE
2026-08-07 05:00:44.737,WIR-DES-01-UL,1260624087280,126071816300067044,TRUE
2026-08-07 05:00:43.627,WIR-Vdevelop-01-UL,1260708010010,"12607080100003A130,BD",TRUE
2026-08-07 05:00:42.071,ELC-PUL-02-L,1260715042000,126071504200001042,TRUE
2026-08-07 05:00:40.062,ELC-TRE-01-UL,1260717045020,126071704500001069,TRUE
2026-08-07 05:00:39.786,SMK-SPR-01-L,1260619001000,12606190010001C074,TRUE
2026-08-07 05:00:39.258,LAM-BOP-01-L,1260803030000,126080303000012007,TRUE
2026-08-07 05:00:37.929,AOI-PEP-01-L,1260804014000,126080401400006053,TRUE
2026-08-07 05:00:36.101,SMK-BRU-01-L,1260729001000,M0960002G2000E-0607,TRUE
2026-08-07 05:00:36.031,SMK-BRU-02-UL,1260720044000,126070305400001030,TRUE
2026-08-07 05:00:42.429,LAM-BOP-02-L,1260803017000,126080307100010005,TRUE
2026-08-07 05:00:33.768,SMK-DIX-01-L,1260620151000,126062015100001008,TRUE
2026-08-07 05:00:35.132,ELC-PUL-01-UL,1260717051020,126071705100001027,TRUE
2026-08-07 05:00:33.549,CPP-Patternplating-01-L,1260706055010,12607060550002B142,TRUE
2026-08-07 05:00:32.674,WIR-Decoatbake-01-UL,1260703001000,12607030010002B047,TRUE
2026-08-07 04:58:41.078,SMK-BRU-02-L,1260703054000,Error_202608071158410782,FALSE
2026-08-07 04:46:21.920,WIR-Pretreatment-01-L,1260715022000,126071502200058010,TRUE
2026-08-07 05:01:04.977,LAM-BOP-01-L,1260803030000,126080303000012048,TRUE
2026-08-07 05:01:03.582,LIN-INNLDI-03-L,,ERROR_202608071201035821,TRUE
2026-08-07 05:01:04.868,LAM-BOP-02-L,1260803017000,126080307100010067,TRUE
2026-08-07 05:01:03.491,LIN-INNDES-02-UL,,126080406800006058,TRUE
2026-08-07 05:01:00.891,ELC-TRE-01-L,1260716023000,126071602300001006,TRUE
2026-08-07 05:00:58.837,AOI-PEP-01-UL,1260804014000,126080401400006053,TRUE
2026-08-07 05:00:59.477,AOI-PEP-01-L,1260804014000,126080401400006051,TRUE
2026-08-07 05:00:56.909,WIR-Vdevelop-01-L,1260708010010,12607080100003A174,TRUE
2026-08-07 05:00:56.219,ELC-TRE-01-UL,1260717045020,126071704500001080,TRUE
2026-08-07 05:00:53.438,ELC-DEP-01-UL,1260717021020,126071804000001008,TRUE
2026-08-07 05:00:56.049,SMK-SPR-01-L,1260619001000,12606190010001C083/0,TRUE
2026-08-07 05:00:52.283,SMK-DEV-01-UL,,126062015100001053,TRUE
2026-08-07 05:00:50.813,ELC-DEP-01-L,1260718082000,126071808200001016,TRUE
2026-08-07 05:00:50.264,LIN-OUTDES-01-UL,1260619080050,126061908000001025,TRUE
2026-08-07 05:00:49.847,WIR-Decoatbake-01-L,1260709001000,12607090010003A016,TRUE
2026-08-07 05:00:49.384,ELC-PUL-01-L,1260717021020,Error_202608071200493844,FALSE
2026-08-07 04:35:48.434,SMK-BRU-01-UL,1260716047020,126071604700001077,TRUE
2026-08-07 04:24:08.062,LIN-INNDES-02-L,,126080406800006078,TRUE
2026-08-07 05:01:27.192,WIR-Decoatbake-01-L,1260709001000,12607090010003A015,TRUE
2026-08-07 05:01:26.993,LAM-BOP-02-L,1260803017000,126080307100010063,TRUE
2026-08-07 05:01:26.675,ELC-TRE-01-UL,1260717045020,126071704500001072,TRUE
2026-08-07 05:01:26.660,SMK-DEV-01-UL,,126062015100001071,TRUE
2026-08-07 05:01:24.363,WIR-DES-01-UL,1260624087280,126071816300067043,TRUE
2026-08-07 05:01:22.399,AOI-PEP-01-L,1260804014000,126080401400006049,TRUE
2026-08-07 05:01:20.915,AOI-PEP-01-UL,1260804014000,126080401400006051,TRUE
2026-08-07 05:01:19.379,SMK-SPR-01-L,1260619001000,12606190010001C077,TRUE
2026-08-07 05:01:19.254,WIR-Vdevelop-01-UL,1260708010010,"12607080100003A140,BD",TRUE
2026-08-07 05:01:19.239,LIN-INNLDI-03-L,,ERROR_202608071201192390,TRUE
2026-08-07 05:01:18.398,LIN-INNDES-02-UL,,126080406800006059,TRUE
2026-08-07 05:01:17.582,WIR-Decoatbake-01-UL,1260703001000,12607030010002B050,TRUE
2026-08-07 05:01:17.988,ELC-DEP-01-UL,1260717021020,126071804000001010,TRUE
2026-08-07 05:01:15.768,ELC-TRE-01-L,1260716023000,126071602300001044,TRUE
2026-08-07 05:01:17.555,LAM-BOP-01-L,1260803030000,126080303000012046,TRUE
2026-08-07 05:01:15.096,ELC-DEP-01-L,1260718082000,126071808200001025,TRUE
2026-08-07 05:01:11.408,SMK-BRU-02-UL,1260720044000,126070305400001079,TRUE
2026-08-07 05:01:12.253,WIR-LDI-01-L,,12606080020001C215,TRUE
2026-08-07 05:01:09.655,LIN-OUTDES-01-UL,1260619080050,126061908000001023,TRUE
2026-08-07 05:00:35.132,ELC-PUL-01-UL,1260717051020,126071705100001027,TRUE
2026-08-07 04:58:41.078,SMK-BRU-02-L,1260703054000,Error_202608071158410782,FALSE
2026-08-07 04:46:21.920,WIR-Pretreatment-01-L,1260715022000,126071502200058010,TRUE
2026-08-07 04:35:33.168,AOI-RESAOI-01-L,1260704079030,126070407900001076,TRUE
2026-08-07 05:01:44.603,AOI-PEP-01-L,1260804014000,126080401400006047,TRUE
2026-08-07 05:01:42.525,LAM-BOP-01-L,1260803030000,126080303000012042,TRUE
2026-08-07 05:01:42.239,ELC-TRE-01-UL,1260717045020,126071704500001067,TRUE
2026-08-07 05:01:43.150,AOI-PEP-01-UL,1260804014000,126080401400006049,TRUE
2026-08-07 05:01:41.927,ELC-DEP-01-UL,1260717021020,126071804000001007,TRUE
2026-08-07 05:01:38.959,LIN-INNLDI-03-L,,ERROR_202608071201389590,TRUE
2026-08-07 05:01:40.645,SMK-DIX-01-L,1260620151000,126062015100001043,TRUE
2026-08-07 05:01:38.911,ELC-DEP-01-L,1260718082000,126071808200001029,TRUE
2026-08-07 05:01:38.196,LAM-BOP-02-L,1260803017000,126080307100010061,TRUE
2026-08-07 05:01:37.318,WIR-Decoatbake-01-UL,1260703001000,12607030010002B037,TRUE
2026-08-07 05:01:37.254,ELC-PUL-01-L,1260717021020,126071702100001069,TRUE
2026-08-07 05:01:36.573,ELC-PUL-02-L,1260715042000,126071504200001018,TRUE
2026-08-07 05:01:35.113,SMK-SPR-01-L,1260619001000,12606190010001C097/0,TRUE
2026-08-07 05:01:32.708,WIR-Vdevelop-01-L,1260708010010,12607080100003A146,TRUE
2026-08-07 05:01:32.227,LIN-INNDES-02-UL,,126080406800006060,TRUE
2026-08-07 05:01:31.332,ELC-TRE-01-L,1260716023000,126071602300001003,TRUE
2026-08-07 05:01:27.599,CPP-Patternplating-01-L,1260706055010,12607060550002B127,TRUE
2026-08-07 05:01:38.883,WIR-LDI-01-L,,12606080020001C218,TRUE
2026-08-07 04:24:08.062,LIN-INNDES-02-L,,126080406800006078,TRUE
2026-08-07 05:02:04.619,WIR-DES-01-UL,1260624087280,126071816300067042,TRUE
2026-08-07 05:02:04.103,WIR-Decoatbake-01-L,1260709001000,12607090010003A014,TRUE
2026-08-07 05:02:03.395,SMK-DEV-01-UL,,126062015100001031,TRUE
2026-08-07 05:02:03.335,ELC-DEP-01-L,1260718082000,126071808200001028,TRUE
2026-08-07 05:02:02.540,WIR-Decoatbake-01-UL,1260703001000,12607030010002B049,TRUE
2026-08-07 05:02:01.272,ELC-TRE-01-L,1260716023000,126071602300001034,TRUE
2026-08-07 05:02:00.401,LIN-INNDES-02-UL,,126080406800006062,TRUE
2026-08-07 05:02:00.026,LAM-BOP-02-L,1260803017000,126080307100010053,TRUE
2026-08-07 05:01:58.864,LSR-Debrowning-01-L,1260718159060,126071815900058012,TRUE
2026-08-07 05:01:58.708,SMK-SPR-01-L,1260619001000,12606190010001C078,TRUE
2026-08-07 05:01:57.132,ELC-TRE-01-UL,1260717045020,126071704500001076,TRUE
2026-08-07 05:01:56.901,AOI-PEP-01-L,1260804014000,126080401400006046,TRUE
2026-08-07 05:01:55.541,LAM-BOP-01-L,1260803030000,126080303000012039,TRUE
2026-08-07 05:01:54.651,AOI-PEP-01-UL,1260804014000,126080401400006048,TRUE
2026-08-07 05:01:45.989,SMK-BRU-02-UL,1260720044000,126070305400001004,TRUE
2026-08-07 05:01:55.336,LIN-INNLDI-03-L,,ERROR_202608071201553367,TRUE
2026-08-07 05:01:41.927,ELC-DEP-01-UL,1260717021020,126071804000001007,TRUE
2026-08-07 04:29:09.626,GLD-RinseENEPIG-01-UL,,12606080010001C209,TRUE
2026-08-07 04:24:08.062,LIN-INNDES-02-L,,126080406800006078,TRUE
2026-08-07 05:02:24.057,LAM-BOP-01-L,1260803030000,126080303000012035,TRUE
2026-08-07 05:02:22.906,ELC-PUL-02-L,1260715042000,126071504200001006,TRUE
2026-08-07 05:02:22.479,LAM-BOP-02-L,1260803017000,126080307100010049,TRUE
2026-08-07 05:02:21.058,CPP-Patternplating-01-L,1260706055010,12607060550002B121,TRUE
2026-08-07 05:02:19.135,AOI-PEP-01-L,1260804014000,126080401400006044,TRUE
2026-08-07 05:02:18.272,LSR-Debrowning-01-L,1260718159060,126071815900058013,TRUE
2026-08-07 05:02:16.760,AOI-PEP-01-UL,1260804014000,126080401400006046,TRUE
2026-08-07 05:02:16.508,ELC-TRE-01-L,1260716023000,126071602300001029,TRUE
2026-08-07 05:02:16.305,SMK-BRU-02-UL,1260720044000,126070305400001028,TRUE
2026-08-07 05:02:15.058,LIN-INNDES-02-UL,,126080406800006063,TRUE
2026-08-07 05:02:14.850,SMK-SPR-01-L,1260619001000,12606190010001C094/0,TRUE
2026-08-07 05:02:13.727,ELC-TRE-01-UL,1260717045020,126071704500001057,TRUE
2026-08-07 05:02:14.820,LIN-INNLDI-03-L,,ERROR_202608071202148201,TRUE
2026-08-07 05:02:08.369,WIR-Vdevelop-01-L,1260708010010,12607080100003A145,TRUE
2026-08-07 05:02:11.790,WIR-LDI-01-UL,,12606080020001C227,TRUE
2026-08-07 05:02:05.572,WIR-LDI-01-L,,12606080020001C217,TRUE
2026-08-07 05:01:09.655,LIN-OUTDES-01-UL,1260619080050,126061908000001023,TRUE
2026-08-07 05:01:40.645,SMK-DIX-01-L,1260620151000,126062015100001043,TRUE
2026-08-07 04:24:08.062,LIN-INNDES-02-L,,126080406800006078,TRUE
2026-08-07 04:58:25.098,LIN-INNDES-01-L,1260804066000,126080406600002048,TRUE
2026-08-07 05:02:45.993,ROU-RIN-01-UL,,Error_202608071202459930,FALSE
2026-08-07 05:02:45.619,ELC-DEP-01-UL,1260718040000,126071708100001077,TRUE
2026-08-07 05:02:45.150,SMK-BRU-02-UL,1260720044000,126070305400001077,TRUE
2026-08-07 05:02:44.497,WIR-DES-01-UL,1260624087280,126071816300067041,TRUE
2026-08-07 05:02:44.356,WIR-Vdevelop-01-L,1260708010010,12607080100003A144,TRUE
2026-08-07 05:02:44.355,LAM-BOP-02-L,1260803017000,126080307100010001,TRUE
2026-08-07 05:02:43.075,LIN-INNDES-02-UL,,126080406800006065,TRUE
2026-08-07 05:02:43.244,ELC-TRE-01-UL,1260717045020,126071704500001056,TRUE
2026-08-07 05:02:42.527,LIN-INNLDI-03-L,,126080508200018005,TRUE
2026-08-07 05:02:41.355,AOI-PEP-01-L,1260804014000,126080401400006042,TRUE
2026-08-07 05:02:41.762,WIR-LDI-01-UL,,12606080020001C228,TRUE
2026-08-07 05:02:40.215,WIR-Decoatbake-01-L,1260709001000,12607090010003A033,TRUE
2026-08-07 05:02:39.823,AOI-PEP-01-UL,1260804014000,126080401400006044,TRUE
2026-08-07 05:02:39.695,SMK-DEV-01-UL,,126062015100001020,TRUE
2026-08-07 05:02:38.508,SMK-SPR-01-L,1260619001000,12606190010001C083,TRUE
2026-08-07 05:02:37.805,LSR-Debrowning-01-L,1260718159060,126071815900058060,TRUE
2026-08-07 05:02:36.819,SMK-DIX-01-L,1260620151000,126062015100001030,TRUE
2026-08-07 05:02:36.183,WIR-Vdevelop-01-UL,1260708010010,"12607080100003A128,BD",TRUE
2026-08-07 05:02:35.901,LAM-BOP-01-L,1260803030000,126080303000012033,TRUE
2026-08-07 05:02:33.587,ELC-DEP-01-L,1260718082000,126071808200001038,TRUE
2026-08-07 05:02:32.118,ELC-PUL-01-L,1260717021020,126071702100001005,TRUE
2026-08-07 05:02:32.087,ELC-TRE-01-L,1260716023000,126071602300001023,TRUE
2026-08-07 04:13:09.181,CPP-Patternplating-01-UL,,126072012700400020,TRUE
2026-08-07 05:02:55.339,LAM-BOP-02-L,1260803017000,126080307100010043,TRUE
2026-08-07 05:02:55.573,ELC-PUL-01-UL,1260717051020,126071705100001020,TRUE
2026-08-07 05:02:54.742,SMK-SPR-01-L,1260619001000,12606190010001C076/0,TRUE
2026-08-07 05:02:52.151,AOI-PEP-01-L,1260804014000,126080401400006041,TRUE
2026-08-07 05:02:51.028,LIN-INNLDI-03-L,,ERROR_202608071202510281,TRUE
2026-08-07 05:02:48.898,SMK-DIX-01-L,1260620151000,126062015100001019,TRUE
2026-08-07 05:02:50.933,AOI-PEP-01-UL,1260804014000,126080401400006043,TRUE
2026-08-07 05:02:48.682,ELC-TRE-01-L,1260716023000,126071602300001068,TRUE
2026-08-07 05:02:47.776,LAM-BOP-01-L,1260803030000,126080303000012040,TRUE
2026-08-07 05:02:47.341,WIR-Decoatbake-01-UL,1260703001000,12607030010002B052,TRUE
2026-08-07 05:03:18.778,LIN-INNLDI-03-L,,126080508200018007,TRUE
2026-08-07 05:03:18.187,WIR-Decoatbake-01-L,1260709001000,12607090010003A032,TRUE
2026-08-07 05:03:18.102,SMK-SPR-01-L,1260619001000,12606190010001C097,TRUE
2026-08-07 05:03:17.544,LAM-BOP-02-L,1260803017000,126080306500010028,TRUE
2026-08-07 05:03:15.875,SMK-BRU-02-UL,1260720044000,126070305400001025,TRUE
2026-08-07 05:03:15.028,AOI-PEP-01-L,1260804014000,126080401400006039,TRUE
2026-08-07 05:03:14.623,CPP-Patternplating-01-L,1260706055010,12607060550002B122,TRUE
2026-08-07 05:03:13.653,AOI-PEP-01-UL,1260804014000,126080401400006041,TRUE
2026-08-07 05:03:12.203,LIN-INNDES-02-UL,,126080406800006067,TRUE
2026-08-07 05:03:11.545,WIR-LDI-01-UL,,12606080020001C223,TRUE
2026-08-07 05:03:10.623,WIR-Vdevelop-01-UL,1260708010010,"12607080100003A135,BD",TRUE
2026-08-07 05:03:09.361,ELC-PUL-02-L,1260715042000,126071504200001031,TRUE
2026-08-07 05:03:08.486,LIN-INNTRE-02-UL-2,,126080500100004033,TRUE
2026-08-07 05:03:04.419,ROU-RIN-01-UL,,Error_202608071203044195,FALSE
2026-08-07 05:03:17.844,ELC-TRE-01-UL,1260717045020,126071704500001055,TRUE
2026-08-07 05:03:03.249,ELC-TRE-01-L,1260716023000,126071602300001030,TRUE
2026-08-07 05:02:59.621,LAM-BOP-01-L,1260803030000,126080303000012036,TRUE
2026-08-07 05:02:59.609,LSR-Debrowning-01-L,1260718159060,126071815900058059,TRUE
2026-08-07 05:02:57.605,ELC-DEP-01-L,1260718082000,126071808200001031,TRUE
2026-08-07 05:03:25.950,AOI-PEP-01-L,1260804014000,126080401400006038,TRUE
2026-08-07 05:03:24.825,AOI-PEP-01-UL,1260804014000,126080401400006040,TRUE
2026-08-07 05:03:24.594,WIR-DES-01-UL,1260624087280,126071816300067040,TRUE
2026-08-07 05:03:24.438,ELC-DEP-01-UL,1260718040000,126071708100001029,TRUE
2026-08-07 05:03:23.954,ELC-DEP-01-L,1260718082000,126071808200001078,TRUE
2026-08-07 05:03:22.859,WIR-LDI-01-L,,12606080020001C221,TRUE
2026-08-07 05:03:22.902,ELC-PUL-01-UL,1260717051020,126071705100001023,TRUE
2026-08-07 05:03:19.922,ELC-TRE-01-L,1260716023000,126071602300001065,TRUE
2026-08-07 05:03:18.102,SMK-SPR-01-L,1260619001000,12606190010001C097,TRUE
2026-08-07 05:03:17.844,ELC-TRE-01-UL,1260717045020,126071704500001055,TRUE
2026-08-07 05:03:48.833,SMK-BRU-02-UL,1260720044000,126070305400001055,TRUE
2026-08-07 05:03:49.619,SMK-DEV-01-UL,,126062015100001045,TRUE
2026-08-07 05:03:48.270,ELC-DEP-01-L,1260718082000,126071808200001027,TRUE
2026-08-07 05:03:48.092,AOI-PEP-01-L,1260804014000,126080401400006036,TRUE
2026-08-07 05:03:47.576,AOI-PEP-01-UL,1260804014000,126080401400006038,TRUE
2026-08-07 05:03:42.676,LIN-INNLDI-03-L,,ERROR_202608071203426769,TRUE
2026-08-07 05:03:42.056,SMK-DIX-01-L,1260620151000,126062015100001051,TRUE
2026-08-07 05:03:41.469,WIR-LDI-01-UL,,12606080020001C224,TRUE
2026-08-07 05:03:39.687,ELC-PUL-01-UL,1260717051020,126071705100001028,TRUE
2026-08-07 05:03:38.237,ELC-TRE-01-UL,1260717045020,Error_202608071203382370,FALSE
2026-08-07 05:03:34.752,ELC-TRE-01-L,1260716023000,126071602300001035,TRUE
2026-08-07 05:03:34.200,LIN-INNDES-01-UL,1260804066000,126080406600002057,TRUE
2026-08-07 05:03:32.344,WIR-Decoatbake-01-UL,1260703001000,12607030010002B051,TRUE
2026-08-07 05:03:29.844,WIR-Vdevelop-01-L,1260708010010,12607080100003A143,TRUE
2026-08-07 05:03:28.481,LAM-BOP-02-L,1260803017000,126080306500010043,TRUE
2026-08-07 05:03:27.763,ELC-PUL-01-L,1260717021020,126071702100001049,TRUE
2026-08-07 04:58:25.098,LIN-INNDES-01-L,1260804066000,126080406600002048,TRUE
2026-08-07 05:03:29.613,LSR-Debrowning-01-L,1260718159060,126071815900058058,TRUE
2026-08-07 04:46:21.920,WIR-Pretreatment-01-L,1260715022000,126071502200058010,TRUE
2026-08-07 04:25:25.039,SMK-TUN-01-UL,1260622054000,126062205400001006,TRUE
2026-08-07 05:04:10.922,AOI-PEP-01-L,1260804014000,126080401400006034,TRUE
2026-08-07 05:04:09.484,AOI-PEP-01-UL,1260804014000,126080401400006036,TRUE
2026-08-07 05:04:08.812,LAM-BOP-01-L,1260803030000,126080303000012034,TRUE
2026-08-07 05:04:08.424,CPP-Patternplating-01-L,1260706055010,12607060550002B158,TRUE
2026-08-07 05:04:05.955,WIR-Vdevelop-01-UL,1260708010010,"12607080100003A134,BD",TRUE
2026-08-07 05:04:04.861,WIR-DES-01-UL,1260624087280,126071816300067060,TRUE
2026-08-07 05:04:05.580,WIR-Vdevelop-01-L,1260708010010,12607080100003A142,TRUE
2026-08-07 05:04:03.068,LIN-INNLDI-03-L,,ERROR_202608071204030689,TRUE
2026-08-07 05:03:59.375,LIN-INNDES-01-UL,1260804066000,126080406600002058,TRUE
2026-08-07 05:03:59.988,LSR-Debrowning-01-L,1260718159060,126071815900058057,TRUE
2026-08-07 05:03:57.484,ROU-RIN-01-UL,,Error_202608071203574845,FALSE
2026-08-07 05:03:55.471,WIR-Decoatbake-01-L,1260709001000,12607090010003A055,TRUE
2026-08-07 05:03:54.976,ELC-PUL-02-L,1260715042000,126071504200001019,TRUE
2026-08-07 05:03:54.994,SMK-DIX-01-L,1260620151000,126062015100001017,TRUE
2026-08-07 05:03:54.390,LIN-OUTDES-01-UL,1260619080050,126061908000001014,TRUE
2026-08-07 05:03:39.687,ELC-PUL-01-UL,1260717051020,126071705100001028,TRUE
2026-08-07 05:03:38.237,ELC-TRE-01-UL,1260717045020,Error_202608071203382370,FALSE
2026-08-07 05:03:52.940,WIR-LDI-01-L,,12606080020001C222,TRUE
2026-08-07 05:03:12.203,LIN-INNDES-02-UL,,126080406800006067,TRUE
2026-08-07 04:36:04.519,AOI-RESAOI-01-UL,1260704079030,126070407900001025,TRUE
2026-08-07 05:04:30.320,LIN-INNLDI-03-L,,126080508200018011,TRUE
2026-08-07 05:04:30.130,LSR-Debrowning-01-L,1260718159060,126071815900058056,TRUE
2026-08-07 05:04:29.669,SMK-SPR-01-L,1260619001000,12606190010001C185/0,TRUE
2026-08-07 05:04:25.424,LAM-BOP-02-L,1260803019000,126080301300002036,TRUE
2026-08-07 05:04:23.471,LIN-INNDES-01-UL,1260804066000,126080406600002059,TRUE
2026-08-07 05:04:22.658,AOI-PEP-01-L,1260804014000,126080401400006033,TRUE
2026-08-07 05:04:23.902,SMK-BRU-02-UL,1260720044000,126070305400001052,TRUE
2026-08-07 05:04:22.440,WIR-LDI-01-L,,12606080020001C212,TRUE
2026-08-07 05:04:21.626,ROU-RIN-01-UL,,Error_202608071204216267,FALSE
2026-08-07 05:04:21.596,LAM-BOP-01-L,1260803030000,126080303000012032,TRUE
2026-08-07 05:04:20.330,AOI-PEP-01-UL,1260804014000,126080401400006035,TRUE
2026-08-07 05:04:18.657,ELC-PUL-01-UL,1260717051020,126071705100001021,TRUE
2026-08-07 05:04:17.440,WIR-Decoatbake-01-UL,1260703001000,12607030010002B043,TRUE
2026-08-07 05:04:16.021,ELC-TRE-01-L,1260716023000,126071602300001005,TRUE
2026-08-07 05:04:11.299,WIR-LDI-01-UL,,12606080020001C225,TRUE
2026-08-07 05:03:38.237,ELC-TRE-01-UL,1260717045020,Error_202608071203382370,FALSE
2026-08-07 05:03:27.763,ELC-PUL-01-L,1260717021020,126071702100001049,TRUE
2026-08-07 04:46:21.920,WIR-Pretreatment-01-L,1260715022000,126071502200058010,TRUE
2026-08-07 05:04:12.459,ELC-DEP-01-L,1260718082000,126071808200001059,TRUE
2026-08-07 04:35:33.168,AOI-RESAOI-01-L,1260704079030,126070407900001076,TRUE
2026-08-07 02:27:23.084,SMK-TUN-01-L,1260622030000,126062203000001002,TRUE
2026-08-07 05:04:44.958,AOI-PEP-01-L,1260804014000,126080401400006031,TRUE
2026-08-07 05:04:44.416,SMK-BRU-01-L,1260729001000,M0960002G2000E-0607,TRUE
2026-08-07 05:04:44.177,WIR-DES-01-UL,1260624087280,126071816300067059,TRUE
2026-08-07 05:04:43.889,ELC-TRE-01-UL,1260716023000,126071602300001006,TRUE
2026-08-07 05:04:44.747,SMK-SPR-01-L,1260619001000,12606190010001C094,TRUE
2026-08-07 05:04:43.628,ROU-RIN-01-UL,,12606160720000104701,TRUE
2026-08-07 05:04:43.161,AOI-PEP-01-UL,1260804014000,126080401400006033,TRUE
2026-08-07 05:04:41.958,LIN-INNDES-01-L,1260804066000,126080406600002047,TRUE
2026-08-07 05:04:41.666,ELC-PUL-02-L,1260715042000,126071504200001078,TRUE
2026-08-07 05:04:40.912,WIR-LDI-01-UL,,12606080020001C231,TRUE
2026-08-07 05:04:41.177,WIR-Vdevelop-01-L,1260708010010,12607080100003A151,TRUE
2026-08-07 05:04:38.992,LIN-INNLDI-03-L,,ERROR_202608071204389927,TRUE
2026-08-07 05:04:37.012,ELC-DEP-01-UL,1260718040000,126071708100001075,TRUE
2026-08-07 05:04:37.191,LAM-BOP-02-L,1260803019000,126080301300002034,TRUE
2026-08-07 05:04:36.793,ELC-TRE-01-L,1260716023000,126071602300001026,TRUE
2026-08-07 05:04:36.278,ELC-DEP-01-L,1260718082000,126071808200001021,TRUE
2026-08-07 05:04:31.759,ELC-PUL-01-L,1260717021020,Error_202608071204317598,FALSE
2026-08-07 05:04:30.926,WIR-Decoatbake-01-L,1260709001000,12607090010003A056,TRUE
2026-08-07 05:04:18.657,ELC-PUL-01-UL,1260717051020,126071705100001021,TRUE
2026-08-07 04:59:33.685,LIN-INNLDI-01-L,1260804067000,126080406700004041,TRUE
2026-08-07 04:46:21.920,WIR-Pretreatment-01-L,1260715022000,126071502200058010,TRUE
2026-08-07 05:05:05.927,AOI-PEP-01-UL,1260804014000,126080401400006031,TRUE
2026-08-07 05:05:03.841,SMK-SPR-01-L,1260619001000,12606190010001C197/0,TRUE
2026-08-07 05:05:02.732,SMK-DEV-01-UL,,126062015100001025,TRUE
2026-08-07 05:05:02.723,LAM-BOP-01-L,1260803030000,126080303000012028,TRUE
2026-08-07 05:05:02.475,WIR-Decoatbake-01-UL,1260703001000,12607030010002B044,TRUE
2026-08-07 05:05:02.209,CPP-Patternplating-01-L,1260706055010,12607060550002B157,TRUE
2026-08-07 05:05:01.959,CPP-Patternplating-01-UL,,126072012700400009,TRUE
2026-08-07 05:05:01.732,SMK-DIX-01-L,1260620151000,126062015100001003,TRUE
2026-08-07 05:05:00.773,LSR-Debrowning-01-L,1260718159060,126071815900058055,TRUE
2026-08-07 05:05:00.405,ELC-DEP-01-L,1260718082000,126071808200001014,TRUE
2026-08-07 05:05:01.139,ELC-DEP-01-UL,1260718040000,126071708100001032,TRUE
2026-08-07 05:04:57.865,LIN-OUTDES-01-UL,1260619080050,126061908000001013,TRUE
2026-08-07 05:04:59.561,ELC-TRE-01-UL,1260716023000,126071602300001044,TRUE
2026-08-07 05:04:57.436,SMK-BRU-02-UL,1260720044000,126070305400001064,TRUE
2026-08-07 05:04:56.598,LIN-INNDES-01-L,1260804066000,126080406600002045,TRUE
2026-08-07 05:04:56.130,AOI-PEP-01-L,1260804014000,126080401400006030,TRUE
2026-08-07 05:04:55.129,ROU-RIN-01-UL,,Error_202608071204551292,FALSE
2026-08-07 05:04:55.119,LIN-INNLDI-03-L,,ERROR_202608071204551190,TRUE
2026-08-07 05:04:54.723,LIN-INNDES-01-UL,1260804066000,126080406600002060,TRUE
2026-08-07 05:04:52.615,WIR-LDI-01-L,,12606080020001C214,TRUE
2026-08-07 05:04:49.145,LAM-BOP-02-L,1260803019000,126080301300002032,TRUE
2026-08-07 05:04:52.327,ELC-TRE-01-L,1260716023000,126071602300001033,TRUE
2026-08-07 04:59:33.685,LIN-INNLDI-01-L,1260804067000,126080406700004041,TRUE
2026-08-07 04:31:28.845,LIN-OUTTRE-01-UL,,126070303600001076,TRUE
2026-08-07 02:27:23.084,SMK-TUN-01-L,1260622030000,126062203000001002,TRUE
2026-08-07 05:05:26.302,LAM-BOP-02-L,1260803019000,126080301300002028,TRUE
2026-08-07 05:05:26.287,LIN-INNDES-01-L,1260804066000,126080406600002043,TRUE
2026-08-07 05:05:26.271,LAM-BOP-01-L,1260803030000,126080303000012024,TRUE
2026-08-07 05:05:24.735,ELC-DEP-01-L,1260718082000,126071808200001068,TRUE
2026-08-07 05:05:24.633,WIR-DES-01-UL,1260624087280,126071816300067058,TRUE
2026-08-07 05:05:23.001,ELC-TRE-01-L,1260716023000,126071602300001056,TRUE
2026-08-07 05:05:22.195,WIR-LDI-01-L,,12606080020001C213,TRUE
2026-08-07 05:05:19.474,AOI-RESAOI-01-L,1260720062020,126072006200001002,TRUE
2026-08-07 05:05:18.115,AOI-PEP-01-L,1260804014000,126080401400006028,TRUE
2026-08-07 05:05:17.912,AOI-PEP-01-UL,1260804014000,126080401400006030,TRUE
2026-08-07 05:05:15.142,ELC-TRE-01-UL,1260716023000,126071602300001003,TRUE
2026-08-07 05:05:14.746,LIN-INNLDI-03-L,,ERROR_202608071205147462,TRUE
2026-08-07 05:05:17.008,WIR-Vdevelop-01-L,1260708010010,12607080100003A152,TRUE
2026-08-07 05:05:14.215,ELC-PUL-01-UL,1260717051020,126071705100001006,TRUE
2026-08-07 05:05:10.897,WIR-LDI-01-UL,,12606080020001C232,TRUE
2026-08-07 05:05:08.334,WIR-Decoatbake-01-L,1260709001000,12607090010003A001,TRUE
2026-08-07 04:46:21.920,WIR-Pretreatment-01-L,1260715022000,126071502200058010,TRUE
2026-08-07 05:05:47.791,WIR-Decoatbake-01-UL,1260703001000,12607030010002B002,TRUE
2026-08-07 05:05:44.924,ELC-TRE-01-UL,1260716023000,126071602300001034,TRUE
2026-08-07 05:05:45.665,WIR-Decoatbake-01-L,1260709001000,12607090010003A002,TRUE
2026-08-07 05:05:43.062,LIN-INNLDI-03-L,,126080508200018015,TRUE
2026-08-07 05:05:41.665,AOI-PEP-01-L,1260804014000,126080401400006026,TRUE
2026-08-07 05:05:40.961,LIN-INNDES-01-L,1260804066000,126080406600002042,TRUE
2026-08-07 05:05:40.711,AOI-PEP-01-UL,1260804014000,126080401400006028,TRUE
2026-08-07 05:05:40.634,WIR-LDI-01-UL,,12606080020001C219,TRUE
2026-08-07 05:05:38.547,SMK-DEV-01-UL,,126062015100001029,TRUE
2026-08-07 05:05:38.189,ELC-TRE-01-L,1260716023000,126071602300001038,TRUE
2026-08-07 05:05:38.133,LAM-BOP-01-L,1260803030000,126080303000012022,TRUE
2026-08-07 05:05:37.899,LAM-BOP-02-L,1260803019000,126080301300002026,TRUE
2026-08-07 05:05:35.960,LIN-OUTDES-01-UL,1260619080050,126061908000001065,TRUE
2026-08-07 05:05:33.367,AOI-RESAOI-01-L,1260720062020,126072006200001009,TRUE
2026-08-07 05:05:30.289,LSR-Debrowning-01-L,1260718159060,126071815900058054,TRUE
2026-08-07 05:05:30.189,ELC-DEP-01-UL,1260718040000,126071708100001039,TRUE
2026-08-07 05:05:29.610,SMK-BRU-02-UL,1260720044000,126070305400001034,TRUE
2026-08-07 05:05:28.452,ELC-PUL-02-L,1260715042000,126071504200001022,TRUE
2026-08-07 05:06:04.668,WIR-DES-01-UL,1260624087280,126071816300067057,TRUE
2026-08-07 05:06:04.246,CPP-Patternplating-01-UL,,Error_202608071206042463,FALSE
2026-08-07 05:06:03.360,AOI-PEP-01-L,1260804014000,126080401400006024,TRUE
2026-08-07 05:06:02.143,SMK-BRU-02-UL,1260720044000,126070305400001068,TRUE
2026-08-07 05:06:02.371,ROU-RIN-01-UL,,Error_202608071206023712,FALSE
2026-08-07 05:06:03.969,LAM-BOP-01-L,1260803030000,126080303000012016,TRUE
2026-08-07 05:06:02.078,LIN-INNLDI-03-L,,126080508200018016,TRUE
2026-08-07 05:06:01.922,AOI-PEP-01-UL,1260804014000,126080401400006026,TRUE
2026-08-07 05:06:01.469,LAM-BOP-02-L,1260803019000,126080301300002020,TRUE
2026-08-07 05:06:01.432,LSR-Debrowning-01-L,1260718159060,126071815900058053,TRUE
2026-08-07 05:06:00.215,AOI-RESAOI-01-UL,1260720062020,126072006200001002,TRUE
2026-08-07 05:05:59.924,ELC-TRE-01-UL,1260716023000,126071602300001029,TRUE
2026-08-07 05:05:56.157,SMK-DIX-01-L,1260620151000,126062015100001068,TRUE
2026-08-07 05:05:55.980,LIN-OUTDES-01-UL,1260619080050,126061908000001056,TRUE
2026-08-07 05:05:55.824,CPP-Patternplating-01-L,1260706055010,12607060550002B148,TRUE
2026-08-07 05:05:55.328,LIN-INNDES-01-L,1260804066000,126080406600002041,TRUE
2026-08-07 05:05:55.033,ELC-DEP-01-UL,1260718040000,126071708100001045,TRUE
2026-08-07 05:05:53.252,ELC-TRE-01-L,1260716023000,126071602300001064,TRUE
2026-08-07 05:05:52.964,WIR-Vdevelop-01-L,1260708010010,12607080100003A125,TRUE
2026-08-07 05:05:52.074,AOI-RESAOI-01-L,1260720062020,126072006200001011,TRUE
2026-08-07 05:05:52.198,WIR-LDI-01-L,,12606080020001C177,TRUE
2026-08-07 05:05:49.502,ELC-DEP-01-L,1260718082000,126071808200001002,TRUE
2026-08-07 05:06:16.330,ELC-TRE-01-UL,1260716023000,126071602300001023,TRUE
2026-08-07 05:06:15.439,AOI-PEP-01-L,1260804014000,126080401400006023,TRUE
2026-08-07 05:06:14.940,ELC-PUL-02-L,1260715042000,126071504200001067,TRUE
2026-08-07 05:06:14.606,AOI-RESAOI-01-L,1260720062020,126072006200001060,TRUE
2026-08-07 05:06:14.574,LIN-OUTDES-01-UL,1260619080050,126061908000001021,TRUE
2026-08-07 05:06:13.924,ELC-DEP-01-L,1260718082000,126071808200001060,TRUE
2026-08-07 05:06:13.579,LAM-BOP-02-L,1260803019000,126080301300002022,TRUE
2026-08-07 05:06:13.392,AOI-PEP-01-UL,1260804014000,126080401400006025,TRUE
2026-08-07 05:06:10.371,WIR-LDI-01-UL,,12606080020001C220,TRUE
2026-08-07 05:06:10.079,LIN-INNDES-01-L,1260804066000,126080406600002040,TRUE
2026-08-07 05:06:09.688,ELC-PUL-01-UL,1260717051020,126071705100001026,TRUE
2026-08-07 05:06:08.502,ELC-TRE-01-L,1260716023000,126071602300001043,TRUE
2026-08-07 05:06:07.533,SMK-DIX-01-L,1260620151000,126062015100001049,TRUE
2026-08-07 05:06:07.125,LIN-INNLDI-03-L,,ERROR_202608071206071256,TRUE
2026-08-07 05:06:36.489,LAM-BOP-02-L,1260803019000,126080301300002018,TRUE
2026-08-07 05:06:36.411,AOI-PEP-01-UL,1260804014000,126080401400006023,TRUE
2026-08-07 05:06:36.205,SMK-BRU-02-UL,1260720044000,126070305400001048,TRUE
2026-08-07 05:06:35.544,LIN-OUTDES-01-UL,1260619080050,126061908000001038,TRUE
2026-08-07 05:06:34.737,LAM-BOP-01-L,1260803030000,126080303000012012,TRUE
2026-08-07 05:06:33.724,SMK-SPR-01-L,1260619001000,12606190010001C076,TRUE
2026-08-07 05:06:33.455,ELC-TRE-01-UL,1260716023000,126071602300001068,TRUE
2026-08-07 05:06:32.687,WIR-Decoatbake-01-UL,1260703001000,12607030010002B005,TRUE
2026-08-07 05:06:30.808,LSR-Debrowning-01-L,1260718159060,126071815900058052,TRUE
2026-08-07 05:06:29.729,LIN-INNDES-02-UL,,126080406900008076,TRUE
2026-08-07 05:06:27.047,LIN-INNLDI-03-L,,ERROR_202608071206270475,TRUE
2026-08-07 05:06:26.627,AOI-PEP-01-L,1260804014000,126080401400006022,TRUE
2026-08-07 05:06:25.159,LIN-INNDES-01-L,1260804066000,126080406600002039,TRUE
2026-08-07 05:06:25.002,ELC-TRE-01-L,1260716023000,126071602300001036,TRUE
2026-08-07 05:06:24.752,LAM-BOP-02-UL,1260803017000,126080307100010019,TRUE
2026-08-07 05:06:24.560,WIR-Vdevelop-01-UL,1260708010010,"12607080100003A141,BD",TRUE
2026-08-07 05:06:23.669,AOI-RESAOI-01-UL,1260720062020,126072006200001009,TRUE
2026-08-07 05:06:21.809,WIR-Decoatbake-01-L,1260709001000,12607090010003A057,TRUE
2026-08-07 05:06:21.794,WIR-LDI-01-L,,12606080020001C216,TRUE
2026-08-07 05:06:19.393,ELC-DEP-01-UL,1260718040000,126071708100001040,TRUE
2026-08-07 05:05:28.856,SMK-BRU-01-L,1260729001000,M0960002G2000E-0607,TRUE
2026-08-07 05:06:55.003,ELC-TRE-01-L,1260716023000,126071602300001040,TRUE
2026-08-07 05:06:54.364,LIN-INNDES-01-L,1260804066000,126080406600002037,TRUE
2026-08-07 05:06:52.779,LIN-OUTDES-01-UL,1260619080050,126061908000001007,TRUE
2026-08-07 05:06:51.720,WIR-LDI-01-L,,12606080020001C207,TRUE
2026-08-07 05:06:49.960,SMK-SPR-01-L,1260619001000,12606190010001C181/0,TRUE
2026-08-07 05:06:49.142,CPP-Patternplating-01-UL,,126071100800400041,TRUE
2026-08-07 05:06:49.595,CPP-Patternplating-01-L,1260706055010,12607060550002B149,TRUE
2026-08-07 05:06:48.192,AOI-PEP-01-L,1260804014000,126080401400006020,TRUE
2026-08-07 05:06:48.097,ELC-TRE-01-UL,1260716023000,126071602300001030,TRUE
2026-08-07 05:06:48.051,LAM-BOP-02-L,1260803019000,126080301300002038,TRUE
2026-08-07 05:06:47.426,LAM-BOP-01-L,1260803030000,126080303000012010,TRUE
2026-08-07 05:06:47.333,AOI-PEP-01-UL,1260804014000,126080401400006022,TRUE
2026-08-07 05:06:46.091,AOI-RESAOI-01-UL,1260720062020,126072006200001011,TRUE
2026-08-07 05:06:44.719,WIR-DES-01-UL,1260624087280,126071816300067056,TRUE
2026-08-07 05:06:44.167,LIN-INNDES-02-UL,,126080406900008075,TRUE
2026-08-07 05:06:43.391,WIR-Vdevelop-01-L,1260708010010,12607080100003A126,TRUE
2026-08-07 05:06:43.002,LIN-INNLDI-03-L,,ERROR_202608071206430026,TRUE
2026-08-07 05:06:43.565,ELC-DEP-01-UL,1260718040000,126071708100001044,TRUE
2026-08-07 05:06:40.188,WIR-LDI-01-UL,,12606080020001C226,TRUE
2026-08-07 05:06:37.690,ELC-DEP-01-L,1260718082000,126071808200001080,TRUE
2026-08-07 05:06:36.833,LAM-BOP-02-UL,1260803017000,126080307100010017,TRUE
2026-08-07 05:06:37.622,AOI-RESAOI-01-L,1260720062020,126072006200001030,TRUE
2026-08-07 04:59:33.685,LIN-INNLDI-01-L,1260804067000,126080406700004041,TRUE
2026-08-07 04:58:41.078,SMK-BRU-02-L,1260703054000,Error_202608071158410782,FALSE
2026-08-07 04:46:21.920,WIR-Pretreatment-01-L,1260715022000,126071502200058010,TRUE
2026-08-07 05:07:07.503,ELC-DEP-01-UL,1260718040000,126071708100001021,TRUE
2026-08-07 05:07:05.725,ELC-PUL-01-UL,1260717051020,126071705100001033,TRUE
2026-08-07 05:07:04.269,ELC-TRE-01-UL,1260716023000,126071602300001065,TRUE
2026-08-07 05:07:02.645,LIN-INNLDI-03-L,,ERROR_202608071207026454,TRUE
2026-08-07 05:07:01.483,ELC-DEP-01-L,1260718082000,126071808200001055,TRUE
2026-08-07 05:07:00.903,AOI-RESAOI-01-L,1260720062020,126072006200001074,TRUE
2026-08-07 05:07:00.888,LSR-Debrowning-01-L,1260718159060,126071815900058051,TRUE
2026-08-07 05:07:00.801,ELC-PUL-02-L,1260715042000,126071504200001049,TRUE
2026-08-07 05:07:00.733,ROU-RIN-01-UL,,Error_202608071207007330,FALSE
2026-08-07 05:07:00.255,LAM-BOP-02-L,1260803019000,126080301900002040,TRUE
2026-08-07 05:06:59.595,WIR-Decoatbake-01-L,1260709001000,12607090010003A048,TRUE
2026-08-07 05:06:59.489,AOI-PEP-01-L,1260804014000,126080401400006019,TRUE
2026-08-07 05:06:59.458,AOI-PEP-01-UL,1260804014000,126080401400006021,TRUE
2026-08-07 05:06:59.114,LAM-BOP-01-L,1260803030000,126080303000012008,TRUE
2026-08-07 05:06:58.808,LIN-INNDES-02-UL,,126080406900008074,TRUE
2026-08-07 05:06:40.188,WIR-LDI-01-UL,,12606080020001C226,TRUE
2026-08-07 05:07:25.723,ELC-DEP-01-L,1260718082000,126071808200001022,TRUE
2026-08-07 05:07:25.348,ELC-TRE-01-L,1260716023000,126071602300001051,TRUE
2026-08-07 05:07:25.050,WIR-DES-01-UL,1260624087280,126071816300067055,TRUE
2026-08-07 05:07:25.005,LAM-BOP-01-L,1260803030000,126080303000012004,TRUE
2026-08-07 05:07:24.269,WIR-LDI-01-UL,,12606080020001C233,TRUE
2026-08-07 05:07:24.045,AOI-RESAOI-01-L,1260720062020,126072006200001079,TRUE
2026-08-07 05:07:23.771,LIN-INNDES-01-L,1260804066000,126080406600002035,TRUE
2026-08-07 05:07:21.958,AOI-PEP-01-L,1260804014000,126080401400006017,TRUE
2026-08-07 05:07:21.565,WIR-LDI-01-L,,12606080020001C208,TRUE
2026-08-07 05:07:20.318,AOI-PEP-01-UL,1260804014000,126080401400006019,TRUE
2026-08-07 05:07:19.826,LIN-OUTDES-01-UL,1260619080050,126061908000001022,TRUE
2026-08-07 05:07:19.316,WIR-Vdevelop-01-L,1260708010010,12607080100003A123,TRUE
2026-08-07 05:07:19.130,LIN-INNLDI-03-L,,ERROR_202608071207191307,TRUE
2026-08-07 05:07:17.519,WIR-Decoatbake-01-UL,1260703001000,12607030010002B059,TRUE
2026-08-07 05:07:15.258,ELC-PUL-01-L,1260717021020,126071702100001046,TRUE
2026-08-07 05:07:13.231,LIN-INNDES-02-UL,,126080406900008073,TRUE
2026-08-07 05:07:10.394,SMK-BRU-02-UL,1260720044000,126070305400001060,TRUE
2026-08-07 05:07:09.747,AOI-RESAOI-01-UL,1260720062020,126072006200001060,TRUE
2026-08-07 05:07:00.255,LAM-BOP-02-L,1260803019000,126080301900002040,TRUE
2026-08-07 05:06:49.960,SMK-SPR-01-L,1260619001000,12606190010001C181/0,TRUE
2026-08-07 04:46:21.920,WIR-Pretreatment-01-L,1260715022000,126071502200058010,TRUE
2026-08-07 05:07:45.240,AOI-PEP-01-L,1260804014000,126080401400006015,TRUE
2026-08-07 05:07:45.045,ROU-RIN-01-UL,,Error_202608071207450453,FALSE
2026-08-07 05:07:44.193,SMK-BRU-02-UL,1260720044000,126070305400001061,TRUE
2026-08-07 05:07:43.130,CPP-Patternplating-01-L,1260706055010,12607060550002B150,TRUE
2026-08-07 05:07:42.927,ELC-TRE-01-UL,1260716023000,126071602300001035,TRUE
2026-08-07 05:07:43.037,AOI-PEP-01-UL,1260804014000,126080401400006017,TRUE
2026-08-07 05:07:41.857,LIN-INNDES-02-UL,,126080406900008072,TRUE
2026-08-07 05:07:40.537,ELC-TRE-01-L,1260716023000,126071602300001032,TRUE
2026-08-07 05:07:39.061,LIN-INNLDI-03-L,,ERROR_202608071207390614,TRUE
2026-08-07 05:07:38.474,LIN-INNDES-01-L,1260804066000,126080406600002034,TRUE
2026-08-07 05:07:42.880,CPP-Patternplating-01-UL,,126071100800400013,TRUE
2026-08-07 05:07:38.209,LAM-BOP-01-L,1260803030000,126080303000012003,TRUE
2026-08-07 05:07:34.384,ELC-PUL-01-L,1260717021020,126071702100001045,TRUE
2026-08-07 05:07:36.207,WIR-Decoatbake-01-L,1260709001000,12607090010003A049,TRUE
2026-08-07 05:07:32.640,AOI-RESAOI-01-UL,1260720062020,126072006200001030,TRUE
2026-08-07 05:07:32.130,ELC-DEP-01-UL,1260718040000,126071708100001006,TRUE
2026-08-07 05:07:31.485,LSR-Debrowning-01-L,1260718159060,126071815900058050,TRUE
2026-08-07 05:07:25.723,ELC-DEP-01-L,1260718082000,126071808200001022,TRUE
2026-08-07 05:08:06.042,AOI-PEP-01-UL,1260804014000,126080401400006015,TRUE
2026-08-07 05:08:03.133,LAM-BOP-01-L,1260803030000,126080303000012077,TRUE
2026-08-07 05:08:04.818,WIR-DES-01-UL,1260624087280,126071816300067054,TRUE
2026-08-07 05:08:02.615,WIR-Decoatbake-01-UL,1260703001000,12607030010002B038,TRUE
2026-08-07 05:08:01.379,LSR-Debrowning-01-L,1260718159060,126071815900058049,TRUE
2026-08-07 05:08:01.370,ELC-PUL-01-UL,1260717051020,126071705100001077,TRUE
2026-08-07 05:07:57.600,ELC-TRE-01-L,1260716023000,126071602300001037,TRUE
2026-08-07 05:07:56.053,ELC-DEP-01-UL,1260718040000,126071708100001074,TRUE
2026-08-07 05:07:55.873,LIN-INNDES-02-UL,,126080406900008071,TRUE
2026-08-07 05:07:55.743,SMK-DIX-01-L,1260620151000,126062015100001021,TRUE
2026-08-07 05:07:55.720,AOI-RESAOI-01-UL,1260720062020,126072006200001074,TRUE
2026-08-07 05:07:55.687,LIN-INNLDI-03-L,,ERROR_202608071207556875,TRUE
2026-08-07 05:07:55.539,AOI-PEP-01-L,1260804014000,126080401400006014,TRUE
2026-08-07 05:07:55.083,WIR-Vdevelop-01-L,1260708010010,12607080100003A121,TRUE
2026-08-07 05:07:53.661,WIR-LDI-01-UL,,12606080020001C234,TRUE
2026-08-07 05:07:54.564,LIN-OUTDES-01-UL,1260619080050,126061908000001046,TRUE
2026-08-07 05:07:53.570,LIN-INNDES-01-L,1260804066000,126080406600002033,TRUE
2026-08-07 05:07:51.146,WIR-LDI-01-L,,12606080020001C209,TRUE
2026-08-07 05:07:53.136,ELC-PUL-01-L,1260717021020,126071702100001059,TRUE
2026-08-07 05:07:50.224,ELC-DEP-01-L,1260718082000,126071808200001009,TRUE
2026-08-07 05:07:47.582,LSR-Debrowning-01-UL,1260718159060,126071815900058012,TRUE
2026-08-07 05:07:47.267,AOI-RESAOI-01-L,1260720062020,126072006200001014,TRUE
2026-08-07 05:07:47.229,ELC-PUL-02-L,1260715042000,126071504200001039,TRUE
2026-08-07 04:24:08.062,LIN-INNDES-02-L,,126080406800006078,TRUE
2026-08-07 05:08:25.064,LIN-INNDES-02-UL,,126080406900008069,TRUE
2026-08-07 05:08:23.869,SMK-SPR-01-L,1260619001000,12606190010001C185,TRUE
2026-08-07 05:08:23.476,WIR-LDI-01-UL,,12606080020001C215,TRUE
2026-08-07 05:08:22.653,LIN-INNDES-01-L,1260804066000,126080406600002031,TRUE
2026-08-07 05:08:22.213,LIN-INNLDI-01-L,1260804072000,126080407200002037,TRUE
2026-08-07 05:08:20.397,ELC-TRE-01-UL,1260716023000,126071602300001026,TRUE
2026-08-07 05:08:18.637,AOI-PEP-01-L,1260804014000,126080401400006012,TRUE
2026-08-07 05:08:19.361,AOI-RESAOI-01-UL,1260720062020,126072006200001079,TRUE
2026-08-07 05:08:18.554,SMK-BRU-02-UL,1260720044000,126070305400001072,TRUE
2026-08-07 05:08:17.364,LSR-Debrowning-01-UL,1260718159060,126071815900058013,TRUE
2026-08-07 05:08:17.215,LAM-BOP-01-L,1260803030000,126080303000012075,TRUE
2026-08-07 05:08:16.777,AOI-PEP-01-UL,1260804014000,126080401400006014,TRUE
2026-08-07 05:08:13.898,WIR-Decoatbake-01-L,1260709001000,12607090010003A050,TRUE
2026-08-07 05:08:15.406,LIN-INNLDI-03-L,,ERROR_202608071208154069,TRUE
2026-08-07 05:08:12.647,ELC-TRE-01-L,1260716023000,126071602300001039,TRUE
2026-08-07 05:08:11.689,LIN-OUTDES-01-UL,1260619080050,126061908000001049,TRUE
2026-08-07 05:08:12.229,ELC-PUL-01-L,1260717021020,126071702100001080,TRUE
2026-08-07 05:08:10.642,AOI-RESAOI-01-L,1260720062020,126072006200001010,TRUE
2026-08-07 05:08:08.509,SMK-DIX-01-L,1260620151000,126062015100001032,TRUE
2026-08-07 05:08:08.256,WIR-Vdevelop-01-UL,1260708010010,"12607080100003A138,BD",TRUE
2026-08-07 05:07:50.224,ELC-DEP-01-L,1260718082000,126071808200001009,TRUE
2026-08-07 05:07:42.880,CPP-Patternplating-01-UL,,126071100800400013,TRUE
2026-08-07 05:03:08.486,LIN-INNTRE-02-UL-2,,126080500100004033,TRUE
2026-08-07 04:46:21.920,WIR-Pretreatment-01-L,1260715022000,126071502200058010,TRUE
2026-08-07 05:08:44.898,WIR-DES-01-UL,1260624087280,126071816300067053,TRUE
2026-08-07 05:08:44.254,LIN-INNLDI-03-L,,126080508200018025,TRUE
2026-08-07 05:08:43.103,ELC-TRE-01-L,1260716023000,126071602300001048,TRUE
2026-08-07 05:08:42.331,AOI-RESAOI-01-UL,1260720062020,126072006200001014,TRUE
2026-08-07 05:08:42.167,SMK-DIX-01-L,1260620151000,126062015100001030,TRUE
2026-08-07 05:08:41.599,LSR-Debrowning-01-L,1260718159060,126071815900058048,TRUE
2026-08-07 05:08:41.044,LAM-BOP-01-L,1260803030000,126080303000012078,TRUE
2026-08-07 05:08:40.435,AOI-PEP-01-L,1260804014000,126080401400006010,TRUE
2026-08-07 05:08:39.247,AOI-PEP-01-UL,1260804014000,126080401400006012,TRUE
2026-08-07 05:08:39.142,LIN-INNDES-02-UL,,126080406900008068,TRUE
2026-08-07 05:08:40.167,SMK-SPR-01-L,1260619001000,12606190010001C186/0,TRUE
2026-08-07 05:08:38.465,LIN-INNLDI-01-L,1260804072000,126080407200002035,TRUE
2026-08-07 05:08:38.054,CPP-Patternplating-01-UL,,12607060550002B058,TRUE
2026-08-07 05:08:37.403,LIN-INNDES-01-L,1260804066000,126080406600002030,TRUE
2026-08-07 05:08:37.101,CPP-Patternplating-01-L,1260706055010,12607060550002B152,TRUE
2026-08-07 05:08:36.713,ELC-TRE-01-UL,1260716023000,126071602300001033,TRUE
2026-08-07 05:08:34.898,WIR-LDI-01-L,,12606080020001C210,TRUE
2026-08-07 05:08:33.877,ELC-PUL-02-L,1260715042000,126071504200001071,TRUE
2026-08-07 05:08:33.706,AOI-RESAOI-01-L,1260720062020,126072006200001063,TRUE
2026-08-07 05:08:30.976,WIR-Vdevelop-01-L,1260708010010,12607080100003A122,TRUE
2026-08-07 05:08:29.409,LIN-OUTDES-01-UL,1260619080050,126061908000001055,TRUE
2026-08-07 05:08:13.898,WIR-Decoatbake-01-L,1260709001000,12607090010003A050,TRUE
2026-08-07 05:09:07.307,LIN-INNLDI-03-L,,ERROR_202608071209073075,TRUE
2026-08-07 05:09:06.888,LIN-INNDES-01-L,1260804066000,126080406600002028,TRUE
2026-08-07 05:09:06.837,WIR-Vdevelop-01-L,1260708010010,12607080100003A129,TRUE
2026-08-07 05:09:06.435,LAM-BOP-01-L,1260803030000,126080303000012074,TRUE
2026-08-07 05:09:06.275,ELC-TRE-01-UL,1260716023000,126071602300001056,TRUE
2026-08-07 05:09:06.159,LIN-OUTDES-01-UL,1260619080050,126061908000001019,TRUE
2026-08-07 05:09:05.815,AOI-RESAOI-01-UL,1260720062020,126072006200001010,TRUE
2026-08-07 05:09:04.904,LAM-BOP-02-L,1260803019000,126080301900002006,TRUE
2026-08-07 05:09:04.712,WIR-LDI-01-L,,12606080020001C211,TRUE
2026-08-07 05:09:03.372,AOI-PEP-01-L,1260804014000,126080401400006008,TRUE
2026-08-07 05:09:02.497,AOI-PEP-01-UL,1260804014000,126080401400006010,TRUE
2026-08-07 05:09:01.720,ELC-PUL-01-L,1260717021020,126071702100001023,TRUE
2026-08-07 05:09:00.210,ROU-RIN-01-UL,,Error_202608071209002102,FALSE
2026-08-07 05:08:58.247,LIN-INNLDI-01-L,1260804072000,126080407200002033,TRUE
2026-08-07 05:08:57.963,ELC-TRE-01-L,1260716023000,126071602300001028,TRUE
2026-08-07 05:08:57.313,ELC-PUL-01-UL,1260717051020,126071705100001032,TRUE
2026-08-07 05:08:56.940,AOI-RESAOI-01-L,1260720062020,126072006200001001,TRUE
2026-08-07 05:08:53.948,SMK-SPR-01-L,1260619001000,12606190010001C197,TRUE
2026-08-07 05:08:53.940,LIN-INNDES-02-UL,,126080406900008067,TRUE
2026-08-07 05:08:53.211,WIR-LDI-01-UL,,12606080020001C218,TRUE
2026-08-07 05:08:52.088,SMK-BRU-02-UL,1260720044000,126070305400001036,TRUE
2026-08-07 05:08:50.695,WIR-Decoatbake-01-L,1260709001000,12607090010003A053,TRUE
2026-08-07 05:08:49.900,ELC-DEP-01-UL,1260718040000,126071708100001072,TRUE
2026-08-07 05:08:47.476,WIR-Decoatbake-01-UL,1260703001000,12607030010002B028,TRUE
2026-08-07 05:08:47.036,LSR-Debrowning-01-UL,1260718159060,126071815900058060,TRUE
2026-08-07 05:08:08.256,WIR-Vdevelop-01-UL,1260708010010,"12607080100003A138,BD",TRUE
2026-08-07 05:07:50.224,ELC-DEP-01-L,1260718082000,126071808200001009,TRUE
2026-08-07 05:09:13.324,SMK-SPR-01-L,1260619001000,12606190010001C221/0,TRUE
2026-08-07 05:09:12.453,LIN-INNLDI-01-L,1260804072000,126080407200002031,TRUE
2026-08-07 05:09:12.541,ELC-TRE-01-L,1260716023000,126071602300001021,TRUE
2026-08-07 05:09:12.271,LSR-Debrowning-01-L,1260718159060,126071815900058047,TRUE
2026-08-07 05:09:11.208,LSR-Debrowning-01-UL,1260718159060,126071815900058059,TRUE
2026-08-07 05:09:08.473,LIN-INNDES-02-UL,,126080406900008066,TRUE
2026-08-07 05:09:08.470,SMK-BRU-01-L,1260729001000,M0960002G2000E-0607,TRUE
2026-08-07 05:09:04.904,LAM-BOP-02-L,1260803019000,126080301900002006,TRUE
2026-08-07 05:08:37.101,CPP-Patternplating-01-L,1260706055010,12607060550002B152,TRUE
2026-08-07 05:09:35.360,AOI-PEP-01-UL,1260804014000,126080401400006007,TRUE
2026-08-07 05:09:34.558,WIR-LDI-01-L,,12606080020001C201,TRUE
2026-08-07 05:09:33.421,SMK-SPR-01-L,1260619001000,12606190010001C181,TRUE
2026-08-07 05:09:32.652,WIR-Decoatbake-01-UL,1260703001000,12607030010002B016,TRUE
2026-08-07 05:09:32.474,SMK-BRU-01-L,1260729001000,M0960002G2000E-0607,TRUE
2026-08-07 05:09:31.938,LIN-INNLDI-01-L,1260804072000,126080407200002029,TRUE
2026-08-07 05:09:31.891,LAM-BOP-01-L,1260803030000,126080303000012070,TRUE
2026-08-07 05:09:31.464,CPP-Patternplating-01-L,1260706055010,12607060550002B151,TRUE
2026-08-07 05:09:28.480,CPP-Patternplating-01-UL,,12607060550002B059,TRUE
2026-08-07 05:09:28.270,AOI-RESAOI-01-UL,1260720062020,126072006200001063,TRUE
2026-08-07 05:09:28.214,WIR-Decoatbake-01-L,1260709001000,12607090010003A054,TRUE
2026-08-07 05:09:27.074,SMK-BRU-02-UL,1260720044000,126070305400001021,TRUE
2026-08-07 05:09:27.824,ELC-TRE-01-L,1260716023000,126071602300001020,TRUE
2026-08-07 05:09:26.918,LIN-INNLDI-03-L,,ERROR_202608071209269181,TRUE
2026-08-07 05:09:25.406,AOI-PEP-01-L,1260804014000,126080401400006006,TRUE
2026-08-07 05:09:24.777,WIR-DES-01-UL,1260624087280,126071816300067052,TRUE
2026-08-07 05:09:23.114,LIN-INNDES-02-UL,,126080406900008065,TRUE
2026-08-07 05:09:21.605,ELC-TRE-01-UL,1260716023000,126071602300001038,TRUE
2026-08-07 05:09:21.498,LIN-INNDES-01-L,1260804066000,126080406600002027,TRUE
2026-08-07 05:09:20.348,ELC-PUL-02-L,1260715042000,126071504200001052,TRUE
2026-08-07 05:09:22.994,WIR-LDI-01-UL,,12606080020001C217,TRUE
2026-08-07 05:09:19.864,AOI-RESAOI-01-L,1260720062020,126072006200001054,TRUE
2026-08-07 05:09:18.357,LAM-BOP-02-UL,1260803017000,126080307100010053,TRUE
2026-08-07 05:09:14.433,ELC-DEP-01-UL,1260718040000,126071708100001066,TRUE
2026-08-07 05:09:58.153,ELC-TRE-01-L,1260716023000,126071602300001008,TRUE
2026-08-07 05:09:57.952,AOI-PEP-01-UL,1260804014000,126080401400006005,TRUE
2026-08-07 05:09:57.350,ELC-PUL-01-L,1260717021020,126071702100001024,TRUE
2026-08-07 05:09:55.313,LIN-INNLDI-01-L,1260804072000,126080407200002035,TRUE
2026-08-07 05:09:54.905,LIN-INNLDI-03-L,,126080508200018029,TRUE
2026-08-07 05:09:52.716,WIR-LDI-01-UL,,12606080020001C221,TRUE
2026-08-07 05:09:52.340,ELC-TRE-01-UL,1260716023000,126071602300001043,TRUE
2026-08-07 05:09:52.310,WIR-Vdevelop-01-UL,1260708010010,"12607080100003A174,BD",TRUE
2026-08-07 05:09:52.288,ELC-PUL-01-UL,1260717051020,126071705100001030,TRUE
2026-08-07 05:09:51.785,SMK-DIX-01-L,1260620151000,126062015100001074,TRUE
2026-08-07 05:09:51.568,AOI-RESAOI-01-UL,1260720062020,126072006200001001,TRUE
2026-08-07 05:09:51.014,LIN-INNDES-01-L,1260804066000,126080406600002025,TRUE
2026-08-07 05:09:49.186,LAM-BOP-01-L,1260803030000,126080303000012062,TRUE
2026-08-07 05:09:49.923,SMK-SPR-01-L,1260619001000,12606190010001C224/0,TRUE
2026-08-07 05:09:48.436,AOI-PEP-01-L,1260804014000,126080401400006004,TRUE
2026-08-07 05:09:43.193,AOI-RESAOI-01-L,1260720062020,126072006200001080,TRUE
2026-08-07 05:09:42.654,WIR-Vdevelop-01-L,1260708010010,12607080100003A149,TRUE
2026-08-07 05:09:42.099,LIN-OUTDES-01-UL,1260619080050,126061908000001063,TRUE
2026-08-07 05:09:41.975,LSR-Debrowning-01-L,1260718159060,126071815900058046,TRUE
2026-08-07 05:09:41.459,LSR-Debrowning-01-UL,1260718159060,126071815900058058,TRUE
2026-08-07 05:09:40.513,LAM-BOP-02-UL,1260803017000,126080307100010049,TRUE
2026-08-07 05:09:36.495,ROU-RIN-01-UL,,Error_202608071209364953,FALSE
2026-08-07 05:09:32.652,WIR-Decoatbake-01-UL,1260703001000,12607030010002B016,TRUE
2026-08-07 04:46:21.920,WIR-Pretreatment-01-L,1260715022000,126071502200058010,TRUE
2026-08-07 05:10:17.561,WIR-Decoatbake-01-UL,1260703001010,12607030010002B013,TRUE
2026-08-07 05:10:14.889,LIN-INNLDI-03-L,,126080508200018030,TRUE
2026-08-07 05:10:14.413,AOI-RESAOI-01-UL,1260720062020,126072006200001054,TRUE
2026-08-07 05:10:13.874,ELC-TRE-01-L,1260716023000,126071602300001062,TRUE
2026-08-07 05:10:13.190,SMK-SPR-01-L,1260619001000,12606190010001C186,TRUE
2026-08-07 05:10:12.181,LSR-Debrowning-01-L,1260718159060,126071815900058045,TRUE
2026-08-07 05:10:12.141,LAM-BOP-01-L,1260803030000,126080303000012064,TRUE
2026-08-07 05:10:11.001,LIN-INNLDI-01-L,1260804072000,126080407200002033,TRUE
2026-08-07 05:10:10.813,AOI-PEP-01-L,1260804014000,126080401400006002,TRUE
2026-08-07 05:10:09.032,AOI-PEP-01-UL,1260804014000,126080401400006004,TRUE
2026-08-07 05:10:08.544,ELC-DEP-01-UL,1260718040000,126071708100001060,TRUE
2026-08-07 05:10:08.248,ELC-TRE-01-UL,1260716023000,126071602300001036,TRUE
2026-08-07 05:10:06.994,ELC-PUL-02-L,1260715042000,126071504200001032,TRUE
2026-08-07 05:10:06.777,ROU-RIN-01-UL,,Error_202608071210067778,FALSE
2026-08-07 05:10:05.960,AOI-RESAOI-01-L,1260720062020,126072006200001036,TRUE
2026-08-07 05:10:05.829,LIN-INNDES-01-L,1260804066000,126080406600002024,TRUE
2026-08-07 05:10:05.358,WIR-Decoatbake-01-L,1260709001000,12607090010003A039,TRUE
2026-08-07 05:10:04.389,WIR-LDI-01-L,,12606080020001C203,TRUE
2026-08-07 05:09:59.048,SMK-DIX-01-L,1260620151000,126062015100001051,TRUE
2026-08-07 05:10:11.431,LSR-Debrowning-01-UL,1260718159060,126071815900058057,TRUE
2026-08-07 05:09:58.684,SMK-BRU-02-UL,1260720044000,126070305400001017,TRUE
2026-08-07 05:09:24.777,WIR-DES-01-UL,1260624087280,126071816300067052,TRUE
2026-08-07 05:10:37.460,AOI-RESAOI-01-UL,1260720062020,126072006200001080,TRUE
2026-08-07 05:10:35.813,LAM-BOP-01-L,1260803030000,126080303600012079,TRUE
2026-08-07 05:10:35.423,LIN-INNDES-01-L,1260804066000,126080406600002022,TRUE
2026-08-07 05:10:34.217,WIR-LDI-01-L,,12606080020001C204,TRUE
2026-08-07 05:10:33.735,AOI-PEP-01-L,1260804014000,126080401400006066,TRUE
2026-08-07 05:10:32.828,ELC-DEP-01-UL,1260718040000,126071708100001036,TRUE
2026-08-07 05:10:32.548,AOI-PEP-01-UL,1260804014000,126080401400006002,TRUE
2026-08-07 05:10:31.141,SMK-BRU-02-UL,1260720044000,126070305400001007,TRUE
2026-08-07 05:10:31.156,LIN-INNLDI-03-L,,126080508200018031,TRUE
2026-08-07 05:10:29.409,SMK-SPR-01-L,1260619001000,12606190010001C065/0,TRUE
2026-08-07 05:10:29.222,LIN-INNLDI-01-L,1260804072000,126080407200002031,TRUE
2026-08-07 05:10:29.077,ELC-TRE-01-L,1260716023000,126071602300001016,TRUE
2026-08-07 05:10:28.960,AOI-RESAOI-01-L,1260720062020,126072006200001059,TRUE
2026-08-07 05:10:26.639,WIR-Vdevelop-01-UL,1260708010010,"12607080100003A146,BD",TRUE
2026-08-07 05:10:24.264,ELC-TRE-01-UL,1260716023000,126071602300001067,TRUE
2026-08-07 05:10:23.726,LIN-OUTDES-01-UL,1260619080050,126061908000001016,TRUE
2026-08-07 05:10:22.467,CPP-Patternplating-01-UL,,12607060550002B042,TRUE
2026-08-07 05:10:24.311,CPP-Patternplating-01-L,1260706055010,12607060550002B143,TRUE
2026-08-07 05:10:22.389,WIR-LDI-01-UL,,12606080020001C222,TRUE
2026-08-07 05:10:18.358,WIR-Vdevelop-01-L,1260708010010,12607080100003A148,TRUE
2026-08-07 05:10:50.861,LIN-INNLDI-03-L,,126080508200018032,TRUE
2026-08-07 05:10:50.142,LIN-INNDES-01-L,1260804066000,126080406600002021,TRUE
2026-08-07 05:10:48.220,LAM-BOP-01-L,1260803030000,126080303600012030,TRUE
2026-08-07 05:10:47.155,ROU-RIN-01-UL,,Error_202608071210471550,FALSE
2026-08-07 05:10:48.212,ELC-PUL-01-UL,1260717051020,126071705100001034,TRUE
2026-08-07 05:10:49.056,LIN-INNDES-02-UL,,126080406900008063,TRUE
2026-08-07 05:10:46.712,SMK-BRU-01-UL,1260729001000,M0960002G2000E-0607,TRUE
2026-08-07 05:10:46.191,LIN-INNLDI-01-L,1260804072000,126080407200002029,TRUE
2026-08-07 05:10:43.153,LSR-Debrowning-01-L,1260718159060,126071815900058044,TRUE
2026-08-07 05:10:43.781,ELC-TRE-01-L,1260716023000,126071602300001054,TRUE
2026-08-07 05:10:44.798,AOI-PEP-01-L,1260804014000,126080401400006074,TRUE
2026-08-07 05:10:42.923,AOI-PEP-01-UL,1260804014000,126080401400006001,TRUE
2026-08-07 05:10:42.173,WIR-Decoatbake-01-L,1260709001000,12607090010003A040,TRUE
2026-08-07 05:10:42.059,LSR-Debrowning-01-UL,1260718159060,126071815900058056,TRUE
2026-08-07 05:10:38.953,ELC-TRE-01-UL,1260716023000,126071602300001040,TRUE
2026-08-07 05:10:22.467,CPP-Patternplating-01-UL,,12607060550002B042,TRUE
2026-08-07 05:11:09.156,ELC-TRE-01-UL,1260716023000,126071602300001051,TRUE
2026-08-07 05:11:09.113,SMK-SPR-01-L,1260619001000,12606190010001C092/0,TRUE
2026-08-07 05:11:08.172,ROU-RIN-01-UL,,12606160720000104201,TRUE
2026-08-07 05:11:07.956,AOI-PEP-01-L,1260804014000,126080401400006064,TRUE
2026-08-07 05:11:07.036,LIN-INNLDI-03-L,,126080508200018033,TRUE
2026-08-07 05:11:05.769,AOI-PEP-01-UL,1260804014000,126080401400006074,TRUE
2026-08-07 05:11:04.753,LIN-INNDES-01-L,1260804066000,126080406600002020,TRUE
2026-08-07 05:11:04.438,SMK-BRU-02-UL,1260720044000,126070305400001023,TRUE
2026-08-07 05:11:03.844,WIR-LDI-01-L,,12606080020001C205,TRUE
2026-08-07 05:11:02.895,LIN-INNLDI-01-L,1260804072000,126080407200002027,TRUE
2026-08-07 05:11:01.003,LAM-BOP-01-L,1260803030000,126080303600012022,TRUE
2026-08-07 05:11:00.602,AOI-RESAOI-01-UL,1260720062020,126072006200001036,TRUE
2026-08-07 05:10:59.133,LIN-OUTDES-01-UL,1260619080050,126061908000001003,TRUE
2026-08-07 05:10:57.659,SMK-DIX-01-L,1260620151000,126062015100001047,TRUE
2026-08-07 05:10:58.719,ELC-TRE-01-L,1260716023000,126071602300001080,TRUE
2026-08-07 05:10:57.031,ELC-DEP-01-UL,1260718040000,126071708100001011,TRUE
2026-08-07 05:10:53.954,WIR-Vdevelop-01-L,1260708010010,12607080100003A159,TRUE
2026-08-07 05:10:53.165,ELC-PUL-01-L,1260717021020,126071702100001001,TRUE
2026-08-07 05:10:52.903,ELC-PUL-02-L,1260715042000,126071504200001038,TRUE
2026-08-07 05:10:52.226,AOI-RESAOI-01-L,1260720062020,126072006200001075,TRUE
2026-08-07 05:10:52.172,WIR-LDI-01-UL,,12606080020001C212,TRUE
2026-08-07 05:10:42.173,WIR-Decoatbake-01-L,1260709001000,12607090010003A040,TRUE
2026-08-07 05:10:22.467,CPP-Patternplating-01-UL,,12607060550002B042,TRUE
2026-08-07 05:09:24.777,WIR-DES-01-UL,1260624087280,126071816300067052,TRUE
2026-08-07 04:41:16.970,WIR-SE-01-L,1260629001010,12606290010002B122,TRUE
2026-08-07 05:11:32.448,LIN-OUTDES-01-UL,1260619080050,126061908000001060,TRUE
2026-08-07 05:11:32.290,LIN-INNLDI-01-L,1260804072000,126080407200002015,TRUE
2026-08-07 05:11:31.833,AOI-PEP-01-UL,1260804014000,126080401400006064,TRUE
2026-08-07 05:11:29.815,WIR-Vdevelop-01-L,1260708010010,12607080100003A160,TRUE
2026-08-07 05:11:29.518,ELC-TRE-01-L,1260716023000,126071602300001013,TRUE
2026-08-07 05:11:28.283,ROU-RIN-01-UL,,12606160720000103001,TRUE
2026-08-07 05:11:26.332,LAM-BOP-01-L,1260803030000,126080301800012061,TRUE
2026-08-07 05:11:25.767,ELC-DEP-01-UL,1260718040000,126071708100001004,TRUE
2026-08-07 05:11:24.079,ELC-TRE-01-UL,1260716023000,126071602300001032,TRUE
2026-08-07 05:11:23.807,AOI-RESAOI-01-UL,1260720062020,126072006200001059,TRUE
2026-08-07 05:11:22.777,SMK-SPR-01-L,1260619001000,12606190010001C224,TRUE
2026-08-07 05:11:21.939,CPP-Patternplating-01-UL,,12607060550002B001,TRUE
2026-08-07 05:11:21.814,WIR-LDI-01-UL,,12606080020001C214,TRUE
2026-08-07 05:11:19.644,LIN-INNDES-01-L,1260804066000,126080406600002019,TRUE
2026-08-07 05:11:19.814,WIR-Decoatbake-01-L,1260709001000,12607090010003A046,TRUE
2026-08-07 05:11:19.627,WIR-Pretreatment-01-L,1260715024003,226051807300400059,TRUE
2026-08-07 05:11:15.960,LIN-INNLDI-03-L,,ERROR_202608071211159607,TRUE
2026-08-07 05:11:17.970,CPP-Patternplating-01-L,1260706055010,12607060550002B144,TRUE
2026-08-07 05:11:15.540,AOI-RESAOI-01-L,1260720062020,126072006200001066,TRUE
2026-08-07 05:11:12.821,LSR-Debrowning-01-L,1260718159060,126071815900058043,TRUE
2026-08-07 05:11:11.790,LSR-Debrowning-01-UL,1260718159060,126071815900058055,TRUE
2026-08-07 05:11:09.566,SMK-DIX-01-L,1260620151000,126062015100001026,TRUE
2026-08-07 05:11:04.438,SMK-BRU-02-UL,1260720044000,126070305400001023,TRUE
2026-08-07 05:11:07.956,AOI-PEP-01-L,1260804014000,126080401400006064,TRUE
2026-08-07 05:11:55.816,ELC-TRE-01-UL,1260716023000,126071602300001039,TRUE
2026-08-07 05:11:55.285,ELC-DEP-01-UL,1260718040000,126071708100001067,TRUE
2026-08-07 05:11:51.836,LAM-BOP-01-L,1260803030000,126080111600012075,TRUE
2026-08-07 05:11:51.522,WIR-LDI-01-UL,,12606080020001C213,TRUE
2026-08-07 05:11:51.774,LIN-INNLDI-03-L,,ERROR_202608071211517747,TRUE
2026-08-07 05:11:49.103,LIN-INNLDI-01-L,1260804072000,126080407200002013,TRUE
2026-08-07 05:11:49.068,LIN-INNDES-01-L,1260804066000,126080406600002017,TRUE
2026-08-07 05:11:49.019,ROU-RIN-01-UL,,12606160720000102801,TRUE
2026-08-07 05:11:48.686,ELC-PUL-01-L,1260717021020,126071702100001016,TRUE
2026-08-07 05:11:48.287,LAM-BOP-02-UL,1260803017000,126080301300002036,TRUE
2026-08-07 05:11:46.901,AOI-RESAOI-01-UL,1260720062020,126072006200001075,TRUE
2026-08-07 05:11:43.857,ELC-PUL-01-UL,1260717051020,126071705100001043,TRUE
2026-08-07 05:11:41.902,LSR-Debrowning-01-UL,1260718159060,126071815900058054,TRUE
2026-08-07 05:11:40.894,AOI-PEP-01-UL,1260804014000,126080401400006080,TRUE
2026-08-07 05:11:40.083,SMK-SPR-01-L,1260619001000,12606190010001C071/0,TRUE
2026-08-07 05:11:39.158,ELC-PUL-02-L,1260715042000,126071504200001065,TRUE
2026-08-07 05:11:35.659,WIR-Pretreatment-01-L,1260715024003,126071502400358368,TRUE
2026-08-07 05:11:43.293,LSR-Debrowning-01-L,1260718159060,126071815900058042,TRUE
2026-08-07 05:11:33.752,WIR-LDI-01-L,,12606080020001C206,TRUE
2026-08-07 05:11:29.518,ELC-TRE-01-L,1260716023000,126071602300001013,TRUE
2026-08-07 02:27:23.084,SMK-TUN-01-L,1260622030000,126062203000001002,TRUE
2026-08-07 05:12:09.902,LIN-OUTDES-01-UL,1260619080050,126061908000001001,TRUE
2026-08-07 05:12:10.520,ROU-RIN-01-UL,,Error_202608071212105200,FALSE
2026-08-07 05:12:09.038,CPP-Patternplating-01-UL,,12607060550002B050,TRUE
2026-08-07 05:12:06.604,LIN-INNLDI-01-L,1260804072000,126080407200002011,TRUE
2026-08-07 05:12:05.694,WIR-Vdevelop-01-L,1260708010010,12607080100003A157,TRUE
2026-08-07 05:12:05.344,LIN-INNDES-02-UL,,126080406900008077,TRUE
2026-08-07 05:12:03.977,LIN-INNDES-01-L,1260804066000,126080406600002016,TRUE
2026-08-07 05:12:05.304,SMK-DIX-01-L,1260620151000,126062015100001037,TRUE
2026-08-07 05:12:03.339,LIN-INNLDI-03-L,,126080508200018036,TRUE
2026-08-07 05:12:03.241,WIR-LDI-01-L,,12606080020001C197,TRUE
2026-08-07 05:11:57.022,WIR-Decoatbake-01-L,1260709001000,12607090010003A047,TRUE
2026-08-07 05:12:02.366,SMK-SPR-01-L,1260619001000,12606190010001C065,TRUE
2026-08-07 05:11:07.956,AOI-PEP-01-L,1260804014000,126080401400006064,TRUE
2026-08-07 05:09:24.777,WIR-DES-01-UL,1260624087280,126071816300067052,TRUE
2026-08-07 05:12:38.226,WIR-DES-01-L,1260718163010,126071816301067085,TRUE
2026-08-07 05:12:33.556,LIN-INNDES-01-L,1260804066000,126080406600002014,TRUE
2026-08-07 05:12:33.332,ELC-TRE-01-L,1260716023020,126071602300001022,TRUE
2026-08-07 05:12:33.148,WIR-LDI-01-L,,12606080020001C199,TRUE
2026-08-07 05:12:32.951,LIN-INNDES-02-UL,,126080406900008078,TRUE
2026-08-07 05:12:30.043,AOI-RESAOI-01-L,1260720062020,126072006200001020,TRUE
2026-08-07 05:12:26.457,ELC-TRE-01-UL,1260716023000,126071602300001048,TRUE
2026-08-07 05:12:31.184,LIN-INNLDI-01-L,1260804072000,126080407200002017,TRUE
2026-08-07 05:12:25.663,ELC-PUL-02-L,1260715042000,126071504200001029,TRUE
2026-08-07 05:12:23.254,ELC-DEP-01-UL,1260718040000,126071708100001057,TRUE
2026-08-07 05:12:21.210,WIR-LDI-01-UL,,12606080020001C177,TRUE
2026-08-07 05:12:18.652,SMK-SPR-01-L,1260619001000,12606190010001C067/0,TRUE
2026-08-07 05:12:18.632,WIR-DES-01-UL,1260624087280,126071816300067051,TRUE
2026-08-07 05:12:17.949,SMK-DIX-01-L,1260620151000,126062015100001068,TRUE
2026-08-07 05:12:11.585,CPP-Patternplating-01-L,1260706055010,12607060550002B145,TRUE
2026-08-07 05:12:12.624,LSR-Debrowning-01-UL,1260718159060,126071815900058053,TRUE
2026-08-07 05:11:07.956,AOI-PEP-01-L,1260804014000,126080401400006064,TRUE
2026-08-07 05:12:13.593,LSR-Debrowning-01-L,1260718159060,126071815900058041,TRUE
2026-08-07 05:10:17.561,WIR-Decoatbake-01-UL,1260703001010,12607030010002B013,TRUE
2026-08-07 05:12:50.740,ELC-TRE-01-L,1260716023020,126071602300001024,TRUE
2026-08-07 05:12:50.929,WIR-LDI-01-UL,,12606080020001C216,TRUE
2026-08-07 05:12:50.338,LAM-BOP-01-L,1260803037000,126080303700023064,TRUE
2026-08-07 05:12:48.510,LIN-INNDES-01-L,1260804066000,126080406600002013,TRUE
2026-08-07 05:12:47.186,LIN-INNLDI-01-L,1260804072000,126080407200002015,TRUE
2026-08-07 05:12:44.175,ELC-PUL-01-L,1260717021020,126071702100001006,TRUE
2026-08-07 05:12:43.593,LSR-Debrowning-01-L,1260718159060,126071815900058040,TRUE
2026-08-07 05:12:43.560,LIN-INNDES-02-UL,,126080406900008079,TRUE
2026-08-07 05:12:42.609,LSR-Debrowning-01-UL,1260718159060,126071815900058052,TRUE
2026-08-07 05:12:41.731,SMK-SPR-01-L,1260619001000,12606190010001C092,TRUE
2026-08-07 05:12:41.617,WIR-Vdevelop-01-L,1260708010010,12607080100003A158,TRUE
2026-08-07 05:12:41.208,ELC-TRE-01-UL,1260716023000,126071602300001028,TRUE
2026-08-07 05:12:40.081,ELC-PUL-01-UL,1260717051020,126071705100001042,TRUE
2026-08-07 05:12:18.632,WIR-DES-01-UL,1260624087280,126071816300067051,TRUE
2026-08-07 05:13:14.418,LAM-BOP-01-L,1260803037000,126080303700023062,TRUE
2026-08-07 05:13:13.922,LSR-Debrowning-01-L,1260718159060,126071815900058039,TRUE
2026-08-07 05:13:12.828,LSR-Debrowning-01-UL,1260718159060,126071815900058051,TRUE
2026-08-07 05:13:12.073,ELC-PUL-02-L,1260715042000,126071504200001070,TRUE
2026-08-07 05:13:11.701,SMK-DIX-01-L,1260620151000,126062015100001035,TRUE
2026-08-07 05:13:11.519,ELC-DEP-01-UL,1260718040000,126071708100001014,TRUE
2026-08-07 05:13:11.441,ELC-TRE-01-UL,1260716023000,126071602300001020,TRUE
2026-08-07 05:13:08.195,WIR-DES-01-L,1260718163010,126071816301067084,TRUE
2026-08-07 05:13:06.459,ELC-TRE-01-L,1260716023020,126071602300001053,TRUE
2026-08-07 05:13:06.093,LIN-INNLDI-01-L,1260804072000,126080407200002013,TRUE
2026-08-07 05:13:05.086,CPP-Patternplating-01-L,1260706055010,12607060550002B167,TRUE
2026-08-07 05:13:04.492,ROU-RIN-01-UL,,Error_202608071213044928,FALSE
2026-08-07 05:13:03.727,CPP-Patternplating-01-UL,,12607060550002B049,TRUE
2026-08-07 05:13:02.852,WIR-LDI-01-L,,12606080020001C200,TRUE
2026-08-07 05:13:02.823,LIN-INNDES-01-L,1260804066000,126080406600002012,TRUE
2026-08-07 05:12:58.122,SMK-SPR-01-L,1260619001000,12606190010001C072/0,TRUE
2026-08-07 05:12:56.420,AOI-RESAOI-01-UL,1260720062020,126072006200001066,TRUE
2026-08-07 05:12:18.632,WIR-DES-01-UL,1260624087280,126071816300067051,TRUE
2026-08-07 05:12:56.201,LIN-OUTDES-01-UL,1260619080050,126061908000001051,TRUE
2026-08-07 05:11:57.022,WIR-Decoatbake-01-L,1260709001000,12607090010003A047,TRUE
2026-08-07 05:11:48.287,LAM-BOP-02-UL,1260803017000,126080301300002036,TRUE
2026-08-07 02:27:23.084,SMK-TUN-01-L,1260622030000,126062203000001002,TRUE
2026-08-07 05:13:35.504,ELC-DEP-01-UL,1260718040000,126071708100001061,TRUE
2026-08-07 05:13:32.310,LIN-INNDES-01-L,1260804066000,126080406600002010,TRUE
2026-08-07 05:13:35.054,ELC-PUL-01-UL,1260717051020,126071705100001035,TRUE
2026-08-07 05:13:32.243,WIR-LDI-01-L,,12606080020001C202,TRUE
2026-08-07 05:13:31.048,LIN-INNLDI-01-L,1260804072000,126080407200002001,TRUE
2026-08-07 05:13:26.692,ELC-TRE-01-UL,1260716023000,126071602300001074,TRUE
2026-08-07 05:13:23.920,SMK-DIX-01-L,1260620151000,126062015100001032,TRUE
2026-08-07 05:13:20.618,WIR-LDI-01-UL,,12606080020001C207,TRUE
2026-08-07 05:13:21.530,SMK-SPR-01-L,1260619001000,12606190010001C071,TRUE
2026-08-07 05:13:18.848,ELC-TRE-01-L,1260716023020,126071602300001075,TRUE
2026-08-07 05:12:56.420,AOI-RESAOI-01-UL,1260720062020,126072006200001066,TRUE
2026-08-07 05:13:15.485,LIN-INNLDI-03-L,,126080508200018040,TRUE
2026-08-07 05:11:57.022,WIR-Decoatbake-01-L,1260709001000,12607090010003A047,TRUE
2026-08-07 04:41:58.306,SMK-TRE-01-L,1260622042030,126062204200001055,TRUE
2026-08-07 04:35:48.153,ELC-INS-01-UL,1260720038020,126072003800001027,TRUE
2026-08-07 03:58:22.717,LIN-OUTTRE-01-L,1260703036000,126070303600001019,TRUE
2026-08-07 05:13:48.733,ROU-RIN-01-UL,,Error_202608071213487336,FALSE
2026-08-07 05:13:47.061,LIN-INNDES-01-L,1260804066000,126080406600002009,TRUE
2026-08-07 05:13:42.442,ELC-TRE-01-UL,1260716023000,126071602300001008,TRUE
2026-08-07 05:13:40.946,WIR-DES-01-L,1260718163010,126071816301067083,TRUE
2026-08-07 05:13:40.540,WIR-Pretreatment-01-L,1260715024003,126071502400358373,TRUE
2026-08-07 05:13:40.173,LIN-INNLDI-01-L,1260804072000,126080407200002009,TRUE
2026-08-07 05:13:38.502,LIN-OUTDES-01-UL,1260619080050,126061908000001032,TRUE
2026-08-07 05:13:39.945,ELC-PUL-01-L,1260717021020,126071702100001008,TRUE
2026-08-07 05:13:38.123,LAM-BOP-01-L,1260803037000,126080303700023060,TRUE
2026-08-07 05:13:37.594,SMK-SPR-01-L,1260619001000,12606190010001C060/0,TRUE
2026-08-07 05:13:36.520,ELC-TRE-01-L,1260716023020,126071602300001019,TRUE
2026-08-07 05:12:56.420,AOI-RESAOI-01-UL,1260720062020,126072006200001066,TRUE
2026-08-07 05:14:02.530,LAM-BOP-01-L,1260803037000,126080303700023058,TRUE
2026-08-07 05:14:02.385,WIR-LDI-01-L,,12606080020001C196,TRUE
2026-08-07 05:14:02.155,LIN-INNDES-01-L,1260804066000,126080406600002008,TRUE
2026-08-07 05:14:01.001,SMK-SPR-01-L,1260619001000,12606190010001C067,TRUE
2026-08-07 05:13:58.791,CPP-Patternplating-01-L,1260706055010,12607060550002B170,TRUE
2026-08-07 05:13:58.438,ELC-PUL-02-L,1260715042000,126071504200001063,TRUE
2026-08-07 05:13:57.739,ELC-TRE-01-UL,1260716023000,126071602300001062,TRUE
2026-08-07 05:13:56.588,CPP-Patternplating-01-UL,,12607060550002B037,TRUE
2026-08-07 05:13:52.862,LSR-Debrowning-01-UL,1260718159060,126071815900058050,TRUE
2026-08-07 05:13:51.878,AOI-RESAOI-01-L,1260720062020,126072006200001023,TRUE
2026-08-07 05:13:55.721,LIN-INNLDI-01-L,1260804072000,126080407200002007,TRUE
2026-08-07 05:13:51.817,ELC-TRE-01-L,1260716023020,126071602300001004,TRUE
2026-08-07 05:13:50.213,WIR-LDI-01-UL,,12606080020001C208,TRUE
2026-08-07 05:07:50.224,ELC-DEP-01-L,1260718082000,126071808200001009,TRUE
2026-08-07 05:13:35.504,ELC-DEP-01-UL,1260718040000,126071708100001061,TRUE
2026-08-07 05:14:26.160,LIN-INNLDI-01-L,1260804072000,126080407200002075,TRUE
2026-08-07 05:14:26.314,LAM-BOP-01-L,1260803037000,126080303700023056,TRUE
2026-08-07 05:14:25.395,LIN-INNDES-02-UL,,126080406900008060,TRUE
2026-08-07 05:14:22.956,LSR-Debrowning-01-UL,1260718159060,126071815900058049,TRUE
2026-08-07 05:14:23.144,AOI-RESAOI-01-UL,1260720062020,126072006200001020,TRUE
2026-08-07 05:14:22.411,ELC-TRE-01-L,1260716023020,126071602300001071,TRUE
2026-08-07 05:14:20.049,SMK-DIX-01-L,1260620151000,126062015100001078,TRUE
2026-08-07 05:14:21.260,WIR-DES-01-L,1260718163010,126071816301067082,TRUE
2026-08-07 05:14:19.978,WIR-LDI-01-UL,,12606080020001C209,TRUE
2026-08-07 05:14:19.275,WIR-Pretreatment-01-L,1260715024003,126071502400358369,TRUE
2026-08-07 05:14:17.377,SMK-SPR-01-L,1260619001000,12606190010001C101/0,TRUE
2026-08-07 05:14:16.827,LIN-INNDES-01-L,1260804066000,126080406600002007,TRUE
2026-08-07 05:14:14.582,AOI-RESAOI-01-L,1260720062020,126072006200001065,TRUE
2026-08-07 05:14:13.926,LIN-OUTDES-01-UL,1260619080050,126061908000001040,TRUE
2026-08-07 05:14:12.614,ELC-TRE-01-UL,1260716023000,126071602300001016,TRUE
2026-08-07 05:14:07.817,ELC-DEP-01-UL,1260718040000,Error_202608071214078176,FALSE
2026-08-07 05:07:50.224,ELC-DEP-01-L,1260718082000,126071808200001009,TRUE
2026-08-07 04:39:19.888,LIN-INNTRE-02-UL-1,,126080500100004034,TRUE
2026-08-07 03:58:22.717,LIN-OUTTRE-01-L,1260703036000,126070303600001019,TRUE
2026-08-07 05:14:42.505,ELC-TRE-01-UL,1260716023000,126071602300001080,TRUE
2026-08-07 05:14:40.519,SMK-SPR-01-L,1260619001000,12606190010001C072,TRUE
2026-08-07 05:14:40.178,LIN-INNLDI-01-L,1260804072000,126080407200002073,TRUE
2026-08-07 05:14:37.597,AOI-RESAOI-01-L,1260720062020,126072006200001025,TRUE
2026-08-07 05:14:37.475,ELC-TRE-01-L,1260716023020,126071602300001061,TRUE
2026-08-07 05:14:36.208,ELC-DEP-01-UL,1260718040000,126071708100001038,TRUE
2026-08-07 05:14:35.516,ELC-PUL-01-L,1260717021020,126071702100001015,TRUE
2026-08-07 05:14:31.706,SMK-DIX-01-L,1260620151000,126062015100001079,TRUE
2026-08-07 05:14:31.635,WIR-LDI-01-L,,12606080020001C195,TRUE
2026-08-07 05:14:31.440,LIN-INNDES-01-L,1260804066000,126080406600002006,TRUE
2026-08-07 05:14:30.797,ELC-PUL-01-UL,1260717051020,126071705100001007,TRUE
2026-08-07 05:14:19.275,WIR-Pretreatment-01-L,1260715024003,126071502400358369,TRUE
2026-08-07 05:11:48.287,LAM-BOP-02-UL,1260803017000,126080301300002036,TRUE
2026-08-07 05:15:02.289,LIN-INNLDI-01-L,1260804072000,126080407200002071,TRUE
2026-08-07 05:15:05.238,LIN-INNDES-01-UL,1260804066000,126080406600002047,TRUE
2026-08-07 05:15:01.504,AOI-RESAOI-01-L,1260720062020,126072006200001033,TRUE
2026-08-07 05:15:01.308,WIR-LDI-01-L,,12606080020001C198,TRUE
2026-08-07 05:15:00.917,WIR-DES-01-L,1260718163010,126071816301067081,TRUE
2026-08-07 05:15:00.832,LIN-INNDES-01-L,1260804066000,126080406600002004,TRUE
2026-08-07 05:14:59.605,WIR-Pretreatment-01-L,1260715024003,126071502400358372,TRUE
2026-08-07 05:14:58.318,ELC-TRE-01-UL,1260716023000,126071602300001046,TRUE
2026-08-07 05:14:56.598,SMK-SPR-01-L,1260619001000,12606190010001C105/0,TRUE
2026-08-07 05:14:54.052,ELC-DEP-01-UL,1260718040000,126071708100001059,TRUE
2026-08-07 05:14:53.506,LSR-Debrowning-01-UL,1260718159060,126071815900058048,TRUE
2026-08-07 05:14:52.833,ELC-TRE-01-L,1260716023020,126071602300001049,TRUE
2026-08-07 05:14:52.698,CPP-Patternplating-01-L,1260706055010,12607060550002B159,TRUE
2026-08-07 05:14:50.722,LAM-BOP-01-L,1260803037000,126080303700023054,TRUE
2026-08-07 05:14:50.651,CPP-Patternplating-01-UL,,12607060550002B046,TRUE
2026-08-07 05:14:49.573,WIR-LDI-01-UL,,12606080020001C210,TRUE
2026-08-07 05:14:47.535,LIN-OUTDES-01-UL,1260619080050,126061908000001066,TRUE
2026-08-07 05:14:46.629,AOI-RESAOI-01-UL,1260720062020,126072006200001023,TRUE
2026-08-07 05:14:44.722,ELC-PUL-02-L,1260715042000,126071504200001060,TRUE
2026-08-07 05:14:30.797,ELC-PUL-01-UL,1260717051020,126071705100001007,TRUE
2026-08-07 05:11:48.287,LAM-BOP-02-UL,1260803017000,126080301300002036,TRUE
2026-08-07 05:15:26.162,SMK-DIX-01-L,1260620151000,126062015100001063,TRUE
2026-08-07 05:15:26.848,LIN-INNLDI-01-L,1260804072000,126080407200002077,TRUE
2026-08-07 05:15:23.569,LSR-Debrowning-01-UL,1260718159060,126071815900058047,TRUE
2026-08-07 05:15:23.882,AOI-RESAOI-01-L,1260720062020,126072006200001042,TRUE
2026-08-07 05:15:23.212,ELC-TRE-01-L,1260716023020,126071602300001031,TRUE
2026-08-07 05:15:20.317,SMK-SPR-01-L,1260619001000,12606190010001C060,TRUE
2026-08-07 05:15:19.183,WIR-LDI-01-UL,,12606080020001C211,TRUE
2026-08-07 05:15:19.051,LIN-INNDES-01-UL,1260804066000,126080406600002045,TRUE
2026-08-07 05:15:17.866,ELC-DEP-01-UL,1260718040000,126071708100001009,TRUE
2026-08-07 05:15:15.895,LIN-INNDES-01-L,1260804066000,126080406600002003,TRUE
2026-08-07 05:15:15.051,LAM-BOP-01-L,1260803037000,126080303700023052,TRUE
2026-08-07 05:15:13.756,ELC-TRE-01-UL,1260716023000,126071602300001013,TRUE
2026-08-07 05:15:09.584,AOI-RESAOI-01-UL,1260720062020,126072006200001065,TRUE
2026-08-07 05:15:36.616,SMK-SPR-01-L,1260619001000,12606190010001C073/0,TRUE
2026-08-07 05:15:36.974,LIN-INNLDI-01-L,1260804072000,126080407200002067,TRUE
2026-08-07 05:15:32.741,AOI-RESAOI-01-UL,1260720062020,126072006200001025,TRUE
2026-08-07 05:15:33.771,LIN-INNDES-01-UL,1260804066000,126080406600002044,TRUE
2026-08-07 05:15:30.872,WIR-LDI-01-L,,12606080020001C191,TRUE
2026-08-07 05:15:31.115,ELC-PUL-01-L,1260717021020,126071702100001014,TRUE
2026-08-07 05:15:30.851,ELC-PUL-02-L,1260715042000,126071504200001028,TRUE
2026-08-07 05:15:30.692,LIN-INNDES-01-L,1260804066000,126080406600002002,TRUE
2026-08-07 05:07:50.224,ELC-DEP-01-L,1260718082000,126071808200001009,TRUE
2026-08-07 05:15:55.962,AOI-RESAOI-01-UL,1260720062020,126072006200001033,TRUE
2026-08-07 05:15:54.197,LSR-Debrowning-01-UL,1260718159060,126071815900058046,TRUE
2026-08-07 05:15:53.323,ELC-TRE-01-L,1260716023020,126071602300001015,TRUE
2026-08-07 05:15:51.302,LIN-INNLDI-01-L,1260804072000,126080407200002065,TRUE
2026-08-07 05:15:49.198,ELC-DEP-01-UL,1260718040000,126071708100001015,TRUE
2026-08-07 05:15:48.796,WIR-LDI-01-UL,,12606080020001C201,TRUE
2026-08-07 05:15:48.602,LIN-INNDES-01-UL,1260804066000,126080406600002043,TRUE
2026-08-07 05:15:47.605,LIN-INNDES-02-UL,,126080406900008058,TRUE
2026-08-07 05:15:47.523,AOI-RESAOI-01-L,1260720062020,126072006200001013,TRUE
2026-08-07 05:15:46.015,CPP-Patternplating-01-L,1260706055010,12607060550002B162,TRUE
2026-08-07 05:15:44.828,CPP-Patternplating-01-UL,,12607060550002B060,TRUE
2026-08-07 05:15:41.476,LIN-OUTDES-01-UL,1260619080050,126061908000001057,TRUE
2026-08-07 05:15:40.733,WIR-DES-01-L,1260718163010,126071816301067080,TRUE
2026-08-07 05:15:38.788,LAM-BOP-01-L,1260803037000,126080303700023050,TRUE
2026-08-07 05:15:38.162,SMK-DIX-01-L,1260620151000,126062015100001074,TRUE
2026-08-07 05:15:38.122,WIR-Pretreatment-01-L,1260715024003,126071502400358370,TRUE
2026-08-07 05:15:30.692,LIN-INNDES-01-L,1260804066000,126080406600002002,TRUE
2026-08-07 05:13:15.485,LIN-INNLDI-03-L,,126080508200018040,TRUE
2026-08-07 05:11:07.956,AOI-PEP-01-L,1260804014000,126080401400006064,TRUE
2026-08-07 05:16:12.369,LIN-OUTTRE-01-L,1260703036030,126070303600001009,TRUE
2026-08-07 05:16:11.723,LIN-INNLDI-01-L,1260804072000,126080407200002063,TRUE
2026-08-07 05:16:08.466,ELC-TRE-01-L,1260716023020,126071602300001002,TRUE
2026-08-07 05:16:06.825,ELC-DEP-01-UL,1260718040000,126071708100001063,TRUE
2026-08-07 05:16:04.164,SMK-TUN-01-UL,1260622054000,126062014500001061,TRUE
2026-08-07 05:16:03.633,LIN-INNDES-01-UL,1260804066000,126080406600002042,TRUE
2026-08-07 05:16:03.039,LAM-BOP-01-L,1260803037000,126080303700023048,TRUE
2026-08-07 05:16:01.918,LIN-INNDES-02-UL,,126080406900008059,TRUE
2026-08-07 05:16:00.507,WIR-LDI-01-L,,12606080020001C194,TRUE
2026-08-07 05:15:59.539,SMK-SPR-01-L,1260619001000,12606190010001C101,TRUE
2026-08-07 03:42:36.441,LIN-OUTVAP-01-UL,,12606160910001C214,TRUE
2026-08-07 05:16:38.780,ELC-TRE-01-L,1260716023020,126071602300001055,TRUE
2026-08-07 05:16:37.994,CPP-Patternplating-01-UL,,12607060550002B034,TRUE
2026-08-07 05:16:38.024,SMK-SPR-01-L,1260619001000,12606190010001C105,TRUE
2026-08-07 05:16:36.913,LIN-INNLDI-01-L,1260804072000,126080407200002069,TRUE
2026-08-07 05:16:34.607,ELC-TRE-01-UL,1260716023020,126071602300001024,TRUE
2026-08-07 05:16:32.666,LIN-INNDES-01-UL,1260804066000,126080406600002040,TRUE
2026-08-07 05:16:31.320,LAM-BOP-01-L,1260803037000,126080303700023044,TRUE
2026-08-07 05:16:30.904,LIN-INNDES-02-UL,,126080406900008056,TRUE
2026-08-07 05:16:30.810,ELC-DEP-01-UL,1260718040000,126071708100001071,TRUE
2026-08-07 05:16:30.290,WIR-LDI-01-L,,12606080020001C193,TRUE
2026-08-07 05:16:29.590,LIN-OUTTRE-01-L,1260703036030,126070303600001043,TRUE
2026-08-07 05:16:26.725,ELC-PUL-01-L,1260717021020,126071702100001043,TRUE
2026-08-07 05:16:23.996,LSR-Debrowning-01-UL,1260718159060,126071815900058045,TRUE
2026-08-07 05:16:20.821,WIR-DES-01-L,1260718163010,126071816301067079,TRUE
2026-08-07 05:16:19.524,WIR-Decoatbake-01-UL,1260703001010,12607030010002B175,TRUE
2026-08-07 05:16:19.354,AOI-RESAOI-01-UL,1260720062020,126072006200001042,TRUE
2026-08-07 05:16:18.651,LIN-INNDES-01-L,1260804066000,126080406600002001,TRUE
2026-08-07 05:16:18.337,WIR-LDI-01-UL,,12606080020001C203,TRUE
2026-08-07 05:16:17.706,ELC-PUL-02-L,1260715042000,126071504200001066,TRUE
2026-08-07 05:15:41.476,LIN-OUTDES-01-UL,1260619080050,126061908000001057,TRUE
2026-08-07 05:15:38.162,SMK-DIX-01-L,1260620151000,126062015100001074,TRUE
2026-08-07 05:15:38.122,WIR-Pretreatment-01-L,1260715024003,126071502400358370,TRUE
2026-08-07 05:11:07.956,AOI-PEP-01-L,1260804014000,126080401400006064,TRUE
2026-08-07 05:16:58.418,LAM-BOP-01-L,1260803037000,126080303700023040,TRUE
2026-08-07 05:16:55.415,SMK-SPR-01-L,1260619001000,12606190010001C106/0,TRUE
2026-08-07 05:16:55.360,ELC-DEP-01-UL,1260718040000,126071708100001078,TRUE
2026-08-07 05:16:54.639,LSR-Debrowning-01-UL,1260718159060,126071815900058044,TRUE
2026-08-07 05:16:53.641,ELC-TRE-01-L,1260716023020,126071602300001077,TRUE
2026-08-07 05:16:51.854,LIN-INNLDI-01-L,1260804072000,126080407200002067,TRUE
2026-08-07 05:16:51.180,SMK-TUN-01-UL,1260622054000,126062014500001011,TRUE
2026-08-07 05:16:50.470,ELC-TRE-01-UL,1260716023020,126071602300001053,TRUE
2026-08-07 05:16:49.337,SMK-DIX-01-L,1260620151000,126062015100001047,TRUE
2026-08-07 05:16:49.295,LIN-OUTTRE-01-L,1260703036030,126070303600001067,TRUE
2026-08-07 05:16:47.853,WIR-LDI-01-UL,,12606080020001C204,TRUE
2026-08-07 05:16:47.448,LIN-INNDES-01-UL,1260804066000,126080406600002039,TRUE
2026-08-07 05:16:45.404,LIN-INNDES-02-UL,,126080406900008055,TRUE
2026-08-07 05:16:42.260,WIR-Decoatbake-01-UL,1260703001010,12607030010002B144,TRUE
2026-08-07 05:16:39.604,CPP-Patternplating-01-L,1260706055010,12607060550002B161,TRUE
2026-08-07 05:17:05.544,LIN-INNDES-01-L,1260804066000,126080406600002049,TRUE
2026-08-07 05:17:04.235,ELC-TRE-01-UL,1260716023020,126071602300001075,TRUE
2026-08-07 05:17:03.676,WIR-Decoatbake-01-UL,1260703001010,12607030010002B172,TRUE
2026-08-07 05:17:03.647,ELC-PUL-02-L,1260715042000,126071504200001015,TRUE
2026-08-07 05:17:02.207,WIR-Pretreatment-01-L,1260715024003,126071502400358366,TRUE
2026-08-07 05:17:02.059,LIN-INNDES-01-UL,1260804066000,126080406600002038,TRUE
2026-08-07 05:17:00.957,WIR-DES-01-L,1260718163010,126071816301067078,TRUE
2026-08-07 05:17:00.604,LIN-INNLDI-01-L,1260804072000,126080407200002057,TRUE
2026-08-07 05:17:00.207,WIR-LDI-01-L,,12606080020001C190,TRUE
2026-08-07 05:17:00.139,LIN-INNDES-02-UL,,126080406900008054,TRUE
2026-08-07 05:16:39.604,CPP-Patternplating-01-L,1260706055010,12607060550002B161,TRUE
2026-08-07 04:13:51.216,CPP-Horizontalplating-01-L,1260805100000,126072501300400054,TRUE
2026-08-07 05:17:22.085,WIR-Decoatbake-01-UL,1260703001010,12607030010002B127,TRUE
2026-08-07 05:17:22.572,ELC-PUL-01-L,1260717021020,126071702100001013,TRUE
2026-08-07 05:17:20.310,LIN-INNDES-01-L,1260804066000,126080406600002050,TRUE
2026-08-07 05:17:21.026,LIN-INNLDI-01-L,1260804072000,126080407200002055,TRUE
2026-08-07 05:17:19.814,ELC-TRE-01-UL,1260716023020,126071602300001019,TRUE
2026-08-07 05:17:18.870,SMK-SPR-01-L,1260619001000,12606190010001C073,TRUE
2026-08-07 05:17:18.165,SMK-DEV-01-UL,,126062015100001043,TRUE
2026-08-07 05:17:17.617,WIR-LDI-01-UL,,12606080020001C205,TRUE
2026-08-07 05:17:17.029,LIN-INNDES-01-UL,1260804066000,126080406600002037,TRUE
2026-08-07 05:17:14.251,LIN-INNDES-02-UL,,126080406900008053,TRUE
2026-08-07 05:17:16.462,SMK-TUN-01-UL,1260622054000,126062014500001024,TRUE
2026-08-07 05:17:13.810,LAM-BOP-01-L,1260803037000,126080303700023038,TRUE
2026-08-07 05:17:11.953,LIN-OUTTRE-01-L,1260703036030,126070303600001011,TRUE
2026-08-07 05:17:09.471,ELC-TRE-01-L,1260716023020,126071602300001069,TRUE
2026-08-07 05:17:09.380,WIR-Vdevelop-01-UL,1260708010010,"12607080100003A142,BD",TRUE
2026-08-07 05:17:02.207,WIR-Pretreatment-01-L,1260715024003,126071502400358366,TRUE
2026-08-07 05:13:15.485,LIN-INNLDI-03-L,,126080508200018040,TRUE
2026-08-07 05:17:47.977,WIR-Decoatbake-01-UL,1260703001010,12607030010002B164,TRUE
2026-08-07 05:17:47.180,WIR-LDI-01-UL,,12606080020001C206,TRUE
2026-08-07 05:17:46.906,LIN-INNDES-01-UL,1260804066000,126080406600002035,TRUE
2026-08-07 05:17:43.911,LIN-INNDES-02-UL,,126080406900008051,TRUE
2026-08-07 05:17:45.433,LIN-INNLDI-01-L,1260804072000,126080407200002061,TRUE
2026-08-07 05:17:41.149,CPP-Patternplating-01-L,1260706055010,12607060550002B164,TRUE
2026-08-07 05:17:40.359,LAM-BOP-01-L,1260803037000,126080303700023034,TRUE
2026-08-07 05:17:40.866,WIR-DES-01-L,1260718163010,126071816301067077,TRUE
2026-08-07 05:17:39.658,ELC-TRE-01-L,1260716023020,126071602300001009,TRUE
2026-08-07 05:17:35.627,ELC-TRE-01-UL,1260716023020,126071602300001004,TRUE
2026-08-07 05:17:38.038,WIR-Vdevelop-01-UL,1260708010010,"12607080100003A151,BD",TRUE
2026-08-07 05:17:35.390,LIN-INNDES-01-L,1260804066000,126080406600002051,TRUE
2026-08-07 05:17:34.901,SMK-SPR-01-L,1260619001000,12606190010001C103/0,TRUE
2026-08-07 05:17:34.861,LIN-OUTTRE-01-L,1260703036030,126070303600001053,TRUE
2026-08-07 05:17:32.257,CPP-Patternplating-01-UL,,12607060550002B035,TRUE
2026-08-07 05:17:30.936,AOI-PEP-01-L,1260804015000,126080401500008078,TRUE
2026-08-07 05:17:29.429,WIR-LDI-01-L,,12606080020001C189,TRUE
2026-08-07 05:17:25.014,LSR-Debrowning-01-UL,1260718159060,126071815900058043,TRUE
2026-08-07 05:17:24.408,ELC-DEP-01-UL,1260718040000,126071708100001076,TRUE
2026-08-07 05:18:04.080,AOI-RESAOI-01-L,1260720062020,126072006200001049,TRUE
2026-08-07 05:18:04.548,LIN-INNDES-01-L,1260804066000,126080406600002053,TRUE
2026-08-07 05:18:03.008,WIR-Vdevelop-01-L,1260708010010,12607080100003A156,TRUE
2026-08-07 05:18:02.013,LIN-INNLDI-01-L,1260804072000,126080407200002059,TRUE
2026-08-07 05:18:01.189,LIN-INNDES-01-UL,1260804066000,126080406600002034,TRUE
2026-08-07 05:17:58.573,SMK-SPR-01-L,1260619001000,12606190010001C107,TRUE
2026-08-07 05:17:59.008,WIR-LDI-01-L,,12606080020001C192,TRUE
2026-08-07 05:17:58.229,SMK-TUN-01-UL,1260622054000,126062014500001065,TRUE
2026-08-07 05:17:57.616,LIN-INNDES-02-UL,,126080406900008049,TRUE
2026-08-07 05:17:55.664,WIR-Pretreatment-01-L,1260715024003,126071502400358362,TRUE
2026-08-07 05:17:55.377,LSR-Debrowning-01-UL,1260718159060,126071815900058042,TRUE
2026-08-07 05:17:54.893,ELC-TRE-01-L,1260716023020,126071602300001007,TRUE
2026-08-07 05:17:54.720,LAM-BOP-01-L,1260803037000,126080303700023032,TRUE
2026-08-07 05:17:54.166,SMK-DEV-01-UL,,126062015100001008,TRUE
2026-08-07 05:17:50.517,ELC-TRE-01-UL,1260716023020,126071602300001042,TRUE
2026-08-07 05:17:53.854,SMK-DIX-01-L,1260620151000,126062015100001037,TRUE
2026-08-07 05:17:49.837,ELC-PUL-02-L,1260715042000,126071504200001024,TRUE
2026-08-07 05:17:49.236,ELC-DEP-01-UL,1260718040000,126071708100001073,TRUE
2026-08-07 05:17:41.149,CPP-Patternplating-01-L,1260706055010,12607060550002B164,TRUE
2026-08-07 05:07:50.224,ELC-DEP-01-L,1260718082000,126071808200001009,TRUE
2026-08-07 05:18:22.721,AOI-RESAOI-01-L,1260720062020,126072006200001028,TRUE
2026-08-07 05:18:22.143,ELC-TRE-01-UL,1260716023020,126071602300001061,TRUE
2026-08-07 05:18:21.137,WIR-Pretreatment-01-L,1260715024003,126071502400358371,TRUE
2026-08-07 05:18:21.042,SMK-TUN-01-UL,1260622054000,126062014500001017,TRUE
2026-08-07 05:18:20.793,WIR-DES-01-L,1260718163010,126071816301067076,TRUE
2026-08-07 05:18:20.732,LIN-INNLDI-01-L,1260804072000,126080407200002057,TRUE
2026-08-07 05:18:19.235,LIN-INNDES-01-L,1260804066000,126080406600002054,TRUE
2026-08-07 05:18:18.121,ELC-PUL-01-L,1260717021020,126071702100001028,TRUE
2026-08-07 05:18:16.574,WIR-LDI-01-UL,,12606080020001C197,TRUE
2026-08-07 05:18:15.735,LIN-INNDES-01-UL,1260804066000,126080406600002033,TRUE
2026-08-07 05:18:12.415,LIN-INNDES-02-UL,,126080406900008048,TRUE
2026-08-07 05:18:12.376,LAM-BOP-01-L,1260803037000,126080303700023030,TRUE
2026-08-07 05:18:09.674,ELC-TRE-01-L,1260716023020,126071602300001018,TRUE
2026-08-07 05:18:06.650,WIR-Vdevelop-01-UL,1260708010010,"12607080100003A152,BD",TRUE
2026-08-07 05:18:06.384,WIR-Decoatbake-01-UL,1260703001010,12607030010002B152,TRUE
2026-08-07 04:48:48.051,SMK-TRE-01-UL,1260622042030,126062204200001050,TRUE
2026-08-07 05:18:31.206,AOI-RESAOI-01-UL,1260720062020,126072006200001013,TRUE
2026-08-07 05:18:31.044,LIN-INNLDI-01-L,1260804072000,126080407200002047,TRUE
2026-08-07 05:18:30.611,LIN-INNDES-01-UL,1260804066000,126080406600002032,TRUE
2026-08-07 05:18:28.840,WIR-LDI-01-L,,12606080020001C186,TRUE
2026-08-07 05:18:30.183,SMK-DEV-01-UL,,126062015100001016,TRUE
2026-08-07 05:18:26.965,CPP-Patternplating-01-L,1260706055010,12607060550002B163,TRUE
2026-08-07 05:18:26.916,LIN-INNDES-02-UL,,126080406900008047,TRUE
2026-08-07 05:18:25.236,LAM-BOP-01-L,1260803037000,126080303700023028,TRUE
2026-08-07 05:18:25.121,CPP-Patternplating-01-UL,,12607060550002B036,TRUE
2026-08-07 05:18:25.018,LSR-Debrowning-01-UL,1260718159060,126071815900058041,TRUE
2026-08-07 05:18:24.549,ELC-TRE-01-L,1260716023020,126071602300001041,TRUE
2026-08-07 05:17:49.236,ELC-DEP-01-UL,1260718040000,126071708100001073,TRUE
2026-08-07 05:18:56.145,ELC-TRE-01-L,1260716023020,126071602300001017,TRUE
2026-08-07 05:18:55.528,LIN-INNDES-02-UL,,126080406900008045,TRUE
2026-08-07 05:18:55.239,LSR-Debrowning-01-UL,1260718159060,126071815900058040,TRUE
2026-08-07 05:18:55.187,LIN-INNLDI-01-L,1260804072000,126080407200002053,TRUE
2026-08-07 05:18:54.442,AOI-RESAOI-01-UL,1260720062020,126072006200001049,TRUE
2026-08-07 05:18:54.185,WIR-Decoatbake-01-UL,1260703001010,12607030010002B156,TRUE
2026-08-07 05:18:51.596,LAM-BOP-01-L,1260803037000,126080303700023024,TRUE
2026-08-07 05:18:51.316,ELC-TRE-01-UL,1260716023020,126071602300001079,TRUE
2026-08-07 05:18:50.934,WIR-Pretreatment-01-L,1260715024003,126071502400358363,TRUE
2026-08-07 05:18:49.268,LIN-INNDES-01-L,1260804066000,126080406600002056,TRUE
2026-08-07 05:18:45.950,WIR-LDI-01-UL,,12606080020001C199,TRUE
2026-08-07 05:18:45.831,AOI-RESAOI-01-L,1260720062020,126072006200001053,TRUE
2026-08-07 05:18:45.018,LIN-INNDES-01-UL,1260804066000,126080406600002031,TRUE
2026-08-07 05:18:42.042,SMK-SPR-01-L,1260619001000,12606190010001C106,TRUE
2026-08-07 05:18:38.841,WIR-Vdevelop-01-L,1260708010010,12607080100003A155,TRUE
2026-08-07 05:18:36.014,ELC-PUL-02-L,1260715042000,126071504200001013,TRUE
2026-08-07 05:18:35.309,WIR-Vdevelop-01-UL,1260708010010,"12607080100003A149,BD",TRUE
2026-08-07 05:18:30.183,SMK-DEV-01-UL,,126062015100001016,TRUE
2026-08-07 05:17:49.236,ELC-DEP-01-UL,1260718040000,126071708100001073,TRUE
2026-08-07 05:19:15.436,WIR-LDI-01-UL,,12606080020001C200,TRUE
2026-08-07 05:19:15.065,LIN-INNDES-01-UL,1260804066000,126080406600002029,TRUE
2026-08-07 05:19:14.487,LAM-BOP-02-UL,1260803019000,126080301900002006,TRUE
2026-08-07 05:19:13.731,ELC-PUL-01-L,1260717021020,126071702100001029,TRUE
2026-08-07 05:19:11.160,ELC-TRE-01-L,1260716023020,126071602300001025,TRUE
2026-08-07 05:19:11.047,LIN-INNLDI-01-L,1260804072000,126080407200002051,TRUE
2026-08-07 05:19:09.919,LIN-INNDES-02-UL,,126080406900008044,TRUE
2026-08-07 05:19:09.084,AOI-RESAOI-01-L,1260720062020,126072006200001027,TRUE
2026-08-07 05:19:07.192,ELC-TRE-01-UL,1260716023020,126071602300001031,TRUE
2026-08-07 05:19:06.498,SMK-DEV-01-UL,,126062015100001042,TRUE
2026-08-07 05:19:04.756,LIN-OUTTRE-01-L,1260703036030,126070303600001022,TRUE
2026-08-07 05:19:04.223,ELC-DEP-01-UL,1260718040000,126071708100001042,TRUE
2026-08-07 05:19:04.612,LAM-BOP-01-L,1260803037000,126080303700023013,TRUE
2026-08-07 05:19:04.045,WIR-Vdevelop-01-UL,1260708010010,"12607080100003A148,BD",TRUE
2026-08-07 05:19:03.596,LIN-INNDES-01-L,1260804066000,126080406600002048,TRUE
2026-08-07 05:19:02.762,SMK-TUN-01-UL,1260622054000,126062014500001012,TRUE
2026-08-07 05:19:00.873,WIR-DES-01-L,1260718163010,126071816301067075,TRUE
2026-08-07 05:18:58.965,SMK-DIX-01-L,1260620151000,126062015100001035,TRUE
2026-08-07 05:18:58.388,WIR-LDI-01-L,,12606080020001C188,TRUE
2026-08-07 04:13:51.216,CPP-Horizontalplating-01-L,1260805100000,126072501300400054,TRUE
2026-08-07 05:19:32.227,AOI-RESAOI-01-L,1260720062020,126072006200001050,TRUE
2026-08-07 05:19:32.161,LAM-BOP-01-L,1260803037000,126080303700023016,TRUE
2026-08-07 05:19:30.890,LIN-INNLDI-01-L,1260804072000,126080407200002049,TRUE
2026-08-07 05:19:29.413,WIR-Pretreatment-01-L,1260715024003,126071502400358367,TRUE
2026-08-07 05:19:29.346,LIN-INNDES-01-UL,1260804066000,126080406600002028,TRUE
2026-08-07 05:19:28.399,LSR-Debrowning-01-UL,1260718159060,126071815900058039,TRUE
2026-08-07 05:19:27.725,WIR-LDI-01-L,,12606080020001C187,TRUE
2026-08-07 05:19:27.514,SMK-TUN-01-UL,1260622054000,126062014500001063,TRUE
2026-08-07 05:19:27.305,LIN-OUTTRE-01-L,1260703036030,126070303600001036,TRUE
2026-08-07 05:19:27.145,ELC-DEP-01-UL,1260718040000,126071708100001053,TRUE
2026-08-07 05:19:26.535,ELC-TRE-01-L,1260716023020,126071602300001078,TRUE
2026-08-07 05:19:25.624,SMK-SPR-01-L,1260619001000,12606190010001C103,TRUE
2026-08-07 05:19:24.684,LIN-INNDES-02-UL,,126080406900008043,TRUE
2026-08-07 05:19:23.003,ELC-PUL-02-L,1260715042000,126071504200001061,TRUE
2026-08-07 05:19:21.582,ELC-TRE-01-UL,1260716023020,126071602300001070,TRUE
2026-08-07 05:19:20.866,CPP-Patternplating-01-L,1260706055010,12607060550002B153,TRUE
2026-08-07 05:19:18.709,WIR-Decoatbake-01-UL,1260703001010,12607030010002B154,TRUE
2026-08-07 05:19:18.334,CPP-Patternplating-01-UL,,12607060550002B030,TRUE
2026-08-07 05:19:17.240,AOI-RESAOI-01-UL,1260720062020,126072006200001028,TRUE
2026-08-07 05:19:52.023,ELC-TRE-01-UL,1260716023020,126071602300001002,TRUE
2026-08-07 05:19:50.914,ELC-DEP-01-UL,1260718040000,126071708100001068,TRUE
2026-08-07 05:19:46.180,WIR-LDI-01-UL,,12606080020001C202,TRUE
2026-08-07 05:19:49.962,LIN-OUTTRE-01-L,1260703036030,126070303600001023,TRUE
2026-08-07 05:19:45.677,LAM-BOP-01-L,1260803037000,126080303700023018,TRUE
2026-08-07 05:19:45.703,LIN-INNLDI-01-L,1260804072000,126080407200002047,TRUE
2026-08-07 05:19:43.646,LIN-INNDES-01-UL,1260804066000,126080406600002027,TRUE
2026-08-07 05:19:44.296,SMK-DEV-01-UL,,126062015100001064,TRUE
2026-08-07 05:19:41.850,ELC-TRE-01-L,1260716023020,126071602300001014,TRUE
2026-08-07 05:19:41.023,WIR-DES-01-L,1260718163010,126071816301067074,TRUE
2026-08-07 05:19:40.492,AOI-RESAOI-01-UL,1260720062020,126072006200001053,TRUE
2026-08-07 05:19:39.139,LIN-INNDES-02-UL,,126080406900008042,TRUE
2026-08-07 04:48:48.051,SMK-TRE-01-UL,1260622042030,126062204200001050,TRUE
2026-08-07 05:20:14.651,WIR-LDI-01-UL,,12606080020001C196,TRUE
2026-08-07 05:20:14.798,LIN-INNLDI-01-L,1260804072000,126080407200002036,TRUE
2026-08-07 05:20:14.573,CPP-Patternplating-01-L,1260706055010,12607060550002B156,TRUE
2026-08-07 05:20:13.819,LAM-BOP-01-L,1260803037000,126080303700023022,TRUE
2026-08-07 05:20:13.100,LIN-INNDES-01-UL,1260804066000,126080406600002025,TRUE
2026-08-07 05:20:12.793,LIN-OUTTRE-01-L,1260703036030,126070303600001007,TRUE
2026-08-07 05:20:11.852,ELC-TRE-01-L,1260716023020,126071602300001027,TRUE
2026-08-07 05:20:13.541,CPP-Patternplating-01-UL,,12607060550002B032,TRUE
2026-08-07 05:20:08.499,SMK-TUN-01-UL,1260622054000,126062014500001079,TRUE
2026-08-07 05:20:09.053,ELC-PUL-02-L,1260715042000,126071504200001047,TRUE
2026-08-07 05:20:08.014,LIN-INNDES-02-UL,,126080406900008040,TRUE
2026-08-07 05:20:07.336,ELC-TRE-01-UL,1260716023020,126071602300001057,TRUE
2026-08-07 05:20:05.781,SMK-DIX-01-L,1260620151000,126062015100001078,TRUE
2026-08-07 05:20:05.493,WIR-Vdevelop-01-L,1260708010010,12607080100003A154,TRUE
2026-08-07 05:20:04.940,ROU-RIN-01-UL,,12606100500000103501,TRUE
2026-08-07 05:20:04.011,AOI-RESAOI-01-UL,1260720062020,126072006200001027,TRUE
2026-08-07 05:19:57.150,WIR-LDI-01-L,,12606080020001C181,TRUE
2026-08-07 05:19:55.509,AOI-RESAOI-01-L,1260720062020,126072006200001005,TRUE
2026-08-07 05:19:29.413,WIR-Pretreatment-01-L,1260715024003,126071502400358367,TRUE
2026-08-07 05:19:25.624,SMK-SPR-01-L,1260619001000,12606190010001C103,TRUE
2026-08-07 05:20:33.378,SMK-TUN-01-UL,1260622054000,126062014500001031,TRUE
2026-08-07 05:20:29.236,LIN-INNLDI-01-L,1260804072000,126080407200002034,TRUE
2026-08-07 05:20:28.178,LIN-INNDES-01-UL,1260804066000,126080406600002024,TRUE
2026-08-07 05:20:28.147,LAM-BOP-01-L,1260803037000,126080303700023003,TRUE
2026-08-07 05:20:27.290,ELC-TRE-01-L,1260716023020,126071602300001058,TRUE
2026-08-07 05:20:26.859,AOI-RESAOI-01-UL,1260720062020,126072006200001050,TRUE
2026-08-07 05:20:26.511,WIR-LDI-01-L,,12606080020001C183,TRUE
2026-08-07 05:20:23.924,LIN-INNLDI-03-L,,ERROR_202608071220239241,TRUE
2026-08-07 05:20:23.258,ELC-TRE-01-UL,1260716023020,126071602300001055,TRUE
2026-08-07 05:20:22.639,LIN-INNDES-02-UL,,126080406900008039,TRUE
2026-08-07 05:20:20.886,WIR-DES-01-L,1260718163010,126071816301067073,TRUE
2026-08-07 05:20:19.047,SMK-DEV-01-UL,,126062015100001048,TRUE
2026-08-07 05:20:18.805,ELC-DEP-01-UL,1260718040000,126071708100001069,TRUE
2026-08-07 05:20:18.341,AOI-RESAOI-01-L,1260720062020,126072006200001012,TRUE
2026-08-07 05:20:16.270,ROU-RIN-01-UL,,Error_202608071220162700,FALSE
2026-08-07 05:19:29.413,WIR-Pretreatment-01-L,1260715024003,126071502400358367,TRUE
2026-08-07 05:20:44.758,ELC-DEP-01-UL,1260718040000,126071708100001064,TRUE
2026-08-07 05:20:44.200,WIR-LDI-01-UL,,12606080020001C195,TRUE
2026-08-07 05:20:43.006,LIN-INNDES-01-UL,1260804066000,126080406600002023,TRUE
2026-08-07 05:20:42.305,SMK-BRU-02-L,1260703054030,Error_202608071220423058,FALSE
2026-08-07 05:20:42.071,ELC-TRE-01-L,1260716023020,126071602300001076,TRUE
2026-08-07 05:20:41.928,LAM-BOP-01-L,1260803037000,126080303700023001,TRUE
2026-08-07 05:20:41.547,AOI-RESAOI-01-L,1260720062020,126072006200001006,TRUE
2026-08-07 05:20:41.278,WIR-Vdevelop-01-L,1260708010010,12607080100003A153,TRUE
2026-08-07 05:20:38.518,LIN-INNLDI-01-L,1260804072000,126080407200002041,TRUE
2026-08-07 05:20:37.274,ELC-TRE-01-UL,1260716023020,126071602300001077,TRUE
2026-08-07 05:20:36.266,LIN-OUTTRE-01-L,1260703036030,126070303600001013,TRUE
2026-08-07 05:20:33.878,ELC-PUL-01-L,1260717021020,126071702100001034,TRUE
2026-08-07 05:21:04.426,AOI-RESAOI-01-L,1260720062020,126072006200001064,TRUE
2026-08-07 05:21:00.890,WIR-DES-01-L,1260718163010,126071816301067072,TRUE
2026-08-07 05:20:59.086,ROU-RIN-01-UL,,12606100500000107301,TRUE
2026-08-07 05:20:58.362,LIN-OUTTRE-01-L,1260703036030,126070303600001046,TRUE
2026-08-07 05:20:57.663,LIN-INNDES-01-UL,1260804066000,126080406600002022,TRUE
2026-08-07 05:20:57.510,ELC-TRE-01-L,1260716023020,126071602300001063,TRUE
2026-08-07 05:20:56.597,LIN-INNLDI-01-L,1260804072000,126080407200002040,TRUE
2026-08-07 05:20:56.554,LAM-BOP-01-L,1260803037000,126080303700023035,TRUE
2026-08-07 05:20:56.280,WIR-LDI-01-L,,12606080020001C184,TRUE
2026-08-07 05:20:55.303,SMK-DEV-01-UL,,126062015100001052,TRUE
2026-08-07 05:20:55.213,ELC-PUL-02-L,1260715042000,126071504200001075,TRUE
2026-08-07 05:20:50.048,AOI-RESAOI-01-UL,1260720062020,126072006200001005,TRUE
2026-08-07 05:20:52.431,ELC-TRE-01-UL,1260716023020,126071602300001069,TRUE
2026-08-07 05:20:44.758,ELC-DEP-01-UL,1260718040000,126071708100001064,TRUE
2026-08-07 05:11:04.438,SMK-BRU-02-UL,1260720044000,126070305400001023,TRUE
2026-08-07 05:15:41.476,LIN-OUTDES-01-UL,1260619080050,126061908000001057,TRUE
2026-08-07 05:09:04.904,LAM-BOP-02-L,1260803019000,126080301900002006,TRUE
2026-08-07 04:50:46.268,CPP-Horizontalplating-01-UL,1260709001010,Error_202608071150462687,FALSE
2026-08-07 05:21:23.528,ELC-TRE-01-UL,1260716023020,126071602300001009,TRUE
2026-08-07 05:21:23.950,ELC-DEP-01-UL,1260718040000,126071708100001026,TRUE
2026-08-07 05:21:23.257,LAM-BOP-01-L,1260803037000,126080303700023031,TRUE
2026-08-07 05:21:22.978,SMK-DIX-01-L,1260620151000,126062015100001063,TRUE
2026-08-07 05:21:21.351,AOI-PEP-01-L,1260804015000,126080401500008077,TRUE
2026-08-07 05:21:21.115,LIN-OUTTRE-01-L,1260703036030,126070303600001029,TRUE
2026-08-07 05:21:20.078,WIR-Vdevelop-01-L,1260708010010,12607080100003A168,TRUE
2026-08-07 05:21:16.058,SMK-BRU-02-L,1260703054030,Error_202608071221160584,FALSE
2026-08-07 05:21:14.320,SMK-TUN-01-UL,1260622054000,126062014500001044,TRUE
2026-08-07 05:21:14.863,LIN-INNLDI-01-L,1260804072000,126080407200002038,TRUE
2026-08-07 05:21:14.027,ELC-TRE-01-L,1260716023020,126071602300001073,TRUE
2026-08-07 05:21:13.734,WIR-LDI-01-UL,,12606080020001C198,TRUE
2026-08-07 05:21:13.161,AOI-RESAOI-01-UL,1260720062020,126072006200001012,TRUE
2026-08-07 05:21:12.398,LIN-INNDES-01-UL,1260804066000,126080406600002021,TRUE
2026-08-07 05:21:10.242,ROU-RIN-01-UL,,Error_202608071221102425,FALSE
2026-08-07 05:21:08.141,CPP-Patternplating-01-L,1260706055010,12607060550002B155,TRUE
2026-08-07 05:21:07.155,LIN-OUTVAP-01-UL,,12606160910001C217,TRUE
2026-08-07 05:21:06.655,CPP-Patternplating-01-UL,,12607060550002B033,TRUE
2026-08-07 05:21:05.584,ELC-PUL-01-L,1260717021020,126071702100001037,TRUE
2026-08-07 05:19:25.624,SMK-SPR-01-L,1260619001000,12606190010001C103,TRUE
2026-08-07 05:11:04.438,SMK-BRU-02-UL,1260720044000,126070305400001023,TRUE
2026-08-07 05:21:42.103,LIN-INNDES-01-UL,1260804066000,126080406600002019,TRUE
2026-08-07 05:21:41.881,ELC-PUL-02-L,1260715042000,126071504200001057,TRUE
2026-08-07 05:21:40.978,AOI-PEP-01-L,1260804015000,126080401500008074,TRUE
2026-08-07 05:21:40.915,AOI-PEP-01-UL,1260804015000,126080401500008077,TRUE
2026-08-07 05:21:39.415,SMK-TUN-01-UL,1260622054000,126062014500001038,TRUE
2026-08-07 05:21:39.240,LIN-INNLDI-01-L,1260804072000,126080407200002026,TRUE
2026-08-07 05:21:39.039,LAM-BOP-02-L,1260803019000,126080301900002007,TRUE
2026-08-07 05:21:38.821,LAM-BOP-01-L,1260803037000,126080303700023029,TRUE
2026-08-07 05:21:38.294,ELC-TRE-01-UL,1260716023020,126071602300001007,TRUE
2026-08-07 05:21:37.302,LIN-INNLDI-03-L,,ERROR_202608071221373021,TRUE
2026-08-07 05:21:36.523,AOI-RESAOI-01-UL,1260720062020,126072006200001006,TRUE
2026-08-07 05:21:32.869,SMK-DEV-01-UL,,126062015100001040,TRUE
2026-08-07 05:21:29.044,ELC-TRE-01-L,1260716023020,126071602300001050,TRUE
2026-08-07 05:21:40.894,WIR-DES-01-L,1260718163010,126071816301067071,TRUE
2026-08-07 05:21:27.835,AOI-RESAOI-01-L,1260720062020,126072006200001040,TRUE
2026-08-07 05:21:25.816,WIR-LDI-01-L,,12606080020001C185,TRUE
2026-08-07 05:21:25.129,LSR-Debrowning-01-L,1260718159000,126071815900058038,TRUE
2026-08-07 05:21:23.950,ELC-DEP-01-UL,1260718040000,126071708100001026,TRUE
2026-08-07 05:11:04.438,SMK-BRU-02-UL,1260720044000,126070305400001023,TRUE
2026-08-07 05:22:05.711,LIN-INNLDI-01-L,1260804072000,126080407200002032,TRUE
2026-08-07 05:22:05.447,LAM-BOP-01-L,1260803037000,126080303700023023,TRUE
2026-08-07 05:22:05.333,WIR-Pretreatment-01-L,1260715024000,126071502400058001,TRUE
2026-08-07 05:22:04.856,ROU-RIN-01-UL,,12606100500000102001,TRUE
2026-08-07 05:22:04.008,LSR-Debrowning-01-L,1260718159000,126071815900058036,TRUE
2026-08-07 05:22:02.322,LAM-BOP-02-L,1260803019000,126080302500002018,TRUE
2026-08-07 05:22:02.255,CPP-Patternplating-01-UL,,12607060550002B026,TRUE
2026-08-07 05:22:01.926,CPP-Patternplating-01-L,1260706055010,12607060550002B176,TRUE
2026-08-07 05:22:01.666,AOI-PEP-01-L,1260804015000,126080401500008072,TRUE
2026-08-07 05:22:01.059,ELC-PUL-01-L,1260717021020,126071702100001011,TRUE
2026-08-07 05:22:00.014,SMK-BRU-02-L,1260703054030,Error_202608071222000145,FALSE
2026-08-07 05:21:59.523,AOI-RESAOI-01-UL,1260720062020,126072006200001064,TRUE
2026-08-07 05:21:56.650,LIN-INNDES-01-UL,1260804066000,126080406600002018,TRUE
2026-08-07 05:21:59.139,ELC-TRE-01-L,1260716023020,126071602300001012,TRUE
2026-08-07 05:21:56.425,WIR-Vdevelop-01-L,1260708010010,12607080100003A166,TRUE
2026-08-07 05:21:55.494,AOI-PEP-01-UL,1260804015000,126080401500008075,TRUE
2026-08-07 05:21:55.253,WIR-Vdevelop-01-UL,1260708010010,"12607080100003A125,BD",TRUE
2026-08-07 05:21:52.935,ELC-TRE-01-UL,1260716023020,126071602300001018,TRUE
2026-08-07 05:21:51.180,LIN-INNLDI-03-L,,ERROR_202608071221511802,TRUE
2026-08-07 05:21:50.898,AOI-RESAOI-01-L,1260720062020,126072006200001004,TRUE
2026-08-07 05:21:43.805,LIN-OUTTRE-01-L,1260703036030,126070303600001031,TRUE
2026-08-07 05:21:43.191,WIR-LDI-01-UL,,12606080020001C191,TRUE
2026-08-07 05:22:21.898,WIR-Pretreatment-01-L,1260715024000,126071502400058020,TRUE
2026-08-07 05:22:20.808,LAM-BOP-01-L,1260803037000,126080303700023009,TRUE
2026-08-07 05:22:20.757,WIR-DES-01-L,1260718163010,126071816301067070,TRUE
2026-08-07 05:22:20.202,SMK-TUN-01-UL,1260622054000,126062014500001052,TRUE
2026-08-07 05:22:14.545,ROU-RIN-01-UL,,12606100500000105001,TRUE
2026-08-07 05:22:14.119,AOI-RESAOI-01-L,1260720062020,126072006200001003,TRUE
2026-08-07 05:22:13.968,ELC-TRE-01-L,1260716023020,126071602300001010,TRUE
2026-08-07 05:22:13.900,LAM-BOP-02-L,1260803019000,126080301900002075,TRUE
2026-08-07 05:22:13.572,LIN-INNLDI-03-L,,ERROR_202608071222135722,TRUE
2026-08-07 05:22:13.556,LIN-INNLDI-01-L,1260804072000,126080407200002022,TRUE
2026-08-07 05:22:13.420,SMK-SPR-01-L,1260619001010,12606190010001C114/0,TRUE
2026-08-07 05:22:12.788,WIR-LDI-01-UL,,12606080020001C194,TRUE
2026-08-07 05:22:11.931,LIN-INNDES-01-L,1260804066000,126080406100004037,TRUE
2026-08-07 05:22:11.353,LIN-INNDES-01-UL,1260804066000,126080406600002017,TRUE
2026-08-07 05:22:09.717,ELC-TRE-01-UL,1260716023020,126071602300001041,TRUE
2026-08-07 05:22:07.450,SMK-DEV-01-UL,,126062015100001011,TRUE
2026-08-07 05:22:06.619,LIN-OUTTRE-01-L,1260703036030,126070303600001004,TRUE
2026-08-07 05:21:22.978,SMK-DIX-01-L,1260620151000,126062015100001063,TRUE
2026-08-07 04:27:08.873,ELC-INS-01-L,1260720038020,126072003800001027,TRUE
2026-08-07 05:22:39.641,ELC-TRE-01-UL,1260716023020,126071602300001017,TRUE
2026-08-07 05:22:37.653,LAM-BOP-02-L,1260803019000,126080301300002058,TRUE
2026-08-07 05:22:36.916,AOI-RESAOI-01-L,1260720062020,126072006200001078,TRUE
2026-08-07 05:22:34.071,LIN-INNLDI-01-L,1260804072000,126080407200002020,TRUE
2026-08-07 05:22:32.023,WIR-Vdevelop-01-L,1260708010010,12607080100003A163,TRUE
2026-08-07 05:22:33.419,LAM-BOP-01-L,1260803037000,126080303700023012,TRUE
2026-08-07 05:22:29.311,ELC-TRE-01-L,1260716023020,126071602300001001,TRUE
2026-08-07 05:22:29.243,LIN-INNLDI-03-L,,ERROR_202608071222292438,TRUE
2026-08-07 05:22:29.181,LIN-OUTTRE-01-L,1260703036030,126070303600001068,TRUE
2026-08-07 05:22:27.853,ELC-PUL-02-L,1260715042000,126071504200001056,TRUE
2026-08-07 05:22:26.824,LIN-INNDES-01-L,1260804066000,126080406100004036,TRUE
2026-08-07 05:22:26.637,LIN-INNDES-01-UL,1260804066000,126080406600002016,TRUE
2026-08-07 05:22:25.952,ELC-DEP-01-UL,1260718040000,126071708100001003,TRUE
2026-08-07 05:22:25.826,ROU-RIN-01-UL,,Error_202608071222258266,FALSE
2026-08-07 05:22:24.493,LSR-Debrowning-01-L,1260718159000,126071815900058035,TRUE
2026-08-07 05:22:23.804,WIR-Vdevelop-01-UL,1260708010010,"12607080100003A126,BD",TRUE
2026-08-07 05:22:22.962,AOI-RESAOI-01-UL,1260720062020,126072006200001040,TRUE
2026-08-07 05:22:23.093,SMK-BRU-02-L,1260703054030,126070305400001029,TRUE
2026-08-07 05:23:03.502,SMK-BRU-02-L,1260703054030,Error_202608071223035028,FALSE
2026-08-07 05:23:02.805,WIR-Pretreatment-01-L,1260715024000,126071502400058017,TRUE
2026-08-07 05:23:01.452,LAM-BOP-02-L,1260803019000,126080301900002045,TRUE
2026-08-07 05:23:01.077,LAM-BOP-01-L,1260803037000,126080303700023017,TRUE
2026-08-07 05:23:00.120,AOI-RESAOI-01-L,1260720062020,126072006200001070,TRUE
2026-08-07 05:22:57.672,ROU-RIN-01-UL,,Error_202608071222576722,FALSE
2026-08-07 05:23:00.961,WIR-DES-01-L,1260718163010,126071816301067069,TRUE
2026-08-07 05:22:56.390,ELC-PUL-01-L,1260717021020,126071702100001012,TRUE
2026-08-07 05:22:59.604,LIN-INNLDI-01-L,1260804072000,126080407200002026,TRUE
2026-08-07 05:22:55.977,CPP-Patternplating-01-L,1260706055010,12607060550002B175,TRUE
2026-08-07 05:22:56.030,LIN-INNDES-01-UL,1260804066000,126080406600002014,TRUE
2026-08-07 05:22:55.889,LIN-INNDES-01-L,1260804066000,126080406100004034,TRUE
2026-08-07 05:22:54.439,ELC-TRE-01-UL,1260716023020,126071602300001025,TRUE
2026-08-07 05:22:53.789,CPP-Patternplating-01-UL,,12607060550002B029,TRUE
2026-08-07 05:22:52.305,WIR-Vdevelop-01-UL,1260708010010,"12607080100003A123,BD",TRUE
2026-08-07 05:22:51.885,LIN-OUTTRE-01-L,1260703036030,126070303600001025,TRUE
2026-08-07 05:22:51.837,LSR-Debrowning-01-L,1260718159000,126071815900058034,TRUE
2026-08-07 05:22:49.877,ELC-DEP-01-UL,1260718040010,126071708100001062,TRUE
2026-08-07 05:22:49.636,LIN-INNLDI-03-L,,ERROR_202608071222496364,TRUE
2026-08-07 05:22:47.125,SMK-SPR-01-L,1260619001010,12606190010001C096/0,TRUE
2026-08-07 05:22:45.776,AOI-RESAOI-01-UL,1260720062020,126072006200001004,TRUE
2026-08-07 05:22:44.812,SMK-TUN-01-UL,1260622054000,126062014500001018,TRUE
2026-08-07 05:22:43.750,SMK-DEV-01-UL,,126062015100001001,TRUE
2026-08-07 05:22:42.305,WIR-LDI-01-UL,,12606080020001C193,TRUE
2026-08-07 05:22:27.853,ELC-PUL-02-L,1260715042000,126071504200001056,TRUE
2026-08-07 04:24:08.062,LIN-INNDES-02-L,,126080406800006078,TRUE
2026-08-07 05:23:26.270,SMK-BRU-02-L,1260703054030,126070305400001039,TRUE
2026-08-07 05:23:26.222,SMK-TUN-01-UL,1260622054000,126062014500001037,TRUE
2026-08-07 05:23:25.702,LIN-INNDES-01-L,1260804066000,126080406100004032,TRUE
2026-08-07 05:23:25.655,LIN-INNDES-01-UL,1260804066000,126080406600002012,TRUE
2026-08-07 05:23:25.474,ELC-TRE-01-UL,1260716023020,126071602300001014,TRUE
2026-08-07 05:23:23.610,AOI-RESAOI-01-L,1260720062020,126072006200001068,TRUE
2026-08-07 05:23:22.918,LIN-INNLDI-01-L,1260804072000,126080407200002014,TRUE
2026-08-07 05:23:20.901,WIR-Vdevelop-01-UL,1260708010010,"12607080100003A121,BD",TRUE
2026-08-07 05:23:20.629,SMK-SPR-01-L,1260619001010,12606190010001C108/0,TRUE
2026-08-07 05:23:20.287,ROU-RIN-01-UL,,Error_202608071223202870,FALSE
2026-08-07 05:23:20.058,LSR-Debrowning-01-L,1260718159000,126071815900058033,TRUE
2026-08-07 05:23:19.535,SMK-DEV-01-UL,,126062015100001027,TRUE
2026-08-07 05:23:14.734,LIN-OUTTRE-01-L,1260703036030,126070303600001034,TRUE
2026-08-07 05:23:14.557,ELC-PUL-02-L,1260715042000,126071504200001048,TRUE
2026-08-07 05:23:18.202,LAM-BOP-01-L,1260803037000,126080303700023019,TRUE
2026-08-07 05:23:11.650,WIR-LDI-01-UL,,12606080020001C190,TRUE
2026-08-07 05:23:08.825,AOI-RESAOI-01-UL,1260720062020,126072006200001003,TRUE
2026-08-07 05:23:07.618,WIR-Vdevelop-01-L,1260708010010,12607080100003A164,TRUE
2026-08-07 05:23:01.452,LAM-BOP-02-L,1260803019000,126080301900002045,TRUE
2026-08-07 05:23:14.081,ELC-DEP-01-UL,1260718040010,126071708100001058,TRUE
2026-08-07 05:22:55.977,CPP-Patternplating-01-L,1260706055010,12607060550002B175,TRUE
2026-08-07 05:21:07.155,LIN-OUTVAP-01-UL,,12606160910001C217,TRUE
2026-08-07 04:24:08.062,LIN-INNDES-02-L,,126080406800006078,TRUE
2026-08-07 05:23:46.313,AOI-RESAOI-01-L,1260720062020,126072006200001024,TRUE
2026-08-07 05:23:45.822,ROU-RIN-01-UL,,Error_202608071223458220,FALSE
2026-08-07 05:23:44.030,LAM-BOP-01-L,1260803037000,126080303700023004,TRUE
2026-08-07 05:23:43.324,LIN-INNLDI-01-L,1260804072000,126080407200002012,TRUE
2026-08-07 05:23:41.152,WIR-LDI-01-UL,,12606080020001C189,TRUE
2026-08-07 05:23:41.261,WIR-Pretreatment-01-L,1260715024000,126071502400058040,TRUE
2026-08-07 05:23:40.995,WIR-DES-01-L,1260718163010,126071816301067068,TRUE
2026-08-07 05:23:40.468,LIN-INNDES-01-UL,1260804066000,126080406600002011,TRUE
2026-08-07 05:23:40.280,LIN-INNDES-01-L,1260804066000,126080406100004031,TRUE
2026-08-07 05:23:40.193,ELC-TRE-01-UL,1260716023020,126071602300001052,TRUE
2026-08-07 05:23:38.443,ELC-DEP-01-UL,1260718040010,126071708100001027,TRUE
2026-08-07 05:23:37.250,LIN-OUTTRE-01-L,1260703036030,126070303600001028,TRUE
2026-08-07 05:23:31.891,AOI-RESAOI-01-UL,1260720062020,126072006200001078,TRUE
2026-08-07 05:22:29.311,ELC-TRE-01-L,1260716023020,126071602300001001,TRUE
2026-08-07 04:24:08.062,LIN-INNDES-02-L,,126080406800006078,TRUE
2026-08-07 05:24:00.829,LAM-BOP-02-L,1260803019000,126080302500002040,TRUE
2026-08-07 05:24:00.488,ELC-PUL-02-L,1260715042000,126071504200001062,TRUE
2026-08-07 05:23:59.784,LIN-OUTTRE-01-L,1260703036030,126070303600001030,TRUE
2026-08-07 05:23:59.182,ROU-RIN-01-UL,,Error_202608071223591820,FALSE
2026-08-07 05:23:57.980,LIN-INNLDI-01-L,1260804072000,126080407200002010,TRUE
2026-08-07 05:23:56.952,LAM-BOP-01-L,1260803037000,126080303700023002,TRUE
2026-08-07 05:23:56.287,ELC-TRE-01-UL,1260716023020,126071602300001027,TRUE
2026-08-07 05:23:55.220,AOI-RESAOI-01-UL,1260720062020,126072006200001070,TRUE
2026-08-07 05:23:54.858,LIN-INNDES-01-UL,1260804066000,126080406600002010,TRUE
2026-08-07 05:23:54.686,LIN-INNDES-01-L,1260804066000,126080406100004030,TRUE
2026-08-07 05:23:50.395,SMK-TUN-01-UL,1260622054000,126062014500001032,TRUE
2026-08-07 05:23:52.083,ELC-PUL-01-L,1260717021020,126071702100001021,TRUE
2026-08-07 05:23:49.526,CPP-Patternplating-01-L,1260706055010,12607060550002B177,TRUE
2026-08-07 05:23:48.277,LSR-Debrowning-01-L,1260718159000,126071815900058032,TRUE
2026-08-07 05:23:48.245,CPP-Patternplating-01-UL,,12607060550002B028,TRUE
2026-08-07 05:23:48.230,WIR-Decoatbake-01-UL,1260703001010,12607030010002B163,TRUE
2026-08-07 05:24:23.343,AOI-PEP-01-UL,1260804015000,126080401500008074,TRUE
2026-08-07 05:24:23.671,LIN-INNLDI-01-L,1260804072000,126080407200002016,TRUE
2026-08-07 05:24:22.439,LIN-OUTTRE-01-L,1260703036030,126070303600001027,TRUE
2026-08-07 05:24:21.112,LIN-INNLDI-03-L,,126080508300016001,TRUE
2026-08-07 05:24:20.857,WIR-DES-01-L,1260718163010,126071816301067067,TRUE
2026-08-07 05:24:18.464,ROU-RIN-01-UL,,Error_202608071224184648,FALSE
2026-08-07 05:24:17.768,AOI-RESAOI-01-UL,1260720062020,126072006200001068,TRUE
2026-08-07 05:24:16.576,LSR-Debrowning-01-L,1260718159000,126071815900058031,TRUE
2026-08-07 05:24:11.445,ELC-TRE-01-UL,1260716023020,126071602300001058,TRUE
2026-08-07 05:24:12.264,LAM-BOP-02-L,1260803019000,126080301300002049,TRUE
2026-08-07 05:24:10.543,WIR-LDI-01-UL,,12606080020001C192,TRUE
2026-08-07 05:24:10.530,LAM-BOP-01-L,1260803037000,126080303700023006,TRUE
2026-08-07 05:24:10.108,LIN-INNDES-01-UL,1260804066000,126080406600002009,TRUE
2026-08-07 05:24:09.421,LIN-INNDES-01-L,1260804066000,126080406100004029,TRUE
2026-08-07 05:24:06.600,SMK-BRU-02-L,1260703054030,Error_202608071224066007,FALSE
2026-08-07 05:23:46.313,AOI-RESAOI-01-L,1260720062020,126072006200001024,TRUE
2026-08-07 05:23:41.261,WIR-Pretreatment-01-L,1260715024000,126071502400058040,TRUE
2026-08-07 05:07:50.224,ELC-DEP-01-L,1260718082000,126071808200001009,TRUE
2026-08-07 05:24:45.427,LIN-OUTTRE-01-L,1260703036030,126070303600001052,TRUE
2026-08-07 05:24:44.844,LSR-Debrowning-01-L,1260718159000,126071815900058030,TRUE
2026-08-07 05:24:43.279,CPP-Patternplating-01-L,1260706055010,12607060550002B180,TRUE
2026-08-07 05:24:44.311,WIR-Decoatbake-01-L,1260709001010,12607090010003A173,TRUE
2026-08-07 05:24:42.842,WIR-Vdevelop-01-L,1260708010010,12607080100003A161,TRUE
2026-08-07 05:24:42.639,WIR-Pretreatment-01-L,1260715024000,126071502400058054,TRUE
2026-08-07 05:24:42.454,LIN-INNLDI-01-L,1260804072000,126080407200002014,TRUE
2026-08-07 05:24:41.904,CPP-Patternplating-01-UL,,12607060550002B025,TRUE
2026-08-07 05:24:41.679,ELC-TRE-01-UL,1260716023020,126071602300001063,TRUE
2026-08-07 05:24:41.447,LIN-INNDES-02-UL,,126080406900008036,TRUE
2026-08-07 05:24:41.223,AOI-RESAOI-01-UL,1260720062020,126072006200001024,TRUE
2026-08-07 05:24:40.837,ROU-RIN-01-UL,,Error_202608071224408379,FALSE
2026-08-07 05:24:39.998,WIR-LDI-01-UL,,12606080020001C186,TRUE
2026-08-07 05:24:38.937,LIN-INNDES-01-UL,1260804066000,126080406600002007,TRUE
2026-08-07 05:24:38.906,LAM-BOP-01-L,1260803037000,126080303700023080,TRUE
2026-08-07 05:24:38.831,LIN-INNLDI-03-L,,ERROR_202608071224388312,TRUE
2026-08-07 05:24:38.828,LIN-INNDES-01-L,1260804066000,126080406100004027,TRUE
2026-08-07 05:24:36.140,AOI-PEP-01-L,1260804015000,126080401500008070,TRUE
2026-08-07 05:24:35.288,ELC-DEP-01-UL,1260718040010,126071708100001034,TRUE
2026-08-07 05:24:34.820,SMK-SPR-01-L,1260619001010,12606190010001C114,TRUE
2026-08-07 05:24:33.873,WIR-Decoatbake-01-UL,1260703001010,12607030010002B170,TRUE
2026-08-07 05:24:31.546,AOI-PEP-01-UL,1260804015000,126080401500008073,TRUE
2026-08-07 05:24:31.507,SMK-DEV-01-UL,,126062015100001067,TRUE
2026-08-07 05:24:30.961,SMK-TUN-01-UL,1260622054000,126062014500001049,TRUE
2026-08-07 05:24:30.710,SMK-BRU-02-L,1260703054030,126070305400001045,TRUE
2026-08-07 05:24:24.046,LAM-BOP-02-L,1260803019000,126080301300002054,TRUE
2026-08-07 05:19:14.487,LAM-BOP-02-UL,1260803019000,126080301900002006,TRUE
2026-08-07 05:07:50.224,ELC-DEP-01-L,1260718082000,126071808200001009,TRUE
2026-08-07 05:24:51.055,SMK-SPR-01-L,1260619001010,12606190010001C085/0,TRUE
2026-08-07 05:24:49.704,AOI-PEP-01-UL,1260804015000,126080401500008072,TRUE
2026-08-07 05:24:47.750,ELC-PUL-01-L,1260717021020,126071702100001050,TRUE
2026-08-07 05:24:46.943,ELC-PUL-02-L,1260715042000,126071504200001077,TRUE
2026-08-07 05:25:14.683,SMK-SPR-01-L,1260619001010,12606190010001C096,TRUE
2026-08-07 05:25:15.299,AOI-PEP-01-UL,1260804015000,126080401500008069,TRUE
2026-08-07 05:25:14.232,LIN-INNDES-02-UL,,126080406900008034,TRUE
2026-08-07 05:25:14.194,LIN-INNLDI-03-L,,ERROR_202608071225141943,TRUE
2026-08-07 05:25:12.911,ELC-TRE-01-UL,1260716023020,126071602300001050,TRUE
2026-08-07 05:25:11.865,SMK-BRU-02-L,1260703054030,Error_202608071225118650,FALSE
2026-08-07 05:25:13.113,LSR-Debrowning-01-L,1260718159000,126071815900058029,TRUE
2026-08-07 05:25:09.201,WIR-LDI-01-UL,,12606080020001C188,TRUE
2026-08-07 05:25:11.580,AOI-PEP-01-L,1260804015000,126080401500008067,TRUE
2026-08-07 05:25:09.080,LIN-INNDES-01-UL,1260804066000,126080406600002005,TRUE
2026-08-07 05:25:07.987,LIN-INNDES-01-L,1260804066000,126080406100004025,TRUE
2026-08-07 05:25:08.166,SMK-DEV-01-UL,,126062015100001044,TRUE
2026-08-07 05:25:07.991,LIN-OUTTRE-01-L,1260703036030,126070303600001003,TRUE
2026-08-07 05:25:07.924,LIN-INNLDI-01-L,1260804072000,126080407200002002,TRUE
2026-08-07 05:25:05.014,WIR-Decoatbake-01-L,1260709001010,12607090010003A162,TRUE
2026-08-07 05:25:03.452,ROU-RIN-01-UL,,Error_202608071225034521,FALSE
2026-08-07 05:25:00.889,WIR-DES-01-L,1260718163010,126071816301067066,TRUE
2026-08-07 05:24:59.170,WIR-Pretreatment-01-L,1260715024000,126071502400058043,TRUE
2026-08-07 05:24:55.821,SMK-TUN-01-UL,1260622054000,126062014500001051,TRUE
2026-08-07 05:24:53.235,LAM-BOP-02-L,1260803019000,126080301300002010,TRUE
2026-08-07 05:24:41.223,AOI-RESAOI-01-UL,1260720062020,126072006200001024,TRUE
2026-08-07 05:25:32.721,AOI-PEP-01-UL,1260804015000,126080401500008067,TRUE
2026-08-07 05:25:31.719,ROU-RIN-01-UL,,12606100500000107101,TRUE
2026-08-07 05:25:32.627,AOI-PEP-01-L,1260804015000,126080401500008065,TRUE
2026-08-07 05:25:31.102,LIN-OUTTRE-01-L,1260703036030,126070303600001037,TRUE
2026-08-07 05:25:31.054,LIN-INNLDI-03-L,,126080508300016005,TRUE
2026-08-07 05:25:30.674,LAM-BOP-02-L,1260803019000,126080301300002006,TRUE
2026-08-07 05:25:30.668,SMK-SPR-01-L,1260619001010,12606190010001C904/0,TRUE
2026-08-07 05:25:28.750,LIN-INNDES-02-UL,,126080406900008033,TRUE
2026-08-07 05:25:27.956,LIN-INNLDI-01-L,1260804072000,126080407200002080,TRUE
2026-08-07 05:25:27.881,ELC-TRE-01-UL,1260716023020,126071602300001011,TRUE
2026-08-07 05:25:26.162,ELC-DEP-01-UL,1260718040010,126071708100001008,TRUE
2026-08-07 05:25:25.624,LAM-BOP-03-L,1260704001000,126070400100049023,TRUE
2026-08-07 05:25:23.831,LIN-INNDES-01-UL,1260804066000,126080406600002004,TRUE
2026-08-07 05:25:23.143,LIN-INNDES-01-L,1260804066000,126080406100004024,TRUE
2026-08-07 05:25:18.921,WIR-Vdevelop-01-L,1260708010010,12607080100003A171,TRUE
2026-08-07 05:25:17.640,WIR-Decoatbake-01-UL,1260703001010,12607030010002B125,TRUE
2026-08-07 05:25:17.186,WIR-Vdevelop-01-UL,1260708010010,"12607080100003A159,BD",TRUE
2026-08-07 05:24:46.943,ELC-PUL-02-L,1260715042000,126071504200001077,TRUE
2026-08-07 05:24:41.223,AOI-RESAOI-01-UL,1260720062020,126072006200001024,TRUE
2026-08-07 05:25:52.815,LIN-INNDES-01-UL,1260804066000,126080406600002002,TRUE
2026-08-07 05:25:53.096,AOI-PEP-01-L,1260804015000,126080401500008063,TRUE
2026-08-07 05:25:52.580,LIN-INNDES-01-L,1260804066000,126080406100004022,TRUE
2026-08-07 05:25:51.757,LIN-INNLDI-01-L,1260804072000,126080407200002006,TRUE
2026-08-07 05:25:51.627,AOI-PEP-01-UL,1260804015000,126080401500008065,TRUE
2026-08-07 05:25:50.523,LIN-INNLDI-03-L,,ERROR_202608071225505238,TRUE
2026-08-07 05:25:50.006,ELC-DEP-01-UL,1260718040010,126071708100001005,TRUE
2026-08-07 05:25:52.701,SMK-SPR-01-L,1260619001010,12606190010001C108,TRUE
2026-08-07 05:25:44.516,LAM-BOP-03-L,1260704001000,126070400100049026,TRUE
2026-08-07 05:25:43.529,SMK-DEV-01-UL,,126062015100001002,TRUE
2026-08-07 05:25:43.300,ELC-PUL-01-L,1260717021020,126071702100001042,TRUE
2026-08-07 05:25:43.109,ROU-RIN-01-UL,,Error_202608071225431099,FALSE
2026-08-07 05:25:42.845,LIN-INNDES-02-UL,,126080406900008032,TRUE
2026-08-07 05:25:42.377,LAM-BOP-02-L,1260803019000,126080301300002013,TRUE
2026-08-07 05:25:41.928,ELC-TRE-01-UL,1260716023020,126071602300001012,TRUE
2026-08-07 05:25:41.474,LSR-Debrowning-01-L,1260718159000,126071815900058028,TRUE
2026-08-07 05:25:40.921,WIR-DES-01-L,1260718163010,126071816301067065,TRUE
2026-08-07 05:25:40.718,WIR-Decoatbake-01-L,1260709001010,12607090010003A169,TRUE
2026-08-07 05:25:39.952,WIR-Pretreatment-01-L,1260715024000,126071502400058007,TRUE
2026-08-07 05:25:38.530,WIR-LDI-01-UL,,12606080020001C187,TRUE
2026-08-07 05:25:37.559,SMK-TUN-01-UL,1260622054000,126062014500001046,TRUE
2026-08-07 05:25:36.874,CPP-Patternplating-01-L,1260706055010,12607060550002B179,TRUE
2026-08-07 05:25:35.546,CPP-Patternplating-01-UL,,12607060550002B024,TRUE
2026-08-07 05:25:34.476,SMK-BRU-02-L,1260703054030,126070305400001069,TRUE
2026-08-07 05:25:33.509,ELC-PUL-02-L,1260715042000,126071504200001064,TRUE
2026-08-07 04:41:16.970,WIR-SE-01-L,1260629001010,12606290010002B122,TRUE
2026-08-07 04:04:39.750,ELC-PUL-02-UL,1260715060000,126071101800001028,TRUE
2026-08-07 05:26:19.749,SMK-DEV-01-UL,,126062015100001028,TRUE
2026-08-07 05:26:18.141,WIR-Decoatbake-01-L,1260709001010,12607090010003A170,TRUE
2026-08-07 05:26:16.369,LIN-OUTTRE-01-L,1260703036030,126070303600001038,TRUE
2026-08-07 05:26:17.643,LAM-BOP-02-L,1260803019000,126080301900002037,TRUE
2026-08-07 05:26:17.694,LIN-INNLDI-01-L,1260804072000,126080407200002074,TRUE
2026-08-07 05:26:15.078,ROU-RIN-01-UL,,Error_202608071226150784,FALSE
2026-08-07 05:26:13.659,AOI-PEP-01-L,1260804015000,126080401500008061,TRUE
2026-08-07 05:26:13.553,ELC-DEP-01-UL,1260718040010,126071708100001030,TRUE
2026-08-07 05:26:12.798,LIN-INNDES-02-UL,,126080406900008030,TRUE
2026-08-07 05:26:12.553,ELC-TRE-01-UL,1260716023020,126071602300001001,TRUE
2026-08-07 05:26:12.348,LAM-BOP-03-L,1260704001000,Error_202608071226123489,FALSE
2026-08-07 05:26:10.061,SMK-SPR-01-L,1260619001010,12606190010001C062/0,TRUE
2026-08-07 05:26:11.737,AOI-PEP-01-UL,1260804015000,126080401500008063,TRUE
2026-08-07 05:26:09.930,LSR-Debrowning-01-L,1260718159000,126071815900058027,TRUE
2026-08-07 05:26:06.962,LIN-INNLDI-03-L,,ERROR_202608071226069627,TRUE
2026-08-07 05:26:06.721,LIN-INNDES-01-L,1260804066000,126080406100004021,TRUE
2026-08-07 05:26:08.015,WIR-LDI-01-UL,,12606080020001C181,TRUE
2026-08-07 05:26:05.381,SMK-BRU-02-L,1260703054030,126070305400001020,TRUE
2026-08-07 05:26:03.781,WIR-Decoatbake-01-UL,1260703001010,12607030010002B128,TRUE
2026-08-07 05:26:01.920,SMK-TUN-01-UL,1260622054000,126062014500001013,TRUE
2026-08-07 05:25:54.781,WIR-Vdevelop-01-L,1260708010010,12607080100003A172,TRUE
2026-08-07 05:26:34.518,AOI-PEP-01-L,1260804015000,126080401500008059,TRUE
2026-08-07 05:26:32.627,AOI-PEP-01-UL,1260804015000,126080401500008061,TRUE
2026-08-07 05:26:33.781,SMK-SPR-01-L,1260619001010,12606190010001C085,TRUE
2026-08-07 05:26:31.630,LAM-BOP-03-L,1260704001000,126070400100049044,TRUE
2026-08-07 05:26:30.812,CPP-Patternplating-01-L,1260706055010,12607060550002B160,TRUE
2026-08-07 05:26:30.421,WIR-Vdevelop-01-L,1260708010010,12607080100003A170,TRUE
2026-08-07 05:26:29.690,LAM-BOP-02-L,1260803019000,126080301900002033,TRUE
2026-08-07 05:26:29.468,CPP-Patternplating-01-UL,,12607060550002B027,TRUE
2026-08-07 05:26:27.065,LIN-INNDES-02-UL,,126080406900008029,TRUE
2026-08-07 05:26:26.991,LIN-INNLDI-01-L,1260804072000,126080407200002002,TRUE
2026-08-07 05:26:26.759,LIN-INNLDI-03-L,,ERROR_202608071226267594,TRUE
2026-08-07 05:26:26.249,WIR-Vdevelop-01-UL,1260708010010,"12607080100003A157,BD",TRUE
2026-08-07 05:26:26.141,WIR-Pretreatment-01-L,1260715024000,Error_202608071226261418,FALSE
2026-08-07 05:26:21.299,LIN-INNDES-01-L,1260804066000,126080406100004020,TRUE
2026-08-07 05:26:20.952,WIR-DES-01-L,1260718163010,126071816301067064,TRUE
2026-08-07 05:26:19.937,ELC-PUL-02-L,1260715042000,126071504200001043,TRUE
2026-08-07 05:26:12.553,ELC-TRE-01-UL,1260716023020,126071602300001001,TRUE
2026-08-07 05:26:57.079,WIR-Pretreatment-01-L,1260715024000,126071502400058028,TRUE
2026-08-07 05:26:56.113,AOI-PEP-01-L,1260804015000,126080401500008057,TRUE
2026-08-07 05:26:56.061,SMK-DEV-01-UL,,126062015100001057,TRUE
2026-08-07 05:26:56.032,WIR-Decoatbake-01-L,1260709001010,12607090010003A167,TRUE
2026-08-07 05:26:55.315,LIN-INNDES-02-UL,,126080406900008027,TRUE
2026-08-07 05:26:52.788,LIN-INNLDI-01-L,1260804072000,126080407200002070,TRUE
2026-08-07 05:26:53.456,LAM-BOP-02-L,1260803019000,126080301900002035,TRUE
2026-08-07 05:26:50.738,AOI-PEP-01-UL,1260804015000,126080401500008060,TRUE
2026-08-07 05:26:50.659,LIN-INNDES-01-L,1260804066000,126080406100004018,TRUE
2026-08-07 05:26:49.764,SMK-SPR-01-L,1260619001010,12606190010001C069/0,TRUE
2026-08-07 05:26:50.397,LAM-BOP-03-L,1260704001000,126070400100049013,TRUE
2026-08-07 05:26:49.470,WIR-Decoatbake-01-UL,1260703001010,12607030010002B126,TRUE
2026-08-07 05:26:43.243,LIN-INNLDI-03-L,,ERROR_202608071226432437,TRUE
2026-08-07 05:26:42.936,SMK-TUN-01-UL,1260622054000,126062014500001029,TRUE
2026-08-07 05:26:41.503,LIN-INNDES-01-UL,1260804066000,126080406600002001,TRUE
2026-08-07 05:26:39.154,LIN-OUTTRE-01-L,1260703036030,126070303600001041,TRUE
2026-08-07 05:26:38.351,LSR-Debrowning-01-L,1260718159000,126071815900058026,TRUE
2026-08-07 05:26:39.115,ELC-PUL-01-L,1260717021020,126071702100001040,TRUE
2026-08-07 05:26:37.297,WIR-LDI-01-UL,,12606080020001C183,TRUE
2026-08-07 05:26:37.757,ELC-DEP-01-UL,1260718040010,126071708100001019,TRUE
2026-08-07 05:26:35.522,SMK-BRU-02-L,1260703054030,126070305400001014,TRUE
2026-08-07 05:24:38.906,LAM-BOP-01-L,1260803037000,126080303700023080,TRUE
2026-08-07 05:21:25.816,WIR-LDI-01-L,,12606080020001C185,TRUE
2026-08-07 05:27:13.258,LIN-INNLDI-01-L,1260804072000,126080407200002068,TRUE
2026-08-07 05:27:12.061,SMK-SPR-01-L,1260619001010,12606190010001C904,TRUE
2026-08-07 05:27:11.785,ROU-RIN-01-UL,,Error_202608071227117854,FALSE
2026-08-07 05:27:09.853,LAM-BOP-03-L,1260704001000,126070400100049039,TRUE
2026-08-07 05:27:09.707,LIN-INNDES-02-UL,,126080406900008026,TRUE
2026-08-07 05:27:09.102,ELC-DEP-01-UL,1260718040010,126071708100001007,TRUE
2026-08-07 05:27:07.503,AOI-PEP-01-UL,1260804015000,126080401500008058,TRUE
2026-08-07 05:27:07.233,SMK-TUN-01-UL,1260622054000,126062014500001009,TRUE
2026-08-07 05:27:06.720,WIR-LDI-01-UL,,12606080020001C184,TRUE
2026-08-07 05:27:06.363,ELC-PUL-02-L,1260715042000,126071504200001009,TRUE
2026-08-07 05:27:06.189,WIR-Vdevelop-01-L,1260708010010,12607080100003A167,TRUE
2026-08-07 05:27:06.071,LSR-Debrowning-01-L,1260718159000,126071815900058025,TRUE
2026-08-07 05:27:05.977,SMK-BRU-02-L,1260703054030,126070305400001051,TRUE
2026-08-07 05:27:05.285,LIN-INNDES-01-L,1260804066000,126080406100004017,TRUE
2026-08-07 05:27:05.097,LAM-BOP-02-L,1260803019000,126080301900002031,TRUE
2026-08-07 05:27:05.035,AOI-PEP-01-L,1260804015000,126080401500008056,TRUE
2026-08-07 05:27:03.042,LIN-INNLDI-03-L,,ERROR_202608071227030421,TRUE
2026-08-07 05:27:00.923,WIR-DES-01-L,1260718163010,126071816301067063,TRUE
2026-08-07 05:27:02.295,LIN-OUTTRE-01-L,1260703036030,126070303600001024,TRUE
2026-08-07 05:27:00.454,WIR-Vdevelop-01-UL,1260708010010,"12607080100003A158,BD",TRUE
2026-08-07 04:54:56.949,WIR-SE-01-UL,1260629001010,12606290010002B122,TRUE
2026-08-07 05:26:57.079,WIR-Pretreatment-01-L,1260715024000,126071502400058028,TRUE
2026-08-07 05:27:34.287,AOI-PEP-01-UL,1260804015000,126080401500008055,TRUE
2026-08-07 05:27:33.857,LIN-INNLDI-03-L,,126080508300016012,TRUE
2026-08-07 05:27:32.721,WIR-Decoatbake-01-L,1260709001010,12607090010003A168,TRUE
2026-08-07 05:27:32.578,SMK-DEV-01-UL,,126062015100001060,TRUE
2026-08-07 05:27:32.268,WIR-Decoatbake-01-UL,1260703001010,12607030010002B178,TRUE
2026-08-07 05:27:29.624,SMK-SPR-01-L,1260619001010,12606190010001C079/0,TRUE
2026-08-07 05:27:29.037,LAM-BOP-02-L,1260803019000,126080301900002027,TRUE
2026-08-07 05:27:28.840,LAM-BOP-03-L,1260704001000,126070400100049057,TRUE
2026-08-07 05:27:28.475,LIN-INNDES-01-UL,1260804066000,126080406600002049,TRUE
2026-08-07 05:27:27.354,LIN-INNLDI-01-L,1260804072000,126080407200002066,TRUE
2026-08-07 05:27:26.130,AOI-PEP-01-L,1260804015000,126080401500008054,TRUE
2026-08-07 05:27:24.906,LIN-OUTTRE-01-L,1260703036030,126070303600001060,TRUE
2026-08-07 05:27:24.488,LIN-INNDES-02-UL,,126080406900008025,TRUE
2026-08-07 05:27:24.315,CPP-Patternplating-01-L,1260706055010,12607060550002B044,TRUE
2026-08-07 05:27:23.190,CPP-Patternplating-01-UL,,12607060550002B020,TRUE
2026-08-07 05:27:22.149,ELC-DEP-01-UL,1260718040010,126071708100001031,TRUE
2026-08-07 05:27:20.067,LIN-INNDES-01-L,1260804066000,126080406100004016,TRUE
2026-08-07 05:27:21.958,LAM-BOP-01-L,1260803037000,126080303700023078,TRUE
2026-08-07 05:27:18.362,WIR-DES-01-UL,1260624087280,126071816301067085,TRUE
2026-08-07 05:27:13.634,LSR-Debrowning-01-UL,1260718159000,126071815900058038,TRUE
2026-08-07 05:27:06.363,ELC-PUL-02-L,1260715042000,126071504200001009,TRUE
2026-08-07 05:27:53.517,LIN-INNLDI-01-L,1260804072000,126080407200002072,TRUE
2026-08-07 05:27:53.849,LIN-INNDES-02-UL,,126080406900008023,TRUE
2026-08-07 05:27:53.015,SMK-SPR-01-L,1260619001010,12606190010001C062,TRUE
2026-08-07 05:27:52.675,WIR-LDI-01-UL,,12606080020001C185,TRUE
2026-08-07 05:27:52.559,ELC-PUL-02-L,1260715042000,126071504200001027,TRUE
2026-08-07 05:27:52.318,LAM-BOP-02-L,1260803019000,126080301900002023,TRUE
2026-08-07 05:27:51.657,LIN-INNLDI-03-L,,126080508300016013,TRUE
2026-08-07 05:27:49.397,LIN-INNDES-01-L,1260804066000,126080406100004014,TRUE
2026-08-07 05:27:48.154,LAM-BOP-03-L,1260704001000,126070400100049034,TRUE
2026-08-07 05:27:47.736,LIN-OUTTRE-01-L,1260703036030,126070303600001051,TRUE
2026-08-07 05:27:47.234,SMK-TUN-01-UL,1260622054000,126062014500001040,TRUE
2026-08-07 05:27:46.928,LAM-BOP-01-L,1260803037000,126080303700023076,TRUE
2026-08-07 05:27:45.865,AOI-PEP-01-UL,1260804015000,126080401500008054,TRUE
2026-08-07 05:27:46.178,AOI-PEP-01-L,1260804015000,126080401500008052,TRUE
2026-08-07 05:27:43.162,LIN-INNDES-01-UL,1260804066000,126080406600002050,TRUE
2026-08-07 05:27:41.956,WIR-Vdevelop-01-L,1260708010010,12607080100003A177,TRUE
2026-08-07 05:27:40.894,WIR-DES-01-L,1260718163010,126071816301067062,TRUE
2026-08-07 05:27:40.744,LSR-Debrowning-01-UL,1260718159000,126071815900058037,TRUE
2026-08-07 05:27:39.318,ROU-RIN-01-UL,,Error_202608071227393187,FALSE
2026-08-07 05:27:37.744,LSR-Debrowning-01-L,1260718159000,126071815900058024,TRUE
2026-08-07 05:27:36.290,SMK-BRU-02-L,1260703054030,126070305400001027,TRUE
2026-08-07 05:27:35.800,WIR-Pretreatment-01-L,1260715024000,126071502400058036,TRUE
2026-08-07 05:27:35.613,WIR-Vdevelop-01-UL,1260708010010,"12607080100003A156,BD",TRUE
2026-08-07 05:27:35.089,ELC-PUL-01-L,1260717021020,126071702100001033,TRUE
2026-08-07 05:22:29.311,ELC-TRE-01-L,1260716023020,126071602300001001,TRUE
2026-08-07 05:28:12.344,SMK-TUN-01-UL,1260622054000,126062014500001035,TRUE
2026-08-07 05:28:12.019,LIN-INNLDI-01-L,1260804072000,126080407200002070,TRUE
2026-08-07 05:28:12.006,LIN-INNDES-01-UL,1260804066000,126080406600002052,TRUE
2026-08-07 05:28:10.549,LIN-OUTTRE-01-L,1260703036030,126070303600001017,TRUE
2026-08-07 05:28:10.072,ROU-RIN-01-UL,,Error_202608071228100720,FALSE
2026-08-07 05:28:09.579,SMK-SPR-01-L,1260619001010,12606190010001C080/0,TRUE
2026-08-07 05:28:10.069,ELC-DEP-01-UL,1260718040010,126071708100001016,TRUE
2026-08-07 05:28:09.818,WIR-Vdevelop-01-UL,1260708010010,"12607080100003A155,BD",TRUE
2026-08-07 05:28:09.568,WIR-Decoatbake-01-L,1260709001010,12607090010003A165,TRUE
2026-08-07 05:28:09.474,LIN-INNLDI-03-L,,126080508300016014,TRUE
2026-08-07 05:28:08.760,LSR-Debrowning-01-UL,1260718159000,126071815900058036,TRUE
2026-08-07 05:28:07.429,LIN-INNDES-02-UL,,126080406900008022,TRUE
2026-08-07 05:28:08.016,SMK-DEV-01-UL,,126062015100001015,TRUE
2026-08-07 05:28:07.381,LAM-BOP-01-L,1260803037000,126080303700023074,TRUE
2026-08-07 05:28:07.281,LAM-BOP-03-L,1260704001000,126070400100049014,TRUE
2026-08-07 05:28:06.443,WIR-Pretreatment-01-UL,1260715024003,126071502400358368,TRUE
2026-08-07 05:28:06.135,LSR-Debrowning-01-L,1260718159000,126071815900058023,TRUE
2026-08-07 05:28:05.522,AOI-PEP-01-L,1260804015000,126080401500008050,TRUE
2026-08-07 05:28:04.756,AOI-PEP-01-UL,1260804015000,126080401500008052,TRUE
2026-08-07 05:27:58.567,WIR-DES-01-UL,1260624087280,126071816301067084,TRUE
2026-08-07 05:28:04.085,LIN-INNDES-01-L,1260804066000,126080406100004013,TRUE
2026-08-07 05:27:52.559,ELC-PUL-02-L,1260715042000,126071504200001027,TRUE
2026-08-07 05:28:04.053,LAM-BOP-02-L,1260803019000,126080301900002021,TRUE
2026-08-07 05:27:32.268,WIR-Decoatbake-01-UL,1260703001010,12607030010002B178,TRUE
2026-08-07 05:28:33.632,LIN-INNDES-01-L,1260804066000,126080406100004011,TRUE
2026-08-07 05:28:33.271,LIN-INNLDI-03-L,,ERROR_202608071228332711,TRUE
2026-08-07 05:28:33.175,LIN-OUTTRE-01-L,1260703036030,126070303600001047,TRUE
2026-08-07 05:28:32.407,SMK-SPR-01-L,1260619001010,12606190010001C069,TRUE
2026-08-07 05:28:31.482,LSR-Debrowning-01-UL,1260718159000,126071815900058035,TRUE
2026-08-07 05:28:30.391,ELC-PUL-01-L,1260717021020,126071702100001019,TRUE
2026-08-07 05:28:27.476,AOI-PEP-01-L,1260804015000,126080401500008048,TRUE
2026-08-07 05:28:26.944,LIN-INNDES-01-UL,1260804066000,126080406600002053,TRUE
2026-08-07 05:28:26.297,LAM-BOP-03-L,1260704001000,126070400100049004,TRUE
2026-08-07 05:28:28.285,LIN-INNLDI-01-L,1260804072000,126080407200002068,TRUE
2026-08-07 05:28:23.273,ELC-DEP-01-UL,1260718040010,126071708100001043,TRUE
2026-08-07 05:28:22.383,LIN-INNDES-02-UL,,126080406900008021,TRUE
2026-08-07 05:28:21.069,WIR-Pretreatment-01-UL,1260715024003,126071502400358373,TRUE
2026-08-07 05:28:20.834,WIR-DES-01-L,1260718163010,126071816301067061,TRUE
2026-08-07 05:28:18.272,CPP-Patternplating-01-L,1260706055010,12607060550002B169,TRUE
2026-08-07 05:28:18.148,WIR-Decoatbake-01-UL,1260703001010,12607030010002B177,TRUE
2026-08-07 05:28:18.037,WIR-Vdevelop-01-L,1260708010010,12607080100003A178,TRUE
2026-08-07 05:28:17.226,SMK-BRU-02-L,1260703054030,Error_202608071228172269,FALSE
2026-08-07 05:28:16.069,LAM-BOP-02-L,1260803019000,126080307300002013,TRUE
2026-08-07 05:28:15.990,CPP-Patternplating-01-UL,,12607060550002B023,TRUE
2026-08-07 05:28:25.257,AOI-PEP-01-UL,1260804015000,126080401500008050,TRUE
2026-08-07 05:28:07.381,LAM-BOP-01-L,1260803037000,126080303700023074,TRUE
2026-08-07 05:27:35.800,WIR-Pretreatment-01-L,1260715024000,126071502400058036,TRUE
2026-08-07 05:28:48.738,SMK-SPR-01-L,1260619001010,12606190010001C196/0,TRUE
2026-08-07 05:28:48.460,LIN-INNDES-01-L,1260804066000,126080406100004010,TRUE
2026-08-07 05:28:47.631,WIR-Decoatbake-01-L,1260709001010,12607090010003A178,TRUE
2026-08-07 05:28:47.115,LIN-INNLDI-01-L,1260804072000,126080407200002066,TRUE
2026-08-07 05:28:47.523,AOI-PEP-01-L,1260804015000,126080401500008046,TRUE
2026-08-07 05:28:46.570,AOI-PEP-01-UL,1260804015000,126080401500008048,TRUE
2026-08-07 05:28:44.710,LAM-BOP-02-UL,1260803019000,126080301900002039,TRUE
2026-08-07 05:28:46.111,LAM-BOP-03-L,1260704001000,126070400100049035,TRUE
2026-08-07 05:28:43.268,SMK-DEV-01-UL,,126062015100001069,TRUE
2026-08-07 05:28:42.038,LIN-INNDES-01-UL,1260804066000,126080406600002054,TRUE
2026-08-07 05:28:40.228,ROU-RIN-01-UL,,12606100500000104101,TRUE
2026-08-07 05:28:39.556,ELC-DEP-01-L,1260718082000,126071808200001067,TRUE
2026-08-07 05:28:38.517,ELC-PUL-02-L,1260715042000,126071504200001054,TRUE
2026-08-07 05:28:38.490,WIR-DES-01-UL,1260624087280,126071816301067083,TRUE
2026-08-07 05:28:37.756,WIR-Pretreatment-01-UL,1260715024003,126071502400358369,TRUE
2026-08-07 05:28:37.681,ELC-DEP-01-UL,1260718040010,126071708100001051,TRUE
2026-08-07 05:28:37.022,WIR-Pretreatment-01-L,1260715024000,126071502400058035,TRUE
2026-08-07 05:28:36.836,LIN-INNDES-02-UL,,126080406900008020,TRUE
2026-08-07 05:28:34.264,LSR-Debrowning-01-L,1260718159000,126071815900058022,TRUE
2026-08-07 05:28:18.148,WIR-Decoatbake-01-UL,1260703001010,12607030010002B177,TRUE
2026-08-07 05:27:52.675,WIR-LDI-01-UL,,12606080020001C185,TRUE
2026-08-07 05:23:46.313,AOI-RESAOI-01-L,1260720062020,126072006200001024,TRUE
2026-08-07 05:29:05.899,LIN-INNDES-02-UL,,126080406900008018,TRUE
2026-08-07 05:29:05.156,LAM-BOP-03-L,1260704001000,126070400100049038,TRUE
2026-08-07 05:29:04.526,ELC-DEP-01-UL,1260718040010,126071708100001033,TRUE
2026-08-07 05:29:03.314,LIN-INNLDI-01-L,1260804072000,126080407200002064,TRUE
2026-08-07 05:29:03.204,LIN-INNDES-01-L,1260804066000,126080406100004009,TRUE
2026-08-07 05:29:02.549,LSR-Debrowning-01-L,1260718159000,126071815900058021,TRUE
2026-08-07 05:29:02.083,LIN-INNLDI-03-L,,126080508300016017,TRUE
2026-08-07 05:29:02.193,WIR-Decoatbake-01-UL,1260703001010,12607030010002B174,TRUE
2026-08-07 05:29:00.881,WIR-DES-01-L,1260718163010,126071816301067101,TRUE
2026-08-07 05:29:00.136,ROU-RIN-01-UL,,12606100500000108001,TRUE
2026-08-07 05:28:59.596,LSR-Debrowning-01-UL,1260718159000,126071815900058034,TRUE
2026-08-07 05:28:58.041,ELC-DEP-01-L,1260718082000,126071808200001050,TRUE
2026-08-07 05:28:57.139,LAM-BOP-02-UL,1260803019000,126080301900002007,TRUE
2026-08-07 05:28:57.123,AOI-PEP-01-L,1260804015000,126080401500008045,TRUE
2026-08-07 05:28:56.670,AOI-PEP-01-UL,1260804015000,126080401500008047,TRUE
2026-08-07 05:28:56.654,LIN-INNDES-01-UL,1260804066000,126080406600002055,TRUE
2026-08-07 05:28:55.100,WIR-Pretreatment-01-UL,1260715024003,126071502400358372,TRUE
2026-08-07 05:28:56.065,LIN-OUTTRE-01-L,1260703036030,126070303600001018,TRUE
2026-08-07 05:28:54.269,SMK-TUN-01-UL,1260622054000,126062014500001047,TRUE
2026-08-07 05:28:53.662,WIR-Pretreatment-01-L,1260715024000,126071502400058034,TRUE
2026-08-07 05:28:53.537,WIR-Vdevelop-01-L,1260708010010,12607080100003A175,TRUE
2026-08-07 05:28:51.322,SMK-BRU-02-L,1260703054030,Error_202608071228513228,FALSE
2026-08-07 05:28:38.517,ELC-PUL-02-L,1260715042000,126071504200001054,TRUE
2026-08-07 04:57:32.206,LIN-OUTDES-01-L,1260619080050,126061908000001003,TRUE
2026-08-07 05:29:27.860,AOI-PEP-01-L,1260804015000,126080401500008042,TRUE
2026-08-07 05:29:27.563,AOI-PEP-01-UL,1260804015000,126080401500008044,TRUE
2026-08-07 05:29:27.164,LIN-INNLDI-03-L,,ERROR_202608071229271641,TRUE
2026-08-07 05:29:26.438,LIN-INNDES-01-UL,1260804066000,126080406600002048,TRUE
2026-08-07 05:29:26.021,ELC-PUL-01-L,1260717021020,126071702100001020,TRUE
2026-08-07 05:29:25.466,SMK-BRU-02-L,1260703054030,Error_202608071229254663,FALSE
2026-08-07 05:29:24.930,WIR-Decoatbake-01-L,1260709001010,12607090010003A177,TRUE
2026-08-07 05:29:24.297,LAM-BOP-03-L,1260704001000,126070400100049033,TRUE
2026-08-07 05:29:23.596,LIN-INNLDI-01-L,1260804072000,126080407200002062,TRUE
2026-08-07 05:29:21.360,LAM-BOP-02-L,1260803019000,126080306100002067,TRUE
2026-08-07 05:29:21.434,ROU-RIN-01-UL,,Error_202608071229214340,FALSE
2026-08-07 05:29:20.400,LIN-INNDES-02-UL,,126080406900008017,TRUE
2026-08-07 05:29:19.985,LAM-BOP-02-UL,1260803019000,126080302500002018,TRUE
2026-08-07 05:29:19.818,SMK-DEV-01-UL,,126062015100001007,TRUE
2026-08-07 05:29:18.960,WIR-DES-01-UL,1260624087280,126071816301067082,TRUE
2026-08-07 05:29:18.662,SMK-TUN-01-UL,1260622054000,126062014500001078,TRUE
2026-08-07 05:29:18.597,LIN-OUTTRE-01-L,1260703036030,126070303600001026,TRUE
2026-08-07 05:29:16.793,ELC-DEP-01-L,1260718082000,126071808200001069,TRUE
2026-08-07 05:29:17.532,LIN-INNDES-01-L,1260804066000,126080406100004008,TRUE
2026-08-07 05:29:14.573,ELC-DEP-01-UL,1260718040010,126071708100001037,TRUE
2026-08-07 05:29:12.052,SMK-SPR-01-L,1260619001010,12606190010001C079,TRUE
2026-08-07 05:29:11.491,CPP-Patternplating-01-L,1260706055010,12607060550002B172,TRUE
2026-08-07 05:29:10.538,CPP-Patternplating-01-UL,,12607060550002B022,TRUE
2026-08-07 04:41:16.970,WIR-SE-01-L,1260629001010,12606290010002B122,TRUE
2026-08-07 05:29:45.049,LAM-BOP-02-L,1260803019000,126080306700002050,TRUE
2026-08-07 05:29:44.413,AOI-RESAOI-01-L,1260720062000,126072006200001061,TRUE
2026-08-07 05:29:44.299,LAM-BOP-02-UL,1260803019000,126080301300002072,TRUE
2026-08-07 05:29:41.349,LIN-OUTTRE-01-L,1260703036030,126070303600001014,TRUE
2026-08-07 05:29:43.720,LAM-BOP-03-L,1260704001000,126070400100049040,TRUE
2026-08-07 05:29:40.822,WIR-DES-01-L,1260718163010,126071816301067100,TRUE
2026-08-07 05:29:37.299,LIN-INNLDI-01-L,1260804072000,126080407200002060,TRUE
2026-08-07 05:29:39.393,AOI-PEP-01-L,1260804015000,126080401500008041,TRUE
2026-08-07 05:29:37.235,AOI-PEP-01-UL,1260804015000,126080401500008043,TRUE
2026-08-07 05:29:36.774,LIN-INNLDI-03-L,,126080508300016019,TRUE
2026-08-07 05:29:36.060,ELC-DEP-01-UL,1260718040010,126071708100001002,TRUE
2026-08-07 05:29:35.138,ELC-DEP-01-L,1260718082000,126071808200001039,TRUE
2026-08-07 05:29:34.524,LIN-INNDES-02-UL,,126080406900008016,TRUE
2026-08-07 05:29:34.462,WIR-Pretreatment-01-L,1260715024000,126071502400058033,TRUE
2026-08-07 05:29:32.360,LIN-INNDES-01-L,1260804066000,126080406100004007,TRUE
2026-08-07 05:29:30.816,LSR-Debrowning-01-L,1260718159000,126071815900058020,TRUE
2026-08-07 05:29:29.274,WIR-Vdevelop-01-L,1260708010010,12607080100003A176,TRUE
2026-08-07 05:29:28.852,WIR-Vdevelop-01-UL,1260708010010,"12607080100003A154,BD",TRUE
2026-08-07 05:29:28.335,SMK-SPR-01-L,1260619001010,12606190010001C213/0,TRUE
2026-08-07 05:29:28.113,LSR-Debrowning-01-UL,1260718159000,126071815900058033,TRUE
2026-08-07 05:29:26.438,LIN-INNDES-01-UL,1260804066000,126080406600002048,TRUE
2026-08-07 05:28:55.100,WIR-Pretreatment-01-UL,1260715024003,126071502400358372,TRUE
2026-08-07 05:28:07.381,LAM-BOP-01-L,1260803037000,126080303700023074,TRUE
2026-08-07 05:30:05.341,CPP-Patternplating-01-L,1260706055010,12607060550002B171,TRUE
2026-08-07 05:30:04.998,ROU-RIN-01-UL,,12606100500000101201,TRUE
2026-08-07 05:30:04.950,WIR-Vdevelop-01-L,1260708010010,12607080100003A173,TRUE
2026-08-07 05:30:04.731,CPP-Patternplating-01-UL,,12607060550002B019,TRUE
2026-08-07 05:30:04.039,LIN-OUTTRE-01-L,1260703036030,126070303600001012,TRUE
2026-08-07 05:30:03.955,LAM-BOP-03-L,1260704001000,126070400100049012,TRUE
2026-08-07 05:30:03.540,LIN-INNLDI-03-L,,ERROR_202608071230035407,TRUE
2026-08-07 05:30:03.294,WIR-Vdevelop-01-UL,1260708010010,"12607080100003A153,BD",TRUE
2026-08-07 05:30:02.930,AOI-RESAOI-01-L,1260720062000,126072006200001041,TRUE
2026-08-07 05:30:01.778,WIR-Decoatbake-01-L,1260709001010,12607090010003A175,TRUE
2026-08-07 05:30:01.614,LIN-INNDES-01-L,1260804066000,126080406100004005,TRUE
2026-08-07 05:29:59.617,SMK-TUN-01-UL,1260622054000,126062014500001077,TRUE
2026-08-07 05:29:59.254,AOI-PEP-01-L,1260804015000,126080401500008039,TRUE
2026-08-07 05:29:58.863,LSR-Debrowning-01-L,1260718159000,126071815900058019,TRUE
2026-08-07 05:29:58.778,WIR-DES-01-UL,1260624087280,126071816301067081,TRUE
2026-08-07 05:29:58.114,AOI-PEP-01-UL,1260804015000,126080401500008041,TRUE
2026-08-07 05:29:57.692,LAM-BOP-01-L,1260803037000,126080303700023070,TRUE
2026-08-07 05:29:57.270,LAM-BOP-02-L,1260803019000,126080306700002069,TRUE
2026-08-07 05:29:56.834,LIN-INNLDI-01-L,1260804072000,126080407200002058,TRUE
2026-08-07 05:29:56.206,LSR-Debrowning-01-UL,1260718159000,126071815900058032,TRUE
2026-08-07 05:29:55.804,ELC-DEP-01-L,1260718082000,126071808200001008,TRUE
2026-08-07 05:29:55.715,WIR-Pretreatment-01-UL,1260715024003,126071502400358370,TRUE
2026-08-07 05:29:55.739,LAM-BOP-02-UL,1260803019000,126080301300002058,TRUE
2026-08-07 05:29:48.901,LIN-INNDES-02-UL,,126080406900008015,TRUE
2026-08-07 05:29:51.867,SMK-SPR-01-L,1260619001010,12606190010001C080,TRUE
2026-08-07 05:29:48.896,SMK-BRU-02-L,1260703054030,126070305400001026,TRUE
2026-08-07 05:29:47.119,WIR-Decoatbake-01-UL,1260703001010,12607030010002B173,TRUE
2026-08-07 05:29:42.038,SMK-BRU-01-L,1260729001000,M0960002G2000E-0607,TRUE
2026-08-07 05:21:07.155,LIN-OUTVAP-01-UL,,12606160910001C217,TRUE
2026-08-07 05:30:24.491,LSR-Debrowning-01-UL,1260718159000,126071815900058031,TRUE
2026-08-07 05:30:23.711,SMK-TUN-01-UL,1260622054000,126062014500001056,TRUE
2026-08-07 05:30:25.822,AOI-RESAOI-01-L,1260720062000,126072006200001048,TRUE
2026-08-07 05:30:22.833,LAM-BOP-03-L,1260704001000,126070400100049021,TRUE
2026-08-07 05:30:21.777,LIN-INNLDI-03-L,,ERROR_202608071230217772,TRUE
2026-08-07 05:30:21.522,LIN-INNLDI-01-L,1260804072000,126080407200002046,TRUE
2026-08-07 05:30:21.461,ELC-PUL-01-L,1260717021020,126071702100001054,TRUE
2026-08-07 05:30:20.950,WIR-DES-01-L,1260718163010,126071816301067099,TRUE
2026-08-07 05:30:20.614,LAM-BOP-02-L,1260803019000,126080307300002002,TRUE
2026-08-07 05:30:19.834,AOI-PEP-01-L,1260804015000,126080401500008037,TRUE
2026-08-07 05:30:19.192,LAM-BOP-02-UL,1260803019000,126080301900002045,TRUE
2026-08-07 05:30:18.926,AOI-PEP-01-UL,1260804015000,126080401500008039,TRUE
2026-08-07 05:30:18.072,ELC-DEP-01-UL,1260718040010,126071708100001028,TRUE
2026-08-07 05:30:16.676,LIN-INNDES-01-L,1260804066000,126080406100004004,TRUE
2026-08-07 05:30:16.546,ROU-RIN-01-UL,,Error_202608071230165462,FALSE
2026-08-07 05:30:11.009,AOI-RESAOI-01-UL,1260720062000,126072006200001069,TRUE
2026-08-07 05:30:10.778,WIR-Pretreatment-01-L,1260715024000,126071502400058032,TRUE
2026-08-07 05:30:08.305,SMK-SPR-01-L,1260619001010,0,TRUE
2026-08-07 05:30:05.341,CPP-Patternplating-01-L,1260706055010,12607060550002B171,TRUE
2026-08-07 05:30:04.039,LIN-OUTTRE-01-L,1260703036030,126070303600001012,TRUE
2026-08-07 05:30:34.432,AOI-RESAOI-01-UL,1260720062000,126072006200001061,TRUE
2026-08-07 05:30:33.466,WIR-Decoatbake-01-UL,1260703001010,12607030010002B165,TRUE
2026-08-07 05:30:32.851,LIN-INNLDI-01-L,1260804072000,126080407200002054,TRUE
2026-08-07 05:30:32.416,ELC-DEP-01-UL,1260718040010,126071708100001022,TRUE
2026-08-07 05:30:32.426,LAM-BOP-02-L,1260803019000,126080307300002003,TRUE
2026-08-07 05:30:32.027,LIN-INNLDI-03-L,,126080508300016022,TRUE
2026-08-07 05:30:31.586,SMK-SPR-01-L,1260619001010,12606190010001C196,TRUE
2026-08-07 05:30:31.114,LIN-INNDES-01-L,1260804066000,126080406100004003,TRUE
2026-08-07 05:30:30.739,AOI-PEP-01-L,1260804015000,126080401500008036,TRUE
2026-08-07 05:30:29.869,SMK-BRU-02-L,1260703054030,Error_202608071230298694,FALSE
2026-08-07 05:30:29.973,AOI-PEP-01-UL,1260804015000,126080401500008038,TRUE
2026-08-07 05:30:29.838,ELC-DEP-01-L,1260718082000,126071808200001007,TRUE
2026-08-07 05:30:29.622,WIR-Pretreatment-01-UL,1260715024003,126071502400358366,TRUE
2026-08-07 05:30:27.601,LSR-Debrowning-01-L,1260718159000,126071815900058018,TRUE
2026-08-07 05:29:42.038,SMK-BRU-01-L,1260729001000,M0960002G2000E-0607,TRUE
2026-08-07 05:30:57.873,CPP-Patternplating-01-UL,,12607060550002B018,TRUE
2026-08-07 05:30:57.230,AOI-RESAOI-01-UL,1260720062000,126072006200001041,TRUE
2026-08-07 05:30:56.068,LAM-BOP-01-L,1260803037000,126080303700023008,TRUE
2026-08-07 05:30:56.005,LAM-BOP-02-L,1260803019000,126080307300002006,TRUE
2026-08-07 05:30:55.746,LIN-INNLDI-01-L,1260804072000,126080407200002042,TRUE
2026-08-07 05:30:55.510,LSR-Debrowning-01-L,1260718159000,126071815900058017,TRUE
2026-08-07 05:30:54.485,ROU-RIN-01-UL,,12606100500000101301,TRUE
2026-08-07 05:30:54.435,ELC-DEP-01-L,1260718082000,126071808200001076,TRUE
2026-08-07 05:30:53.466,SMK-BRU-02-L,1260703054030,126070305400001032,TRUE
2026-08-07 05:30:52.604,LSR-Debrowning-01-UL,1260718159000,126071815900058030,TRUE
2026-08-07 05:30:51.777,SMK-BRU-01-L,1260729001000,M0960002G2000E-0607,TRUE
2026-08-07 05:30:51.577,WIR-Pretreatment-01-UL,1260715024003,126071502400358362,TRUE
2026-08-07 05:30:51.614,AOI-PEP-01-L,1260804015000,126080401500008034,TRUE
2026-08-07 05:30:51.264,WIR-Pretreatment-01-L,1260715024000,126071502400058002,TRUE
2026-08-07 05:30:50.207,AOI-PEP-01-UL,1260804015000,126080401500008036,TRUE
2026-08-07 05:30:48.778,AOI-RESAOI-01-L,1260720062000,126072006200001043,TRUE
2026-08-07 05:30:47.744,SMK-SPR-01-L,1260619001010,12606190010001C231/0,TRUE
2026-08-07 05:30:47.075,ELC-DEP-01-UL,1260718040010,126071708100001025,TRUE
2026-08-07 05:30:45.629,LIN-INNDES-01-L,1260804066000,126080406100004002,TRUE
2026-08-07 05:30:44.417,SMK-BRU-01-UL,1260729001000,M0960002G2000E-0607,TRUE
2026-08-07 05:30:41.708,LAM-BOP-03-L,1260704001000,126070400100049053,TRUE
2026-08-07 05:30:40.795,WIR-Vdevelop-01-L,1260708010010,12607080100003A169,TRUE
2026-08-07 05:30:39.731,LIN-INNLDI-03-L,,ERROR_202608071230397313,TRUE
2026-08-07 05:30:38.904,WIR-Decoatbake-01-L,1260709001010,12607090010003A176,TRUE
2026-08-07 05:30:38.701,WIR-DES-01-UL,1260624087280,126071816301067080,TRUE
2026-08-07 05:30:33.466,WIR-Decoatbake-01-UL,1260703001010,12607030010002B165,TRUE
2026-08-07 05:30:21.461,ELC-PUL-01-L,1260717021020,126071702100001054,TRUE
2026-08-07 05:31:14.928,LIN-INNDES-01-L,1260804066000,126080406100004079,TRUE
2026-08-07 05:31:14.767,ROU-RIN-01-UL,,12606100500000105801,TRUE
2026-08-07 05:31:13.513,SMK-BRU-01-L,1260729001000,M0960002G2000E-0607,TRUE
2026-08-07 05:31:12.465,LIN-OUTTRE-01-L,1260703036030,126070303600001080,TRUE
2026-08-07 05:31:12.121,AOI-RESAOI-01-L,1260720062000,126072006200001044,TRUE
2026-08-07 05:31:11.709,AOI-PEP-01-UL,1260804015000,126080401500008034,TRUE
2026-08-07 05:31:11.647,AOI-PEP-01-L,1260804015000,126080401500008032,TRUE
2026-08-07 05:31:10.885,SMK-SPR-01-L,1260619001010,12606190010001C213,TRUE
2026-08-07 05:31:10.826,WIR-Pretreatment-01-UL,1260715024003,126071502400358371,TRUE
2026-08-07 05:31:08.959,LAM-BOP-01-L,1260803037000,126080303700023010,TRUE
2026-08-07 05:31:08.609,LIN-INNLDI-03-L,,126080508300016024,TRUE
2026-08-07 05:31:07.928,LAM-BOP-02-L,1260803019000,126080307300002008,TRUE
2026-08-07 05:31:07.066,WIR-SE-01-L,1260721076180,12607210760004B030,TRUE
2026-08-07 05:31:04.885,SMK-TUN-01-UL,1260622054000,126062014500001006,TRUE
2026-08-07 05:31:04.728,LIN-INNLDI-01-L,1260804072000,126080407200002050,TRUE
2026-08-07 05:31:01.099,LAM-BOP-03-L,1260704001000,126070400100049037,TRUE
2026-08-07 05:31:00.827,WIR-DES-01-L,1260718163010,126071816301067098,TRUE
2026-08-07 05:31:00.529,ELC-DEP-01-UL,1260718040010,126071708100001018,TRUE
2026-08-07 05:30:59.233,CPP-Patternplating-01-L,1260706055010,12607060550002B174,TRUE
2026-08-07 05:28:38.517,ELC-PUL-02-L,1260715042000,126071504200001054,TRUE
2026-08-07 05:21:22.978,SMK-DIX-01-L,1260620151000,126062015100001063,TRUE
2026-08-07 05:31:32.464,AOI-PEP-01-L,1260804015000,126080401500008030,TRUE
2026-08-07 05:31:31.604,AOI-PEP-01-UL,1260804015000,126080401500008032,TRUE
2026-08-07 05:31:30.201,WIR-Pretreatment-01-L,1260715024000,126071502400058059,TRUE
2026-08-07 05:31:31.276,LAM-BOP-02-L,1260803019000,126080307300002011,TRUE
2026-08-07 05:31:30.167,LAM-BOP-02-UL,1260803019000,126080301300002049,TRUE
2026-08-07 05:31:29.323,SMK-TUN-01-UL,1260622054000,126062014500001007,TRUE
2026-08-07 05:31:27.042,SMK-SPR-01-L,1260619001010,12606190010001C199/0,TRUE
2026-08-07 05:31:29.979,LIN-INNDES-01-L,1260804066000,126080406100004078,TRUE
2026-08-07 05:31:26.486,ROU-RIN-01-UL,,Error_202608071231264867,FALSE
2026-08-07 05:31:26.446,LIN-INNLDI-03-L,,126080508300016025,TRUE
2026-08-07 05:31:24.014,ELC-DEP-01-UL,1260718040010,126071708100001050,TRUE
2026-08-07 05:31:23.686,SMK-BRU-02-L,1260703054030,126070305400001057,TRUE
2026-08-07 05:31:23.685,LSR-Debrowning-01-L,1260718159000,126071815900058016,TRUE
2026-08-07 05:31:21.288,LAM-BOP-01-L,1260803037000,126080303700023079,TRUE
2026-08-07 05:31:20.935,LSR-Debrowning-01-UL,1260718159000,126071815900058029,TRUE
2026-08-07 05:31:20.790,LIN-INNLDI-01-L,1260804072000,126080407200002048,TRUE
2026-08-07 05:31:19.896,LAM-BOP-03-L,1260704001000,126070400100049060,TRUE
2026-08-07 05:31:20.559,AOI-RESAOI-01-UL,1260720062000,126072006200001048,TRUE
2026-08-07 05:31:19.423,ELC-PUL-02-L,1260715042020,126071504200001069,TRUE
2026-08-07 05:31:18.248,WIR-Decoatbake-01-UL,1260703001010,12607030010002B171,TRUE
2026-08-07 05:31:18.905,WIR-DES-01-UL,1260624087280,126071816301067079,TRUE
2026-08-07 05:31:17.091,ELC-PUL-01-L,1260717021020,126071702100001017,TRUE
2026-08-07 05:31:18.139,ELC-DEP-01-L,1260718082000,126071808200001006,TRUE
2026-08-07 05:31:16.858,WIR-Decoatbake-01-L,1260709001010,12607090010003A174,TRUE
2026-08-07 05:31:16.764,WIR-Vdevelop-01-L,1260708010010,12607080100003A147,TRUE
2026-08-07 05:31:13.513,SMK-BRU-01-L,1260729001000,M0960002G2000E-0607,TRUE
2026-08-07 05:21:22.978,SMK-DIX-01-L,1260620151000,126062015100001063,TRUE
2026-08-07 04:03:37.775,LIN-OUTDEV-01-L,1260704091000,126070409100001029,TRUE
2026-08-07 05:31:53.952,WIR-Decoatbake-01-L,1260709001010,12607090010003A171,TRUE
2026-08-07 05:31:53.937,SMK-BRU-02-L,1260703054030,126070305400001059,TRUE
2026-08-07 05:31:53.452,CPP-Patternplating-01-L,1260706055010,12607060550002B173,TRUE
2026-08-07 05:31:53.417,AOI-PEP-01-L,1260804015000,126080401500008028,TRUE
2026-08-07 05:31:52.857,LIN-OUTTRE-01-L,1260703036030,126070303600001010,TRUE
2026-08-07 05:31:52.744,LIN-INNLDI-03-L,,ERROR_202608071231527443,TRUE
2026-08-07 05:31:52.401,AOI-PEP-01-UL,1260804015000,126080401500008030,TRUE
2026-08-07 05:31:51.937,LSR-Debrowning-01-L,1260718159000,126071815900058015,TRUE
2026-08-07 05:31:51.795,CPP-Patternplating-01-UL,,12607060550002B021,TRUE
2026-08-07 05:31:51.770,LIN-INNDES-02-UL,,126080406900008014,TRUE
2026-08-07 05:31:50.667,SMK-SPR-01-L,1260619001010,12606190010001C182,TRUE
2026-08-07 05:31:49.233,ELC-DEP-01-UL,1260718040010,126071708100001049,TRUE
2026-08-07 05:31:49.078,LSR-Debrowning-01-UL,1260718159000,126071815900058028,TRUE
2026-08-07 05:31:44.635,LIN-INNDES-01-L,1260804066000,126080406100004077,TRUE
2026-08-07 05:31:43.623,AOI-RESAOI-01-UL,1260720062000,126072006200001043,TRUE
2026-08-07 05:31:46.698,LAM-BOP-01-L,1260803037000,126080303700023075,TRUE
2026-08-07 05:31:43.338,LAM-BOP-02-L,1260803019000,126080306100002073,TRUE
2026-08-07 05:31:42.796,ELC-DEP-01-L,1260718082000,126071808200001074,TRUE
2026-08-07 05:31:42.717,WIR-Pretreatment-01-UL,1260715024003,126071502400358363,TRUE
2026-08-07 05:31:42.073,LAM-BOP-02-UL,1260803019000,126080301300002054,TRUE
2026-08-07 05:31:40.967,WIR-DES-01-L,1260718163010,126071816301067097,TRUE
2026-08-07 05:31:39.542,LIN-INNLDI-01-L,1260804072000,126080407200002046,TRUE
2026-08-07 05:31:39.304,LAM-BOP-03-L,1260704001000,126070400100049054,TRUE
2026-08-07 05:31:35.498,AOI-RESAOI-01-L,1260720062000,126072006200001045,TRUE
2026-08-07 05:26:12.553,ELC-TRE-01-UL,1260716023020,126071602300001001,TRUE
2026-08-07 05:21:22.978,SMK-DIX-01-L,1260620151000,126062015100001063,TRUE
2026-08-07 04:29:09.626,GLD-RinseENEPIG-01-UL,,12606080010001C209,TRUE
2026-08-07 05:32:14.423,LIN-OUTTRE-01-L,1260703036030,126070303600001072,TRUE
2026-08-07 05:32:14.167,AOI-PEP-01-UL,1260804015000,126080401500008028,TRUE
2026-08-07 05:32:14.104,AOI-PEP-01-L,1260804015000,126080401500008026,TRUE
2026-08-07 05:32:13.776,LIN-INNDES-01-L,1260804066000,126080406100004075,TRUE
2026-08-07 05:32:12.967,ELC-PUL-01-L,1260717021020,126071702100001010,TRUE
2026-08-07 05:32:12.562,ELC-DEP-01-UL,1260718040010,126071708100001012,TRUE
2026-08-07 05:32:11.730,SMK-TUN-01-UL,1260622054000,126062014500001048,TRUE
2026-08-07 05:32:10.573,LIN-INNLDI-03-L,,ERROR_202608071232105731,TRUE
2026-08-07 05:32:07.186,AOI-RESAOI-01-UL,1260720062000,126072006200001044,TRUE
2026-08-07 05:32:11.182,LAM-BOP-02-UL,1260803019000,126080301300002010,TRUE
2026-08-07 05:32:07.057,LAM-BOP-02-L,1260803019000,126080306100002075,TRUE
2026-08-07 05:32:07.042,SMK-SPR-01-L,1260619001010,12606190010001C208/0,TRUE
2026-08-07 05:32:06.672,ELC-DEP-01-L,1260718082000,126071808200001043,TRUE
2026-08-07 05:32:06.469,WIR-Pretreatment-01-L,1260715024000,126071502400058037,TRUE
2026-08-07 05:32:03.042,LAM-BOP-01-L,1260803037000,126080303700023073,TRUE
2026-08-07 05:32:06.313,WIR-Vdevelop-01-L,1260708010010,12607080100003A124,TRUE
2026-08-07 05:31:58.623,WIR-DES-01-UL,1260624087280,126071816301067078,TRUE
2026-08-07 05:31:58.701,AOI-RESAOI-01-L,1260720062000,126072006200001037,TRUE
2026-08-07 05:31:57.371,LIN-INNLDI-01-L,1260804072000,126080407200002044,TRUE
2026-08-07 05:31:58.520,LAM-BOP-03-L,1260704001000,126070400100049050,TRUE
2026-08-07 05:31:54.488,ELC-PUL-02-L,1260715042020,126071504200001023,TRUE
2026-08-07 05:31:53.952,WIR-Decoatbake-01-L,1260709001010,12607090010003A171,TRUE
2026-08-07 05:31:13.513,SMK-BRU-01-L,1260729001000,M0960002G2000E-0607,TRUE
2026-08-07 05:32:22.829,WIR-Vdevelop-01-UL,1260708010010,"12607080100003A163,BD",TRUE
2026-08-07 05:32:21.721,AOI-RESAOI-01-L,1260720062000,126072006200001029,TRUE
2026-08-07 05:32:20.948,LIN-INNLDI-03-L,,126080508300016028,TRUE
2026-08-07 05:32:20.891,WIR-DES-01-L,1260718163010,126071816301067096,TRUE
2026-08-07 05:32:20.297,LSR-Debrowning-01-L,1260718159000,126071815900058014,TRUE
2026-08-07 05:32:19.954,LIN-OUTDEV-01-L,1260704091000,126070409100001071,TRUE
2026-08-07 05:32:18.495,LAM-BOP-02-L,1260803019000,126080301300002041,TRUE
2026-08-07 05:32:17.731,LIN-INNLDI-01-L,1260804072000,126080407200002042,TRUE
2026-08-07 05:32:17.459,LAM-BOP-03-L,1260704001000,126070400100049017,TRUE
2026-08-07 05:32:17.172,LSR-Debrowning-01-UL,1260718159000,126071815900058027,TRUE
2026-08-07 05:32:23.871,AOI-PEP-01-UL,1260804015000,126080401500008027,TRUE
2026-08-07 05:32:15.276,LAM-BOP-01-L,1260803037000,126080303700023071,TRUE
2026-08-07 05:32:12.967,ELC-PUL-01-L,1260717021020,126071702100001010,TRUE
2026-08-07 05:32:45.315,AOI-RESAOI-01-L,1260720062000,126072006200001076,TRUE
2026-08-07 05:32:45.674,CPP-Patternplating-01-UL,,12607060550002B014,TRUE
2026-08-07 05:32:45.220,WIR-Pretreatment-01-L,1260715024000,126071502400058053,TRUE
2026-08-07 05:32:45.200,AOI-PEP-01-L,1260804015000,126080401500008023,TRUE
2026-08-07 05:32:44.856,AOI-PEP-01-UL,1260804015000,126080401500008025,TRUE
2026-08-07 05:32:43.637,LIN-INNDES-01-L,1260804066000,126080406100004073,TRUE
2026-08-07 05:32:42.033,WIR-Vdevelop-01-L,1260708010010,12607080100003A150,TRUE
2026-08-07 05:32:41.934,LAM-BOP-02-L,1260803019000,126080301300002019,TRUE
2026-08-07 05:32:40.713,LIN-INNDES-02-UL,,126080406900008012,TRUE
2026-08-07 05:32:40.746,LAM-BOP-01-L,1260803037000,126080303700023067,TRUE
2026-08-07 05:32:38.892,WIR-DES-01-UL,1260624087280,126071816301067077,TRUE
2026-08-07 05:32:38.236,ELC-DEP-01-UL,1260718040010,126071708100001046,TRUE
2026-08-07 05:32:37.424,LIN-OUTTRE-01-L,1260703036030,126070303600001079,TRUE
2026-08-07 05:32:36.809,LAM-BOP-02-UL,1260803019000,126080301300002004,TRUE
2026-08-07 05:32:36.621,SMK-TUN-01-UL,1260622054000,126062014500001080,TRUE
2026-08-07 05:32:36.725,LAM-BOP-03-L,1260704001000,126070400100049007,TRUE
2026-08-07 05:32:34.736,SMK-BRU-02-L,1260703054030,Error_202608071232347369,FALSE
2026-08-07 05:32:34.137,LIN-INNDES-01-UL,1260804066000,126080406100004037,TRUE
2026-08-07 05:32:31.189,ELC-DEP-01-L,1260718082000,126071808200001051,TRUE
2026-08-07 05:32:30.716,LIN-INNLDI-03-L,,ERROR_202608071232307160,TRUE
2026-08-07 05:32:30.573,SMK-SPR-01-L,1260619001010,12606190010001C231,TRUE
2026-08-07 05:32:30.142,AOI-RESAOI-01-UL,1260720062000,126072006200001045,TRUE
2026-08-07 05:32:26.286,ROU-RIN-01-UL,,Error_202608071232262866,FALSE
2026-08-07 05:32:25.288,ELC-PUL-02-L,1260715042020,126071504200001080,TRUE
2026-08-07 05:32:24.532,WIR-Pretreatment-01-UL,1260715024003,126071502400358367,TRUE
2026-08-07 05:14:30.797,ELC-PUL-01-UL,1260717051020,126071705100001007,TRUE
2026-08-07 05:33:12.763,LIN-INNDES-01-L,1260804066000,126080406100004071,TRUE
2026-08-07 05:33:12.638,LAM-BOP-02-UL,1260803019000,126080301300002015,TRUE
2026-08-07 05:33:11.330,LIN-OUTDEV-01-L,1260704091000,126070409100001073,TRUE
2026-08-07 05:33:10.004,WIR-LDI-01-L,,126071816000058123,TRUE
2026-08-07 05:33:09.905,SMK-SPR-01-L,1260619001010,12606190010001C199,TRUE
2026-08-07 05:33:09.209,SMK-BRU-02-L,1260703054030,Error_202608071233092092,FALSE
2026-08-07 05:33:08.732,LAM-BOP-01-L,1260803037000,126080303700023063,TRUE
2026-08-07 05:33:08.440,AOI-RESAOI-01-L,1260720062000,126072006200001072,TRUE
2026-08-07 05:33:08.391,ELC-PUL-01-L,1260717021020,126071702100001057,TRUE
2026-08-07 05:33:06.396,SMK-BRU-02-UL,1260703054030,126070305400001071,TRUE
2026-08-07 05:33:06.392,LIN-INNLDI-03-L,,ERROR_202608071233063925,TRUE
2026-08-07 05:33:06.310,AOI-PEP-01-L,1260804015000,126080401500008021,TRUE
2026-08-07 05:33:05.982,LAM-BOP-02-L,1260803019000,126080305500002049,TRUE
2026-08-07 05:33:05.372,AOI-PEP-01-UL,1260804015000,126080401500008023,TRUE
2026-08-07 05:33:03.279,LIN-INNDES-01-UL,1260804066000,126080406100004035,TRUE
2026-08-07 05:33:02.584,ELC-DEP-01-UL,1260718040010,126071708100001047,TRUE
2026-08-07 05:33:02.494,ROU-RIN-01-UL,,Error_202608071233024940,FALSE
2026-08-07 05:33:01.683,LIN-OUTVAP-01-UL,,12606160910001C184,TRUE
2026-08-07 05:33:00.768,WIR-DES-01-L,1260718163010,126071816301067095,TRUE
2026-08-07 05:32:59.940,LIN-OUTTRE-01-L,1260703036030,126070303600001045,TRUE
2026-08-07 05:32:56.612,WIR-Decoatbake-01-UL,1260703001010,12607030010002B168,TRUE
2026-08-07 05:32:56.148,ELC-PUL-02-L,1260715042020,126071504200001045,TRUE
2026-08-07 05:32:56.518,WIR-Vdevelop-01-UL,1260708010010,"12607080100003A164,BD",TRUE
2026-08-07 05:32:56.084,LAM-BOP-03-L,1260704001000,126070400100049003,TRUE
2026-08-07 05:32:55.270,ELC-DEP-01-L,1260718082000,126071808200001053,TRUE
2026-08-07 05:32:53.534,AOI-RESAOI-01-UL,1260720062000,126072006200001037,TRUE
2026-08-07 05:32:49.095,LSR-Debrowning-01-UL,1260718159000,126071815900058026,TRUE
2026-08-07 05:32:48.970,LSR-Debrowning-01-L,1260718159000,126071815900058011,TRUE
2026-08-07 05:32:47.033,CPP-Patternplating-01-L,1260706055010,12607060550002B166,TRUE
2026-08-07 05:32:36.621,SMK-TUN-01-UL,1260622054000,126062014500001080,TRUE
2026-08-07 05:32:55.246,LIN-INNDES-02-UL,,126080406900008011,TRUE
2026-08-07 05:31:07.066,WIR-SE-01-L,1260721076180,12607210760004B030,TRUE
2026-08-07 04:41:58.306,SMK-TRE-01-L,1260622042030,126062204200001055,TRUE
2026-08-07 05:33:37.669,AOI-PEP-01-L,1260804015000,126080401500008018,TRUE
2026-08-07 05:33:36.841,AOI-PEP-01-UL,1260804015000,126080401500008020,TRUE
2026-08-07 05:33:36.723,WIR-LDI-01-L,,126071816000058133,TRUE
2026-08-07 05:33:36.622,LAM-BOP-01-L,1260803037000,126080303700023059,TRUE
2026-08-07 05:33:36.301,LIN-OUTDEV-01-L,1260704091000,126070409100001001,TRUE
2026-08-07 05:33:35.685,LAM-BOP-02-UL,1260803019000,126080301900002037,TRUE
2026-08-07 05:33:34.618,LAM-BOP-03-L,1260704001000,126070400100049009,TRUE
2026-08-07 05:33:33.060,LIN-INNDES-01-UL,1260804066000,126080406100004033,TRUE
2026-08-07 05:33:32.004,AOI-RESAOI-01-L,1260720062000,126072006200001085,TRUE
2026-08-07 05:33:32.348,WIR-Decoatbake-01-UL,1260703001010,12607030010002B179,TRUE
2026-08-07 05:33:31.332,WIR-Vdevelop-01-UL,1260708010010,"12607080100003A161,BD",TRUE
2026-08-07 05:33:29.232,LAM-BOP-02-L,1260803019000,126080306700002063,TRUE
2026-08-07 05:33:28.726,ELC-DEP-01-UL,1260718040010,126071708100001055,TRUE
2026-08-07 05:33:27.354,ELC-PUL-02-L,1260715042020,126071504200001037,TRUE
2026-08-07 05:33:27.279,LIN-INNDES-01-L,1260804066000,126080406100004070,TRUE
2026-08-07 05:33:26.327,SMK-SPR-01-L,1260619001010,12606190010001C180/0,TRUE
2026-08-07 05:33:23.738,WIR-Pretreatment-01-L,1260715024000,126071502400058051,TRUE
2026-08-07 05:33:22.839,ROU-RIN-01-UL,,Error_202608071233228399,FALSE
2026-08-07 05:33:22.817,LIN-INNLDI-03-L,,ERROR_202608071233228172,TRUE
2026-08-07 05:33:22.455,LIN-OUTVAP-01-UL,,Error_202608071233224555,FALSE
2026-08-07 05:33:19.052,ELC-DEP-01-L,1260718082000,126071808200001054,TRUE
2026-08-07 05:33:18.691,WIR-DES-01-UL,1260624087280,126071816301067076,TRUE
2026-08-07 05:33:17.517,LSR-Debrowning-01-UL,1260718159000,126071815900058025,TRUE
2026-08-07 05:33:17.848,WIR-Vdevelop-01-L,1260708010010,12607080100003A165,TRUE
2026-08-07 05:33:17.298,LSR-Debrowning-01-L,1260718159000,126071815900058010,TRUE
2026-08-07 05:33:16.800,AOI-RESAOI-01-UL,1260720062000,126072006200001029,TRUE
2026-08-07 05:33:16.328,SMK-TUN-01-UL,1260622054000,126062014500001053,TRUE
2026-08-07 05:33:08.391,ELC-PUL-01-L,1260717021020,126071702100001057,TRUE
2026-08-07 05:33:57.764,AOI-PEP-01-UL,1260804015000,126080401500008018,TRUE
2026-08-07 05:33:57.108,LIN-INNDES-01-L,1260804066000,126080406100004068,TRUE
2026-08-07 05:33:55.020,AOI-RESAOI-01-L,1260720062000,126072006200001052,TRUE
2026-08-07 05:33:53.745,LAM-BOP-03-L,1260704001000,126070400100049045,TRUE
2026-08-07 05:33:53.443,WIR-Vdevelop-01-L,1260708010010,12607080100003A137,TRUE
2026-08-07 05:33:53.280,LAM-BOP-02-L,1260803019000,126080306700002032,TRUE
2026-08-07 05:33:53.071,ELC-DEP-01-UL,1260718040010,126071708100001017,TRUE
2026-08-07 05:33:50.936,LAM-BOP-01-L,1260803037000,126080303700023057,TRUE
2026-08-07 05:33:50.551,SMK-TRE-01-L,1260606004000,12606060040002B145,TRUE
2026-08-07 05:33:50.255,LIN-INNLDI-03-L,,126080508300016033,TRUE
2026-08-07 05:33:49.990,WIR-Decoatbake-01-UL,1260703001010,12607030010002B169,TRUE
2026-08-07 05:33:49.578,SMK-SPR-01-L,1260619001010,12606190010001C208,TRUE
2026-08-07 05:33:49.165,SMK-BRU-02-UL,1260703054030,126070305400001019,TRUE
2026-08-07 05:33:47.811,AOI-PEP-01-L,1260804015000,126080401500008017,TRUE
2026-08-07 05:33:48.014,LIN-INNDES-01-UL,1260804066000,126080406100004032,TRUE
2026-08-07 05:33:47.660,LIN-INNDES-02-UL,,126080406900008010,TRUE
2026-08-07 05:33:47.608,LAM-BOP-02-UL,1260803019000,126080301900002033,TRUE
2026-08-07 05:33:45.676,LSR-Debrowning-01-UL,1260718159000,126071815900058024,TRUE
2026-08-07 05:33:45.363,LSR-Debrowning-01-L,1260718159000,126071815900058009,TRUE
2026-08-07 05:33:43.774,SMK-BRU-02-L,1260703054030,Error_202608071233437747,FALSE
2026-08-07 05:33:43.238,LIN-OUTVAP-01-UL,,Error_202608071233432382,FALSE
2026-08-07 05:33:43.227,ELC-DEP-01-L,1260718082000,126071808200001072,TRUE
2026-08-07 05:33:42.266,SMK-TUN-01-UL,1260622054000,126062014500001069,TRUE
2026-08-07 05:33:40.644,AOI-RESAOI-01-UL,1260720062000,126072006200001076,TRUE
2026-08-07 05:33:40.911,WIR-DES-01-L,1260718163010,126071816301067094,TRUE
2026-08-07 05:33:40.286,CPP-Patternplating-01-L,1260706055010,12607060550002B165,TRUE
2026-08-07 05:33:39.426,CPP-Patternplating-01-UL,,12607060550002B017,TRUE
2026-08-07 05:34:13.582,LSR-Debrowning-01-L,1260718159000,126071815900058008,TRUE
2026-08-07 05:34:14.020,LSR-Debrowning-01-UL,1260718159000,126071815900058023,TRUE
2026-08-07 05:34:13.401,LAM-BOP-03-L,1260704001000,126070400100049041,TRUE
2026-08-07 05:34:11.873,LIN-INNDES-01-L,1260804066000,126080406100004067,TRUE
2026-08-07 05:34:11.830,ELC-PUL-02-L,1260715042020,126071504200001072,TRUE
2026-08-07 05:34:11.358,LAM-BOP-02-UL,1260803019000,126080301900002035,TRUE
2026-08-07 05:34:11.161,LIN-INNLDI-03-L,,126080508300016034,TRUE
2026-08-07 05:34:08.280,AOI-PEP-01-L,1260804015000,126080401500008015,TRUE
2026-08-07 05:34:08.233,AOI-PEP-01-UL,1260804015000,126080401500008017,TRUE
2026-08-07 05:34:07.290,ELC-DEP-01-L,1260718082000,126071808200001073,TRUE
2026-08-07 05:34:05.719,SMK-SPR-01-L,1260619001010,12606190010001C179/0,TRUE
2026-08-07 05:34:04.873,LAM-BOP-02-L,1260803019000,126080306700002076,TRUE
2026-08-07 05:34:05.193,WIR-Vdevelop-01-UL,1260708010010,"12607080100003A171,BD",TRUE
2026-08-07 05:34:03.876,ELC-PUL-01-L,1260717021020,126071702100001031,TRUE
2026-08-07 05:34:04.670,LAM-BOP-01-L,1260803037000,126080303700023055,TRUE
2026-08-07 05:34:03.707,AOI-RESAOI-01-UL,1260720062000,126072006200001072,TRUE
2026-08-07 05:34:03.537,WIR-LDI-01-L,,126071816000058136,TRUE
2026-08-07 05:34:02.490,WIR-Pretreatment-01-L,1260715024000,126071502400058045,TRUE
2026-08-07 05:34:02.160,SMK-TRE-01-L,1260606004000,12606060040001C100,TRUE
2026-08-07 05:34:01.905,LIN-INNDES-01-UL,1260804066000,126080406100004031,TRUE
2026-08-07 05:34:01.191,LIN-OUTDEV-01-L,1260704091000,126070409100001066,TRUE
2026-08-07 05:33:58.787,WIR-DES-01-UL,1260624087280,126071816301067075,TRUE
2026-08-07 05:33:53.443,WIR-Vdevelop-01-L,1260708010010,12607080100003A137,TRUE
2026-08-07 05:33:43.238,LIN-OUTVAP-01-UL,,Error_202608071233432382,FALSE
2026-08-07 05:34:35.271,LIN-INNLDI-03-L,,ERROR_202608071234352714,TRUE
2026-08-07 05:34:34.832,LAM-BOP-02-UL,1260803019000,126080301900002029,TRUE
2026-08-07 05:34:34.304,CPP-Patternplating-01-L,1260706055010,12607060550002B168,TRUE
2026-08-07 05:34:33.036,LIN-INNDES-02-UL,,126080406900008009,TRUE
2026-08-07 05:34:32.855,LAM-BOP-03-L,1260704001000,126070400100049051,TRUE
2026-08-07 05:34:32.331,LAM-BOP-01-L,1260803037000,126080303700023049,TRUE
2026-08-07 05:34:32.086,CPP-Patternplating-01-UL,,12607060550002B016,TRUE
2026-08-07 05:34:31.513,LIN-INNDES-01-UL,1260804066000,126080406100004029,TRUE
2026-08-07 05:34:31.390,ELC-DEP-01-L,1260718082000,126071808200001045,TRUE
2026-08-07 05:34:30.149,WIR-LDI-01-L,,126071816000058135,TRUE
2026-08-07 05:34:29.688,AOI-PEP-01-L,1260804015000,126080401500008013,TRUE
2026-08-07 05:34:29.160,SMK-SPR-01-L,1260619001010,12606190010001C207,TRUE
2026-08-07 05:34:28.499,LAM-BOP-02-L,1260803019000,126080307300002014,TRUE
2026-08-07 05:34:28.421,AOI-PEP-01-UL,1260804015000,126080401500008015,TRUE
2026-08-07 05:34:26.394,AOI-RESAOI-01-UL,1260720062000,126072006200001085,TRUE
2026-08-07 05:34:26.316,LIN-OUTDEV-01-L,1260704091000,126070409100001058,TRUE
2026-08-07 05:34:24.437,SMK-BRU-02-UL,1260703054030,126070305400001065,TRUE
2026-08-07 05:34:26.218,LIN-INNDES-01-L,1260804066000,126080406100004066,TRUE
2026-08-07 05:34:22.706,SMK-TUN-01-UL,1260622054000,126062014500001054,TRUE
2026-08-07 05:34:19.269,SMK-TRE-01-L,1260606004000,12606060040001C091,TRUE
2026-08-07 05:34:20.820,WIR-DES-01-L,1260718163010,126071816301067093,TRUE
2026-08-07 05:34:18.004,AOI-RESAOI-01-L,1260720062000,126072006200001039,TRUE
2026-08-07 05:34:17.749,ELC-DEP-01-UL,1260718040010,126071708100001001,TRUE
2026-08-07 05:34:18.367,WIR-Decoatbake-01-UL,1260703001010,12607030010002B161,TRUE
2026-08-07 05:34:16.968,SMK-BRU-02-L,1260703054030,Error_202608071234169687,FALSE
2026-08-07 05:34:03.876,ELC-PUL-01-L,1260717021020,126071702100001031,TRUE
2026-08-07 05:32:24.532,WIR-Pretreatment-01-UL,1260715024003,126071502400358367,TRUE
2026-08-07 05:34:48.144,WIR-Decoatbake-01-L,1260709001010,12607090010003A172,TRUE
2026-08-07 05:34:47.143,LAM-BOP-02-UL,1260803019000,126080301900002027,TRUE
2026-08-07 05:34:47.130,SMK-TUN-01-UL,1260622054000,126062014500001008,TRUE
2026-08-07 05:34:46.737,LAM-BOP-01-L,1260803037000,126080303700023047,TRUE
2026-08-07 05:34:46.679,LIN-INNLDI-03-L,,126080508300016036,TRUE
2026-08-07 05:34:46.299,LIN-INNDES-01-UL,1260804066000,126080406100004028,TRUE
2026-08-07 05:34:45.239,SMK-SPR-01-L,1260619001010,12606190010001C066/0,TRUE
2026-08-07 05:34:45.174,ROU-RIN-01-UL,,Error_202608071234451746,FALSE
2026-08-07 05:34:43.276,WIR-Pretreatment-01-L,1260715024000,126071502400058041,TRUE
2026-08-07 05:34:42.301,LSR-Debrowning-01-UL,1260718159000,126071815900058022,TRUE
2026-08-07 05:34:41.676,LSR-Debrowning-01-L,1260718159000,126071815900058007,TRUE
2026-08-07 05:34:41.644,AOI-RESAOI-01-L,1260720062000,126072006200001077,TRUE
2026-08-07 05:34:40.971,LIN-INNDES-01-L,1260804066000,126080406100004065,TRUE
2026-08-07 05:34:40.359,ELC-DEP-01-UL,1260718040010,126071708100001054,TRUE
2026-08-07 05:34:40.096,LAM-BOP-02-L,1260803019000,126080306100002066,TRUE
2026-08-07 05:34:39.346,AOI-PEP-01-L,1260804015000,126080401500008012,TRUE
2026-08-07 05:34:38.909,AOI-PEP-01-UL,1260804015000,126080401500008014,TRUE
2026-08-07 05:34:38.789,WIR-DES-01-UL,1260624087280,126071816301067074,TRUE
2026-08-07 05:34:36.035,SMK-TRE-01-L,1260606004000,12606060040001C082,TRUE
2026-08-07 05:35:07.832,SMK-TRE-01-L,1260606004000,12606060040001C086,TRUE
2026-08-07 05:35:07.476,SMK-SPR-01-L,1260619001010,12606190010001C180,TRUE
2026-08-07 05:35:05.265,ELC-DEP-01-UL,1260718040010,126071708100001035,TRUE
2026-08-07 05:35:04.879,AOI-RESAOI-01-L,1260720062000,126072006200001058,TRUE
2026-08-07 05:35:03.596,LAM-BOP-02-L,1260803019000,126080306100002070,TRUE
2026-08-07 05:35:03.170,WIR-Decoatbake-01-UL,1260703001010,12607030010002B160,TRUE
2026-08-07 05:35:03.552,LIN-INNDES-02-UL,,126080406900008008,TRUE
2026-08-07 05:35:03.133,LIN-INNLDI-03-L,,126080508300016037,TRUE
2026-08-07 05:35:01.002,LIN-INNDES-01-UL,1260804066000,126080406100004027,TRUE
2026-08-07 05:35:00.940,LAM-BOP-01-L,1260803037000,126080303700023045,TRUE
2026-08-07 05:35:00.732,WIR-DES-01-L,1260718163010,126071816301067092,TRUE
2026-08-07 05:35:00.502,AOI-PEP-01-L,1260804015000,126080401500008010,TRUE
2026-08-07 05:34:59.627,AOI-PEP-01-UL,1260804015000,126080401500008012,TRUE
2026-08-07 05:34:59.628,ELC-PUL-01-L,1260717021020,126071702100001039,TRUE
2026-08-07 05:34:59.065,LAM-BOP-02-UL,1260803019000,126080301900002025,TRUE
2026-08-07 05:34:56.436,WIR-LDI-01-L,,126071816000058054,TRUE
2026-08-07 05:34:57.552,ELC-PUL-02-L,1260715042020,126071504200001035,TRUE
2026-08-07 05:34:56.390,ELC-DEP-01-L,1260718082000,126071808200001061,TRUE
2026-08-07 05:34:55.831,LIN-INNDES-01-L,1260804066000,126080406100004064,TRUE
2026-08-07 05:34:54.125,SMK-BRU-02-UL,1260703054030,126070305400001029,TRUE
2026-08-07 05:34:52.060,LAM-BOP-03-L,1260704001000,126070400100049047,TRUE
2026-08-07 05:34:51.160,LIN-OUTDEV-01-L,1260704091000,126070409100001045,TRUE
2026-08-07 05:34:51.078,SMK-BRU-02-L,1260703054030,Error_202608071234510781,FALSE
2026-08-07 05:34:49.848,AOI-RESAOI-01-UL,1260720062000,126072006200001052,TRUE
2026-08-07 05:35:26.068,SMK-TRE-01-L,1260606004000,12606060040001C083,TRUE
2026-08-07 05:35:25.598,LIN-INNDES-01-L,1260804066000,126080406100004062,TRUE
2026-08-07 05:35:24.916,SMK-SPR-01-L,1260619001010,12606190010001C081/0,TRUE
2026-08-07 05:35:24.383,LIN-INNLDI-03-L,,126080508300016038,TRUE
2026-08-07 05:35:22.171,WIR-Pretreatment-01-L,1260715024000,126071502400058050,TRUE
2026-08-07 05:35:21.739,LAM-BOP-02-UL,1260803019000,126080301900002021,TRUE
2026-08-07 05:35:21.052,AOI-PEP-01-L,1260804015000,126080401500008008,TRUE
2026-08-07 05:35:20.286,AOI-PEP-01-UL,1260804015000,126080401500008010,TRUE
2026-08-07 05:35:20.360,ELC-DEP-01-L,1260718082000,126071808200001062,TRUE
2026-08-07 05:35:18.905,WIR-DES-01-UL,1260624087280,126071816301067073,TRUE
2026-08-07 05:35:18.208,LIN-INNDES-02-UL,,126080406900008007,TRUE
2026-08-07 05:35:16.035,LIN-INNDES-01-UL,1260804066000,126080406100004026,TRUE
2026-08-07 05:35:16.050,LIN-OUTDEV-01-L,1260704091000,126070409100001021,TRUE
2026-08-07 05:35:15.378,LAM-BOP-02-L,1260803019000,126080306100002062,TRUE
2026-08-07 05:35:14.534,LAM-BOP-01-L,1260803037000,126080303700023043,TRUE
2026-08-07 05:35:13.969,SMK-BRU-02-L,1260703054030,126070305400001024,TRUE
2026-08-07 05:35:14.483,WIR-Vdevelop-01-UL,1260708010010,"12607080100003A170,BD",TRUE
2026-08-07 05:35:12.925,AOI-RESAOI-01-UL,1260720062000,126072006200001039,TRUE
2026-08-07 05:35:11.373,LAM-BOP-03-L,1260704001000,126070400100049018,TRUE
2026-08-07 05:35:10.379,LSR-Debrowning-01-UL,1260718159000,126071815900058021,TRUE
2026-08-07 05:35:09.785,LSR-Debrowning-01-L,1260718159000,126071815900058006,TRUE
2026-08-07 05:35:08.467,WIR-Decoatbake-01-L,1260709001010,12607090010003A147,TRUE
2026-08-07 05:34:59.628,ELC-PUL-01-L,1260717021020,126071702100001039,TRUE
2026-08-07 05:35:47.276,LIN-INNDES-02-UL,,126080406900008005,TRUE
2026-08-07 05:35:48.214,SMK-SPR-01-L,1260619001010,12606190010001C179,TRUE
2026-08-07 05:35:47.221,WIR-Decoatbake-01-UL,1260703001010,12607030010002B159,TRUE
2026-08-07 05:35:45.036,LIN-INNDES-01-UL,1260804066000,126080406100004024,TRUE
2026-08-07 05:35:43.969,ELC-DEP-01-L,1260718082000,126071808200001071,TRUE
2026-08-07 05:35:43.882,ELC-PUL-02-L,1260715042020,126071504200001030,TRUE
2026-08-07 05:35:43.813,SMK-BRU-02-L,1260703054030,126070305400001038,TRUE
2026-08-07 05:35:43.708,LAM-BOP-01-L,1260803037000,126080303700002001,TRUE
2026-08-07 05:35:43.455,WIR-Decoatbake-01-L,1260709001010,12607090010003A146,TRUE
2026-08-07 05:35:41.803,LIN-OUTDEV-01-L,1260704091000,126070409100001023,TRUE
2026-08-07 05:35:41.708,AOI-PEP-01-UL,1260804015000,126080401500008008,TRUE
2026-08-07 05:35:41.630,AOI-PEP-01-L,1260804015000,126080401500008006,TRUE
2026-08-07 05:35:41.521,SMK-TRE-01-L,1260606004000,12606060040001C117,TRUE
2026-08-07 05:35:40.924,WIR-DES-01-L,1260718163010,126071816301067091,TRUE
2026-08-07 05:35:40.730,ROU-RIN-01-UL,,Error_202608071235407301,FALSE
2026-08-07 05:35:39.755,LIN-INNDES-01-L,1260804066000,126080406100004061,TRUE
2026-08-07 05:35:39.432,LIN-INNLDI-03-L,,126080508300016039,TRUE
2026-08-07 05:35:39.193,LAM-BOP-02-L,1260803019000,126080303100002075,TRUE
2026-08-07 05:35:38.551,LSR-Debrowning-01-UL,1260718159000,126071815900058020,TRUE
2026-08-07 05:35:38.129,LSR-Debrowning-01-L,1260718159000,126071815900058005,TRUE
2026-08-07 05:35:36.989,AOI-RESAOI-01-UL,1260720062000,126072006200001077,TRUE
2026-08-07 05:35:34.333,LAM-BOP-02-UL,1260803019000,126080307300002013,TRUE
2026-08-07 05:35:30.472,ELC-DEP-01-UL,1260718040010,126071708100001024,TRUE
2026-08-07 05:35:27.833,AOI-RESAOI-01-L,1260720062000,126072006200001019,TRUE
2026-08-07 05:35:30.358,LAM-BOP-03-L,1260704001000,126070400100049030,TRUE
2026-08-07 05:35:27.635,SMK-TUN-01-UL,1260622054000,126062014500001033,TRUE
2026-08-07 05:35:27.094,SMK-BRU-02-UL,1260703054030,126070305400001053,TRUE
2026-08-07 05:35:26.671,CPP-Patternplating-01-UL,,12607060550002B013,TRUE
2026-08-07 05:27:52.675,WIR-LDI-01-UL,,12606080020001C185,TRUE
2026-08-07 05:36:06.569,LSR-Debrowning-01-L,1260718159000,126071815900058004,TRUE
2026-08-07 05:36:06.725,LSR-Debrowning-01-UL,1260718159000,126071815900058019,TRUE
2026-08-07 05:36:06.569,LIN-OUTDEV-01-L,1260704091000,126070409100001027,TRUE
2026-08-07 05:36:05.564,CPP-Patternplating-01-L,1260706055010,Error_202608071236055647,FALSE
2026-08-07 05:36:04.639,ROU-RIN-01-UL,,12606100500000101801,TRUE
2026-08-07 05:36:04.590,SMK-SPR-01-L,1260619001010,12606190010001C068/0,TRUE
2026-08-07 05:36:03.490,AOI-PEP-01-L,1260804015000,126080401500008004,TRUE
2026-08-07 05:36:03.225,LAM-BOP-02-L,1260803019000,126080303100002040,TRUE
2026-08-07 05:36:02.115,AOI-PEP-01-UL,1260804015000,126080401500008006,TRUE
2026-08-07 05:36:01.839,LIN-INNDES-02-UL,,126080406900008004,TRUE
2026-08-07 05:36:00.377,WIR-Pretreatment-01-L,1260715024000,126071502400058048,TRUE
2026-08-07 05:36:00.178,LIN-INNDES-01-UL,1260804066000,126080406100004023,TRUE
2026-08-07 05:35:59.178,AOI-RESAOI-01-UL,1260720062000,126072006200001058,TRUE
2026-08-07 05:35:58.986,WIR-DES-01-UL,1260624087280,126071816301067072,TRUE
2026-08-07 05:35:58.209,SMK-TRE-01-L,1260606004000,12606060040001C093,TRUE
2026-08-07 05:35:56.865,LAM-BOP-01-L,1260803037000,126080303700023066,TRUE
2026-08-07 05:35:56.703,SMK-BRU-02-UL,1260703054030,126070305400001039,TRUE
2026-08-07 05:35:54.427,LIN-INNDES-01-L,1260804066000,126080406100004060,TRUE
2026-08-07 05:35:52.293,SMK-TUN-01-UL,1260620145000,126062014500001019,TRUE
2026-08-07 05:35:50.912,AOI-RESAOI-01-L,1260720062000,126072006200001047,TRUE
2026-08-07 05:35:49.409,LAM-BOP-03-L,1260704001000,126070400100049027,TRUE
2026-08-07 05:35:49.080,WIR-Vdevelop-01-UL,1260708010010,"12607080100003A167,BD",TRUE
2026-08-07 05:35:43.455,WIR-Decoatbake-01-L,1260709001010,12607090010003A146,TRUE
2026-08-07 05:35:39.432,LIN-INNLDI-03-L,,126080508300016039,TRUE
2026-08-07 05:22:29.311,ELC-TRE-01-L,1260716023020,126071602300001001,TRUE
2026-08-07 05:35:56.328,ELC-DEP-01-UL,1260718040010,126071708100001065,TRUE
2026-08-07 05:36:27.888,SMK-SPR-01-L,1260619001010,12606190010001C066,TRUE
2026-08-07 05:36:27.804,LAM-BOP-03-L,1260704001000,126070400100049048,TRUE
2026-08-07 05:36:26.522,LAM-BOP-02-L,1260803019000,126080301300002002,TRUE
2026-08-07 05:36:24.679,LAM-BOP-01-L,1260803037000,126080301300002079,TRUE
2026-08-07 05:36:24.241,LIN-INNDES-01-L,1260804066000,126080406100004058,TRUE
2026-08-07 05:36:23.288,AOI-PEP-01-L,1260804015000,126080401500008002,TRUE
2026-08-07 05:36:22.897,AOI-PEP-01-UL,1260804015000,126080401500008004,TRUE
2026-08-07 05:36:22.381,AOI-RESAOI-01-UL,1260720062000,126072006200001019,TRUE
2026-08-07 05:36:21.114,WIR-Decoatbake-01-L,1260709001010,12607090010003A156,TRUE
2026-08-07 05:36:20.864,WIR-DES-01-L,1260718163010,126071816301067090,TRUE
2026-08-07 05:36:19.332,CPP-Patternplating-01-UL,,12607060550002B012,TRUE
2026-08-07 05:36:15.982,ROU-RIN-01-UL,,Error_202608071236159828,FALSE
2026-08-07 05:36:15.887,LIN-INNDES-02-UL,,126080406900008003,TRUE
2026-08-07 05:36:15.522,SMK-TRE-01-L,1260606004000,12606060040001C105,TRUE
2026-08-07 05:36:14.475,LIN-INNDES-01-UL,1260804066000,126080406100004022,TRUE
2026-08-07 05:36:14.049,SMK-BRU-02-L,1260703054030,126070305400001075,TRUE
2026-08-07 05:36:13.756,AOI-RESAOI-01-L,1260720062000,126072006200001034,TRUE
2026-08-07 05:36:08.627,ELC-DEP-01-L,1260718082000,126071808200001044,TRUE
2026-08-07 05:35:56.328,ELC-DEP-01-UL,1260718040010,126071708100001065,TRUE
2026-08-07 05:31:13.513,SMK-BRU-01-L,1260729001000,M0960002G2000E-0607,TRUE
2026-08-07 05:36:45.554,AOI-RESAOI-01-UL,1260720062000,126072006200001047,TRUE
2026-08-07 05:36:44.837,AOI-PEP-01-L,1260804015000,126080401500008079,TRUE
2026-08-07 05:36:43.555,LIN-INNDES-01-UL,1260804066000,126080406100004020,TRUE
2026-08-07 05:36:43.524,AOI-PEP-01-UL,1260804015000,126080401500008002,TRUE
2026-08-07 05:36:39.336,LAM-BOP-02-UL,1260803019000,126080306100002067,TRUE
2026-08-07 05:36:39.084,WIR-Pretreatment-01-L,1260715024000,126071502400058055,TRUE
2026-08-07 05:36:38.944,WIR-DES-01-UL,1260624087280,126071816301067071,TRUE
2026-08-07 05:36:38.461,LIN-INNDES-01-L,1260804066000,126080406100004057,TRUE
2026-08-07 05:36:36.990,AOI-RESAOI-01-L,1260720062000,126072006200001035,TRUE
2026-08-07 05:36:38.305,LAM-BOP-01-L,1260803037000,126080300700002034,TRUE
2026-08-07 05:36:36.524,LAM-BOP-03-UL,1260704001000,12607040010003A011,TRUE
2026-08-07 05:36:34.946,LSR-Debrowning-01-UL,1260718159000,126071815900058018,TRUE
2026-08-07 05:36:33.811,SMK-TUN-01-UL,1260620145000,126062014500001042,TRUE
2026-08-07 05:36:34.337,LSR-Debrowning-01-L,1260718159000,126071815900058003,TRUE
2026-08-07 05:36:32.503,ELC-DEP-01-L,1260718082000,126071808200001015,TRUE
2026-08-07 05:36:32.350,WIR-Decoatbake-01-UL,1260703001010,12607030010002B166,TRUE
2026-08-07 05:36:31.490,SMK-TRE-01-L,1260606004000,12606060040001C089,TRUE
2026-08-07 05:36:31.365,LIN-OUTDEV-01-L,1260704091000,126070409100001030,TRUE
2026-08-07 05:36:31.159,SMK-BRU-02-UL,1260703054030,126070305400001070,TRUE
2026-08-07 05:36:30.263,ELC-PUL-02-L,1260715042020,126071504200001050,TRUE
2026-08-07 05:36:29.925,ELC-DEP-01-UL,1260718040010,Error_202608071236299253,FALSE
2026-08-07 05:36:29.168,LIN-INNDES-02-UL,,126080406900008002,TRUE
2026-08-07 05:36:27.888,SMK-SPR-01-L,1260619001010,12606190010001C066,TRUE
2026-08-07 05:36:14.049,SMK-BRU-02-L,1260703054030,126070305400001075,TRUE
2026-08-07 05:37:03.369,LAM-BOP-02-UL,1260803019000,126080306700002050,TRUE
2026-08-07 05:37:03.322,LSR-Debrowning-01-UL,1260718159000,126071815900058017,TRUE
2026-08-07 05:37:02.447,LSR-Debrowning-01-L,1260718159000,126071815900058002,TRUE
2026-08-07 05:37:01.846,ROU-RIN-01-UL,,Error_202608071237018460,FALSE
2026-08-07 05:37:01.787,SMK-BRU-02-UL,1260703054030,126070305400001045,TRUE
2026-08-07 05:37:01.725,WIR-Vdevelop-01-UL,1260708010010,"12607080100003A178,BD",TRUE
2026-08-07 05:37:00.913,WIR-DES-01-L,1260718163010,126071816301067089,TRUE
2026-08-07 05:37:00.041,AOI-RESAOI-01-L,1260720062000,126072006200001018,TRUE
2026-08-07 05:36:59.547,SMK-TUN-01-UL,1260620145000,126062014500001026,TRUE
2026-08-07 05:36:58.775,LIN-INNDES-01-UL,1260804066000,126080406100004019,TRUE
2026-08-07 05:36:57.928,WIR-Decoatbake-01-L,1260709001010,12607090010003A153,TRUE
2026-08-07 05:36:56.869,LIN-OUTDEV-01-L,1260704091000,126070409100001018,TRUE
2026-08-07 05:36:55.870,LAM-BOP-03-UL,1260704001000,12607040010003A041,TRUE
2026-08-07 05:36:55.165,LAM-BOP-01-L,1260803037000,126080300700002023,TRUE
2026-08-07 05:36:55.381,SMK-BRU-02-L,1260703054030,Error_202608071236553812,FALSE
2026-08-07 05:36:55.009,AOI-PEP-01-L,1260804015000,126080401500008080,TRUE
2026-08-07 05:36:53.165,LIN-INNDES-01-L,1260804066000,126080406100004056,TRUE
2026-08-07 05:36:54.634,AOI-PEP-01-UL,1260804015000,126080401500008001,TRUE
2026-08-07 05:36:49.444,CPP-Patternplating-01-L,1260706055010,Error_202608071236494442,FALSE
2026-08-07 05:36:48.607,LIN-INNDES-02-UL,,126080406900008001,TRUE
2026-08-07 05:36:48.492,SMK-TRE-01-L,1260606004000,12606060040001C094,TRUE
2026-08-07 05:36:47.275,LAM-BOP-03-L,1260704001000,126070400100049011,TRUE
2026-08-07 05:36:29.925,ELC-DEP-01-UL,1260718040010,Error_202608071236299253,FALSE
2026-08-07 05:22:29.311,ELC-TRE-01-L,1260716023020,126071602300001001,TRUE
2026-08-07 05:37:23.618,ELC-DEP-01-L,1260718082000,126071808200001023,TRUE
2026-08-07 05:37:23.478,AOI-RESAOI-01-L,1260720062000,126072006200001038,TRUE
2026-08-07 05:37:23.019,LAM-BOP-03-UL,1260704001000,12607040010003A005,TRUE
2026-08-07 05:37:21.697,SMK-TRE-01-L,1260606004000,12606060040001C062,TRUE
2026-08-07 05:37:22.980,LIN-INNDES-01-L,1260804066000,126080406100004054,TRUE
2026-08-07 05:37:21.400,LIN-OUTDEV-01-L,1260704091000,126070409100001017,TRUE
2026-08-07 05:37:19.087,WIR-DES-01-UL,1260624087280,126071816301067070,TRUE
2026-08-07 05:37:17.726,SMK-BRU-02-L,1260703054030,126070305400001018,TRUE
2026-08-07 05:37:17.571,WIR-Decoatbake-01-UL,1260703001010,12607030010002B147,TRUE
2026-08-07 05:37:17.186,ELC-PUL-02-L,1260715042020,126071504200001011,TRUE
2026-08-07 05:37:15.980,LAM-BOP-02-L,1260803018000,126080301800012079,TRUE
2026-08-07 05:37:15.886,LAM-BOP-02-UL,1260803019000,126080306700002069,TRUE
2026-08-07 05:37:15.492,WIR-Pretreatment-01-L,1260715024000,126071502400058031,TRUE
2026-08-07 05:37:13.888,LIN-INNLDI-03-L,,126080508300016040,TRUE
2026-08-07 05:37:14.948,AOI-PEP-01-UL,1260804015000,126080401500008080,TRUE
2026-08-07 05:37:13.539,CPP-Patternplating-01-UL,,12607060550002B015,TRUE
2026-08-07 05:37:13.042,LIN-INNDES-01-UL,1260804066000,126080406100004018,TRUE
2026-08-07 05:37:11.001,LIN-INNDES-02-UL,,126080406900008013,TRUE
2026-08-07 05:37:11.836,ELC-PUL-01-L,1260718040000,126071804000001007,TRUE
2026-08-07 05:37:08.759,AOI-RESAOI-01-UL,1260720062000,126072006200001034,TRUE
2026-08-07 05:37:07.026,LAM-BOP-01-L,1260803037000,126080300700002003,TRUE
2026-08-07 05:37:06.511,LAM-BOP-03-L,1260704001000,126070400100049058,TRUE
2026-08-07 05:37:01.787,SMK-BRU-02-UL,1260703054030,126070305400001045,TRUE
2026-08-07 05:36:55.009,AOI-PEP-01-L,1260804015000,126080401500008080,TRUE
2026-08-07 05:37:48.829,SMK-SPR-01-L,1260619001010,12606190010001C112/0,TRUE
2026-08-07 05:37:48.799,LAM-BOP-02-L,1260803018000,126080301800012067,TRUE
2026-08-07 05:37:48.058,ELC-DEP-01-L,1260718082000,126071808200001024,TRUE
2026-08-07 05:37:48.011,SMK-BRU-02-L,1260703054030,126070305400001042,TRUE
2026-08-07 05:37:46.966,ELC-PUL-01-L,1260718040000,126071804000001010,TRUE
2026-08-07 05:37:46.372,LIN-OUTDEV-01-L,1260704091000,126070409100001062,TRUE
2026-08-07 05:37:47.613,ROU-RIN-01-UL,,12606100500000102901,TRUE
2026-08-07 05:37:46.169,AOI-RESAOI-01-L,1260720062000,126072006200001031,TRUE
2026-08-07 05:37:42.486,LIN-INNDES-01-UL,1260804066000,126080406100004016,TRUE
2026-08-07 05:37:42.300,LAM-BOP-03-UL,1260704001000,12607040010003A004,TRUE
2026-08-07 05:37:44.955,LAM-BOP-03-L,1260704001000,126070400100049028,TRUE
2026-08-07 05:37:42.182,CPP-Patternplating-01-L,1260706055010,Error_202608071237421824,FALSE
2026-08-07 05:37:40.838,WIR-DES-01-L,1260718163010,126071816301067088,TRUE
2026-08-07 05:37:38.829,LAM-BOP-02-UL,1260803019000,126080307300002002,TRUE
2026-08-07 05:37:40.001,SMK-TUN-01-UL,1260620145000,126062014500001073,TRUE
2026-08-07 05:37:37.656,LIN-INNDES-01-L,1260804066000,126080406100004053,TRUE
2026-08-07 05:37:38.355,SMK-TRE-01-L,1260606004000,12606060040001C066,TRUE
2026-08-07 05:37:37.088,WIR-Vdevelop-01-UL,1260708010010,"12607080100003A175,BD",TRUE
2026-08-07 05:37:35.760,SMK-BRU-02-UL,1260703054030,126070305400001011,TRUE
2026-08-07 05:37:34.682,WIR-Decoatbake-01-L,1260709001010,12607090010003A154,TRUE
2026-08-07 05:37:32.526,ELC-DEP-01-UL,1260718040010,126071708100001052,TRUE
2026-08-07 05:37:31.791,LSR-Debrowning-01-UL,1260718159000,126071815900058016,TRUE
2026-08-07 05:37:31.956,LIN-INNDES-02-UL,,126080406900008038,TRUE
2026-08-07 05:37:31.604,AOI-RESAOI-01-UL,1260720062000,126072006200001035,TRUE
2026-08-07 05:37:30.760,LSR-Debrowning-01-L,1260718159000,126071815900058001,TRUE
2026-08-07 05:37:13.888,LIN-INNLDI-03-L,,126080508300016040,TRUE
2026-08-07 05:32:17.731,LIN-INNLDI-01-L,1260804072000,126080407200002042,TRUE
2026-08-07 05:38:07.450,CPP-Patternplating-01-UL,,12607060550002B008,TRUE
2026-08-07 05:38:06.784,LIN-INNDES-01-L,1260804066000,126080406100004051,TRUE
2026-08-07 05:38:06.028,SMK-BRU-02-UL,1260703054030,126070305400001069,TRUE
2026-08-07 05:38:04.455,SMK-TUN-01-UL,1260620145000,126062014500001004,TRUE
2026-08-07 05:38:04.334,LAM-BOP-03-L,1260704001000,126070400100049046,TRUE
2026-08-07 05:38:02.294,WIR-Decoatbake-01-UL,1260703001010,12607030010002B157,TRUE
2026-08-07 05:38:03.501,ELC-PUL-02-L,1260715042020,126071504200001021,TRUE
2026-08-07 05:38:02.018,LAM-BOP-02-UL,1260803019000,126080307300002005,TRUE
2026-08-07 05:38:01.396,LAM-BOP-03-UL,1260704001000,12607040010003A056,TRUE
2026-08-07 05:38:00.839,WIR-DES-01-UL,1260624087280,126071816301067069,TRUE
2026-08-07 05:38:00.464,LSR-Debrowning-01-UL,1260718159000,126071815900058015,TRUE
2026-08-07 05:37:59.893,LAM-BOP-02-L,1260803018000,126080301800012065,TRUE
2026-08-07 05:37:58.818,ROU-RIN-01-UL,,Error_202608071237588180,FALSE
2026-08-07 05:37:57.096,LIN-INNDES-01-UL,1260804066000,126080406100004015,TRUE
2026-08-07 05:37:55.340,AOI-RESAOI-01-UL,1260720062000,126072006200001018,TRUE
2026-08-07 05:37:55.137,SMK-TRE-01-L,1260606004000,12606060040001C090,TRUE
2026-08-07 05:37:53.869,WIR-Pretreatment-01-L,1260715024000,126071502400058013,TRUE
2026-08-07 05:37:50.539,LIN-OUTVAP-01-UL,,Error_202608071237505390,FALSE
2026-08-07 05:31:13.513,SMK-BRU-01-L,1260729001000,M0960002G2000E-0607,TRUE
2026-08-07 05:38:26.394,LAM-BOP-02-UL,1260803019000,126080307300002008,TRUE
2026-08-07 05:38:26.675,LIN-INNDES-01-UL,1260804066000,126080406100004013,TRUE
2026-08-07 05:38:23.414,LAM-BOP-03-L,1260704001000,126070400100049055,TRUE
2026-08-07 05:38:21.943,ROU-RIN-01-UL,,Error_202608071238219436,FALSE
2026-08-07 05:38:21.565,LAM-BOP-02-L,1260803018000,126080301800012059,TRUE
2026-08-07 05:38:21.456,LIN-INNDES-01-L,1260804066000,126080406100004050,TRUE
2026-08-07 05:38:20.992,LAM-BOP-03-UL,1260704001000,12607040010003A055,TRUE
2026-08-07 05:38:17.952,AOI-RESAOI-01-UL,1260720062000,126072006200001038,TRUE
2026-08-07 05:38:17.097,SMK-SPR-01-L,1260619001010,12606190010001C081,TRUE
2026-08-07 05:38:20.982,WIR-DES-01-L,1260718163010,126071816301067087,TRUE
2026-08-07 05:38:16.014,SMK-TRE-01-L,1260606004000,12606060040001C09608,TRUE
2026-08-07 05:38:12.215,ELC-DEP-01-L,1260718082000,126071808200001030,TRUE
2026-08-07 05:38:11.982,WIR-Decoatbake-01-L,1260709001010,12607090010003A151,TRUE
2026-08-07 05:38:09.403,WIR-LDI-01-L,,126071816000058052,TRUE
2026-08-07 05:38:11.358,LIN-OUTDEV-01-L,1260704091000,126070409100001033,TRUE
2026-08-07 05:38:09.249,AOI-RESAOI-01-L,1260720062000,126072006200001057,TRUE
2026-08-07 05:37:07.026,LAM-BOP-01-L,1260803037000,126080300700002003,TRUE
2026-08-07 05:27:52.675,WIR-LDI-01-UL,,12606080020001C185,TRUE
2026-08-07 05:03:08.486,LIN-INNTRE-02-UL-2,,126080500100004033,TRUE
2026-08-07 05:38:45.175,SMK-TUN-01-UL,1260620145000,126062014500001050,TRUE
2026-08-07 05:38:43.456,LAM-BOP-02-L,1260803018000,126080301800012055,TRUE
2026-08-07 05:38:42.541,LAM-BOP-03-L,1260704001000,126070400100049006,TRUE
2026-08-07 05:38:42.234,ELC-PUL-01-L,1260718040000,126071804000001008,TRUE
2026-08-07 05:38:41.316,LIN-INNDES-01-UL,1260804066000,126080406100004012,TRUE
2026-08-07 05:38:40.811,AOI-RESAOI-01-UL,1260720062000,126072006200001031,TRUE
2026-08-07 05:38:39.650,LAM-BOP-03-UL,1260704001000,12607040010003A037,TRUE
2026-08-07 05:38:39.185,WIR-DES-01-UL,1260624087280,126071816301067068,TRUE
2026-08-07 05:38:37.878,LAM-BOP-02-UL,1260803019000,126080307300002009,TRUE
2026-08-07 05:38:37.536,SMK-BRU-02-UL,1260703054030,126070305400001020,TRUE
2026-08-07 05:38:37.358,LIN-OUTDEV-01-UL,1260626072000,126070409100001071,TRUE
2026-08-07 05:38:36.472,LIN-INNDES-01-L,1260804066000,126080406100004049,TRUE
2026-08-07 05:38:36.249,LIN-OUTDEV-01-L,1260704091000,126070409100001034,TRUE
2026-08-07 05:38:36.201,ELC-DEP-01-L,1260718082000,126071808200001019,TRUE
2026-08-07 05:38:36.122,CPP-Patternplating-01-L,1260706055010,Error_202608071238361227,FALSE
2026-08-07 05:38:35.997,WIR-LDI-01-L,,126071816000058179,TRUE
2026-08-07 05:38:33.396,ROU-RIN-01-UL,,Error_202608071238333967,FALSE
2026-08-07 05:38:34.576,ELC-DEP-01-UL,1260718040010,Error_202608071238345762,FALSE
2026-08-07 05:38:33.363,SMK-SPR-01-L,1260619001010,12606190010001C064/0,TRUE
2026-08-07 05:38:32.435,WIR-Pretreatment-01-L,1260715024000,126071502400058016,TRUE
2026-08-07 05:38:28.998,SMK-BRU-02-L,1260703054030,Error_202608071238289981,FALSE
2026-08-07 05:38:32.108,AOI-RESAOI-01-L,1260720062000,126072006200001022,TRUE
2026-08-07 05:38:29.030,SMK-TRE-01-L,1260606004000,12606060040001C095,TRUE
2026-08-07 05:38:28.278,LSR-Debrowning-01-UL,1260718159000,126071815900058014,TRUE
2026-08-07 05:37:30.760,LSR-Debrowning-01-L,1260718159000,126071815900058001,TRUE
2026-08-07 05:39:06.586,SMK-BRU-02-UL,1260703054030,126070305400001014,TRUE
2026-08-07 05:39:05.582,LIN-INNDES-01-L,1260804066000,126080406100004047,TRUE
2026-08-07 05:39:03.977,SMK-BRU-02-L,1260703054030,Error_202608071239039775,FALSE
2026-08-07 05:39:03.658,AOI-RESAOI-01-UL,1260720062000,126072006200001057,TRUE
2026-08-07 05:39:02.578,WIR-LDI-01-L,,126071816000058177,TRUE
2026-08-07 05:39:02.408,SMK-TRE-01-L,1260606004000,12606060040001C085,TRUE
2026-08-07 05:39:02.077,LAM-BOP-03-L,1260704001000,126070400100049031,TRUE
2026-08-07 05:39:01.441,LAM-BOP-02-UL,1260803019000,126080306100002073,TRUE
2026-08-07 05:39:01.346,LIN-OUTDEV-01-L,1260704091000,126070409100001026,TRUE
2026-08-07 05:39:01.141,CPP-Patternplating-01-UL,,12607060550002B011,TRUE
2026-08-07 05:39:00.859,WIR-DES-01-L,1260718163010,126071816301067086,TRUE
2026-08-07 05:39:00.196,ELC-DEP-01-L,1260718082000,126071808200001004,TRUE
2026-08-07 05:38:58.830,LIN-OUTDEV-01-UL,1260626072000,126070409100001065,TRUE
2026-08-07 05:38:58.936,LAM-BOP-03-UL,1260704001000,12607040010003A051,TRUE
2026-08-07 05:38:56.536,SMK-SPR-01-L,1260619001010,12606190010001C068,TRUE
2026-08-07 05:38:56.264,LSR-Debrowning-01-UL,1260718159000,126071815900058011,TRUE
2026-08-07 05:38:55.221,AOI-RESAOI-01-L,1260720062000,126072006200001073,TRUE
2026-08-07 05:38:56.175,LIN-INNDES-01-UL,1260804066000,126080406100004011,TRUE
2026-08-07 05:38:54.710,ROU-RIN-01-UL,,Error_202608071238547104,FALSE
2026-08-07 05:38:52.053,ELC-DEP-01-UL,1260718040010,Error_202608071238520539,FALSE
2026-08-07 05:38:50.951,WIR-Vdevelop-01-UL,1260708010010,"12607080100003A173,BD",TRUE
2026-08-07 05:38:51.996,LIN-INNDES-02-UL,,126080406900008036,TRUE
2026-08-07 05:38:49.503,ELC-PUL-02-L,1260715042020,126071504200001012,TRUE
2026-08-07 05:38:49.108,WIR-Decoatbake-01-L,1260709001010,12607090010003A149,TRUE
2026-08-07 05:38:47.592,WIR-Decoatbake-01-UL,1260703001010,12607030010002B155,TRUE
2026-08-07 05:37:30.760,LSR-Debrowning-01-L,1260718159000,126071815900058001,TRUE
2026-08-07 04:52:08.215,SMK-DEV-01-L,1260704019020,126062015100001029,TRUE
2026-08-07 05:39:26.815,AOI-RESAOI-01-UL,1260720062000,126072006200001022,TRUE
2026-08-07 05:39:27.055,ROU-RIN-01-UL,,Error_202608071239270556,FALSE
2026-08-07 05:39:26.175,LIN-OUTDEV-01-L,1260704091000,126070409100001028,TRUE
2026-08-07 05:39:25.830,WIR-Decoatbake-01-L,1260709001010,12607090010003A159,TRUE
2026-08-07 05:39:26.002,WIR-Vdevelop-01-UL,1260708010010,"12607080100003A169,BD",TRUE
2026-08-07 05:39:25.567,LAM-BOP-02-UL,1260803019000,126080306100002075,TRUE
2026-08-07 05:39:25.114,LIN-INNDES-01-UL,1260804066000,126080406100004009,TRUE
2026-08-07 05:39:24.578,LSR-Debrowning-01-UL,1260718159000,126071815900058010,TRUE
2026-08-07 05:39:24.227,ELC-DEP-01-L,1260718082000,126071808200001077,TRUE
2026-08-07 05:39:21.000,LAM-BOP-03-L,1260704001000,126070400100049015,TRUE
2026-08-07 05:39:20.270,LIN-INNDES-01-L,1260804066000,126080406100004046,TRUE
2026-08-07 05:39:19.957,AOI-PEP-01-L,1260804017000,126080307200012069,TRUE
2026-08-07 05:39:19.939,LIN-OUTDEV-01-UL,1260626072000,126070409100001073,TRUE
2026-08-07 05:39:19.687,LIN-OUTVAP-01-UL,,12606160910001C188,TRUE
2026-08-07 05:39:19.377,SMK-TRE-01-L,1260606004000,12606060040001C111,TRUE
2026-08-07 05:39:19.283,WIR-DES-01-UL,1260624087280,126071816301067067,TRUE
2026-08-07 05:39:19.347,LAM-BOP-02-L,1260803018000,126080301800012051,TRUE
2026-08-07 05:39:18.283,AOI-RESAOI-01-L,1260720062000,126072006200001021,TRUE
2026-08-07 05:39:17.859,LAM-BOP-03-UL,1260704001000,12607040010003A039,TRUE
2026-08-07 05:39:14.946,ELC-DEP-01-UL,1260718040010,Error_202608071239149462,FALSE
2026-08-07 05:39:12.944,SMK-SPR-01-L,1260619001010,12606190010001C116/0,TRUE
2026-08-07 05:39:11.116,SMK-TUN-01-UL,1260620145000,126062014500001036,TRUE
2026-08-07 05:39:11.033,WIR-Pretreatment-01-L,1260715024000,126071502400058018,TRUE
2026-08-07 05:39:43.769,LIN-OUTDEV-01-UL,1260626072000,126070409100001001,TRUE
2026-08-07 05:39:41.129,AOI-RESAOI-01-L,1260720062000,126072006200001015,TRUE
2026-08-07 05:39:40.924,WIR-DES-01-L,1260718163010,126071816301067120,TRUE
2026-08-07 05:39:42.614,LAM-BOP-02-L,1260803018000,126080301800012047,TRUE
2026-08-07 05:39:40.364,LIN-INNDES-01-UL,1260804066000,126080406100004008,TRUE
2026-08-07 05:39:40.080,LAM-BOP-03-L,1260704001000,126070400100049049,TRUE
2026-08-07 05:39:37.754,ELC-PUL-01-L,1260718040000,126071804000001005,TRUE
2026-08-07 05:39:36.463,SMK-BRU-02-L,1260703054030,Error_202608071239364632,FALSE
2026-08-07 05:39:37.370,SMK-BRU-02-UL,1260703054030,126070305400001051,TRUE
2026-08-07 05:39:37.236,LAM-BOP-03-UL,1260704001000,12607040010003A058,TRUE
2026-08-07 05:39:36.457,LAM-BOP-02-UL,1260803019000,126080301300002041,TRUE
2026-08-07 05:39:35.879,SMK-TRE-01-L,1260606004000,12606060040001C092,TRUE
2026-08-07 05:39:35.004,LIN-INNDES-01-L,1260804066000,126080406100004045,TRUE
2026-08-07 05:39:29.955,WIR-LDI-01-L,,126071816000058121,TRUE
2026-08-07 05:39:35.820,ELC-PUL-02-L,1260715042020,126071504200001033,TRUE
2026-08-07 05:39:32.221,WIR-Decoatbake-01-UL,1260703001010,12607030010002B153,TRUE
2026-08-07 05:39:26.002,WIR-Vdevelop-01-UL,1260708010010,"12607080100003A169,BD",TRUE
2026-08-07 05:39:12.944,SMK-SPR-01-L,1260619001010,12606190010001C116/0,TRUE
2026-08-07 05:40:04.771,LAM-BOP-02-L,1260803018000,126080301800012043,TRUE
2026-08-07 05:40:05.975,LIN-INNDES-01-L,1260804066000,126080406100004042,TRUE
2026-08-07 05:40:04.568,AOI-RESAOI-01-L,1260720062000,126072006200001071,TRUE
2026-08-07 05:40:02.973,WIR-Decoatbake-01-L,1260709001010,12607090010003A160,TRUE
2026-08-07 05:40:00.816,WIR-Vdevelop-01-UL,1260708010010,"12607080100003A147,BD",TRUE
2026-08-07 05:39:59.533,LAM-BOP-03-L,1260704001000,126070400100049001,TRUE
2026-08-07 05:39:59.942,LAM-BOP-02-UL,1260803019000,126080301300002019,TRUE
2026-08-07 05:39:59.457,WIR-DES-01-UL,1260624087280,126071816301067066,TRUE
2026-08-07 05:39:57.682,ROU-RIN-01-UL,,12606100500000100101,TRUE
2026-08-07 05:39:58.035,WIR-LDI-01-L,,126071816000058038,TRUE
2026-08-07 05:39:56.814,LAM-BOP-03-UL,1260704001000,12607040010003A047,TRUE
2026-08-07 05:39:55.395,SMK-BRU-01-UL,1260729001000,M0960002G2000E-0607,TRUE
2026-08-07 05:39:54.065,CPP-Patternplating-01-UL,,12607060550002B010,TRUE
2026-08-07 05:39:53.078,LSR-Debrowning-01-UL,1260718159000,126071815900058009,TRUE
2026-08-07 05:39:52.754,SMK-TRE-01-L,1260606004000,12606060040001C088,TRUE
2026-08-07 05:39:52.054,SMK-TUN-01-UL,1260620145000,126062014500001064,TRUE
2026-08-07 05:39:51.703,LIN-OUTVAP-01-UL,,Error_202608071239517033,FALSE
2026-08-07 05:39:51.472,LIN-OUTDEV-01-L,1260704091000,126070409100001008,TRUE
2026-08-07 05:39:50.035,AOI-RESAOI-01-UL,1260720062000,126072006200001073,TRUE
2026-08-07 05:39:49.675,WIR-Pretreatment-01-L,1260715024000,126071502400058011,TRUE
2026-08-07 05:39:48.776,ELC-DEP-01-L,1260718082000,126071808200001005,TRUE
2026-08-07 05:39:54.457,LIN-INNDES-01-UL,1260804066000,126080406100004007,TRUE
2026-08-07 05:40:21.962,AOI-PEP-01-L,1260804017000,126080307200012048,TRUE
2026-08-07 05:40:21.770,CPP-Patternplating-01-L,1260708010000,Error_202608071240217707,FALSE
2026-08-07 05:40:21.711,AOI-PEP-01-UL,1260804017000,126080307200012069,TRUE
2026-08-07 05:40:21.510,LIN-INNLDI-03-L,,ERROR_202608071240215109,TRUE
2026-08-07 05:40:20.927,WIR-DES-01-L,1260718163010,126071816301067119,TRUE
2026-08-07 05:40:20.922,LSR-Debrowning-01-UL,1260718159000,126071815900058008,TRUE
2026-08-07 05:40:18.899,LIN-INNDES-01-L,1260804066000,126080406100004041,TRUE
2026-08-07 05:40:18.513,LIN-INNTRE-02-UL-1,,126080500100004035,TRUE
2026-08-07 05:40:18.471,LAM-BOP-03-L,1260704001000,126070400100049024,TRUE
2026-08-07 05:40:17.348,WIR-Decoatbake-01-UL,1260703001010,12607030010002B162,TRUE
2026-08-07 05:40:16.021,LIN-OUTDEV-01-L,1260704091000,126070409100001069,TRUE
2026-08-07 05:40:15.799,LAM-BOP-03-UL,1260704001000,12607040010003A045,TRUE
2026-08-07 05:40:15.758,SMK-TUN-01-UL,1260620145000,126062014500001022,TRUE
2026-08-07 05:40:15.747,ELC-DEP-01-L,1260718082000,126071808200001066,TRUE
2026-08-07 05:40:15.710,LAM-BOP-02-L,1260803018000,126080301800012039,TRUE
2026-08-07 05:40:13.036,AOI-RESAOI-01-UL,1260720062000,126072006200001021,TRUE
2026-08-07 05:40:12.069,LAM-BOP-02-UL,1260803019000,126080305500002024,TRUE
2026-08-07 05:40:11.043,SMK-BRU-02-L,1260703054030,Error_202608071240110438,FALSE
2026-08-07 05:40:09.606,ELC-DEP-01-UL,1260718040010,Error_202608071240096063,FALSE
2026-08-07 05:40:09.412,LIN-INNDES-01-UL,1260804066000,126080406100004006,TRUE
2026-08-07 05:40:09.271,SMK-TRE-01-L,1260606004000,12606060040001C087,TRUE
2026-08-07 05:40:09.059,ROU-RIN-01-UL,,Error_202608071240090590,FALSE
2026-08-07 05:40:08.958,LIN-OUTDEV-01-UL,1260626072000,126070409100001066,TRUE
2026-08-07 05:40:08.700,SMK-BRU-02-UL,1260703054030,126070305400001027,TRUE
2026-08-07 05:40:08.017,LIN-INNDES-02-UL,,126080406800006046,TRUE
2026-08-07 05:40:08.676,WIR-Vdevelop-01-L,1260608002000,12606080020001C089,TRUE
2026-08-07 05:39:55.395,SMK-BRU-01-UL,1260729001000,M0960002G2000E-0607,TRUE
2026-08-07 05:31:13.513,SMK-BRU-01-L,1260729001000,M0960002G2000E-0607,TRUE
2026-08-07 02:27:23.084,SMK-TUN-01-L,1260622030000,126062203000001002,TRUE
2026-08-07 05:40:44.859,SMK-BRU-02-L,1260703054030,Error_202608071240448597,FALSE
2026-08-07 05:40:44.762,LIN-INNLDI-03-L,,ERROR_202608071240447626,TRUE
2026-08-07 05:40:44.650,AOI-PEP-01-UL,1260804017000,126080307200012048,TRUE
2026-08-07 05:40:44.338,AOI-PEP-01-L,1260804017000,126080307200012043,TRUE
2026-08-07 05:40:43.460,ELC-PUL-01-L,1260718040000,126071804000001015,TRUE
2026-08-07 05:40:41.217,LIN-INNTRE-02-UL-2,,126080500100004053,TRUE
2026-08-07 05:40:42.537,SMK-TRE-01-L,1260606004000,12606060040001C074,TRUE
2026-08-07 05:40:41.172,SMK-BRU-02-UL,1260703054030,126070305400001003,TRUE
2026-08-07 05:40:40.944,LIN-OUTDEV-01-L,1260704091000,126070409100001064,TRUE
2026-08-07 05:40:39.844,ELC-DEP-01-L,1260718082000,126071808200001070,TRUE
2026-08-07 05:40:39.568,WIR-Decoatbake-01-L,1260709001010,12607090010003A157,TRUE
2026-08-07 05:40:39.334,WIR-DES-01-UL,1260624087280,126071816301067065,TRUE
2026-08-07 05:40:38.098,LAM-BOP-03-L,1260704001000,126070400100049002,TRUE
2026-08-07 05:40:38.291,LIN-INNDES-01-UL,1260804066000,126080406100004004,TRUE
2026-08-07 05:40:37.824,LAM-BOP-02-L,1260803018000,126080301800012037,TRUE
2026-08-07 05:40:37.022,SMK-TRE-01-UL,1260606004000,12606060040001C10004,TRUE
2026-08-07 05:40:35.850,AOI-RESAOI-01-UL,1260720062000,126072006200001015,TRUE
2026-08-07 05:40:35.807,LAM-BOP-02-UL,1260803019000,126080305500002064,TRUE
2026-08-07 05:40:35.473,WIR-Vdevelop-01-UL,1260708010010,"12607080100003A124,BD",TRUE
2026-08-07 05:40:35.192,LAM-BOP-03-UL,1260704001000,12607040010003A054,TRUE
2026-08-07 05:40:34.905,LIN-INNTRE-02-UL-1,,126080500100004044,TRUE
2026-08-07 05:40:34.272,LIN-OUTDEV-01-UL,1260626072000,126070409100001058,TRUE
2026-08-07 05:40:33.884,LIN-INNDES-01-L,1260804066000,126080406100004040,TRUE
2026-08-07 05:40:32.579,LSR-Debrowning-01-L,1260718159010,126071815900058179,TRUE
2026-08-07 05:40:30.489,WIR-Pretreatment-01-L,1260715024000,126071502400058021,TRUE
2026-08-07 05:40:27.490,AOI-RESAOI-01-L,1260720062000,126072006200001056,TRUE
2026-08-07 05:40:31.801,WIR-Vdevelop-01-L,1260608002000,12606080020001C086,TRUE
2026-08-07 05:40:26.442,WIR-LDI-01-L,,126071816000058042,TRUE
2026-08-07 05:40:22.373,ELC-PUL-02-L,1260715042020,126071504200001008,TRUE
2026-08-07 05:31:13.513,SMK-BRU-01-L,1260729001000,M0960002G2000E-0607,TRUE
2026-08-07 05:41:11.188,LSR-Debrowning-01-L,1260718159010,126071815900058177,TRUE
2026-08-07 05:41:08.960,WIR-Pretreatment-01-L,1260715024000,126071502400058023,TRUE
2026-08-07 05:41:08.861,ELC-PUL-02-L,1260715042020,126071504200001001,TRUE
2026-08-07 05:41:08.089,AOI-PEP-01-L,1260804017000,126080303000012018,TRUE
2026-08-07 05:41:07.829,LIN-INNTRE-02-UL-1,,126080500100004052,TRUE
2026-08-07 05:41:07.730,LIN-INNDES-01-UL,1260804066000,126080406100004002,TRUE
2026-08-07 05:41:07.244,SMK-SPR-01-L,1260619001010,12606190010001C095/0,TRUE
2026-08-07 05:41:06.949,AOI-PEP-01-UL,1260804017000,126080307200012043,TRUE
2026-08-07 05:41:06.867,SMK-TRE-01-UL,1260606004000,12606060040001C08201,TRUE
2026-08-07 05:41:05.945,LIN-OUTDEV-01-L,1260704091000,126070409100001057,TRUE
2026-08-07 05:41:04.882,CPP-Patternplating-01-L,1260708010000,Error_202608071241048820,FALSE
2026-08-07 05:41:04.491,WIR-Vdevelop-01-L,1260608002000,12606080020001C087,TRUE
2026-08-07 05:41:04.288,WIR-LDI-01-UL,,126071816000058136,TRUE
2026-08-07 05:41:04.016,ELC-DEP-01-L,1260718082000,126071808200001052,TRUE
2026-08-07 05:41:03.698,LIN-INNDES-01-L,1260804066000,126080406100004038,TRUE
2026-08-07 05:41:03.241,WIR-Decoatbake-01-UL,1260703001010,12607030010002B143,TRUE
2026-08-07 05:41:02.429,LIN-OUTDEV-01-UL,1260626072000,126070409100001045,TRUE
2026-08-07 05:41:00.928,WIR-DES-01-L,1260718163010,126071816301067118,TRUE
2026-08-07 05:41:00.562,LIN-INNTRE-02-UL-2,,126080500100004036,TRUE
2026-08-07 05:40:59.558,LAM-BOP-02-UL,1260803019000,126080306700002036,TRUE
2026-08-07 05:40:59.327,LIN-INNLDI-03-L,,ERROR_202608071240593274,TRUE
2026-08-07 05:40:59.304,SMK-TRE-01-L,1260606004000,12606060040001C112,TRUE
2026-08-07 05:40:57.286,LAM-BOP-03-L,1260704001000,126070400100049005,TRUE
2026-08-07 05:40:56.431,SMK-TUN-01-UL,1260620145000,126062014500001076,TRUE
2026-08-07 05:40:58.804,AOI-RESAOI-01-UL,1260720062000,126072006200001071,TRUE
2026-08-07 05:40:54.396,LAM-BOP-03-UL,1260704001000,12607040010003A043,TRUE
2026-08-07 05:40:54.365,WIR-LDI-01-L,,126071816000058039,TRUE
2026-08-07 05:40:49.063,LSR-Debrowning-01-UL,1260718159000,126071815900058007,TRUE
2026-08-07 05:40:53.405,ROU-RIN-01-UL,,Error_202608071240534051,FALSE
2026-08-07 05:40:48.756,CPP-Patternplating-01-UL,,12607060550002B007,TRUE
2026-08-07 05:40:48.697,LAM-BOP-02-L,1260803018000,126080301800012031,TRUE
2026-08-07 05:40:25.538,SMK-BRU-01-UL,1260729001000,M0960002G2000E-0607,TRUE
2026-08-07 05:31:07.066,WIR-SE-01-L,1260721076180,12607210760004B030,TRUE
2026-08-07 05:41:34.540,SMK-TRE-01-L,1260606004000,12606060040001C110,TRUE
2026-08-07 05:41:34.156,LIN-INNLDI-03-L,,ERROR_202608071241341569,TRUE
2026-08-07 05:41:33.416,LAM-BOP-03-UL,1260704001000,12607040010003A003,TRUE
2026-08-07 05:41:31.205,LSR-Debrowning-01-L,1260718159010,126071815900058176,TRUE
2026-08-07 05:41:30.747,SMK-BRU-01-UL,1260729001000,M0960002G2000E-0607,TRUE
2026-08-07 05:41:31.102,LIN-OUTDEV-01-L,1260704091000,126070409100001022,TRUE
2026-08-07 05:41:29.717,ROU-RIN-01-UL,,Error_202608071241297174,FALSE
2026-08-07 05:41:27.820,LIN-OUTDEV-01-UL,1260626072000,126070409100001021,TRUE
2026-08-07 05:41:27.955,ELC-DEP-01-L,1260718082000,126071808200001079,TRUE
2026-08-07 05:41:27.170,AOI-PEP-01-UL,1260804017000,126080303000012018,TRUE
2026-08-07 05:41:29.732,AOI-PEP-01-L,1260804017000,126080303000012019,TRUE
2026-08-07 05:41:26.695,SMK-TRE-01-UL,1260606004000,12606060040002B174,TRUE
2026-08-07 05:41:26.611,LIN-INNTRE-02-UL-1,,Error_202608071241266114,FALSE
2026-08-07 05:41:22.777,LIN-INNDES-01-UL,1260804066000,126080406100004001,TRUE
2026-08-07 05:41:23.418,LAM-BOP-02-UL,1260803019000,126080306700002076,TRUE
2026-08-07 05:41:22.316,SMK-TUN-01-UL,1260620145000,126062014500001068,TRUE
2026-08-07 05:41:22.305,WIR-LDI-01-L,,126071816000058048,TRUE
2026-08-07 05:41:21.097,SMK-SPR-01-L,1260619001010,12606190010001C064,TRUE
2026-08-07 05:41:19.274,WIR-DES-01-UL,1260624087280,126071816301067064,TRUE
2026-08-07 05:41:19.063,SMK-BRU-02-L,1260703054030,Error_202608071241190635,FALSE
2026-08-07 05:41:17.757,WIR-Decoatbake-01-L,1260709001010,12607090010003A158,TRUE
2026-08-07 05:41:17.619,LAM-BOP-03-L,1260704001000,126070400100049042,TRUE
2026-08-07 05:41:19.877,LIN-INNTRE-02-UL-2,,126080500100004045,TRUE
2026-08-07 05:41:17.313,LSR-Debrowning-01-UL,1260718159000,126071815900058006,TRUE
2026-08-07 05:41:15.470,SMK-BRU-02-UL,1260703054030,126070305400001012,TRUE
2026-08-07 05:40:48.697,LAM-BOP-02-L,1260803018000,126080301800012031,TRUE
2026-08-07 05:40:09.606,ELC-DEP-01-UL,1260718040010,Error_202608071240096063,FALSE
2026-08-07 05:41:55.885,LAM-BOP-03-L,1260704001000,126070400100049043,TRUE
2026-08-07 05:41:55.854,LIN-OUTDEV-01-L,1260704091000,126070409100001025,TRUE
2026-08-07 05:41:55.269,ELC-PUL-02-L,1260715042020,126071504200001017,TRUE
2026-08-07 05:41:54.291,WIR-Decoatbake-01-L,1260709001010,12607090010003A166,TRUE
2026-08-07 05:41:53.755,SMK-BRU-02-L,1260703054030,Error_202608071241537557,FALSE
2026-08-07 05:41:52.730,LAM-BOP-03-UL,1260704001000,12607040010003A035,TRUE
2026-08-07 05:41:52.296,LIN-INNDES-01-UL,1260804066000,126080406100004078,TRUE
2026-08-07 05:41:52.130,ELC-DEP-01-L,1260718082000,126071808200001058,TRUE
2026-08-07 05:41:51.624,LAM-BOP-02-L,1260803018000,126080301800012029,TRUE
2026-08-07 05:41:51.140,AOI-PEP-01-UL,1260804017000,126080303000012019,TRUE
2026-08-07 05:41:50.984,AOI-PEP-01-L,1260804017000,126080306600012031,TRUE
2026-08-07 05:41:50.557,WIR-LDI-01-L,,126071816000058046,TRUE
2026-08-07 05:41:50.156,LIN-INNLDI-03-L,,ERROR_202608071241501569,TRUE
2026-08-07 05:41:50.159,SMK-BRU-02-UL,1260703054030,126070305400001013,TRUE
2026-08-07 05:41:50.151,SMK-TRE-01-UL,1260606004000,12606060040001C08604,TRUE
2026-08-07 05:41:50.010,SMK-TRE-01-L,1260606004000,12606060040001C063,TRUE
2026-08-07 05:41:49.041,LIN-OUTDEV-01-UL,1260626072000,126070409100001023,TRUE
2026-08-07 05:41:48.072,WIR-Decoatbake-01-UL,1260703001010,12607030010002B151,TRUE
2026-08-07 05:41:47.932,WIR-Pretreatment-01-L,1260715024000,126071502400058024,TRUE
2026-08-07 05:41:46.822,AOI-RESAOI-01-L,1260720062000,126072006200001055,TRUE
2026-08-07 05:41:46.749,LAM-BOP-02-UL,1260803019000,126080307300002014,TRUE
2026-08-07 05:41:45.550,LSR-Debrowning-01-UL,1260718159000,126071815900058005,TRUE
2026-08-07 05:41:41.557,CPP-Patternplating-01-UL,,12607060550002B006,TRUE
2026-08-07 05:41:43.379,LIN-INNTRE-02-UL-1,,Error_202608071241433793,FALSE
2026-08-07 05:41:40.838,WIR-DES-01-L,1260718163010,126071816301067117,TRUE
2026-08-07 05:41:40.585,SMK-SPR-01-L,1260619001010,12606190010001C903/0,TRUE
2026-08-07 05:41:39.238,LIN-INNTRE-02-UL-2,,126080500100004047,TRUE
2026-08-07 05:41:39.091,ELC-PUL-01-L,1260718040000,126071804000001004,TRUE
2026-08-07 05:31:13.513,SMK-BRU-01-L,1260729001000,M0960002G2000E-0607,TRUE
2026-08-07 05:42:15.079,LAM-BOP-03-L,1260704001000,126070400100049029,TRUE
2026-08-07 05:42:14.833,AOI-PEP-01-UL,1260804017000,126080306600012031,TRUE
2026-08-07 05:42:13.740,LSR-Debrowning-01-UL,1260718159000,126071815900058004,TRUE
2026-08-07 05:42:13.499,LAM-BOP-02-L,1260803018000,126080301800012025,TRUE
2026-08-07 05:42:12.761,AOI-RESAOI-01-UL,1260720062000,126072006200001056,TRUE
2026-08-07 05:42:11.391,LAM-BOP-03-UL,1260704001000,12607040010003A001,TRUE
2026-08-07 05:42:10.964,SMK-TRE-01-L,1260606004000,12606060040001C109,TRUE
2026-08-07 05:42:10.468,LAM-BOP-02-UL,1260803019000,126080303100002002,TRUE
2026-08-07 05:42:10.301,LIN-INNTRE-02-UL-2,,126080500100004049,TRUE
2026-08-07 05:42:07.109,LIN-INNDES-01-UL,1260804066000,126080406100004077,TRUE
2026-08-07 05:42:09.956,LIN-INNLDI-03-L,,ERROR_202608071242099563,TRUE
2026-08-07 05:42:04.073,AOI-RESAOI-01-L,1260720062000,126072006200001008,TRUE
2026-08-07 05:42:02.389,ROU-RIN-01-UL,,Error_202608071242023891,FALSE
2026-08-07 05:42:02.338,SMK-TUN-01-UL,1260620145000,126062014500001021,TRUE
2026-08-07 05:42:01.762,WIR-LDI-01-UL,,126071816000058135,TRUE
2026-08-07 05:42:00.383,SMK-SPR-01-L,1260619001010,12606190010001C116,TRUE
2026-08-07 05:41:59.332,LSR-Debrowning-01-L,1260718159010,126071815900058175,TRUE
2026-08-07 05:41:59.292,WIR-DES-01-UL,1260624087280,126071816301067063,TRUE
2026-08-07 05:41:58.667,CPP-Patternplating-01-L,1260708010000,Error_202608071241586677,FALSE
2026-08-07 05:41:50.159,SMK-BRU-02-UL,1260703054030,126070305400001013,TRUE
2026-08-07 05:42:31.812,WIR-LDI-01-UL,,126071816000058054,TRUE
2026-08-07 05:42:31.048,LAM-BOP-03-UL,1260704001000,12607040010003A042,TRUE
2026-08-07 05:42:28.469,ROU-RIN-01-UL,,Error_202608071242284699,FALSE
2026-08-07 05:42:27.959,LIN-INNLDI-03-L,,ERROR_202608071242279592,TRUE
2026-08-07 05:42:27.917,SMK-TUN-01-UL,1260620145000,126062014500001016,TRUE
2026-08-07 05:42:27.569,LSR-Debrowning-01-L,1260718159010,126071815900058174,TRUE
2026-08-07 05:42:27.418,AOI-RESAOI-01-L,1260720062000,126072006200001062,TRUE
2026-08-07 05:42:24.798,LAM-BOP-02-L,1260803018000,126080301800012023,TRUE
2026-08-07 05:42:24.014,WIR-Pretreatment-01-L,1260715024000,126071502400058027,TRUE
2026-08-07 05:42:22.798,LAM-BOP-02-UL,1260803019000,126080306100002070,TRUE
2026-08-07 05:42:22.116,SMK-BRU-02-UL,1260703054030,126070305400001026,TRUE
2026-08-07 05:42:22.079,LIN-INNDES-01-UL,1260804066000,126080406100004076,TRUE
2026-08-07 05:42:20.967,WIR-DES-01-L,1260718163010,126071816301067116,TRUE
2026-08-07 05:42:20.855,LIN-OUTDEV-01-L,1260704091000,126070409100001035,TRUE
2026-08-07 05:42:19.060,WIR-Vdevelop-01-UL,1260708010010,"12607080100003A137,BD",TRUE
2026-08-07 05:42:18.920,WIR-LDI-01-L,,126071816000058025,TRUE
2026-08-07 05:42:16.542,SMK-SPR-01-L,1260619001010,12606190010001C084/0,TRUE
2026-08-07 05:42:17.496,LIN-OUTDEV-01-UL,1260626072000,126070409100001027,TRUE
2026-08-07 05:42:16.459,ELC-DEP-01-L,1260718082000,126071808200001064,TRUE
2026-08-07 05:41:03.698,LIN-INNDES-01-L,1260804066000,126080406100004038,TRUE
2026-08-07 05:32:59.940,LIN-OUTTRE-01-L,1260703036030,126070303600001045,TRUE
2026-08-07 02:27:23.084,SMK-TUN-01-L,1260622030000,126062203000001002,TRUE
2026-08-07 05:42:54.741,LIN-INNLDI-03-L,,126080508400014037,TRUE
2026-08-07 05:42:53.649,WIR-SE-01-L,1260625079180,12606250790001C095,TRUE
2026-08-07 05:42:54.585,SMK-BRU-02-UL,1260703054030,126070305400001016,TRUE
2026-08-07 05:42:53.517,LAM-BOP-03-L,1260704001000,126070400100049008,TRUE
2026-08-07 05:42:52.268,CPP-Patternplating-01-L,1260708010000,Error_202608071242522686,FALSE
2026-08-07 05:42:52.023,ELC-DEP-01-UL,1260717081000,126071808200001020,TRUE
2026-08-07 05:42:50.926,LIN-INNDES-01-UL,1260804066000,126080406100004074,TRUE
2026-08-07 05:42:50.715,AOI-RESAOI-01-L,1260720062000,126072006200001017,TRUE
2026-08-07 05:42:50.236,LAM-BOP-03-UL,1260704001000,12607040010003A038,TRUE
2026-08-07 05:42:46.923,WIR-LDI-01-L,,126071816000058024,TRUE
2026-08-07 05:42:47.785,AOI-PEP-01-L,1260804017000,126080306000012010,TRUE
2026-08-07 05:42:51.153,SMK-TRE-01-L,1260606004000,12606060040001C078,TRUE
2026-08-07 05:42:46.660,LAM-BOP-02-L,1260803018000,126080301800012019,TRUE
2026-08-07 05:42:45.809,LIN-OUTDEV-01-L,1260704091000,126070409100001078,TRUE
2026-08-07 05:42:45.566,LAM-BOP-02-UL,1260803019000,126080303100002005,TRUE
2026-08-07 05:42:41.395,ELC-PUL-02-L,1260715042020,126071504200001079,TRUE
2026-08-07 05:42:41.897,LSR-Debrowning-01-UL,1260718159000,126071815900058003,TRUE
2026-08-07 05:42:40.230,SMK-SPR-01-L,1260619001010,12606190010001C095,TRUE
2026-08-07 05:42:40.414,ELC-DEP-01-L,1260718082000,126071808200001041,TRUE
2026-08-07 05:42:38.606,LIN-OUTDEV-01-UL,1260626072000,126070409100001030,TRUE
2026-08-07 05:42:39.110,WIR-DES-01-UL,1260624087280,126071816301067062,TRUE
2026-08-07 05:42:35.168,AOI-RESAOI-01-UL,1260720062000,126072006200001055,TRUE
2026-08-07 05:42:35.749,CPP-Patternplating-01-UL,,12607060550002B009,TRUE
2026-08-07 05:42:35.093,ELC-PUL-01-L,1260718040000,126071804000001012,TRUE
2026-08-07 05:42:33.249,WIR-Decoatbake-01-UL,1260703001010,12607030010002B149,TRUE
2026-08-07 05:42:32.218,WIR-Decoatbake-01-L,1260709001010,12607090010003A163,TRUE
2026-08-07 05:41:03.698,LIN-INNDES-01-L,1260804066000,126080406100004038,TRUE
2026-08-07 05:32:59.940,LIN-OUTTRE-01-L,1260703036030,126070303600001045,TRUE
2026-08-07 05:43:13.785,AOI-RESAOI-01-L,1260720062000,126072006200001026,TRUE
2026-08-07 05:43:12.691,LAM-BOP-03-L,1260704001000,126070400100049022,TRUE
2026-08-07 05:43:10.826,LIN-OUTDEV-01-L,1260704091000,126070409100001044,TRUE
2026-08-07 05:43:10.552,LAM-BOP-02-UL,1260803019000,126080303100002054,TRUE
2026-08-07 05:43:10.319,LSR-Debrowning-01-UL,1260718159000,126071815900058002,TRUE
2026-08-07 05:43:10.177,AOI-PEP-01-UL,1260804017000,126080306000012010,TRUE
2026-08-07 05:43:09.425,WIR-Decoatbake-01-L,1260709001010,12607090010003A164,TRUE
2026-08-07 05:43:09.208,LAM-BOP-02-L,1260803018000,126080301800012036,TRUE
2026-08-07 05:43:09.050,LAM-BOP-03-UL,1260704001000,12607040010003A046,TRUE
2026-08-07 05:43:08.966,SMK-TUN-01-UL,1260620145000,126062014500001059,TRUE
2026-08-07 05:43:08.895,AOI-PEP-01-L,1260804017000,126080401700012017,TRUE
2026-08-07 05:43:07.576,LIN-OUTDEV-01-UL,1260626072000,126070409100001018,TRUE
2026-08-07 05:43:07.513,SMK-TRE-01-L,1260606004000,12606060040001C080,TRUE
2026-08-07 05:43:05.520,LIN-INNDES-01-UL,1260804066000,126080406100004073,TRUE
2026-08-07 05:43:05.399,LIN-INNLDI-03-L,,ERROR_202608071243053992,TRUE
2026-08-07 05:43:04.738,WIR-Pretreatment-01-L,1260715024000,126071502400058029,TRUE
2026-08-07 05:43:04.541,ELC-DEP-01-L,1260718082000,126071808200001026,TRUE
2026-08-07 05:43:02.935,SMK-TRE-01-UL,1260606004000,12606060040001C10504,TRUE
2026-08-07 05:43:02.692,LIN-INNTRE-02-UL-1,,Error_202608071243026928,FALSE
2026-08-07 05:43:01.628,WIR-LDI-01-UL,,126071816000058052,TRUE
2026-08-07 05:43:00.816,WIR-DES-01-L,1260718163010,126071816301067115,TRUE
2026-08-07 05:42:59.278,AOI-RESAOI-01-UL,1260720062000,126072006200001008,TRUE
2026-08-07 05:42:56.121,SMK-SPR-01-L,1260619001010,12606190010001C111/0,TRUE
2026-08-07 05:42:55.787,LSR-Debrowning-01-L,1260718159010,126071815900058173,TRUE
2026-08-07 05:42:39.110,WIR-DES-01-UL,1260624087280,126071816301067062,TRUE
2026-08-07 05:43:31.712,AOI-PEP-01-L,1260804017000,126080401700012015,TRUE
2026-08-07 05:43:31.958,LAM-BOP-03-L,1260704001000,126070400100049016,TRUE
2026-08-07 05:43:31.504,WIR-LDI-01-UL,,126071816000058179,TRUE
2026-08-07 05:43:31.118,LAM-BOP-02-L,1260803018000,126080301800012060,TRUE
2026-08-07 05:43:30.299,ELC-PUL-01-L,1260718040000,126071804000001021,TRUE
2026-08-07 05:43:29.827,AOI-PEP-01-UL,1260804017000,126080401700012017,TRUE
2026-08-07 05:43:28.985,LIN-OUTDEV-01-UL,1260626072000,126070409100001017,TRUE
2026-08-07 05:43:29.301,WIR-Vdevelop-01-L,1260608002000,12606080020001C084,TRUE
2026-08-07 05:43:28.120,ELC-PUL-02-L,1260715042020,126071504200001010,TRUE
2026-08-07 05:43:28.254,LAM-BOP-03-UL,1260704001000,12607040010003A026,TRUE
2026-08-07 05:43:28.895,CPP-Patternplating-01-UL,,12607060550002B002,TRUE
2026-08-07 05:43:28.776,ELC-DEP-01-L,1260718082000,126071808200001065,TRUE
2026-08-07 05:43:25.323,SMK-BRU-02-UL,1260703054030,126070305400001032,TRUE
2026-08-07 05:43:24.438,SMK-TRE-01-L,1260606004000,12606060040001C073,TRUE
2026-08-07 05:43:24.024,LSR-Debrowning-01-L,1260718159010,126071815900058172,TRUE
2026-08-07 05:43:23.402,LIN-INNLDI-03-L,,ERROR_202608071243234021,TRUE
2026-08-07 05:43:22.609,SMK-TRE-01-UL,1260606004000,12606060040001C09404,TRUE
2026-08-07 05:43:22.281,AOI-RESAOI-01-UL,1260720062000,126072006200001062,TRUE
2026-08-07 05:43:21.585,LAM-BOP-02-UL,1260803019000,126080303100002040,TRUE
2026-08-07 05:43:19.991,LIN-INNDES-01-UL,1260804066000,126080406100004072,TRUE
2026-08-07 05:43:19.764,SMK-SPR-01-L,1260619001010,12606190010001C903,TRUE
2026-08-07 05:43:19.317,WIR-DES-01-UL,1260624087280,126071816301067061,TRUE
2026-08-07 05:43:17.332,WIR-Decoatbake-01-UL,1260703001010,12607030010002B150,TRUE
2026-08-07 05:43:15.019,WIR-LDI-01-L,,126071816000058028,TRUE
2026-08-07 05:43:14.494,WIR-SE-01-L,1260625079180,12606250790001C103,TRUE
2026-08-07 05:32:59.940,LIN-OUTTRE-01-L,1260703036030,126070303600001045,TRUE
2026-08-07 05:31:13.513,SMK-BRU-01-L,1260729001000,M0960002G2000E-0607,TRUE
2026-08-07 05:43:51.807,AOI-PEP-01-UL,1260804017000,126080401700012015,TRUE
2026-08-07 05:43:51.084,LAM-BOP-03-L,1260704001000,126070400100049032,TRUE
2026-08-07 05:43:51.132,LIN-INNLDI-03-L,,126080508400014007,TRUE
2026-08-07 05:43:49.775,LIN-INNDES-01-UL,1260804066000,126080406100004070,TRUE
2026-08-07 05:43:48.879,CPP-Patternplating-01-L,1260708010000,12607080100003A039,TRUE
2026-08-07 05:43:48.275,LIN-INNDES-01-L,1260804066000,126080407000010078,TRUE
2026-08-07 05:43:47.600,LAM-BOP-03-UL,1260704001000,12607040010003A060,TRUE
2026-08-07 05:43:45.567,WIR-Decoatbake-01-L,1260709001010,12607090010003A161,TRUE
2026-08-07 05:43:45.532,AOI-RESAOI-01-UL,1260720062000,126072006200001017,TRUE
2026-08-07 05:43:44.744,LAM-BOP-02-UL,1260803019000,126080301300002002,TRUE
2026-08-07 05:43:42.863,WIR-LDI-01-L,,126071816000058026,TRUE
2026-08-07 05:43:42.353,LAM-BOP-02-L,1260803018000,126080301800012033,TRUE
2026-08-07 05:43:42.322,AOI-PEP-01-L,1260804017000,126080401700012014,TRUE
2026-08-07 05:43:42.297,SMK-TRE-01-UL,1260606004000,12606060040001C09704,TRUE
2026-08-07 05:43:41.910,WIR-DES-01-L,1260718163010,126071816301067114,TRUE
2026-08-07 05:43:41.391,SMK-TRE-01-L,1260606004000,12606060040001C081,TRUE
2026-08-07 05:43:41.285,WIR-Pretreatment-01-L,1260715024000,126071502400058030,TRUE
2026-08-07 05:43:38.602,LSR-Debrowning-01-UL,1260718159000,126071815900058001,TRUE
2026-08-07 05:43:38.201,WIR-SE-01-UL,1260721076180,12607210760004B030,TRUE
2026-08-07 05:43:36.829,AOI-RESAOI-01-L,1260720062000,126072006200001016,TRUE
2026-08-07 05:43:36.126,LIN-OUTDEV-01-L,1260704091000,126070409100001024,TRUE
2026-08-07 05:43:41.824,ELC-DEP-01-UL,1260717081000,126071808200001049,TRUE
2026-08-07 05:43:35.905,SMK-SPR-01-L,1260619001010,12606190010001C063/0,TRUE
2026-08-07 05:43:33.030,SMK-TUN-01-UL,1260620145000,126062014500001028,TRUE
2026-08-07 05:44:11.404,LIN-INNTRE-02-UL-2,,126080500100004038,TRUE
2026-08-07 05:44:12.264,LIN-INNTRE-02-UL-1,,126080500100004043,TRUE
2026-08-07 05:44:10.726,WIR-LDI-01-L,,126071816000058037,TRUE
2026-08-07 05:44:10.306,LIN-INNLDI-03-L,,126080508400014009,TRUE
2026-08-07 05:44:10.094,LAM-BOP-03-L,1260704001000,126070400100049052,TRUE
2026-08-07 05:44:08.610,AOI-RESAOI-01-UL,1260720062000,126072006200001026,TRUE
2026-08-07 05:44:06.812,LAM-BOP-03-UL,1260704001000,12607040010003A036,TRUE
2026-08-07 05:44:05.463,LAM-BOP-02-L,1260803018000,126080307200012027,TRUE
2026-08-07 05:44:05.023,WIR-Vdevelop-01-L,1260608002000,12606080020001C085,TRUE
2026-08-07 05:44:04.572,LIN-INNDES-01-UL,1260804066000,126080406100004069,TRUE
2026-08-07 05:44:04.463,AOI-PEP-01-L,1260804017000,126080401700012010,TRUE
2026-08-07 05:44:04.201,ELC-DEP-01-UL,1260717081000,126071808200001018,TRUE
2026-08-07 05:44:03.307,AOI-PEP-01-UL,1260804017000,126080401700012014,TRUE
2026-08-07 05:44:02.507,WIR-Decoatbake-01-UL,1260703001010,12607030010002B139,TRUE
2026-08-07 05:44:02.057,LIN-INNDES-01-L,1260804066000,126080407000010077,TRUE
2026-08-07 05:44:01.922,SMK-TRE-01-L,1260606004000,12606060040001C076,TRUE
2026-08-07 05:44:01.366,WIR-LDI-01-UL,,126071816000058177,TRUE
2026-08-07 05:44:00.954,LIN-OUTDEV-01-L,1260704091000,126070409100001041,TRUE
2026-08-07 05:43:59.468,SMK-SPR-01-L,1260619001010,12606190010001C084,TRUE
2026-08-07 05:43:59.844,AOI-RESAOI-01-L,1260720062000,126072006200001007,TRUE
2026-08-07 05:43:59.179,WIR-DES-01-UL,1260624087280,126071816301067101,TRUE
2026-08-07 05:43:55.200,SMK-BRU-02-UL,1260703054030,126070305400001057,TRUE
2026-08-07 05:43:53.501,LIN-OUTDEV-01-UL,1260626072000,126070409100001062,TRUE
2026-08-07 05:43:53.153,ELC-DEP-01-L,1260718082000,126071808200001075,TRUE
2026-08-07 05:43:52.274,LSR-Debrowning-01-L,1260718159010,126071815900058171,TRUE
2026-08-07 05:44:25.954,LIN-OUTDEV-01-L,1260704091000,126070409100001009,TRUE
2026-08-07 05:44:26.177,ELC-PUL-01-L,1260718040000,126071804000001053,TRUE
2026-08-07 05:44:25.953,LAM-BOP-03-UL,1260704001000,12607040010003A040,TRUE
2026-08-07 05:44:25.495,AOI-PEP-01-UL,1260804017000,126080401700012010,TRUE
2026-08-07 05:44:24.413,CPP-Patternplating-01-L,1260708010000,12607080100003A038,TRUE
2026-08-07 05:44:22.773,CPP-Patternplating-01-UL,,12607060550002B005,TRUE
2026-08-07 05:44:22.766,AOI-RESAOI-01-L,1260720062000,126072006200001051,TRUE
2026-08-07 05:44:22.757,WIR-Decoatbake-01-L,1260709001010,12607090010003A131,TRUE
2026-08-07 05:44:21.976,WIR-Pretreatment-01-L,1260715024000,126071502400058058,TRUE
2026-08-07 05:44:21.470,SMK-TRE-01-L,1260606004000,12606060040001C072,TRUE
2026-08-07 05:44:20.898,WIR-DES-01-L,1260718163010,126071816301067113,TRUE
2026-08-07 05:44:20.634,LSR-Debrowning-01-L,1260718159010,126071815900058170,TRUE
2026-08-07 05:44:19.181,LIN-INNLDI-03-L,,ERROR_202608071244191818,TRUE
2026-08-07 05:44:19.063,LIN-OUTDEV-01-UL,1260626072000,126070409100001033,TRUE
2026-08-07 05:44:18.916,LIN-INNDES-01-UL,1260804066000,126080406100004068,TRUE
2026-08-07 05:44:17.385,AOI-PEP-01-L,1260804017000,126080401700012009,TRUE
2026-08-07 05:44:16.935,ELC-DEP-01-L,1260718082000,126071808200001063,TRUE
2026-08-07 05:44:16.510,LAM-BOP-02-L,1260803018000,126080301800012053,TRUE
2026-08-07 05:44:16.479,LIN-INNDES-01-L,1260804066000,126080407000010076,TRUE
2026-08-07 05:44:15.624,SMK-SPR-01-L,1260619001010,12606190010001C113/0,TRUE
2026-08-07 05:44:14.389,ELC-PUL-02-L,1260715042020,126071504200001034,TRUE
2026-08-07 05:44:10.094,LAM-BOP-03-L,1260704001000,126070400100049052,TRUE
2026-08-07 05:44:12.858,SMK-TUN-01-UL,1260620145000,126062014500001043,TRUE
2026-08-07 05:43:44.744,LAM-BOP-02-UL,1260803019000,126080301300002002,TRUE
2026-08-07 05:43:42.297,SMK-TRE-01-UL,1260606004000,12606060040001C09704,TRUE
2026-08-07 05:43:38.201,WIR-SE-01-UL,1260721076180,12607210760004B030,TRUE
2026-08-07 05:44:47.226,WIR-Decoatbake-01-UL,1260703001010,12607030010002B137,TRUE
2026-08-07 05:44:47.747,AOI-PEP-01-UL,1260804017000,126080401700012008,TRUE
2026-08-07 05:44:45.857,LIN-INNDES-01-L,1260804066000,126080407000010074,TRUE
2026-08-07 05:44:45.796,LIN-INNLDI-03-L,,126080508400014011,TRUE
2026-08-07 05:44:45.810,AOI-RESAOI-01-L,1260720062000,126072006200001032,TRUE
2026-08-07 05:44:45.314,LAM-BOP-03-UL,1260704001000,12607040010003A050,TRUE
2026-08-07 05:44:45.122,LAM-BOP-02-UL,1260803018000,126080301800012071,TRUE
2026-08-07 05:44:43.591,LIN-OUTDEV-01-UL,1260626072000,126070409100001034,TRUE
2026-08-07 05:44:41.313,ELC-DEP-01-L,1260718082000,126071808200001001,TRUE
2026-08-07 05:44:40.711,WIR-Vdevelop-01-L,1260608002000,12606080020001C082,TRUE
2026-08-07 05:44:39.156,SMK-SPR-01-L,1260619001010,12606190010001C111,TRUE
2026-08-07 05:44:38.992,WIR-DES-01-UL,1260624087280,126071816301067100,TRUE
2026-08-07 05:44:38.984,SMK-TUN-01-UL,1260620145000,126062014500001002,TRUE
2026-08-07 05:44:38.826,LAM-BOP-02-L,1260803018000,126080302400012076,TRUE
2026-08-07 05:44:38.680,WIR-LDI-01-L,,126071816000058014,TRUE
2026-08-07 05:44:38.591,SMK-TRE-01-L,1260606004000,12606060040001C077,TRUE
2026-08-07 05:44:37.606,AOI-PEP-01-L,1260804017000,126080401700012007,TRUE
2026-08-07 05:44:33.793,LIN-INNDES-01-UL,1260804066000,126080406100004067,TRUE
2026-08-07 05:44:31.976,WIR-LDI-01-UL,,126071816000058121,TRUE
2026-08-07 05:44:31.454,AOI-RESAOI-01-UL,1260720062000,126072006200001016,TRUE
2026-08-07 05:44:29.609,ELC-DEP-01-UL,1260717081000,126071808200001047,TRUE
2026-08-07 05:44:29.736,LAM-BOP-03-L,1260704001000,126070400100049010,TRUE
2026-08-07 05:44:26.827,SMK-BRU-02-UL,1260703054030,126070305400001059,TRUE
2026-08-07 05:43:38.201,WIR-SE-01-UL,1260721076180,12607210760004B030,TRUE
2026-08-07 05:45:01.011,WIR-LDI-01-UL,,126071816000058038,TRUE
2026-08-07 05:45:00.936,LIN-INNDES-01-L,1260804066000,126080407000010073,TRUE
2026-08-07 05:45:00.855,WIR-DES-01-L,1260718163010,126071816301067112,TRUE
2026-08-07 05:45:00.607,AOI-PEP-01-L,1260804017000,126080401700012004,TRUE
2026-08-07 05:45:00.482,LAM-BOP-02-L,1260803018000,126080302400012031,TRUE
2026-08-07 05:45:00.158,ELC-PUL-02-L,1260715042020,126071504200001036,TRUE
2026-08-07 05:44:59.855,WIR-Decoatbake-01-L,1260709001010,12607090010003A132,TRUE
2026-08-07 05:44:58.998,AOI-PEP-01-UL,1260804017000,126080401700012007,TRUE
2026-08-07 05:44:59.377,SMK-BRU-02-UL,1260703054030,126070305400001031,TRUE
2026-08-07 05:44:58.572,WIR-Pretreatment-01-L,1260715024000,126071502400058022,TRUE
2026-08-07 05:44:58.005,ROU-RIN-01-UL,,Error_202608071244580053,FALSE
2026-08-07 05:44:56.264,LAM-BOP-02-UL,1260803018000,126080301800012069,TRUE
2026-08-07 05:44:55.349,LIN-INNLDI-03-L,,ERROR_202608071244553494,TRUE
2026-08-07 05:44:55.188,SMK-SPR-01-L,1260619001010,12606190010001C089/0,TRUE
2026-08-07 05:44:54.920,SMK-TRE-01-L,1260606004000,12606060040001C114,TRUE
2026-08-07 05:44:54.435,AOI-RESAOI-01-UL,1260720062000,126072006200001007,TRUE
2026-08-07 05:44:53.361,ELC-DEP-01-UL,1260717081000,126071808200001037,TRUE
2026-08-07 05:44:50.592,LIN-OUTDEV-01-L,1260704091000,126070409100001061,TRUE
2026-08-07 05:44:49.087,LSR-Debrowning-01-L,1260718159010,126071815900058169,TRUE
2026-08-07 05:44:48.982,LIN-INNDES-01-UL,1260804066000,126080406100004066,TRUE
2026-08-07 05:43:38.201,WIR-SE-01-UL,1260721076180,12607210760004B030,TRUE
2026-08-07 05:43:14.494,WIR-SE-01-L,1260625079180,12606250790001C103,TRUE
2026-08-07 05:45:23.390,AOI-PEP-01-L,1260804017000,126080401700012002,TRUE
2026-08-07 05:45:22.552,ROU-RIN-01-UL,,Error_202608071245225524,FALSE
2026-08-07 05:45:22.422,LAM-BOP-02-L,1260803018000,126080302400012077,TRUE
2026-08-07 05:45:22.030,LIN-INNLDI-03-L,,126080508400014028,TRUE
2026-08-07 05:45:21.741,ELC-PUL-01-L,1260718040000,126071804000001006,TRUE
2026-08-07 05:45:21.437,AOI-PEP-01-UL,1260804017000,126080401700012004,TRUE
2026-08-07 05:45:21.261,WIR-DES-01-UL,1260624087280,126071816301067099,TRUE
2026-08-07 05:45:19.798,SMK-TUN-01-UL,1260620145000,126062014500001062,TRUE
2026-08-07 05:45:18.798,SMK-SPR-01-L,1260619001010,12606190010001C063,TRUE
2026-08-07 05:45:18.229,ELC-DEP-01-UL,1260717081000,126071808200001036,TRUE
2026-08-07 05:45:17.952,LAM-BOP-02-UL,1260803018000,126080301800012065,TRUE
2026-08-07 05:45:17.980,CPP-Patternplating-01-L,1260708010000,12607080100003A045,TRUE
2026-08-07 05:45:17.780,LIN-INNDES-01-UL,1260804066000,126080406100004064,TRUE
2026-08-07 05:45:17.545,AOI-RESAOI-01-UL,1260720062000,126072006200001051,TRUE
2026-08-07 05:45:17.010,LSR-Debrowning-01-L,1260718159010,126071815900058168,TRUE
2026-08-07 05:45:16.683,CPP-Patternplating-01-UL,,12607060550002B004,TRUE
2026-08-07 05:45:16.542,WIR-Vdevelop-01-L,1260608002000,12606080020001C092,TRUE
2026-08-07 05:45:15.780,LIN-OUTDEV-01-L,1260704091000,126070409100001036,TRUE
2026-08-07 05:45:12.513,LIN-OUTDEV-01-UL,1260626072000,126070409100001026,TRUE
2026-08-07 05:45:15.233,LIN-INNDES-01-L,1260804066000,126080407000010072,TRUE
2026-08-07 05:45:09.295,AOI-RESAOI-01-L,1260720062000,126072006200001067,TRUE
2026-08-07 05:45:11.420,SMK-TRE-01-L,1260606004000,12606060040001C071,TRUE
2026-08-07 05:45:08.579,SMK-DIX-01-L,1260715004000,126071500400001015,TRUE
2026-08-07 05:45:06.964,WIR-LDI-01-L,,126071816000058011,TRUE
2026-08-07 05:44:41.313,ELC-DEP-01-L,1260718082000,126071808200001001,TRUE
2026-08-07 05:43:38.201,WIR-SE-01-UL,1260721076180,12607210760004B030,TRUE
2026-08-07 05:45:04.539,LAM-BOP-03-UL,1260704001000,12607040010003A052,TRUE
2026-08-07 05:43:14.494,WIR-SE-01-L,1260625079180,12606250790001C103,TRUE
2026-08-07 05:32:59.940,LIN-OUTTRE-01-L,1260703036030,126070303600001045,TRUE
2026-08-07 05:45:45.332,AOI-PEP-01-L,1260804017000,126080401700012031,TRUE
2026-08-07 05:45:45.263,LSR-Debrowning-01-L,1260718159010,126071815900058167,TRUE
2026-08-07 05:45:44.939,SMK-TRE-01-L,1260606004000,12606060040001C113,TRUE
2026-08-07 05:45:44.582,LIN-INNDES-01-L,1260804066000,126080407000010070,TRUE
2026-08-07 05:45:44.409,LAM-BOP-02-L,1260803018000,126080305400012080,TRUE
2026-08-07 05:45:44.209,ROU-RIN-01-UL,,12606100500000101001,TRUE
2026-08-07 05:45:44.206,SMK-TUN-01-UL,1260620145000,126062014500001005,TRUE
2026-08-07 05:45:44.189,AOI-PEP-01-UL,1260804017000,126080401700012002,TRUE
2026-08-07 05:45:43.292,ELC-DEP-01-UL,1260717081000,126071808200001035,TRUE
2026-08-07 05:45:43.246,LAM-BOP-03-UL,1260704001000,12607040010003A033,TRUE
2026-08-07 05:45:40.918,WIR-DES-01-L,1260718163010,126071816301067111,TRUE
2026-08-07 05:45:40.767,AOI-RESAOI-01-UL,1260720062000,126072006200001032,TRUE
2026-08-07 05:45:40.424,LIN-OUTDEV-01-L,1260704091000,126070409100001068,TRUE
2026-08-07 05:45:39.828,LIN-INNLDI-03-L,,126080508400014027,TRUE
2026-08-07 05:45:39.674,LAM-BOP-02-UL,1260803018000,126080301800012059,TRUE
2026-08-07 05:45:37.892,LIN-OUTDEV-01-UL,1260626072000,126070409100001028,TRUE
2026-08-07 05:45:36.996,WIR-Pretreatment-01-L,1260715024000,126071502400058004,TRUE
2026-08-07 05:45:36.699,WIR-Decoatbake-01-L,1260709001010,12607090010003A140,TRUE
2026-08-07 05:45:34.839,WIR-LDI-01-L,,126071816000058012,TRUE
2026-08-07 05:45:34.706,SMK-SPR-01-L,1260619001010,12606190010001C090/0,TRUE
2026-08-07 05:45:34.456,SMK-DIX-01-L,1260715004000,126071500400001009,TRUE
2026-08-07 05:45:33.933,SMK-BRU-02-UL,1260703054030,126070305400001041,TRUE
2026-08-07 05:45:32.641,LIN-INNDES-01-UL,1260804066000,126080406100004063,TRUE
2026-08-07 05:45:32.480,WIR-Decoatbake-01-UL,1260703001010,12607030010002B148,TRUE
2026-08-07 05:45:30.902,WIR-LDI-01-UL,,126071816000058042,TRUE
2026-08-07 05:45:27.909,LIN-INNTRE-02-UL-2,,126080500100004041,TRUE
2026-08-07 05:45:25.050,LIN-INNTRE-02-UL-1,,126080500100004042,TRUE
2026-08-07 05:45:21.303,SMK-BRU-01-UL,1260729001000,M0960002G2000E-0607,TRUE
2026-08-07 05:44:41.313,ELC-DEP-01-L,1260718082000,126071808200001001,TRUE
2026-08-07 05:43:38.201,WIR-SE-01-UL,1260721076180,12607210760004B030,TRUE
2026-08-07 05:46:08.272,AOI-PEP-01-L,1260804017000,126080401700012028,TRUE
2026-08-07 05:46:08.254,SMK-SPR-01-L,1260619001010,12606190010001C113,TRUE
2026-08-07 05:46:07.576,SMK-BRU-02-UL,1260703054030,126070305400001073,TRUE
2026-08-07 05:46:07.459,AOI-PEP-01-UL,1260804017000,126080401700012031,TRUE
2026-08-07 05:46:07.348,LIN-INNLDI-03-L,,ERROR_202608071246073483,TRUE
2026-08-07 05:46:06.889,ELC-DEP-01-UL,1260717081000,126071808200001048,TRUE
2026-08-07 05:46:06.584,LAM-BOP-02-L,1260803018000,126080305400012018,TRUE
2026-08-07 05:46:06.129,LIN-OUTDEV-01-L,1260704091000,126070409100001037,TRUE
2026-08-07 05:46:03.410,AOI-RESAOI-01-UL,1260720062000,126072006200001067,TRUE
2026-08-07 05:46:02.858,WIR-LDI-01-L,,126071816000058022,TRUE
2026-08-07 05:46:02.356,LAM-BOP-03-UL,1260704001000,12607040010003A048,TRUE
2026-08-07 05:46:02.083,LIN-INNDES-01-UL,1260804066000,126080406100004061,TRUE
2026-08-07 05:46:02.050,SMK-TRE-01-L,1260606004000,12606060040001C118,TRUE
2026-08-07 05:46:00.795,WIR-LDI-01-UL,,126071816000058039,TRUE
2026-08-07 05:45:59.208,LIN-INNDES-01-L,1260804066000,126080407000010069,TRUE
2026-08-07 05:45:59.168,WIR-DES-01-UL,1260624087280,126071816301067098,TRUE
2026-08-07 05:45:58.627,LIN-OUTDEV-01-UL,1260626072000,126070409100001008,TRUE
2026-08-07 05:45:52.090,WIR-Vdevelop-01-L,1260608002000,12606080020001C093,TRUE
2026-08-07 05:45:50.911,LAM-BOP-02-UL,1260803018000,126080301800012057,TRUE
2026-08-07 05:45:48.909,LIN-INNTRE-02-UL-2,,126080500100004040,TRUE
2026-08-07 05:45:55.742,ROU-RIN-01-UL,,Error_202608071245557428,FALSE
2026-08-07 05:45:47.034,ELC-PUL-02-L,1260715042020,126071504200001051,TRUE
2026-08-07 05:45:09.295,AOI-RESAOI-01-L,1260720062000,126072006200001067,TRUE
2026-08-07 05:46:26.741,LAM-BOP-02-UL,1260803018000,126080301800012055,TRUE
2026-08-07 05:46:25.707,SMK-SPR-01-L,1260619001010,12606190010001C093/0,TRUE
2026-08-07 05:46:24.645,SMK-TUN-01-UL,1260620145000,126062014500001039,TRUE
2026-08-07 05:46:23.129,LIN-INNLDI-03-L,,ERROR_202608071246231290,TRUE
2026-08-07 05:46:21.606,LAM-BOP-03-UL,1260704001000,12607040010003A028,TRUE
2026-08-07 05:46:20.319,AOI-PEP-01-UL,1260804017000,126080401700012030,TRUE
2026-08-07 05:46:20.937,WIR-DES-01-L,1260718163010,126071816301067110,TRUE
2026-08-07 05:46:20.061,LSR-Debrowning-01-UL,1260718159010,126071815900058179,TRUE
2026-08-07 05:46:19.207,SMK-TRE-01-L,1260606004000,12606060040001C099,TRUE
2026-08-07 05:46:19.069,AOI-PEP-01-L,1260804017000,126080401700012026,TRUE
2026-08-07 05:46:18.045,WIR-Decoatbake-01-UL,1260703001010,12607030010002B145,TRUE
2026-08-07 05:46:17.920,WIR-Pretreatment-01-L,1260715024000,126071502400058019,TRUE
2026-08-07 05:46:17.819,LAM-BOP-02-L,1260803018000,126080305400012044,TRUE
2026-08-07 05:46:16.647,LIN-INNDES-01-UL,1260804066000,126080406100004060,TRUE
2026-08-07 05:46:17.196,ELC-PUL-01-L,1260718040000,126071804000001050,TRUE
2026-08-07 05:46:14.514,WIR-Decoatbake-01-L,1260709001010,12607090010003A139,TRUE
2026-08-07 05:46:14.225,LIN-INNDES-01-L,1260804066000,126080407000010068,TRUE
2026-08-07 05:46:13.560,LSR-Debrowning-01-L,1260718159010,126071815900058166,TRUE
2026-08-07 05:46:11.842,CPP-Patternplating-01-L,1260708010000,12607080100003A044,TRUE
2026-08-07 05:46:09.737,LIN-INNTRE-02-UL-2,,126080500100004039,TRUE
2026-08-07 05:46:09.676,SMK-TRE-01-UL,1260606004000,12606060040001C09204,TRUE
2026-08-07 05:46:09.545,CPP-Patternplating-01-UL,,12607060550002B055,TRUE
2026-08-07 05:46:03.410,AOI-RESAOI-01-UL,1260720062000,126072006200001067,TRUE
2026-08-07 05:44:41.313,ELC-DEP-01-L,1260718082000,126071808200001001,TRUE
2026-08-07 05:39:51.703,LIN-OUTVAP-01-UL,,Error_202608071239517033,FALSE
2026-08-07 05:46:51.898,SMK-TRE-01-L,1260606004000,12606060040001C067,TRUE
2026-08-07 05:46:51.086,LAM-BOP-02-L,1260803018000,126080301200012080,TRUE
2026-08-07 05:46:51.251,WIR-Decoatbake-01-L,1260709001010,12607090010003A138,TRUE
2026-08-07 05:46:50.555,SMK-TRE-01-UL,1260606004000,12606060040001C087,TRUE
2026-08-07 05:46:50.411,SMK-TUN-01-UL,1260620145000,126062014500001025,TRUE
2026-08-07 05:46:49.336,LAM-BOP-02-UL,1260803018000,126080301800012049,TRUE
2026-08-07 05:46:47.952,LSR-Debrowning-01-UL,1260718159010,126071815900058178,TRUE
2026-08-07 05:46:49.317,SMK-SPR-01-L,1260619001010,12606190010001C089,TRUE
2026-08-07 05:46:47.358,ELC-TRE-01-L,1260717057000,126071705700001004,TRUE
2026-08-07 05:46:48.945,LIN-OUTDEV-01-UL,1260626072000,126070409100001064,TRUE
2026-08-07 05:46:46.258,LIN-INNDES-01-UL,1260804066000,126080406100004058,TRUE
2026-08-07 05:46:44.671,LSR-Debrowning-01-L,1260718159010,126071815900058165,TRUE
2026-08-07 05:46:44.272,LIN-INNLDI-03-L,,ERROR_202608071246442724,TRUE
2026-08-07 05:46:43.492,LIN-INNDES-01-L,1260804066000,126080407000010066,TRUE
2026-08-07 05:46:43.252,LIN-OUTVAP-01-UL,,12606160910001C181,TRUE
2026-08-07 05:46:41.710,AOI-PEP-01-L,1260804017000,126080401700012023,TRUE
2026-08-07 05:46:41.405,SMK-BRU-02-UL,1260703054030,126070305400001008,TRUE
2026-08-07 05:46:40.904,LAM-BOP-03-UL,1260704001000,12607040010003A014,TRUE
2026-08-07 05:46:39.328,WIR-DES-01-UL,1260624087280,126071816301067097,TRUE
2026-08-07 05:46:41.117,AOI-PEP-01-UL,1260804017000,126080401700012026,TRUE
2026-08-07 05:46:33.536,ELC-PUL-02-L,1260715042020,126071504200001058,TRUE
2026-08-07 05:46:31.124,ELC-DEP-01-UL,1260717081000,126071808200001046,TRUE
2026-08-07 05:46:30.802,LIN-OUTDEV-01-L,1260704091000,126070409100001060,TRUE
2026-08-07 05:46:30.999,WIR-LDI-01-L,,126071816000058010,TRUE
2026-08-07 05:46:30.562,WIR-LDI-01-UL,,126071816000058048,TRUE
2026-08-07 05:46:28.171,WIR-Vdevelop-01-L,1260608002000,12606080020001C090,TRUE
2026-08-07 05:46:03.410,AOI-RESAOI-01-UL,1260720062000,126072006200001067,TRUE
2026-08-07 05:47:15.682,LIN-INNDES-01-UL,1260804066000,126080406100004056,TRUE
2026-08-07 05:47:15.296,SMK-BRU-02-UL,1260703054030,126070305400001054,TRUE
2026-08-07 05:47:15.291,AOI-PEP-01-UL,1260804017000,126080401700012022,TRUE
2026-08-07 05:47:14.558,LIN-INNLDI-03-L,,126080508400014019,TRUE
2026-08-07 05:47:13.510,LAM-BOP-02-L,1260803018000,126080306600012052,TRUE
2026-08-07 05:47:12.889,ELC-PUL-01-L,1260718040000,126071804000001011,TRUE
2026-08-07 05:47:12.885,LIN-INNDES-01-L,1260804066000,126080407000010064,TRUE
2026-08-07 05:47:12.532,LSR-Debrowning-01-L,1260718159010,126071815900058164,TRUE
2026-08-07 05:47:11.681,LAM-BOP-02-UL,1260803018000,126080301800012045,TRUE
2026-08-07 05:47:05.720,CPP-Patternplating-01-L,1260708010000,12607080100003A043,TRUE
2026-08-07 05:47:05.352,AOI-PEP-01-L,1260804017000,126080401700012021,TRUE
2026-08-07 05:47:05.192,SMK-SPR-01-L,1260619001010,12606190010001C091/0,TRUE
2026-08-07 05:47:03.860,WIR-Vdevelop-01-L,1260608002000,12606080020001C091,TRUE
2026-08-07 05:47:03.345,CPP-Patternplating-01-UL,,12607060550002B054,TRUE
2026-08-07 05:47:02.983,ELC-TRE-01-L,1260717057000,126071705700001038,TRUE
2026-08-07 05:47:02.376,WIR-Decoatbake-01-UL,1260703001010,12607030010002B136,TRUE
2026-08-07 05:47:00.845,WIR-DES-01-L,1260718163010,126071816301067109,TRUE
2026-08-07 05:47:00.392,WIR-LDI-01-UL,,126071816000058046,TRUE
2026-08-07 05:47:00.076,LAM-BOP-03-UL,1260704001000,12607040010003A012,TRUE
2026-08-07 05:46:59.079,WIR-LDI-01-L,,126071816000058017,TRUE
2026-08-07 05:46:55.508,LIN-OUTDEV-01-L,1260704091000,126070409100001048,TRUE
2026-08-07 05:46:56.470,WIR-Pretreatment-01-L,1260715024000,126071502400058006,TRUE
2026-08-07 05:46:54.796,ELC-DEP-01-UL,1260717081000,126071808200001057,TRUE
2026-08-07 05:46:50.555,SMK-TRE-01-UL,1260606004000,12606060040001C087,TRUE
2026-08-07 05:46:03.410,AOI-RESAOI-01-UL,1260720062000,126072006200001067,TRUE
2026-08-07 05:46:48.945,LIN-OUTDEV-01-UL,1260626072000,126070409100001064,TRUE
2026-08-07 05:47:30.958,SMK-TUN-01-UL,1260620145000,126062014500001020,TRUE
2026-08-07 05:47:30.419,LIN-INNLDI-03-L,,126080508400014020,TRUE
2026-08-07 05:47:30.192,WIR-LDI-01-UL,,126071816000058025,TRUE
2026-08-07 05:47:29.823,LIN-INNDES-01-UL,1260804066000,126080406100004055,TRUE
2026-08-07 05:47:28.662,SMK-SPR-01-L,1260619001010,12606190010001C090,TRUE
2026-08-07 05:47:28.208,WIR-Decoatbake-01-L,1260709001010,12607090010003A137,TRUE
2026-08-07 05:47:27.886,LIN-INNDES-01-L,1260804066000,126080407000010063,TRUE
2026-08-07 05:47:27.829,AOI-PEP-01-L,1260804017000,126080401700012019,TRUE
2026-08-07 05:47:27.067,WIR-LDI-01-L,,126071816000058018,TRUE
2026-08-07 05:47:26.683,AOI-PEP-01-UL,1260804017000,126080401700012021,TRUE
2026-08-07 05:47:24.323,LAM-BOP-02-L,1260803018000,126080307200012031,TRUE
2026-08-07 05:47:24.087,SMK-TRE-01-L,1260606004000,12606060040001C104,TRUE
2026-08-07 05:47:23.587,LIN-OUTDEV-01-UL,1260626072000,126070409100001057,TRUE
2026-08-07 05:47:22.808,LAM-BOP-02-UL,1260803018000,126080301800012043,TRUE
2026-08-07 05:47:19.819,ELC-PUL-02-L,1260715042020,126071504200001040,TRUE
2026-08-07 05:47:19.316,WIR-DES-01-UL,1260624087280,126071816301067096,TRUE
2026-08-07 05:47:19.185,LAM-BOP-03-UL,1260704001000,12607040010003A020,TRUE
2026-08-07 05:47:18.499,ELC-DEP-01-UL,1260717081000,126071808200001056,TRUE
2026-08-07 05:47:18.264,ELC-TRE-01-L,1260717057000,126071705700001037,TRUE
2026-08-07 05:47:16.282,LSR-Debrowning-01-UL,1260718159010,126071815900058177,TRUE
2026-08-07 05:46:55.508,LIN-OUTDEV-01-L,1260704091000,126070409100001048,TRUE
2026-08-07 05:46:03.410,AOI-RESAOI-01-UL,1260720062000,126072006200001067,TRUE
2026-08-07 05:45:34.456,SMK-DIX-01-L,1260715004000,126071500400001009,TRUE
2026-08-07 05:47:50.339,AOI-PEP-01-L,1260804017000,126080401700012050,TRUE
2026-08-07 05:47:50.265,ROU-RIN-01-UL,,Error_202608071247502656,FALSE
2026-08-07 05:47:50.264,LIN-INNLDI-03-L,,126080508400014021,TRUE
2026-08-07 05:47:48.968,ELC-TRE-01-L,1260717057000,126071705700001018,TRUE
2026-08-07 05:47:49.897,WIR-Pretreatment-01-UL,1260715024000,126071502400058020,TRUE
2026-08-07 05:47:48.854,AOI-PEP-01-UL,1260804017000,126080401700012019,TRUE
2026-08-07 05:47:47.153,WIR-Decoatbake-01-UL,1260703001010,12607030010002B134,TRUE
2026-08-07 05:47:46.948,LAM-BOP-02-L,1260803018000,126080307200012025,TRUE
2026-08-07 05:47:45.499,SMK-BRU-02-UL,1260703054030,126070305400001024,TRUE
2026-08-07 05:47:45.134,SMK-SPR-01-L,1260619001010,12606190010001C087/0,TRUE
2026-08-07 05:47:45.058,LIN-INNDES-01-UL,1260804066000,126080406100004054,TRUE
2026-08-07 05:47:45.010,LAM-BOP-02-UL,1260803018000,126080301800012035,TRUE
2026-08-07 05:47:42.650,LIN-OUTDEV-01-UL,1260626072000,126070409100001022,TRUE
2026-08-07 05:47:42.511,LIN-INNDES-01-L,1260804066000,126080407000010062,TRUE
2026-08-07 05:47:41.165,SMK-TRE-01-L,1260606004000,12606060040001C098,TRUE
2026-08-07 05:47:40.723,LSR-Debrowning-01-L,1260718159010,126071815900058163,TRUE
2026-08-07 05:47:40.848,WIR-DES-01-L,1260718163010,126071816301067108,TRUE
2026-08-07 05:47:39.552,WIR-Vdevelop-01-L,1260608002000,12606080020001C088,TRUE
2026-08-07 05:47:39.020,LSR-Debrowning-01-UL,1260718159010,126071815900058176,TRUE
2026-08-07 05:47:32.880,WIR-Pretreatment-01-L,1260715024000,126071502400058015,TRUE
2026-08-07 05:47:38.624,LAM-BOP-03-UL,1260704001000,12607040010003A015,TRUE
2026-08-07 05:46:03.410,AOI-RESAOI-01-UL,1260720062000,126072006200001067,TRUE
2026-08-07 05:45:34.456,SMK-DIX-01-L,1260715004000,126071500400001009,TRUE
2026-08-07 05:48:17.051,LAM-BOP-03-UL,1260704001000,12607040010003A018,TRUE
2026-08-07 05:48:16.130,LIN-OUTVAP-01-UL,,Error_202608071248161300,FALSE
2026-08-07 05:48:15.971,SMK-BRU-02-UL,1260703054030,126070305400001038,TRUE
2026-08-07 05:48:15.507,WIR-Vdevelop-01-L,1260608002000,12606080020001C071,TRUE
2026-08-07 05:48:14.263,LIN-INNDES-01-UL,1260804066000,126080406100004052,TRUE
2026-08-07 05:48:14.247,SMK-TRE-01-L,1260606004000,12606060040001C064,TRUE
2026-08-07 05:48:13.169,AOI-PEP-01-L,1260804017000,126080401700012048,TRUE
2026-08-07 05:48:13.076,AOI-PEP-01-UL,1260804017000,126080401700012050,TRUE
2026-08-07 05:48:11.689,LIN-INNLDI-03-L,,ERROR_202608071248116890,TRUE
2026-08-07 05:48:11.304,WIR-Pretreatment-01-L,1260715024000,126071502400058008,TRUE
2026-08-07 05:48:09.122,LAM-BOP-02-L,1260803018000,126080307200012077,TRUE
2026-08-07 05:48:09.038,LSR-Debrowning-01-L,1260718159010,126071815900058162,TRUE
2026-08-07 05:48:08.471,ELC-PUL-01-L,1260718040000,126071804000001032,TRUE
2026-08-07 05:48:08.121,SMK-SPR-01-L,1260619001010,12606190010001C093,TRUE
2026-08-07 05:48:07.888,LIN-OUTDEV-01-UL,1260626072000,126070409100001035,TRUE
2026-08-07 05:48:07.216,LAM-BOP-02-UL,1260803018000,126080301800012031,TRUE
2026-08-07 05:48:05.653,ELC-PUL-02-L,1260715042020,126071504200001004,TRUE
2026-08-07 05:48:05.585,WIR-Decoatbake-01-L,1260709001010,12607090010003A136,TRUE
2026-08-07 05:48:11.794,LIN-INNDES-01-L,1260804066000,126080407000010060,TRUE
2026-08-07 05:48:04.736,ELC-TRE-01-L,1260717057000,126071705700001015,TRUE
2026-08-07 05:48:01.387,LIN-OUTDEV-01-L,1260704091000,126070409100001003,TRUE
2026-08-07 05:48:00.116,WIR-LDI-01-UL,,126071816000058024,TRUE
2026-08-07 05:48:07.210,LSR-Debrowning-01-UL,1260718159010,126071815900058175,TRUE
2026-08-07 05:47:59.429,CPP-Patternplating-01-L,1260708010000,12607080100003A042,TRUE
2026-08-07 05:47:59.116,WIR-DES-01-UL,1260624087280,126071816301067095,TRUE
2026-08-07 05:47:57.225,CPP-Patternplating-01-UL,,12607060550002B003,TRUE
2026-08-07 05:47:55.780,SMK-TUN-01-UL,1260620145000,126062014500001023,TRUE
2026-08-07 05:47:55.632,WIR-LDI-01-L,,126071816000058015,TRUE
2026-08-07 05:44:41.313,ELC-DEP-01-L,1260718082000,126071808200001001,TRUE
2026-08-07 05:48:32.244,WIR-Decoatbake-01-UL,1260703001010,12607030010002B141,TRUE
2026-08-07 05:48:31.955,LIN-INNLDI-03-L,,ERROR_202608071248319558,TRUE
2026-08-07 05:48:31.077,LAM-BOP-02-L,1260803018000,126080307200012073,TRUE
2026-08-07 05:48:31.061,SMK-TRE-01-L,1260606004000,12606060040001C103,TRUE
2026-08-07 05:48:29.962,WIR-LDI-01-UL,,126071816000058028,TRUE
2026-08-07 05:48:29.002,ELC-DEP-01-UL,1260717081000,126071808200001032,TRUE
2026-08-07 05:48:28.539,WIR-Pretreatment-01-UL,1260715024000,126071502400058017,TRUE
2026-08-07 05:48:28.795,LIN-INNDES-01-UL,1260804066000,126080406100004051,TRUE
2026-08-07 05:48:26.592,LIN-INNDES-01-L,1260804066000,126080407000010059,TRUE
2026-08-07 05:48:26.217,AOI-PEP-01-UL,1260804017000,126080401700012049,TRUE
2026-08-07 05:48:24.778,SMK-SPR-01-L,1260619001010,12606190010001C088/0,TRUE
2026-08-07 05:48:24.561,AOI-PEP-01-L,1260804017000,126080401700012047,TRUE
2026-08-07 05:48:20.898,WIR-DES-01-L,1260718163010,126071816301067107,TRUE
2026-08-07 05:48:23.414,WIR-LDI-01-L,,126071816000058016,TRUE
2026-08-07 05:48:20.533,ELC-TRE-01-L,1260717057000,126071705700001069,TRUE
2026-08-07 05:48:01.387,LIN-OUTDEV-01-L,1260704091000,126070409100001003,TRUE
2026-08-07 05:48:47.731,SMK-SPR-01-L,1260619001010,12606190010001C091,TRUE
2026-08-07 05:48:47.385,LIN-INNLDI-03-L,,ERROR_202608071248473856,TRUE
2026-08-07 05:48:46.518,SMK-BRU-02-UL,1260703054030,126070305400001075,TRUE
2026-08-07 05:48:43.813,LIN-INNDES-01-UL,1260804066000,126080406100004050,TRUE
2026-08-07 05:48:43.072,WIR-Decoatbake-01-L,1260709001010,12607090010003A145,TRUE
2026-08-07 05:48:42.737,ELC-DEP-01-UL,1260717081000,126071808200001012,TRUE
2026-08-07 05:48:42.532,LAM-BOP-02-L,1260803018000,126080306600012063,TRUE
2026-08-07 05:48:41.391,LIN-INNDES-01-L,1260804066000,126080407000010058,TRUE
2026-08-07 05:48:39.657,AOI-PEP-01-UL,1260804017000,126080401700012048,TRUE
2026-08-07 05:48:39.197,WIR-DES-01-UL,1260624087280,126071816301067094,TRUE
2026-08-07 05:48:38.312,AOI-PEP-01-L,1260804017000,126080401700012046,TRUE
2026-08-07 05:48:37.213,LSR-Debrowning-01-L,1260718159010,126071815900058161,TRUE
2026-08-07 05:48:36.778,SMK-TUN-01-UL,1260620145000,126062014500001070,TRUE
2026-08-07 05:48:36.436,LIN-OUTDEV-01-L,1260704091000,126070409100001013,TRUE
2026-08-07 05:48:35.986,ELC-TRE-01-L,1260717057000,126071705700001071,TRUE
2026-08-07 05:48:35.694,LAM-BOP-03-UL,1260704001000,12607040010003A023,TRUE
2026-08-07 05:48:35.369,LSR-Debrowning-01-UL,1260718159010,126071815900058174,TRUE
2026-08-07 05:29:19.818,SMK-DEV-01-UL,,126062015100001007,TRUE
2026-08-07 05:49:04.861,LAM-BOP-02-L,1260803018000,126080306600012072,TRUE
2026-08-07 05:49:04.256,ELC-PUL-01-L,1260718040000,126071804000001003,TRUE
2026-08-07 05:49:03.825,SMK-SPR-01-L,1260619001010,12606190010001C110/0,TRUE
2026-08-07 05:49:03.621,LSR-Debrowning-01-UL,1260718159010,126071815900058173,TRUE
2026-08-07 05:49:01.228,WIR-DES-01-L,1260718163010,126071816301067106,TRUE
2026-08-07 05:49:01.184,SMK-TUN-01-UL,1260620145000,126062014500001060,TRUE
2026-08-07 05:49:00.229,LIN-INNLDI-03-L,,126080508400014016,TRUE
2026-08-07 05:48:59.744,WIR-LDI-01-UL,,126071816000058026,TRUE
2026-08-07 05:48:57.269,ELC-DEP-01-UL,1260717081000,126071808200001011,TRUE
2026-08-07 05:48:58.360,LIN-INNDES-01-UL,1260804066000,126080406100004049,TRUE
2026-08-07 05:48:57.224,ROU-RIN-01-UL,,Error_202608071248572248,FALSE
2026-08-07 05:48:56.859,SMK-TRE-01-L,1260606004000,12606060040001C108,TRUE
2026-08-07 05:48:55.759,LAM-BOP-03-UL,1260704001000,12607040010003A024,TRUE
2026-08-07 05:48:56.704,LIN-INNDES-01-L,1260804066000,126080407000010057,TRUE
2026-08-07 05:48:53.734,LIN-OUTDEV-01-UL,1260626072000,126070409100001078,TRUE
2026-08-07 05:48:53.088,CPP-Patternplating-01-L,1260708010000,12607080100003A041,TRUE
2026-08-07 05:48:51.846,ELC-TRE-01-L,1260717057000,126071705700001063,TRUE
2026-08-07 05:48:52.317,ELC-PUL-02-L,1260715042020,126071504200001014,TRUE
2026-08-07 05:48:52.525,WIR-Pretreatment-01-L,1260715024000,126071502400058012,TRUE
2026-08-07 05:48:51.588,WIR-LDI-01-L,,126071816000058013,TRUE
2026-08-07 05:48:51.260,WIR-Vdevelop-01-L,1260608002000,12606080020001C068,TRUE
2026-08-07 05:48:50.400,CPP-Patternplating-01-UL,,12607060550002B031,TRUE
2026-08-07 05:48:36.436,LIN-OUTDEV-01-L,1260704091000,126070409100001013,TRUE
2026-08-07 05:44:41.313,ELC-DEP-01-L,1260718082000,126071808200001001,TRUE
2026-08-07 04:13:51.216,CPP-Horizontalplating-01-L,1260805100000,126072501300400054,TRUE
2026-08-07 05:49:20.721,LAM-BOP-02-UL,1260803018000,126080301800012027,TRUE
2026-08-07 05:49:21.437,SMK-TRE-01-UL,1260606004000,12606060040001C10904,TRUE
2026-08-07 05:49:19.995,WIR-Decoatbake-01-L,1260709001010,12607090010003A144,TRUE
2026-08-07 05:49:19.326,WIR-DES-01-UL,1260624087280,126071816301067093,TRUE
2026-08-07 05:49:19.260,WIR-LDI-01-L,,126071816000058005,TRUE
2026-08-07 05:49:18.739,SMK-BRU-02-UL,1260703054030,126070305400001062,TRUE
2026-08-07 05:49:18.609,LIN-OUTDEV-01-UL,1260626072000,126070409100001044,TRUE
2026-08-07 05:49:17.136,WIR-Decoatbake-01-UL,1260703001010,12607030010002B142,TRUE
2026-08-07 05:49:15.799,LAM-BOP-02-L,1260803018000,126080307200012061,TRUE
2026-08-07 05:49:14.715,LAM-BOP-03-UL,1260704001000,12607040010003A016,TRUE
2026-08-07 05:49:13.721,LIN-INNDES-01-UL,1260804066000,126080406100004048,TRUE
2026-08-07 05:49:13.531,SMK-TRE-01-L,1260606004000,12606060040001C069,TRUE
2026-08-07 05:49:13.226,ROU-RIN-01-UL,,Error_202608071249132265,FALSE
2026-08-07 05:49:13.053,SMK-BRU-01-L,1260729001010,M0960002G2000E-0607,TRUE
2026-08-07 05:49:11.986,LIN-INNDES-01-L,1260804066000,126080407000010056,TRUE
2026-08-07 05:49:10.942,ELC-DEP-01-UL,1260717081000,126071808200001017,TRUE
2026-08-07 05:49:09.359,LIN-OUTDEV-01-L,1260704091000,126070409100001039,TRUE
2026-08-07 05:49:07.536,ELC-TRE-01-L,1260717057000,126071705700001064,TRUE
2026-08-07 05:49:07.136,WIR-Pretreatment-01-UL,1260715024000,126071502400058040,TRUE
2026-08-07 05:49:05.621,LSR-Debrowning-01-L,1260718159010,126071815900058160,TRUE
2026-08-07 05:48:50.400,CPP-Patternplating-01-UL,,12607060550002B031,TRUE
2026-08-07 05:44:41.313,ELC-DEP-01-L,1260718082000,126071808200001001,TRUE
2026-08-07 05:49:46.953,SMK-TRE-01-L,1260606004000,12606060040001C065,TRUE
2026-08-07 05:49:46.043,WIR-Pretreatment-01-UL,1260715024000,126071502400058001,TRUE
2026-08-07 05:49:46.840,CPP-Patternplating-01-L,1260708010000,12607080100003A032,TRUE
2026-08-07 05:49:45.235,SMK-TRE-01-UL,1260606004000,12606060040001C08004,TRUE
2026-08-07 05:49:44.159,LIN-INNLDI-03-L,,ERROR_202608071249441590,TRUE
2026-08-07 05:49:44.965,CPP-Patternplating-01-UL,,12607060550002B057,TRUE
2026-08-07 05:49:43.685,SMK-SPR-01-L,1260619001010,12606190010001C059/0,TRUE
2026-08-07 05:49:43.469,LIN-OUTDEV-01-UL,1260626072000,126070409100001024,TRUE
2026-08-07 05:49:43.182,LAM-BOP-02-UL,1260803018000,126080301800012023,TRUE
2026-08-07 05:49:42.513,ROU-RIN-01-UL,,12606100500000101401,TRUE
2026-08-07 05:49:42.463,LIN-INNDES-01-UL,1260804066000,126080406100004046,TRUE
2026-08-07 05:49:42.310,SMK-TUN-01-UL,1260620145000,126062014500001071,TRUE
2026-08-07 05:49:41.713,AOI-PEP-01-UL,1260804017000,126080401700012047,TRUE
2026-08-07 05:49:41.027,WIR-Vdevelop-01-UL,1260608002000,"12606080020001C079,BC",TRUE
2026-08-07 05:49:40.918,WIR-DES-01-L,1260718163010,126071816301067105,TRUE
2026-08-07 05:49:40.353,LIN-INNDES-01-L,1260804066000,126080407000010054,TRUE
2026-08-07 05:49:40.322,LAM-BOP-01-L,1260803032000,126080303200004076,TRUE
2026-08-07 05:49:39.444,ELC-DEP-01-UL,1260717081000,126071808200001013,TRUE
2026-08-07 05:49:39.053,ELC-TRE-01-L,1260717057000,126071705700001078,TRUE
2026-08-07 05:49:38.429,ELC-PUL-02-L,1260715042020,126071504200001005,TRUE
2026-08-07 05:49:37.930,LAM-BOP-02-L,1260803018000,126080307200012055,TRUE
2026-08-07 05:49:36.429,SMK-BRU-01-L,1260729001010,M0960002G2000E-0607,TRUE
2026-08-07 05:49:37.626,LIN-OUTVAP-01-UL,,Error_202608071249376266,FALSE
2026-08-07 05:49:34.123,LSR-Debrowning-01-L,1260718159010,126071815900058159,TRUE
2026-08-07 05:49:33.824,LAM-BOP-03-UL,1260704001000,12607040010003A017,TRUE
2026-08-07 05:49:30.542,WIR-Pretreatment-01-L,1260715024000,126071502400058057,TRUE
2026-08-07 05:49:29.527,WIR-LDI-01-UL,,126071816000058037,TRUE
2026-08-07 05:49:31.811,LSR-Debrowning-01-UL,1260718159010,126071815900058172,TRUE
2026-08-07 05:49:27.167,WIR-Vdevelop-01-L,1260608002000,12606080020001C069,TRUE
2026-08-07 05:49:09.359,LIN-OUTDEV-01-L,1260704091000,126070409100001039,TRUE
2026-08-07 05:45:34.456,SMK-DIX-01-L,1260715004000,126071500400001009,TRUE
2026-08-07 05:43:14.494,WIR-SE-01-L,1260625079180,12606250790001C103,TRUE
2026-08-07 05:50:07.030,SMK-SPR-01-L,1260619001010,12606190010001C088,TRUE
2026-08-07 05:50:06.826,SMK-TUN-01-UL,1260620145000,126062014500001041,TRUE
2026-08-07 05:50:04.670,LAM-BOP-02-UL,1260803018000,126080301800012019,TRUE
2026-08-07 05:50:04.066,LSR-Debrowning-01-L,1260718159010,126071815900058158,TRUE
2026-08-07 05:50:03.829,SMK-TRE-01-L,1260606004000,12606060040001C120,TRUE
2026-08-07 05:50:03.408,LIN-OUTDEV-01-UL,1260626072000,126070409100001041,TRUE
2026-08-07 05:50:02.716,WIR-Vdevelop-01-L,1260608002000,12606080020001C076,TRUE
2026-08-07 05:50:02.341,WIR-Decoatbake-01-UL,1260703001010,12607030010002B132,TRUE
2026-08-07 05:50:01.329,SMK-TRE-01-UL,1260606004000,12606060040002B138,TRUE
2026-08-07 05:50:00.340,LAM-BOP-02-L,1260803018000,126080307200012046,TRUE
2026-08-07 05:50:00.174,LIN-OUTVAP-01-UL,,Error_202608071250001744,FALSE
2026-08-07 05:49:59.985,LSR-Debrowning-01-UL,1260718159010,126071815900058171,TRUE
2026-08-07 05:49:59.930,ELC-PUL-01-L,1260718040000,126071804000001014,TRUE
2026-08-07 05:49:59.770,LIN-INNLDI-03-L,,ERROR_202608071249597700,TRUE
2026-08-07 05:49:59.388,WIR-DES-01-UL,1260624087280,126071816301067092,TRUE
2026-08-07 05:49:59.357,WIR-LDI-01-UL,,126071816000058014,TRUE
2026-08-07 05:49:57.058,LIN-INNDES-01-UL,1260804066000,126080406100004045,TRUE
2026-08-07 05:49:58.449,AOI-PEP-01-L,1260804017000,Error_202608071249584496,FALSE
2026-08-07 05:49:56.123,WIR-Decoatbake-01-L,1260709001010,12607090010003A143,TRUE
2026-08-07 05:49:55.173,ELC-TRE-01-L,1260717057000,126071705700001058,TRUE
2026-08-07 05:49:55.152,LIN-INNDES-01-L,1260804066000,126080407000010053,TRUE
2026-08-07 05:49:54.017,ELC-DEP-01-UL,1260717081000,126071808200001034,TRUE
2026-08-07 05:49:54.324,LAM-BOP-01-L,1260803032000,126080303200004027,TRUE
2026-08-07 05:49:53.936,ROU-RIN-01-UL,,Error_202608071249539364,FALSE
2026-08-07 05:49:51.000,LIN-OUTDEV-01-L,1260704091000,126070409100001054,TRUE
2026-08-07 05:49:53.153,LAM-BOP-03-UL,1260704001000,12607040010003A044,TRUE
2026-08-07 05:49:49.141,SMK-BRU-02-UL,1260703054030,126070305400001018,TRUE
2026-08-07 05:49:44.965,CPP-Patternplating-01-UL,,12607060550002B057,TRUE
2026-08-07 05:45:34.456,SMK-DIX-01-L,1260715004000,126071500400001009,TRUE
2026-08-07 05:50:23.249,SMK-SPR-01-L,1260619001010,12606190010001C099/0,TRUE
2026-08-07 05:50:22.891,LAM-BOP-01-L,1260803032000,126080303200004044,TRUE
2026-08-07 05:50:22.672,LAM-BOP-02-L,1260803018000,126080307200012042,TRUE
2026-08-07 05:50:20.998,WIR-DES-01-L,1260718163010,126071816301067104,TRUE
2026-08-07 05:50:21.866,ELC-DEP-01-UL,1260717081000,126071808200001042,TRUE
2026-08-07 05:50:20.827,AOI-PEP-01-UL,1260804017000,126080401700012046,TRUE
2026-08-07 05:50:20.596,SMK-TRE-01-L,1260606004000,12606060040001C070,TRUE
2026-08-07 05:50:20.084,LIN-INNLDI-03-L,,ERROR_202608071250200842,TRUE
2026-08-07 05:50:16.202,LAM-BOP-02-UL,1260803018000,126080301800012032,TRUE
2026-08-07 05:50:19.646,SMK-BRU-02-UL,1260703054030,126070305400001042,TRUE
2026-08-07 05:50:15.545,LIN-INNDES-01-UL,1260804066000,126080406100004043,TRUE
2026-08-07 05:50:12.327,LAM-BOP-03-UL,1260704001000,12607040010003A021,TRUE
2026-08-07 05:50:11.065,ELC-TRE-01-L,1260717057000,126071705700001067,TRUE
2026-08-07 05:50:09.248,WIR-Pretreatment-01-L,1260715024000,126071502400058009,TRUE
2026-08-07 05:50:09.827,LIN-INNDES-01-L,1260804066000,126080407000010052,TRUE
2026-08-07 05:50:00.174,LIN-OUTVAP-01-UL,,Error_202608071250001744,FALSE
2026-08-07 05:49:51.000,LIN-OUTDEV-01-L,1260704091000,126070409100001054,TRUE
2026-08-07 05:45:34.456,SMK-DIX-01-L,1260715004000,126071500400001009,TRUE
2026-08-07 05:50:34.500,LAM-BOP-01-L,1260803032000,126080303200004042,TRUE
2026-08-07 05:50:31.548,LAM-BOP-03-UL,1260704001000,12607040010003A057,TRUE
2026-08-07 05:50:33.732,WIR-Decoatbake-01-L,1260709001010,12607090010003A142,TRUE
2026-08-07 05:50:30.898,ELC-TRE-01-UL,1260717057000,126071705700001004,TRUE
2026-08-07 05:50:30.647,LSR-Debrowning-01-L,1260718159010,126071815900058157,TRUE
2026-08-07 05:50:29.881,LIN-INNLDI-03-L,,126080508400014029,TRUE
2026-08-07 05:50:28.781,LIN-INNDES-01-UL,1260804066000,126080406100004042,TRUE
2026-08-07 05:50:29.045,WIR-LDI-01-UL,,126071816000058011,TRUE
2026-08-07 05:50:28.380,LSR-Debrowning-01-UL,1260718159010,126071815900058170,TRUE
2026-08-07 05:50:27.328,LAM-BOP-02-UL,1260803018000,126080301800012036,TRUE
2026-08-07 05:50:27.141,AOI-PEP-01-L,1260804017000,126080401700012044,TRUE
2026-08-07 05:50:25.042,ELC-PUL-02-L,1260715042020,126071504200001076,TRUE
2026-08-07 05:50:24.922,LIN-INNDES-01-L,1260804066000,126080407000010051,TRUE
2026-08-07 05:50:24.909,SMK-TRE-01-UL,1260606004000,12606060040001C081,TRUE
2026-08-07 05:50:24.185,WIR-Pretreatment-01-UL,1260715024000,126071502400058054,TRUE
2026-08-07 05:50:20.596,SMK-TRE-01-L,1260606004000,12606060040001C070,TRUE
2026-08-07 05:50:00.174,LIN-OUTVAP-01-UL,,Error_202608071250001744,FALSE
2026-08-07 05:50:27.148,ELC-TRE-01-L,1260717057000,126071705700001076,TRUE
2026-08-07 05:45:34.456,SMK-DIX-01-L,1260715004000,126071500400001009,TRUE
2026-08-07 05:45:25.050,LIN-INNTRE-02-UL-1,,126080500100004042,TRUE
2026-08-07 05:50:53.955,LIN-INNDES-01-L,1260804066000,126080407000010049,TRUE
2026-08-07 05:50:53.990,SMK-TRE-01-L,1260606004000,12606060040001C119,TRUE
2026-08-07 05:50:52.977,SMK-BRU-02-UL,1260703054030,126070305400001022,TRUE
2026-08-07 05:50:51.924,LAM-BOP-02-L,1260803018000,126080307200012034,TRUE
2026-08-07 05:50:51.720,ROU-RIN-01-UL,,Error_202608071250517202,FALSE
2026-08-07 05:50:50.991,LAM-BOP-03-UL,1260704001000,12607040010003A053,TRUE
2026-08-07 05:50:49.796,WIR-Vdevelop-01-UL,1260608002000,"12606080020001C086,BC",TRUE
2026-08-07 05:50:49.930,ELC-DEP-01-UL,1260717081000,126071808200001010,TRUE
2026-08-07 05:50:49.376,LAM-BOP-02-UL,1260803018000,126080301800012060,TRUE
2026-08-07 05:50:48.907,AOI-PEP-01-UL,1260804017000,126080401700012044,TRUE
2026-08-07 05:50:48.405,WIR-Decoatbake-01-UL,1260703001010,12607030010002B129,TRUE
2026-08-07 05:50:47.780,WIR-Pretreatment-01-L,1260715024000,126071502400058010,TRUE
2026-08-07 05:50:47.406,SMK-TUN-01-UL,1260620145000,126062014500001072,TRUE
2026-08-07 05:50:47.470,AOI-PEP-01-L,1260804017000,126080401700012042,TRUE
2026-08-07 05:50:46.695,ELC-TRE-01-UL,1260717057000,126071705700001038,TRUE
2026-08-07 05:50:46.531,SMK-SPR-01-L,1260619001010,12606190010001C110,TRUE
2026-08-07 05:50:42.695,ELC-TRE-01-L,1260717057000,126071705700001065,TRUE
2026-08-07 05:50:41.579,LIN-INNDES-01-UL,1260804066000,126080406100004041,TRUE
2026-08-07 05:50:46.407,LAM-BOP-01-L,1260803032000,126080303200004039,TRUE
2026-08-07 05:50:40.374,CPP-Patternplating-01-L,1260708010000,12607080100003A033,TRUE
2026-08-07 05:50:39.265,WIR-DES-01-UL,1260624087280,126071816301067091,TRUE
2026-08-07 05:50:37.863,SMK-TRE-01-UL,1260606004000,12606060040002B149,TRUE
2026-08-07 05:50:38.484,WIR-Vdevelop-01-L,1260608002000,12606080020001C077,TRUE
2026-08-07 05:50:36.644,LIN-OUTDEV-01-UL,1260626072000,126070409100001009,TRUE
2026-08-07 05:50:37.812,CPP-Patternplating-01-UL,,12607060550002B056,TRUE
2026-08-07 05:45:34.456,SMK-DIX-01-L,1260715004000,126071500400001009,TRUE
2026-08-07 05:45:21.303,SMK-BRU-01-UL,1260729001000,M0960002G2000E-0607,TRUE
2026-08-07 05:15:41.476,LIN-OUTDES-01-UL,1260619080050,126061908000001057,TRUE
2026-08-07 05:51:14.483,ELC-TRE-01-L,1260717057000,126071705700001040,TRUE
2026-08-07 05:51:13.675,LAM-BOP-02-L,1260803018000,126080307200012017,TRUE
2026-08-07 05:51:12.487,LAM-BOP-02-UL,1260803018000,126080301800012041,TRUE
2026-08-07 05:51:11.666,LIN-INNLDI-03-L,,ERROR_202608071251116662,TRUE
2026-08-07 05:51:12.440,SMK-TUN-01-UL,1260620145000,126062014500001074,TRUE
2026-08-07 05:51:11.358,ELC-PUL-02-L,1260715042020,126071504200001002,TRUE
2026-08-07 05:51:11.283,LAM-BOP-01-L,1260803032000,126080303200004035,TRUE
2026-08-07 05:51:09.828,WIR-Decoatbake-01-L,1260709001010,12607090010003A141,TRUE
2026-08-07 05:51:09.993,LAM-BOP-03-UL,1260704001000,12607040010003A008,TRUE
2026-08-07 05:51:11.127,LIN-INNDES-01-UL,1260804066000,126080406100004039,TRUE
2026-08-07 05:51:09.096,LIN-INNDES-01-L,1260804066000,126080407000010048,TRUE
2026-08-07 05:51:07.893,AOI-PEP-01-L,1260804017000,126080401700012040,TRUE
2026-08-07 05:51:07.143,AOI-PEP-01-UL,1260804017000,126080401700012042,TRUE
2026-08-07 05:51:04.088,ELC-DEP-01-UL,1260717081000,126071808200001016,TRUE
2026-08-07 05:51:03.078,WIR-Pretreatment-01-UL,1260715024000,126071502400058043,TRUE
2026-08-07 05:51:02.861,SMK-SPR-01-L,1260619001010,12606190010001C115/0,TRUE
2026-08-07 05:51:02.072,ELC-TRE-01-UL,1260717057000,126071705700001037,TRUE
2026-08-07 05:51:01.993,LIN-OUTDEV-01-UL,1260626072000,126070409100001061,TRUE
2026-08-07 05:51:00.991,SMK-TRE-01-UL,1260606004000,12606060040001C07204,TRUE
2026-08-07 05:50:58.865,LSR-Debrowning-01-L,1260718159010,126071815900058156,TRUE
2026-08-07 05:50:58.781,WIR-LDI-01-UL,,126071816000058012,TRUE
2026-08-07 05:51:00.875,WIR-DES-01-L,1260718163010,126071816301067103,TRUE
2026-08-07 05:50:56.725,LSR-Debrowning-01-UL,1260718159010,126071815900058169,TRUE
2026-08-07 05:50:55.296,ELC-PUL-01-L,1260718040000,126071804000001013,TRUE
2026-08-07 05:50:53.990,SMK-TRE-01-L,1260606004000,12606060040001C119,TRUE
2026-08-07 05:45:34.456,SMK-DIX-01-L,1260715004000,126071500400001009,TRUE
2026-08-07 05:43:14.494,WIR-SE-01-L,1260625079180,12606250790001C103,TRUE
2026-08-07 04:27:08.873,ELC-INS-01-L,1260720038020,126072003800001027,TRUE
2026-08-07 05:51:35.706,LAM-BOP-02-L,1260803018000,126080307200012013,TRUE
2026-08-07 05:51:34.831,LAM-BOP-02-UL,1260803018000,126080301800012053,TRUE
2026-08-07 05:51:34.330,CPP-Patternplating-01-L,1260708010000,12607080100003A034,TRUE
2026-08-07 05:51:33.705,WIR-Decoatbake-01-UL,1260703001010,12607030010002B138,TRUE
2026-08-07 05:51:33.119,ELC-TRE-01-UL,1260717057000,126071705700001018,TRUE
2026-08-07 05:51:32.340,LIN-INNLDI-03-L,,ERROR_202608071251323407,TRUE
2026-08-07 05:51:32.338,ELC-DEP-01-UL,1260717081000,126071808200001029,TRUE
2026-08-07 05:51:31.720,CPP-Patternplating-01-UL,,12607060550002B051,TRUE
2026-08-07 05:51:31.291,ELC-TRE-01-L,1260717057000,126071705700001039,TRUE
2026-08-07 05:51:29.070,LAM-BOP-03-UL,1260704001000,12607040010003A009,TRUE
2026-08-07 05:51:29.409,AOI-PEP-01-L,1260804017000,126080401700012038,TRUE
2026-08-07 05:51:28.658,WIR-LDI-01-UL,,126071816000058022,TRUE
2026-08-07 05:51:27.492,LSR-Debrowning-01-L,1260718159010,126071815900058155,TRUE
2026-08-07 05:51:27.972,AOI-PEP-01-UL,1260804017000,126080401700012040,TRUE
2026-08-07 05:51:26.510,SMK-BRU-02-UL,1260703054030,126070305400001037,TRUE
2026-08-07 05:51:26.003,SMK-SPR-01-L,1260619001010,12606190010001C059,TRUE
2026-08-07 05:51:25.691,LAM-BOP-01-L,1260803032000,126080303200004033,TRUE
2026-08-07 05:51:25.253,LIN-INNDES-01-UL,1260804066000,126080406100004038,TRUE
2026-08-07 05:51:24.813,WIR-Vdevelop-01-UL,1260608002000,"12606080020001C087,BC",TRUE
2026-08-07 05:51:24.789,LSR-Debrowning-01-UL,1260718159010,126071815900058168,TRUE
2026-08-07 05:51:24.079,WIR-Pretreatment-01-L,1260715024000,126071502400058003,TRUE
2026-08-07 05:51:23.894,LIN-INNDES-01-L,1260804066000,126080407000010047,TRUE
2026-08-07 05:51:17.353,SMK-TRE-01-UL,1260606004000,12606060040001C077,TRUE
2026-08-07 05:51:19.221,WIR-DES-01-UL,1260624087280,126071816301067090,TRUE
2026-08-07 05:51:01.993,LIN-OUTDEV-01-UL,1260626072000,126070409100001061,TRUE
2026-08-07 05:50:53.990,SMK-TRE-01-L,1260606004000,12606060040001C119,TRUE
2026-08-07 05:46:09.737,LIN-INNTRE-02-UL-2,,126080500100004039,TRUE
2026-08-07 04:35:48.153,ELC-INS-01-UL,1260720038020,126072003800001027,TRUE
2026-08-07 04:27:08.873,ELC-INS-01-L,1260720038020,126072003800001027,TRUE
2026-08-07 05:51:53.207,LIN-INNDES-01-L,1260804066000,126080407000010045,TRUE
2026-08-07 05:51:52.910,LAM-BOP-01-L,1260803032000,126080303200004029,TRUE
2026-08-07 05:51:52.347,AOI-PEP-01-L,1260804017000,126080401700012036,TRUE
2026-08-07 05:51:51.064,ELC-PUL-01-L,1260718040000,126071804000001017,TRUE
2026-08-07 05:51:50.847,AOI-PEP-01-UL,1260804017000,126080401700012038,TRUE
2026-08-07 05:51:49.604,ELC-TRE-01-UL,1260717057000,126071705700001015,TRUE
2026-08-07 05:51:48.370,ELC-TRE-01-L,1260717057000,126071705700001041,TRUE
2026-08-07 05:51:48.275,LAM-BOP-03-UL,1260704001000,12607040010003A006,TRUE
2026-08-07 05:51:47.051,WIR-Decoatbake-01-L,1260709001010,12607090010003A152,TRUE
2026-08-07 05:51:47.853,LIN-INNLDI-03-L,,ERROR_202608071251478538,TRUE
2026-08-07 05:51:46.833,LAM-BOP-02-L,1260803018000,126080307200012009,TRUE
2026-08-07 05:51:45.707,LAM-BOP-02-UL,1260803018000,126080302400012020,TRUE
2026-08-07 05:51:46.400,ELC-DEP-01-UL,1260717081000,126071808200001028,TRUE
2026-08-07 05:51:43.361,WIR-Vdevelop-01-L,1260608002000,12606080020001C074,TRUE
2026-08-07 05:51:42.394,SMK-SPR-01-L,1260619001010,12606190010001C100/0,TRUE
2026-08-07 05:51:41.377,WIR-Pretreatment-01-UL,1260715024000,126071502400058007,TRUE
2026-08-07 05:51:40.939,WIR-DES-01-L,1260718163010,126071816301067102,TRUE
2026-08-07 05:51:37.729,LIN-OUTDEV-01-UL,1260626072000,126070409100001068,TRUE
2026-08-07 05:51:25.253,LIN-INNDES-01-UL,1260804066000,126080406100004038,TRUE
2026-08-07 05:51:12.440,SMK-TUN-01-UL,1260620145000,126062014500001074,TRUE
2026-08-07 05:49:51.000,LIN-OUTDEV-01-L,1260704091000,126070409100001054,TRUE
2026-08-07 04:35:48.153,ELC-INS-01-UL,1260720038020,126072003800001027,TRUE
2026-08-07 05:52:05.155,ELC-TRE-01-UL,1260717057000,126071705700001069,TRUE
2026-08-07 05:52:05.007,WIR-Pretreatment-01-L,1260715024000,126071502400058025,TRUE
2026-08-07 05:52:04.785,AOI-PEP-01-L,1260804017000,126080401700012035,TRUE
2026-08-07 05:52:04.488,SMK-SPR-01-L,1260619001010,12606190010001C099,TRUE
2026-08-07 05:52:03.519,SMK-TUN-01-UL,1260620145000,126062014500001001,TRUE
2026-08-07 05:52:03.608,ELC-TRE-01-L,1260717057000,126071705700001072,TRUE
2026-08-07 05:52:02.097,AOI-PEP-01-UL,1260804017000,126080401700012037,TRUE
2026-08-07 05:52:01.871,SMK-BRU-02-UL,1260703054030,126070305400001033,TRUE
2026-08-07 05:52:00.559,ELC-DEP-01-UL,1260717081000,126071808200001038,TRUE
2026-08-07 05:51:59.541,LIN-INNLDI-03-L,,126080508400014006,TRUE
2026-08-07 05:51:59.085,WIR-DES-01-UL,1260624087280,126071816301067089,TRUE
2026-08-07 05:51:58.928,WIR-Vdevelop-01-UL,1260608002000,"12606080020001C084,BC",TRUE
2026-08-07 05:51:58.490,WIR-LDI-01-UL,,126071816000058010,TRUE
2026-08-07 05:51:57.738,LAM-BOP-02-L,1260803018000,126080307200012007,TRUE
2026-08-07 05:51:57.134,ROU-RIN-01-UL,,Error_202608071251571342,FALSE
2026-08-07 05:51:57.097,ELC-PUL-02-L,1260715042020,126071504200001053,TRUE
2026-08-07 05:51:56.863,LAM-BOP-02-UL,1260803018000,126080302400012076,TRUE
2026-08-07 05:51:55.588,LSR-Debrowning-01-UL,1260718159010,126071815900058167,TRUE
2026-08-07 05:51:40.939,WIR-DES-01-L,1260718163010,126071816301067102,TRUE
2026-08-07 05:51:55.525,LSR-Debrowning-01-L,1260718159010,126071815900058154,TRUE
2026-08-07 05:52:22.504,LIN-INNDES-01-L,1260804066000,126080407000010043,TRUE
2026-08-07 05:52:23.756,LSR-Debrowning-01-L,1260718159010,126071815900058153,TRUE
2026-08-07 05:52:22.175,SMK-SPR-01-L,1260619001010,12606190010001C070/0,TRUE
2026-08-07 05:52:21.722,SMK-TUN-01-UL,1260620145000,126062014500001067,TRUE
2026-08-07 05:52:21.066,LAM-BOP-01-L,1260803032000,126080303200004023,TRUE
2026-08-07 05:52:20.023,WIR-Pretreatment-01-UL,1260715024000,126071502400058014,TRUE
2026-08-07 05:52:19.926,LAM-BOP-02-L,1260803018000,126080307200012003,TRUE
2026-08-07 05:52:19.673,ELC-TRE-01-UL,1260717057000,126071705700001071,TRUE
2026-08-07 05:52:19.367,WIR-Vdevelop-01-L,1260608002000,12606080020001C075,TRUE
2026-08-07 05:52:18.783,ELC-TRE-01-L,1260717057000,126071705700001052,TRUE
2026-08-07 05:52:18.285,LAM-BOP-02-UL,1260803018000,126080302400012031,TRUE
2026-08-07 05:52:17.945,WIR-Decoatbake-01-UL,1260703001010,12607030010002B135,TRUE
2026-08-07 05:52:16.754,AOI-PEP-01-L,1260804017000,126080401700012033,TRUE
2026-08-07 05:52:16.666,LIN-INNLDI-03-L,,126080508400014005,TRUE
2026-08-07 05:52:15.314,ELC-DEP-01-UL,1260717081000,126071808200001031,TRUE
2026-08-07 05:52:15.254,AOI-PEP-01-UL,1260804017000,126080401700012036,TRUE
2026-08-07 05:52:13.154,LIN-OUTDEV-01-UL,1260626072000,126070409100001037,TRUE
2026-08-07 05:52:07.589,LAM-BOP-03-UL,1260704001000,12607040010003A007,TRUE
2026-08-07 05:52:47.271,LAM-BOP-01-L,1260803032000,126080303200004017,TRUE
2026-08-07 05:52:47.200,LAM-BOP-03-UL,1260704001000,12607040010003A059,TRUE
2026-08-07 05:52:46.696,ELC-PUL-01-L,1260718040000,126071804000001033,TRUE
2026-08-07 05:52:44.458,ELC-PUL-02-L,1260715042020,126071504200001073,TRUE
2026-08-07 05:52:45.395,SMK-SPR-01-L,1260619001010,12606190010001C115,TRUE
2026-08-07 05:52:43.555,WIR-Pretreatment-01-L,1260715024000,126071502400058038,TRUE
2026-08-07 05:52:41.911,LAM-BOP-02-L,1260803018000,126080307200012078,TRUE
2026-08-07 05:52:43.315,ELC-DEP-01-UL,1260717081000,126071808200001027,TRUE
2026-08-07 05:52:40.536,LAM-BOP-02-UL,1260803018000,126080302400012077,TRUE
2026-08-07 05:52:39.489,AOI-PEP-01-L,1260804017000,126080401700012078,TRUE
2026-08-07 05:52:39.336,WIR-DES-01-UL,1260624087280,126071816301067088,TRUE
2026-08-07 05:52:38.155,LIN-OUTDEV-01-UL,1260626072000,126070409100001060,TRUE
2026-08-07 05:52:37.973,LIN-INNDES-01-L,1260804066000,126080407000010042,TRUE
2026-08-07 05:52:37.895,AOI-PEP-01-UL,1260804017000,126080401700012033,TRUE
2026-08-07 05:52:36.064,WIR-SE-01-L,1260620158180,12606201580001C087,TRUE
2026-08-07 05:52:35.908,SMK-BRU-02-UL,1260703054030,126070305400001010,TRUE
2026-08-07 05:52:35.778,LIN-INNLDI-03-L,,126080508400014037,TRUE
2026-08-07 05:52:34.423,ELC-TRE-01-L,1260717057000,126071705700001051,TRUE
2026-08-07 05:52:35.798,ELC-TRE-01-UL,1260717057000,126071705700001063,TRUE
2026-08-07 05:52:33.883,WIR-Vdevelop-01-UL,1260608002000,"12606080020001C085,BC",TRUE
2026-08-07 05:52:27.929,CPP-Patternplating-01-L,1260708010000,12607080100003A004,TRUE
2026-08-07 05:52:25.336,CPP-Patternplating-01-UL,,12607060550002B048,TRUE
2026-08-07 05:52:24.289,WIR-Decoatbake-01-L,1260709001010,12607090010003A150,TRUE
2026-08-07 05:52:24.162,LSR-Debrowning-01-UL,1260718159010,126071815900058166,TRUE
2026-08-07 05:51:25.253,LIN-INNDES-01-UL,1260804066000,126080406100004038,TRUE
2026-08-07 05:49:51.000,LIN-OUTDEV-01-L,1260704091000,126070409100001054,TRUE
2026-08-07 05:53:07.128,ELC-TRE-01-UL,1260717057000,126071705700001050,TRUE
2026-08-07 05:53:06.615,LIN-INNDES-01-L,1260804066000,126080407000010040,TRUE
2026-08-07 05:53:06.341,LAM-BOP-03-UL,1260704001000,12607040010003A027,TRUE
2026-08-07 05:53:06.035,ELC-TRE-01-L,1260717057000,126071705700001070,TRUE
2026-08-07 05:53:04.318,LAM-BOP-02-L,1260803018000,126080307200012037,TRUE
2026-08-07 05:53:03.894,LIN-OUTDEV-01-UL,1260626072000,126070409100001048,TRUE
2026-08-07 05:53:02.977,WIR-Decoatbake-01-UL,1260703001010,12607030010002B124,TRUE
2026-08-07 05:53:02.553,LAM-BOP-02-UL,1260803018000,126080305400012080,TRUE
2026-08-07 05:53:01.553,LAM-BOP-01-L,1260803032000,126080303200004015,TRUE
2026-08-07 05:53:01.881,AOI-PEP-01-L,1260804017000,126080401700012076,TRUE
2026-08-07 05:53:00.555,WIR-Decoatbake-01-L,1260709001010,12607090010003A148,TRUE
2026-08-07 05:53:00.271,AOI-PEP-01-UL,1260804017000,126080401700012078,TRUE
2026-08-07 05:52:59.958,SMK-TUN-01-UL,1260620145000,126062014500001057,TRUE
2026-08-07 05:52:58.508,WIR-Pretreatment-01-UL,1260715024000,126071502400058028,TRUE
2026-08-07 05:52:56.878,ELC-DEP-01-UL,1260717081030,126071808200001059,TRUE
2026-08-07 05:52:56.705,WIR-SE-01-L,1260620158180,12606201580001C092,TRUE
2026-08-07 05:52:55.086,WIR-Vdevelop-01-L,1260608002000,12606080020001C072,TRUE
2026-08-07 05:52:52.226,LSR-Debrowning-01-L,1260718159010,126071815900058152,TRUE
2026-08-07 05:52:51.929,LSR-Debrowning-01-UL,1260718159010,126071815900058165,TRUE
2026-08-07 05:52:52.185,LIN-INNLDI-03-L,,126080508400014038,TRUE
2026-08-07 05:52:47.828,ROU-RIN-01-UL,,Error_202608071252478288,FALSE
2026-08-07 05:52:45.395,SMK-SPR-01-L,1260619001010,12606190010001C115,TRUE
2026-08-07 05:52:43.555,WIR-Pretreatment-01-L,1260715024000,126071502400058038,TRUE
2026-08-07 05:50:53.990,SMK-TRE-01-L,1260606004000,12606060040001C119,TRUE
2026-08-07 05:46:03.410,AOI-RESAOI-01-UL,1260720062000,126072006200001067,TRUE
2026-08-07 05:53:27.959,SMK-SPR-01-L,1260619001010,12606190010001C100,TRUE
2026-08-07 05:53:26.695,LAM-BOP-02-L,1260803018000,126080307200012033,TRUE
2026-08-07 05:53:25.654,LAM-BOP-03-UL,1260704001000,12607040010003A031,TRUE
2026-08-07 05:53:24.913,LAM-BOP-02-UL,1260803018000,126080305400012018,TRUE
2026-08-07 05:53:24.863,ELC-DEP-01-UL,1260717081030,126071808200001014,TRUE
2026-08-07 05:53:24.601,AOI-PEP-01-UL,1260804017000,126080401700012076,TRUE
2026-08-07 05:53:24.023,AOI-PEP-01-L,1260804017000,126080401700012073,TRUE
2026-08-07 05:53:23.566,ELC-TRE-01-UL,1260717057000,126071705700001078,TRUE
2026-08-07 05:53:22.144,ELC-TRE-01-L,1260717057000,126071705700001075,TRUE
2026-08-07 05:53:22.026,WIR-Pretreatment-01-L,1260715024000,126071502400058056,TRUE
2026-08-07 05:53:21.706,ROU-RIN-01-UL,,Error_202608071253217061,FALSE
2026-08-07 05:53:21.588,CPP-Patternplating-01-L,1260708010000,12607080100003A049,TRUE
2026-08-07 05:53:21.584,SMK-TUN-01-UL,1260620145000,126062014500001014,TRUE
2026-08-07 05:53:21.445,LIN-INNDES-01-L,1260804066000,126080407000010038,TRUE
2026-08-07 05:53:20.664,LSR-Debrowning-01-L,1260718159010,126071815900058151,TRUE
2026-08-07 05:53:20.367,LSR-Debrowning-01-UL,1260718159010,126071815900058164,TRUE
2026-08-07 05:53:19.291,CPP-Patternplating-01-UL,,12607060550002B047,TRUE
2026-08-07 05:53:19.057,WIR-DES-01-UL,1260624087280,126071816301067087,TRUE
2026-08-07 05:53:14.741,LAM-BOP-01-L,1260803032000,126080303200004013,TRUE
2026-08-07 05:53:12.047,LIN-INNLDI-03-L,,126080508400014039,TRUE
2026-08-07 05:53:10.019,SMK-BRU-02-UL,1260703054030,126070305400001074,TRUE
2026-08-07 05:53:44.986,LAM-BOP-03-UL,1260704001000,12607040010003A032,TRUE
2026-08-07 05:53:43.426,SMK-BRU-02-UL,1260703054030,126070305400001050,TRUE
2026-08-07 05:53:42.422,ELC-PUL-01-L,1260718040000,126071804000001062,TRUE
2026-08-07 05:53:42.167,LAM-BOP-01-L,1260803032000,126080303200004009,TRUE
2026-08-07 05:53:38.910,ELC-TRE-01-UL,1260717057000,126071705700001058,TRUE
2026-08-07 05:53:38.847,ELC-DEP-01-UL,1260717081030,126071808200001068,TRUE
2026-08-07 05:53:37.774,ELC-TRE-01-L,1260717057000,126071705700001049,TRUE
2026-08-07 05:53:37.464,WIR-Decoatbake-01-L,1260709001010,12607090010003A125,TRUE
2026-08-07 05:53:36.979,WIR-Pretreatment-01-UL,1260715024000,126071502400058036,TRUE
2026-08-07 05:53:36.933,WIR-LDI-01-L,,126071816000058008,TRUE
2026-08-07 05:53:36.509,AOI-PEP-01-L,1260804017000,126080401700012072,TRUE
2026-08-07 05:53:36.181,LAM-BOP-02-UL,1260803018000,126080305400012044,TRUE
2026-08-07 05:53:36.181,LIN-INNDES-01-L,1260804066000,126080407000010037,TRUE
2026-08-07 05:53:34.634,AOI-PEP-01-UL,1260804017000,126080401700012074,TRUE
2026-08-07 05:53:31.573,WIR-Vdevelop-01-L,1260608002000,12606080020001C083,TRUE
2026-08-07 05:53:29.881,ELC-PUL-02-L,1260715042020,126071504200001026,TRUE
2026-08-07 05:53:28.877,LIN-INNLDI-03-L,,126080508400014039,TRUE
2026-08-07 05:53:28.723,LIN-OUTDEV-01-L,1260624072040,126062407200001030,TRUE
2026-08-07 05:53:26.695,LAM-BOP-02-L,1260803018000,126080307200012033,TRUE
2026-08-07 04:27:08.873,ELC-INS-01-L,1260720038020,126072003800001027,TRUE
2026-08-07 04:24:08.062,LIN-INNDES-02-L,,126080406800006078,TRUE
2026-08-07 05:53:55.137,LIN-INNDES-01-UL,1260804066000,126080407000010079,TRUE
2026-08-07 05:53:53.410,ELC-DEP-01-UL,1260717081030,126071808200001002,TRUE
2026-08-07 05:53:53.363,ELC-TRE-01-L,1260717057000,126071705700001048,TRUE
2026-08-07 05:53:51.934,LIN-INNDES-01-L,1260804066000,126080407000010036,TRUE
2026-08-07 05:53:51.645,ROU-RIN-01-UL,,Error_202608071253516455,FALSE
2026-08-07 05:53:49.325,AOI-PEP-01-UL,1260804017000,126080401700012073,TRUE
2026-08-07 05:53:48.885,LSR-Debrowning-01-L,1260718159010,126071815900058150,TRUE
2026-08-07 05:53:48.713,LSR-Debrowning-01-UL,1260718159010,126071815900058163,TRUE
2026-08-07 05:53:48.089,WIR-Decoatbake-01-UL,1260703001010,12607030010002B131,TRUE
2026-08-07 05:53:46.934,LAM-BOP-02-UL,1260803018000,126080306600012076,TRUE
2026-08-07 05:53:28.723,LIN-OUTDEV-01-L,1260624072040,126062407200001030,TRUE
2026-08-07 05:53:46.762,AOI-PEP-01-L,1260804017000,126080401700012071,TRUE
2026-08-07 05:54:14.138,WIR-Decoatbake-01-L,1260709001010,12607090010003A124,TRUE
2026-08-07 05:54:10.778,AOI-PEP-01-L,1260804017000,126080401700012068,TRUE
2026-08-07 05:54:12.933,CPP-Patternplating-01-UL,,12607060550002B038,TRUE
2026-08-07 05:54:10.364,ELC-TRE-01-UL,1260717057000,126071705700001076,TRUE
2026-08-07 05:54:09.965,LAM-BOP-01-L,1260803032000,126080303200004003,TRUE
2026-08-07 05:54:09.903,LAM-BOP-02-UL,1260803018000,126080301200012022,TRUE
2026-08-07 05:54:09.872,LIN-INNDES-01-UL,1260804066000,126080407000010078,TRUE
2026-08-07 05:54:09.864,ELC-TRE-01-L,1260717057000,126071705700001053,TRUE
2026-08-07 05:54:09.514,LIN-OUTDEV-01-UL,1260626072000,126070409100001003,TRUE
2026-08-07 05:54:08.231,AOI-PEP-01-UL,1260804017000,126080401700012071,TRUE
2026-08-07 05:54:06.854,WIR-Vdevelop-01-L,1260608002000,12606080020001C080,TRUE
2026-08-07 05:54:07.286,ELC-DEP-01-UL,1260717081030,126071808200001060,TRUE
2026-08-07 05:54:05.684,LIN-INNDES-01-L,1260804066000,126080407000010035,TRUE
2026-08-07 05:54:05.149,SMK-TUN-01-UL,1260620145000,126062014500001015,TRUE
2026-08-07 05:54:03.784,LAM-BOP-03-UL,1260704001000,12607040010003A034,TRUE
2026-08-07 05:54:01.011,WIR-Pretreatment-01-L,1260715024000,126071502400058052,TRUE
2026-08-07 05:54:00.667,WIR-DES-01-UL,1260624087280,126071816301067086,TRUE
2026-08-07 05:53:56.898,SMK-SPR-01-L,1260619001010,12606190010001C214/0,TRUE
2026-08-07 05:53:28.877,LIN-INNLDI-03-L,,126080508400014039,TRUE
2026-08-07 05:45:34.456,SMK-DIX-01-L,1260715004000,126071500400001009,TRUE
2026-08-07 04:15:30.078,WIR-TrayCleaning-01-L,,,FALSE
2026-08-07 05:54:37.973,ELC-PUL-01-L,1260718040000,126071804000001027,TRUE
2026-08-07 05:54:37.451,LAM-BOP-01-L,1260803032000,126080303200004079,TRUE
2026-08-07 05:54:35.540,ELC-DEP-01-UL,1260717081030,126071808200001055,TRUE
2026-08-07 05:54:35.216,LIN-INNDES-01-L,1260804066000,126080407000010033,TRUE
2026-08-07 05:54:35.451,LAM-BOP-02-L,1260803043000,126080304300002014,TRUE
2026-08-07 05:54:32.216,WIR-Decoatbake-01-UL,1260703001010,12607030010002B123,TRUE
2026-08-07 05:54:31.935,LAM-BOP-02-UL,1260803018000,126080306600012052,TRUE
2026-08-07 05:54:31.904,AOI-PEP-01-L,1260804017000,126080401700012065,TRUE
2026-08-07 05:54:31.278,WIR-LDI-01-L,,126071816000058007,TRUE
2026-08-07 05:54:30.232,AOI-PEP-01-UL,1260804017000,126080401700012068,TRUE
2026-08-07 05:54:30.229,SMK-TUN-01-UL,1260620145000,126062014500001075,TRUE
2026-08-07 05:54:27.396,ELC-TRE-01-UL,1260717057000,126071705700001065,TRUE
2026-08-07 05:54:26.100,ELC-TRE-01-L,1260717057000,126071705700001055,TRUE
2026-08-07 05:54:24.372,LIN-INNDES-01-UL,1260804066000,126080407000010077,TRUE
2026-08-07 05:54:22.957,LAM-BOP-03-UL,1260704001000,12607040010003A030,TRUE
2026-08-07 05:54:17.669,LSR-Debrowning-01-L,1260718159010,126071815900058149,TRUE
2026-08-07 05:54:16.903,LSR-Debrowning-01-UL,1260718159010,126071815900058162,TRUE
2026-08-07 05:54:17.511,WIR-Vdevelop-01-UL,1260608002000,"12606080020001C092,BC",TRUE
2026-08-07 05:54:15.886,WIR-Pretreatment-01-UL,1260715024000,126071502400058035,TRUE
2026-08-07 05:54:16.585,ELC-PUL-02-L,1260715042020,126071504200001016,TRUE
2026-08-07 05:54:15.401,CPP-Patternplating-01-L,1260708010000,12607080100003A048,TRUE
2026-08-07 05:53:28.723,LIN-OUTDEV-01-L,1260624072040,126062407200001030,TRUE
2026-08-07 05:54:58.416,ELC-TRE-01-UL,1260717057000,126071705700001040,TRUE
2026-08-07 05:54:58.225,ELC-INS-01-L,1260711054000,126071105400001020,TRUE
2026-08-07 05:54:54.374,AOI-PEP-01-L,1260804017000,126080401700012063,TRUE
2026-08-07 05:54:54.372,WIR-Pretreatment-01-UL,1260715024000,126071502400058034,TRUE
2026-08-07 05:54:53.749,LAM-BOP-02-UL,1260803018000,126080307200012029,TRUE
2026-08-07 05:54:53.342,SMK-SPR-01-L,1260619001010,12606190010001C070,TRUE
2026-08-07 05:54:53.281,AOI-PEP-01-UL,1260804017000,126080401700012065,TRUE
2026-08-07 05:54:52.122,WIR-Vdevelop-01-UL,1260608002000,"12606080020001C093,BC",TRUE
2026-08-07 05:54:53.499,LIN-INNDES-01-UL,1260804066000,126080407000010075,TRUE
2026-08-07 05:54:51.232,WIR-Decoatbake-01-L,1260709001010,12607090010003A123,TRUE
2026-08-07 05:54:51.184,LIN-INNTRE-01-UL,1260805002000,126080500200006001,TRUE
2026-08-07 05:54:51.092,LAM-BOP-01-L,1260803032000,126080303200004075,TRUE
2026-08-07 05:54:49.998,LIN-INNDES-01-L,1260804066000,126080407000010032,TRUE
2026-08-07 05:54:49.368,ELC-DEP-01-UL,1260717081030,126071808200001022,TRUE
2026-08-07 05:54:47.935,WIR-LDI-01-UL,,126071816000058017,TRUE
2026-08-07 05:54:47.384,ROU-RIN-01-UL,,Error_202608071254473842,FALSE
2026-08-07 05:54:47.014,LAM-BOP-02-L,1260803043000,126080304300002031,TRUE
2026-08-07 05:54:45.809,LSR-Debrowning-01-L,1260718159010,126071815900058148,TRUE
2026-08-07 05:54:45.309,LSR-Debrowning-01-UL,1260718159010,126071815900058161,TRUE
2026-08-07 05:54:44.378,LIN-OUTDEV-01-UL,1260626072000,126070409100001013,TRUE
2026-08-07 05:54:42.638,WIR-Vdevelop-01-L,1260608002000,12606080020001C081,TRUE
2026-08-07 05:54:42.743,ELC-TRE-01-L,1260717057000,126071705700001059,TRUE
2026-08-07 05:54:42.223,LAM-BOP-03-UL,1260704001000,12607040010003A013,TRUE
2026-08-07 05:54:41.069,LIN-INNTRE-02-UL-1,,126080500100004054,TRUE
2026-08-07 05:54:39.247,WIR-Pretreatment-01-L,1260715024000,126071502400058047,TRUE
2026-08-07 05:54:39.560,WIR-DES-01-UL,1260624087280,126071816301067120,TRUE
2026-08-07 05:53:28.723,LIN-OUTDEV-01-L,1260624072040,126062407200001030,TRUE
2026-08-07 05:52:56.705,WIR-SE-01-L,1260620158180,12606201580001C092,TRUE
2026-08-07 05:45:34.456,SMK-DIX-01-L,1260715004000,126071500400001009,TRUE
2026-08-07 05:55:12.476,ELC-INS-01-L,1260711054000,126071105400001038,TRUE
2026-08-07 05:55:10.765,LAM-BOP-02-L,1260803043000,126080304300002080,TRUE
2026-08-07 05:55:09.451,SMK-TUN-01-UL,1260620145000,126062014500001066,TRUE
2026-08-07 05:55:08.654,CPP-Patternplating-01-L,1260708010000,12607080100003A060,TRUE
2026-08-07 05:55:08.421,LIN-INNDES-01-UL,1260804066000,126080407000010074,TRUE
2026-08-07 05:55:07.856,LIN-INNTRE-01-UL,1260805002000,126080500200006003,TRUE
2026-08-07 05:55:06.696,LIN-OUTVAP-01-UL,,12606040010001C062,TRUE
2026-08-07 05:55:06.482,CPP-Patternplating-01-UL,,12607060550002B053,TRUE
2026-08-07 05:55:05.499,LAM-BOP-02-UL,1260803018000,126080307200012025,TRUE
2026-08-07 05:55:05.468,AOI-PEP-01-L,1260804017000,126080401700012062,TRUE
2026-08-07 05:55:04.796,LIN-INNDES-01-L,1260804066000,126080407000010031,TRUE
2026-08-07 05:55:04.468,LAM-BOP-01-L,1260803032000,126080303200004077,TRUE
2026-08-07 05:55:04.359,AOI-PEP-01-UL,1260804017000,126080401700012064,TRUE
2026-08-07 05:55:03.445,ELC-PUL-02-L,1260715042020,126071504200001059,TRUE
2026-08-07 05:55:03.947,ELC-DEP-01-UL,1260717081030,126071808200001009,TRUE
2026-08-07 05:55:01.646,LAM-BOP-03-UL,1260704001000,12607040010003A022,TRUE
2026-08-07 05:54:59.435,WIR-LDI-01-L,,126071816000058021,TRUE
2026-08-07 05:54:59.212,ELC-TRE-01-L,1260717057000,126071705700001060,TRUE
2026-08-07 05:54:54.372,WIR-Pretreatment-01-UL,1260715024000,126071502400058034,TRUE
2026-08-07 05:55:27.718,LAM-BOP-02-UL,1260803018000,126080307200012077,TRUE
2026-08-07 05:55:27.468,AOI-PEP-01-UL,1260804017000,126080401700012062,TRUE
2026-08-07 05:55:26.607,LIN-INNTRE-01-UL,1260805002000,126080500200006004,TRUE
2026-08-07 05:55:26.557,ELC-INS-01-L,1260711054000,126071105400001006,TRUE
2026-08-07 05:55:26.451,WIR-Vdevelop-01-UL,1260608002000,"12606080020001C090,BC",TRUE
2026-08-07 05:55:26.232,WIR-LDI-01-L,,126071816000058020,TRUE
2026-08-07 05:55:23.328,LIN-INNDES-01-UL,1260804066000,126080407000010073,TRUE
2026-08-07 05:55:20.616,LAM-BOP-03-UL,1260704001000,12607040010003A025,TRUE
2026-08-07 05:55:22.453,LAM-BOP-02-L,1260803043000,126080304300002079,TRUE
2026-08-07 05:55:19.045,WIR-DES-01-UL,1260624087280,126071816301067119,TRUE
2026-08-07 05:55:19.499,LIN-INNDES-01-L,1260804066000,126080407000010030,TRUE
2026-08-07 05:55:18.748,WIR-Vdevelop-01-L,1260608002000,12606080020001C078,TRUE
2026-08-07 05:55:18.453,LAM-BOP-01-L,1260803032000,126080303200004073,TRUE
2026-08-07 05:55:18.325,WIR-SE-01-UL,1260625079180,12606250790001C095,TRUE
2026-08-07 05:55:18.170,WIR-Decoatbake-01-UL,1260703001010,12607030010002B121,TRUE
2026-08-07 05:55:17.904,WIR-Pretreatment-01-L,1260715024000,126071502400058042,TRUE
2026-08-07 05:55:16.984,AOI-PEP-01-L,1260804017000,126080401700012061,TRUE
2026-08-07 05:55:15.916,ELC-TRE-01-UL,1260717057000,126071705700001039,TRUE
2026-08-07 05:55:14.353,ELC-TRE-01-L,1260717057000,126071705700001046,TRUE
2026-08-07 05:55:13.982,LSR-Debrowning-01-UL,1260718159010,126071815900058160,TRUE
2026-08-07 05:55:17.194,LIN-OUTDEV-01-UL,1260626072000,126070409100001039,TRUE
2026-08-07 05:55:13.779,LSR-Debrowning-01-L,1260718159010,126071815900058147,TRUE
2026-08-07 05:55:13.748,SMK-SPR-01-L,1260619001010,12606190010001C209/0,TRUE
2026-08-07 05:55:03.947,ELC-DEP-01-UL,1260717081030,126071808200001009,TRUE
2026-08-07 05:54:54.372,WIR-Pretreatment-01-UL,1260715024000,126071502400058034,TRUE
2026-08-07 05:55:45.860,LAM-BOP-02-L,1260803043000,126080304300002077,TRUE
2026-08-07 05:55:45.938,LAM-BOP-01-L,1260803032000,126080303200004069,TRUE
2026-08-07 05:55:45.326,ELC-INS-01-L,1260711054000,126071105400001014,TRUE
2026-08-07 05:55:45.139,LIN-INNTRE-01-UL,1260805002000,126080500200006005,TRUE
2026-08-07 05:55:42.092,WIR-LDI-01-UL,,126071816000058018,TRUE
2026-08-07 05:55:42.016,LSR-Debrowning-01-UL,1260718159010,126071815900058159,TRUE
2026-08-07 05:55:41.984,LSR-Debrowning-01-L,1260718159010,126071815900058146,TRUE
2026-08-07 05:55:41.938,AOI-PEP-01-L,1260804017000,126080401700012059,TRUE
2026-08-07 05:55:41.897,LIN-OUTDEV-01-L,1260624072000,126062407200001017,TRUE
2026-08-07 05:55:39.976,LAM-BOP-03-UL,1260704001000,12607040010003A019,TRUE
2026-08-07 05:55:38.750,LAM-BOP-02-UL,1260803018000,126080307200012075,TRUE
2026-08-07 05:55:37.922,AOI-PEP-01-UL,1260804017000,126080401700012061,TRUE
2026-08-07 05:55:37.782,LIN-INNDES-01-UL,1260804066000,126080407000010072,TRUE
2026-08-07 05:55:35.157,SMK-TUN-01-UL,1260620145000,126062014500001055,TRUE
2026-08-07 05:55:34.450,ELC-INS-01-UL,1260720038020,126071105400001051,TRUE
2026-08-07 05:55:34.156,LIN-INNDES-01-L,1260804066000,126080407000010029,TRUE
2026-08-07 05:55:34.089,ELC-PUL-01-L,1260718040000,126071804000001051,TRUE
2026-08-07 05:55:32.998,WIR-Pretreatment-01-UL,1260715024000,126071502400058033,TRUE
2026-08-07 05:55:31.807,ELC-TRE-01-UL,1260717057000,126071705700001041,TRUE
2026-08-07 05:55:30.370,ELC-TRE-01-L,1260717057000,126071705700001045,TRUE
2026-08-07 05:55:28.514,WIR-Decoatbake-01-L,1260709001010,12607090010003A121,TRUE
2026-08-07 05:55:13.748,SMK-SPR-01-L,1260619001010,12606190010001C209/0,TRUE
2026-08-07 05:56:09.174,LAM-BOP-02-L,1260803043000,126080304300002075,TRUE
2026-08-07 05:56:07.659,LIN-INNDES-01-UL,1260804066000,126080407000010070,TRUE
2026-08-07 05:56:06.757,LIN-OUTDEV-01-L,1260624072000,126062407200001020,TRUE
2026-08-07 05:56:06.061,WIR-Decoatbake-01-L,1260709001010,12607090010003A122,TRUE
2026-08-07 05:56:05.389,ELC-INS-01-L,1260711054000,126071105400001029,TRUE
2026-08-07 05:56:03.955,LIN-INNDES-01-L,1260804066000,126080407000010027,TRUE
2026-08-07 05:56:03.441,ELC-TRE-01-L,1260717057000,126071705700001031,TRUE
2026-08-07 05:56:02.795,CPP-Patternplating-01-L,1260708010000,12607080100003A059,TRUE
2026-08-07 05:56:02.738,ELC-TRE-01-UL,1260717057000,126071705700001052,TRUE
2026-08-07 05:56:02.719,LIN-INNTRE-01-UL,1260805002000,126080500200006006,TRUE
2026-08-07 05:56:02.170,WIR-Decoatbake-01-UL,1260703001010,12607030010002B122,TRUE
2026-08-07 05:56:01.862,AOI-PEP-01-L,1260804017000,126080401700012056,TRUE
2026-08-07 05:56:01.002,LAM-BOP-02-UL,1260803018000,126080306600012063,TRUE
2026-08-07 05:56:00.514,CPP-Patternplating-01-UL,,12607060550002B052,TRUE
2026-08-07 05:56:00.159,AOI-PEP-01-UL,1260804017000,126080401700012059,TRUE
2026-08-07 05:55:59.737,LAM-BOP-01-L,1260803032000,126080303200004065,TRUE
2026-08-07 05:55:59.248,WIR-DES-01-UL,1260624087280,126071816301067118,TRUE
2026-08-07 05:55:58.303,LIN-OUTDEV-01-UL,1260626072000,126070409100001054,TRUE
2026-08-07 05:55:56.764,WIR-Pretreatment-01-L,1260715024000,126071502400058044,TRUE
2026-08-07 05:55:56.607,ELC-INS-01-UL,1260720038020,126071105400001020,TRUE
2026-08-07 05:55:54.748,WIR-Vdevelop-01-L,1260608002000,12606080020001C063,TRUE
2026-08-07 05:55:54.595,ROU-RIN-01-UL,,Error_202608071255545955,FALSE
2026-08-07 05:55:54.280,WIR-LDI-01-L,,126071816000058023,TRUE
2026-08-07 05:55:53.776,LIN-INNTRE-02-UL-1,,126080500100004056,TRUE
2026-08-07 05:55:49.416,ELC-PUL-02-L,1260715042020,126071504200001025,TRUE
2026-08-07 05:55:48.235,WIR-SE-01-UL,1260625079180,12606250790001C103,TRUE
2026-08-07 05:45:34.456,SMK-DIX-01-L,1260715004000,126071500400001009,TRUE
2026-08-07 05:55:39.976,LAM-BOP-03-UL,1260704001000,12607040010003A019,TRUE
2026-08-07 05:56:23.143,AOI-PEP-01-UL,1260804017000,126080401700012056,TRUE
2026-08-07 05:56:22.502,LIN-INNDES-01-UL,1260804066000,126080407000010069,TRUE
2026-08-07 05:56:21.938,LIN-INNTRE-01-UL,1260805002000,126080500200006007,TRUE
2026-08-07 05:56:21.045,WIR-LDI-01-L,,126071816000058027,TRUE
2026-08-07 05:56:21.284,LAM-BOP-02-L,1260803043000,126080304300002012,TRUE
2026-08-07 05:56:19.178,ELC-TRE-01-L,1260717057000,126071705700001034,TRUE
2026-08-07 05:56:18.596,LIN-INNDES-01-L,1260804066000,126080407000010026,TRUE
2026-08-07 05:56:18.397,ELC-TRE-01-UL,1260717057000,126071705700001051,TRUE
2026-08-07 05:56:15.973,SMK-TUN-01-UL,1260620145000,126062014500001010,TRUE
2026-08-07 05:56:13.565,AOI-PEP-01-L,1260804017000,126080401700012055,TRUE
2026-08-07 05:56:13.299,LAM-BOP-01-L,1260803032000,126080303200004061,TRUE
2026-08-07 05:56:12.483,ELC-INS-01-UL,1260720038020,126071105400001038,TRUE
2026-08-07 05:56:12.268,LAM-BOP-02-UL,1260803018000,126080306600012070,TRUE
2026-08-07 05:56:11.264,WIR-Pretreatment-01-UL,1260715024000,126071502400058032,TRUE
2026-08-07 05:56:11.858,WIR-LDI-01-UL,,126071816000058015,TRUE
2026-08-07 05:56:10.659,ROU-RIN-01-UL,,Error_202608071256106598,FALSE
2026-08-07 05:56:10.643,LSR-Debrowning-01-UL,1260718159010,126071815900058158,TRUE
2026-08-07 05:56:10.376,LSR-Debrowning-01-L,1260718159010,126071815900058145,TRUE
2026-08-07 05:55:49.416,ELC-PUL-02-L,1260715042020,126071504200001025,TRUE
2026-08-07 05:55:48.235,WIR-SE-01-UL,1260625079180,12606250790001C103,TRUE
2026-08-07 05:56:45.861,ELC-INS-01-L,1260711054000,126071105400001059,TRUE
2026-08-07 05:56:45.159,LAM-BOP-02-UL,1260803018000,126080307200012059,TRUE
2026-08-07 05:56:44.644,LAM-BOP-02-L,1260803043000,126080304300002010,TRUE
2026-08-07 05:56:44.600,SMK-SPR-01-L,1260619001010,12606190010001C211/0,TRUE
2026-08-07 05:56:45.675,AOI-PEP-01-UL,1260804017000,126080401700012054,TRUE
2026-08-07 05:56:42.848,LIN-INNTRE-01-UL,1260805002000,126080500200006008,TRUE
2026-08-07 05:56:42.842,LIN-INNTRE-02-UL-2,,126080500100004055,TRUE
2026-08-07 05:56:41.065,LAM-BOP-01-L,1260803032000,126080303200004057,TRUE
2026-08-07 05:56:40.334,SMK-TUN-01-UL,1260620145000,126062014500001003,TRUE
2026-08-07 05:56:39.061,WIR-DES-01-UL,1260624087280,126071816301067117,TRUE
2026-08-07 05:56:42.545,WIR-Decoatbake-01-L,1260709001010,12607090010003A129,TRUE
2026-08-07 05:56:38.676,LSR-Debrowning-01-L,1260718159010,126071815900058143,TRUE
2026-08-07 05:56:38.582,LSR-Debrowning-01-UL,1260718159010,126071815900058157,TRUE
2026-08-07 05:56:36.143,AOI-PEP-01-L,1260804017000,126080401700012053,TRUE
2026-08-07 05:56:35.904,ELC-PUL-02-L,1260715042020,126071504200001046,TRUE
2026-08-07 05:56:35.101,ELC-TRE-01-UL,1260717057000,126071705700001032,TRUE
2026-08-07 05:56:34.788,ELC-TRE-01-L,1260717057000,126071705700001043,TRUE
2026-08-07 05:56:35.862,LIN-INNDES-01-UL,1260804066000,126080407000010068,TRUE
2026-08-07 05:56:33.248,WIR-Pretreatment-01-L,1260715024000,126071502400058046,TRUE
2026-08-07 05:56:33.190,LIN-INNDES-01-L,1260804066000,126080407000010025,TRUE
2026-08-07 05:56:32.798,ELC-INS-01-UL,1260720038020,126071105400001006,TRUE
2026-08-07 05:56:31.805,LIN-OUTDEV-01-L,1260624072000,126062407200001021,TRUE
2026-08-07 05:56:31.468,SMK-BRU-01-L,1260729001010,M0960002G2000E-0607,TRUE
2026-08-07 05:56:30.389,WIR-Vdevelop-01-L,1260608002000,12606080020001C062,TRUE
2026-08-07 05:55:48.235,WIR-SE-01-UL,1260625079180,12606250790001C103,TRUE
2026-08-07 05:56:29.515,ELC-PUL-01-L,1260718040000,126071804000001025,TRUE
2026-08-07 05:55:58.303,LIN-OUTDEV-01-UL,1260626072000,126070409100001054,TRUE
2026-08-07 05:55:03.947,ELC-DEP-01-UL,1260717081030,126071808200001009,TRUE
2026-08-07 05:56:52.597,ELC-INS-01-UL,1260720038020,126071105400001014,TRUE
2026-08-07 05:56:54.123,CPP-Patternplating-01-UL,,12607060550002B041,TRUE
2026-08-07 05:56:50.676,LIN-INNDES-01-UL,1260804066000,126080407000010067,TRUE
2026-08-07 05:56:50.429,ELC-TRE-01-L,1260717057000,126071705700001042,TRUE
2026-08-07 05:56:50.351,ELC-TRE-01-UL,1260717057000,126071705700001070,TRUE
2026-08-07 05:56:49.905,WIR-Pretreatment-01-UL,1260715024000,126071502400058002,TRUE
2026-08-07 05:56:49.123,WIR-LDI-01-L,,126071816000058004,TRUE
2026-08-07 05:56:47.832,LIN-INNDES-01-L,1260804066000,126080407000010024,TRUE
2026-08-07 05:56:47.879,AOI-PEP-01-L,1260804017000,126080401700012079,TRUE
2026-08-07 05:56:47.592,WIR-Decoatbake-01-UL,1260703001010,12607030010002B176,TRUE
2026-08-07 05:55:48.235,WIR-SE-01-UL,1260625079180,12606250790001C103,TRUE
2026-08-07 05:57:12.695,ELC-INS-01-UL,1260720038020,126071105400001029,TRUE
2026-08-07 05:57:07.476,LAM-BOP-02-UL,1260803018000,126080307200012053,TRUE
2026-08-07 05:57:11.593,WIR-LDI-01-UL,,126071816000058013,TRUE
2026-08-07 05:57:07.431,ELC-TRE-01-L,1260717057000,126071705700001030,TRUE
2026-08-07 05:57:08.946,LAM-BOP-01-L,1260803032000,126080303200004053,TRUE
2026-08-07 05:57:07.186,LSR-Debrowning-01-UL,1260718159010,126071815900058156,TRUE
2026-08-07 05:57:06.921,LSR-Debrowning-01-L,1260718159010,126071815900058144,TRUE
2026-08-07 05:57:06.400,ELC-TRE-01-UL,1260717057000,126071705700001075,TRUE
2026-08-07 05:57:05.804,AOI-PEP-01-UL,1260804017000,126080401700012079,TRUE
2026-08-07 05:57:05.617,LIN-INNDES-01-UL,1260804066000,126080407000010066,TRUE
2026-08-07 05:57:05.255,ELC-INS-01-L,1260711054000,126071105400001079,TRUE
2026-08-07 05:57:03.557,LIN-OUTVAP-01-UL,,12606040010001C109,TRUE
2026-08-07 05:57:06.015,WIR-Vdevelop-01-L,1260608002000,12606080020001C065,TRUE
2026-08-07 05:56:58.460,SMK-SPR-01-L,1260619001010,12606190010001C212,TRUE
2026-08-07 05:57:02.804,LIN-INNDES-01-L,1260804066000,126080407000010023,TRUE
2026-08-07 05:56:57.869,LIN-OUTDEV-01-L,1260624072000,126062407200001053,TRUE
2026-08-07 05:56:56.233,CPP-Patternplating-01-L,1260708010000,12607080100003A058,TRUE
2026-08-07 05:57:32.961,ELC-INS-01-UL,1260720038020,126071105400001018,TRUE
2026-08-07 05:57:32.203,WIR-Decoatbake-01-UL,1260703001010,12607030010002B130,TRUE
2026-08-07 05:57:31.933,LIN-INNDES-01-L,1260804066000,126080407000010021,TRUE
2026-08-07 05:57:30.011,LAM-BOP-02-UL,1260803018000,126080307200012044,TRUE
2026-08-07 05:57:28.313,WIR-Pretreatment-01-UL,1260715024000,126071502400058059,TRUE
2026-08-07 05:57:27.261,LAM-BOP-02-L,1260803043000,126080304300002009,TRUE
2026-08-07 05:57:25.068,ELC-PUL-01-L,1260718040000,126071804000001054,TRUE
2026-08-07 05:57:24.741,ELC-INS-01-L,1260711054000,126071105400001055,TRUE
2026-08-07 05:57:22.434,LIN-OUTDEV-01-L,1260624072000,126062407200001019,TRUE
2026-08-07 05:57:22.335,SMK-TUN-01-UL,1260620145000,126062014500001058,TRUE
2026-08-07 05:57:21.985,ELC-PUL-02-L,1260715042020,126071504200001055,TRUE
2026-08-07 05:57:21.353,ELC-TRE-01-UL,1260717057000,126071705700001049,TRUE
2026-08-07 05:57:20.510,LIN-INNDES-01-UL,1260804066000,126080407000010065,TRUE
2026-08-07 05:57:20.125,WIR-Decoatbake-01-L,1260709001010,12607090010003A130,TRUE
2026-08-07 05:57:19.141,WIR-DES-01-UL,1260624087280,126071816301067116,TRUE
2026-08-07 05:57:17.867,SMK-SPR-01-L,1260619001010,12606190010001C226/0,TRUE
2026-08-07 05:57:16.953,WIR-LDI-01-L,,126071816000058003,TRUE
2026-08-07 05:57:15.453,WIR-Vdevelop-01-UL,1260608002000,"12606080020001C071,BC",TRUE
2026-08-07 05:57:13.749,WIR-Pretreatment-01-L,1260715024000,126071502400058039,TRUE
2026-08-07 05:57:07.431,ELC-TRE-01-L,1260717057000,126071705700001030,TRUE
2026-08-07 05:55:48.235,WIR-SE-01-UL,1260625079180,12606250790001C103,TRUE
2026-08-07 05:57:55.894,WIR-Decoatbake-01-L,1260709001010,12607090010003A127,TRUE
2026-08-07 05:57:55.277,ELC-TRE-01-L,1260717057000,126071705700001011,TRUE
2026-08-07 05:57:54.432,SMK-SPR-01-L,1260619001010,12606190010001C228/0,TRUE
2026-08-07 05:57:53.213,ELC-TRE-01-UL,1260717057000,126071705700001053,TRUE
2026-08-07 05:57:52.550,WIR-Pretreatment-01-L,1260715024000,126071502400058049,TRUE
2026-08-07 05:57:51.993,ELC-INS-01-UL,1260711054000,126071105400001059,TRUE
2026-08-07 05:57:50.936,LIN-INNLDI-03-L,,ERROR_202608071257509369,TRUE
2026-08-07 05:57:50.401,LAM-BOP-02-L,1260803043000,126080304300002007,TRUE
2026-08-07 05:57:50.105,LIN-INNDES-01-UL,1260804066000,126080407000010063,TRUE
2026-08-07 05:57:50.080,CPP-Patternplating-01-L,1260708010000,12607080100003A050,TRUE
2026-08-07 05:57:48.315,CPP-Patternplating-01-UL,,12607060550002B040,TRUE
2026-08-07 05:57:47.500,LIN-OUTDEV-01-L,1260624072000,126062407200001065,TRUE
2026-08-07 05:57:46.886,LIN-INNDES-01-L,1260804066000,126080407000010020,TRUE
2026-08-07 05:57:46.727,SMK-TUN-01-UL,1260620145000,126062014500001034,TRUE
2026-08-07 05:57:45.174,WIR-LDI-01-L,,126071816000058006,TRUE
2026-08-07 05:57:43.399,ELC-INS-01-L,1260711054000,126071105400001052,TRUE
2026-08-07 05:57:41.844,WIR-Vdevelop-01-L,1260608002000,12606080020001C060,TRUE
2026-08-07 05:57:38.731,ROU-RIN-01-UL,,Error_202608071257387311,FALSE
2026-08-07 05:57:35.687,LSR-Debrowning-01-L,1260718159010,126071815900058142,TRUE
2026-08-07 05:57:41.261,LAM-BOP-02-UL,1260803018000,126080307200012042,TRUE
2026-08-07 05:57:35.218,LSR-Debrowning-01-UL,1260718159010,126071815900058155,TRUE
2026-08-07 05:55:48.235,WIR-SE-01-UL,1260625079180,12606250790001C103,TRUE
2026-08-07 05:58:17.781,SMK-SPR-01-L,1260619001010,12606190010001C211,TRUE
2026-08-07 05:58:14.373,LAM-BOP-02-L,1260803043000,126080304300002005,TRUE
2026-08-07 05:58:13.348,WIR-LDI-01-L,,126071816000058053,TRUE
2026-08-07 05:58:13.824,ELC-INS-01-L,1260711054000,Error_202608071258138247,FALSE
2026-08-07 05:58:12.500,LIN-OUTDEV-01-L,1260624072000,126062407200001078,TRUE
2026-08-07 05:58:16.373,LIN-INNDES-01-L,1260804066000,126080407000010018,TRUE
2026-08-07 05:58:12.341,LAM-BOP-02-UL,1260803018000,126080307200012034,TRUE
2026-08-07 05:58:11.856,ELC-TRE-01-L,1260717057000,126071705700001022,TRUE
2026-08-07 05:58:11.777,ELC-INS-01-UL,1260711054000,126071105400001079,TRUE
2026-08-07 05:58:10.310,ELC-TRE-01-UL,1260717057000,126071705700001055,TRUE
2026-08-07 05:58:08.565,ELC-PUL-02-L,1260715042020,126071504200001007,TRUE
2026-08-07 05:58:05.111,LIN-INNLDI-03-L,,ERROR_202608071258051113,TRUE
2026-08-07 05:58:07.192,WIR-Pretreatment-01-UL,1260715024000,126071502400058037,TRUE
2026-08-07 05:58:04.933,LAM-BOP-01-L,1260803032000,126080303200004051,TRUE
2026-08-07 05:58:04.730,LIN-INNDES-01-UL,1260804066000,126080407000010062,TRUE
2026-08-07 05:58:03.957,LSR-Debrowning-01-UL,1260718159010,126071815900058154,TRUE
2026-08-07 05:58:03.410,LSR-Debrowning-01-L,1260718159010,126071815900058141,TRUE
2026-08-07 05:58:02.817,WIR-LDI-01-UL,,126071816000058008,TRUE
2026-08-07 05:57:59.410,WIR-DES-01-UL,1260624087280,126071816301067115,TRUE
2026-08-07 05:56:47.879,AOI-PEP-01-L,1260804017000,126080401700012079,TRUE
2026-08-07 05:58:33.886,SMK-SPR-01-L,1260619001010,12606190010001C225/0,TRUE
2026-08-07 05:58:33.921,LIN-INNDES-01-UL,1260804066000,126080407000010060,TRUE
2026-08-07 05:58:32.366,WIR-Decoatbake-01-L,1260709001010,12607090010003A128,TRUE
2026-08-07 05:58:32.021,LSR-Debrowning-01-UL,1260718159010,126071815900058153,TRUE
2026-08-07 05:58:31.771,LSR-Debrowning-01-L,1260718159010,126071815900058140,TRUE
2026-08-07 05:58:31.530,LIN-INNDES-01-L,1260804066000,126080407000010017,TRUE
2026-08-07 05:58:31.561,LAM-BOP-02-UL,1260803018000,126080307200012017,TRUE
2026-08-07 05:58:31.085,WIR-Pretreatment-01-L,1260715024000,126071502400058060,TRUE
2026-08-07 05:58:28.585,WIR-Vdevelop-01-UL,1260608002000,"12606080020001C069,BC",TRUE
2026-08-07 05:58:30.498,ELC-INS-01-UL,1260711054000,126071105400001055,TRUE
2026-08-07 05:58:27.858,ELC-TRE-01-UL,1260717057000,126071705700001059,TRUE
2026-08-07 05:58:26.902,SMK-TUN-01-UL,1260620145000,126062014500001030,TRUE
2026-08-07 05:58:27.702,ELC-TRE-01-L,1260717057000,126071705700001023,TRUE
2026-08-07 05:58:26.139,LAM-BOP-02-L,1260803043000,126080304300002004,TRUE
2026-08-07 05:58:21.174,LIN-INNLDI-03-L,,ERROR_202608071258211741,TRUE
2026-08-07 05:58:20.740,ELC-PUL-01-L,1260718040000,126071804000001002,TRUE
2026-08-07 05:58:18.904,LAM-BOP-01-L,1260803032000,126080303200004049,TRUE
2026-08-07 05:58:18.741,WIR-Vdevelop-01-L,1260608002000,12606080020001C061,TRUE
2026-08-07 05:58:18.256,WIR-Decoatbake-01-UL,1260703001010,12607030010002B133,TRUE
2026-08-07 05:58:57.450,SMK-SPR-01-L,1260619001010,12606190010001C226,TRUE
2026-08-07 05:58:57.278,SMK-DIX-01-L,1260715005000,126071500500001011,TRUE
2026-08-07 05:58:55.925,LIN-INNLDI-03-L,,ERROR_202608071258559258,TRUE
2026-08-07 05:58:54.499,LAM-BOP-02-UL,1260803018000,126080307200012013,TRUE
2026-08-07 05:58:56.459,WIR-LDI-01-UL,,126071816000058021,TRUE
2026-08-07 05:58:54.355,ELC-PUL-02-L,1260715042020,126071504200001068,TRUE
2026-08-07 05:58:53.756,WIR-Vdevelop-01-L,1260608002000,12606080020001C066,TRUE
2026-08-07 05:58:49.406,LAM-BOP-02-L,1260803043000,126080304300002002,TRUE
2026-08-07 05:58:50.499,AOI-PEP-01-L,1260804013000,126080303200004064,TRUE
2026-08-07 05:58:49.171,LIN-INNDES-01-UL,1260804066000,126080407000010059,TRUE
2026-08-07 05:58:47.390,LAM-BOP-01-L,1260803032000,126080303200004047,TRUE
2026-08-07 05:58:46.312,LIN-INNDES-01-L,1260804066000,126080407000010016,TRUE
2026-08-07 05:58:45.881,WIR-Pretreatment-01-UL,1260715024000,126071502400058053,TRUE
2026-08-07 05:58:43.734,ELC-TRE-01-UL,1260717057000,126071705700001060,TRUE
2026-08-07 05:58:44.466,LIN-INNTRE-01-UL,1260805002000,126080500200006009,TRUE
2026-08-07 05:58:43.678,CPP-Patternplating-01-L,1260708010000,12607080100003A052,TRUE
2026-08-07 05:58:43.390,ELC-TRE-01-L,1260717057000,126071705700001033,TRUE
2026-08-07 05:58:41.850,CPP-Patternplating-01-UL,,12607060550002B039,TRUE
2026-08-07 05:58:41.819,WIR-LDI-01-L,,126071816000058055,TRUE
2026-08-07 05:58:39.256,WIR-DES-01-UL,1260624087280,126071816301067114,TRUE
2026-08-07 05:58:37.470,LIN-OUTDEV-01-L,1260624072000,126062407200001074,TRUE
2026-08-07 05:58:31.085,WIR-Pretreatment-01-L,1260715024000,126071502400058060,TRUE
2026-08-07 05:58:30.498,ELC-INS-01-UL,1260711054000,126071105400001055,TRUE
2026-08-07 05:58:28.585,WIR-Vdevelop-01-UL,1260608002000,"12606080020001C069,BC",TRUE
2026-08-07 05:58:26.902,SMK-TUN-01-UL,1260620145000,126062014500001030,TRUE
2026-08-07 05:45:09.295,AOI-RESAOI-01-L,1260720062000,126072006200001067,TRUE
2026-08-07 05:59:16.152,LIN-INNLDI-03-L,,ERROR_202608071259161522,TRUE
2026-08-07 05:59:16.133,ELC-PUL-01-L,1260718040000,126071804000001046,TRUE
2026-08-07 05:59:15.874,LAM-BOP-02-UL,1260803018000,126080307200012007,TRUE
2026-08-07 05:59:15.531,LIN-INNDES-01-L,1260804066000,126080407000010014,TRUE
2026-08-07 05:59:15.329,ELC-TRE-01-UL,1260717057000,126071705700001045,TRUE
2026-08-07 05:59:15.062,LAM-BOP-01-L,1260803032000,126080303200004043,TRUE
2026-08-07 05:59:14.797,ELC-TRE-01-L,1260717057000,126071705700001027,TRUE
2026-08-07 05:59:13.593,SMK-SPR-01-L,1260619001010,12606190010001C230/0,TRUE
2026-08-07 05:59:13.484,LAM-BOP-02-L,1260803043000,126080304300002051,TRUE
2026-08-07 05:59:09.850,WIR-LDI-01-L,,126071816000058050,TRUE
2026-08-07 05:59:09.397,WIR-Decoatbake-01-L,1260709001010,12607090010003A126,TRUE
2026-08-07 05:59:07.538,WIR-Pretreatment-01-L,1260715024000,126071502400058026,TRUE
2026-08-07 05:59:05.880,ELC-INS-01-UL,1260711054000,126071105400001052,TRUE
2026-08-07 05:59:03.812,LIN-INNDES-01-UL,1260804066000,126080407000010058,TRUE
2026-08-07 05:59:03.397,WIR-Vdevelop-01-UL,1260608002000,"12606080020001C076,BC",TRUE
2026-08-07 05:59:03.350,WIR-Decoatbake-01-UL,1260703001010,12607030010002B140,TRUE
2026-08-07 05:59:02.143,LIN-OUTDEV-01-L,1260624072000,126062407200001013,TRUE
2026-08-07 05:59:00.383,LSR-Debrowning-01-UL,1260718159010,126071815900058152,TRUE
2026-08-07 05:59:00.040,LSR-Debrowning-01-L,1260718159010,126071815900058139,TRUE
2026-08-07 05:58:54.355,ELC-PUL-02-L,1260715042020,126071504200001068,TRUE
2026-08-07 05:58:58.950,SMK-TUN-01-UL,1260620145000,126062014500001027,TRUE
2026-08-07 05:58:50.499,AOI-PEP-01-L,1260804013000,126080303200004064,TRUE
2026-08-07 05:55:58.303,LIN-OUTDEV-01-UL,1260626072000,126070409100001054,TRUE
2026-08-07 05:41:53.755,SMK-BRU-02-L,1260703054030,Error_202608071241537557,FALSE
2026-08-07 05:59:35.846,SMK-SPR-01-L,1260619001010,12606190010001C228,TRUE
2026-08-07 05:59:35.523,CPP-Patternplating-01-UL,,12607060550002B045,TRUE
2026-08-07 05:59:33.111,LIN-INNDES-01-UL,1260804066000,126080407000010056,TRUE
2026-08-07 05:59:31.793,LIN-INNLDI-03-L,,ERROR_202608071259317938,TRUE
2026-08-07 05:59:31.299,ELC-TRE-01-UL,1260717057000,126071705700001077,TRUE
2026-08-07 05:59:30.768,ELC-TRE-01-L,1260717057000,126071705700001035,TRUE
2026-08-07 05:59:30.796,LIN-INNDES-01-L,1260804066000,126080407000010013,TRUE
2026-08-07 05:59:29.554,WIR-Vdevelop-01-L,1260608002000,12606080020001C067,TRUE
2026-08-07 05:59:28.714,LSR-Debrowning-01-UL,1260718159010,126071815900058151,TRUE
2026-08-07 05:59:28.682,LSR-Debrowning-01-L,1260718159010,126071815900058138,TRUE
2026-08-07 05:59:27.536,LIN-OUTDEV-01-L,1260624072000,126062407200001045,TRUE
2026-08-07 05:59:27.359,LAM-BOP-02-UL,1260803018000,126080307200012005,TRUE
2026-08-07 05:59:25.929,WIR-LDI-01-UL,,126071816000058020,TRUE
2026-08-07 05:59:25.546,LAM-BOP-02-L,1260803043000,126080304300002050,TRUE
2026-08-07 05:59:24.726,WIR-Pretreatment-01-UL,1260715024000,126071502400058051,TRUE
2026-08-07 05:59:23.610,SMK-DIX-01-L,1260715005000,126071500500001007,TRUE
2026-08-07 05:59:22.763,LIN-OUTVAP-01-UL,,12606040010001C104,TRUE
2026-08-07 05:59:18.835,WIR-DES-01-UL,1260624087280,126071816301067113,TRUE
2026-08-07 05:59:29.062,LAM-BOP-01-L,1260803032000,126080303200004040,TRUE
2026-08-07 05:59:05.880,ELC-INS-01-UL,1260711054000,126071105400001052,TRUE
2026-08-07 05:59:03.397,WIR-Vdevelop-01-UL,1260608002000,"12606080020001C076,BC",TRUE
2026-08-07 05:59:53.379,SMK-SPR-01-L,1260619001010,12606190010001C219/0,TRUE
2026-08-07 05:59:52.632,AOI-RESAOI-01-L,1260720044000,126072004400001018,TRUE
2026-08-07 05:59:52.460,LIN-OUTDEV-01-L,1260624072000,126062407200001037,TRUE
2026-08-07 05:59:52.004,LIN-INNLDI-03-L,,ERROR_202608071259520048,TRUE
2026-08-07 05:59:50.487,SMK-DIX-01-L,1260715005000,126071500500001001,TRUE
2026-08-07 05:59:48.987,LAM-BOP-02-UL,1260803018000,126080307200012001,TRUE
2026-08-07 05:59:48.822,SMK-BRU-01-UL,1260729001010,M0960002G2000E-0607,TRUE
2026-08-07 05:59:48.767,LIN-INNTRE-01-UL,1260805002000,126080500200006010,TRUE
2026-08-07 05:59:48.382,WIR-Pretreatment-01-L,1260715024000,126071502400058005,TRUE
2026-08-07 05:59:48.566,LAM-BOP-02-L,1260803043000,126080304300002029,TRUE
2026-08-07 05:59:48.253,LIN-INNDES-01-UL,1260804066000,126080407000010055,TRUE
2026-08-07 05:59:48.101,WIR-Decoatbake-01-UL,1260703001010,12607030010002B146,TRUE
2026-08-07 05:59:47.223,ELC-TRE-01-UL,1260717057000,126071705700001031,TRUE
2026-08-07 05:59:46.882,WIR-Decoatbake-01-L,1260709001010,12607090010003A135,TRUE
2026-08-07 05:59:46.676,ELC-TRE-01-L,1260717057000,126071705700001013,TRUE
2026-08-07 05:59:45.472,LIN-INNDES-01-L,1260804066000,126080407000010012,TRUE
2026-08-07 05:59:42.517,LAM-BOP-01-L,1260803032000,126080303200004038,TRUE
2026-08-07 05:59:41.144,ELC-PUL-02-L,1260715042020,126071504200001003,TRUE
2026-08-07 05:59:37.679,WIR-LDI-01-L,,126071816000058058,TRUE
2026-08-07 05:59:37.398,CPP-Patternplating-01-L,1260708010000,12607080100003A051,TRUE
2026-08-07 05:59:37.272,LIN-OUTDEV-01-UL,1260626072000,126062407200001030,TRUE
2026-08-07 05:44:41.313,ELC-DEP-01-L,1260718082000,126071808200001001,TRUE
2026-08-07 06:00:12.973,LAM-BOP-02-L,1260803043000,126080304300002027,TRUE
2026-08-07 06:00:12.415,WIR-Vdevelop-01-UL,1260608002000,"12606080020001C074,BC",TRUE
2026-08-07 06:00:11.917,ELC-PUL-01-L,1260718040000,126071804000001044,TRUE
2026-08-07 06:00:11.458,LAM-BOP-02-UL,1260803018000,126080307200012076,TRUE
2026-08-07 06:00:10.348,LAM-BOP-01-L,1260803032000,126080303200004034,TRUE
2026-08-07 06:00:06.945,AOI-RESAOI-01-L,1260720044000,126072004400001017,TRUE
2026-08-07 06:00:07.692,LIN-INNLDI-03-L,,ERROR_202608071300076924,TRUE
2026-08-07 06:00:05.978,WIR-LDI-01-L,,126071816000058057,TRUE
2026-08-07 06:00:05.212,WIR-Vdevelop-01-L,1260608002000,12606080020001C064,TRUE
2026-08-07 06:00:03.051,LIN-INNDES-01-UL,1260804066000,126080407000010054,TRUE
2026-08-07 06:00:02.991,ELC-TRE-01-UL,1260717057000,126071705700001034,TRUE
2026-08-07 06:00:02.899,WIR-Pretreatment-01-UL,1260715024000,126071502400058045,TRUE
2026-08-07 06:00:02.616,ELC-TRE-01-L,1260717057000,126071705700001036,TRUE
2026-08-07 06:00:00.864,AOI-PEP-01-UL,1260804013000,126080303200004064,TRUE
2026-08-07 05:59:59.833,LIN-INNDES-01-L,1260804066000,126080407000010011,TRUE
2026-08-07 05:59:59.508,WIR-DES-01-UL,1260624087280,126071816301067112,TRUE
2026-08-07 05:59:55.571,WIR-LDI-01-UL,,126071816000058023,TRUE
2026-08-07 05:59:56.387,LSR-Debrowning-01-L,1260718159010,126071815900058137,TRUE
2026-08-07 05:59:57.043,LSR-Debrowning-01-UL,1260718159010,126071815900058150,TRUE
2026-08-07 05:59:48.101,WIR-Decoatbake-01-UL,1260703001010,12607030010002B146,TRUE
2026-08-07 05:59:37.272,LIN-OUTDEV-01-UL,1260626072000,126062407200001030,TRUE
2026-08-07 05:59:05.880,ELC-INS-01-UL,1260711054000,126071105400001052,TRUE
2026-08-07 05:44:41.313,ELC-DEP-01-L,1260718082000,126071808200001001,TRUE
2026-08-07 06:00:33.292,AOI-RESAOI-01-UL,1260720044000,126072004400001018,TRUE
2026-08-07 06:00:33.146,SMK-SPR-01-L,1260619001010,12606190010001C234/0,TRUE
2026-08-07 06:00:32.461,LIN-INNDES-01-UL,1260804066000,126080407000010052,TRUE
2026-08-07 06:00:32.376,WIR-Decoatbake-01-UL,1260715024002,12607030010002B158,TRUE
2026-08-07 06:00:30.892,CPP-Patternplating-01-L,1260708010000,12607080100003A037,TRUE
2026-08-07 06:00:29.586,LIN-INNDES-01-L,1260804066000,126080407000010009,TRUE
2026-08-07 06:00:28.329,CPP-Patternplating-01-UL,,12607060550002B154,TRUE
2026-08-07 06:00:27.866,LIN-INNLDI-03-L,,ERROR_202608071300278660,TRUE
2026-08-07 06:00:25.803,AOI-PEP-01-L,1260804013000,126080303200004032,TRUE
2026-08-07 06:00:25.452,LSR-Debrowning-01-UL,1260718159010,126071815900058149,TRUE
2026-08-07 06:00:25.198,AOI-RESAOI-01-L,1260720044000,126072004400001069,TRUE
2026-08-07 06:00:25.182,WIR-LDI-01-UL,,126071816000058027,TRUE
2026-08-07 06:00:24.560,LSR-Debrowning-01-L,1260718159010,126071815900058136,TRUE
2026-08-07 06:00:24.209,LAM-BOP-02-L,1260803043000,126080304300002026,TRUE
2026-08-07 06:00:23.400,WIR-Decoatbake-01-L,1260709001010,12607090010003A133,TRUE
2026-08-07 06:00:23.319,LAM-BOP-01-L,1260803032000,126080303200004030,TRUE
2026-08-07 06:00:22.334,LAM-BOP-02-UL,1260803018000,126080307200012037,TRUE
2026-08-07 06:00:19.541,ELC-TRE-01-UL,1260717057000,126071705700001043,TRUE
2026-08-07 06:00:18.431,ELC-TRE-01-L,1260717057000,126071705700001025,TRUE
2026-08-07 06:00:17.088,LIN-OUTDEV-01-L,1260624072000,126062407200001070,TRUE
2026-08-07 06:00:51.045,ELC-TRE-01-UL,1260717057000,126071705700001030,TRUE
2026-08-07 06:00:50.720,LIN-OUTVAP-01-UL,,12606040010001C119,TRUE
2026-08-07 06:00:49.545,ELC-TRE-01-L,1260717057000,126071705700001068,TRUE
2026-08-07 06:00:48.340,AOI-RESAOI-01-L,1260720044000,126072004400001072,TRUE
2026-08-07 06:00:47.867,LAM-BOP-02-L,1260803043000,126080304300002024,TRUE
2026-08-07 06:00:47.226,LIN-INNDES-01-UL,1260804066000,126080407000010051,TRUE
2026-08-07 06:00:46.486,WIR-Vdevelop-01-UL,1260608002000,"12606080020001C075,BC",TRUE
2026-08-07 06:00:45.896,SMK-DIX-01-L,1260715005000,126071500500001009,TRUE
2026-08-07 06:00:45.164,LAM-BOP-02-UL,1260803018000,126080307200012033,TRUE
2026-08-07 06:00:44.632,AOI-PEP-01-L,1260804013000,126080303200004001,TRUE
2026-08-07 06:00:44.351,LIN-INNDES-01-L,1260804066000,126080407000010008,TRUE
2026-08-07 06:00:44.241,LIN-INNLDI-03-L,,ERROR_202608071300442410,TRUE
2026-08-07 06:00:43.882,AOI-PEP-01-UL,1260804013000,126080303200004032,TRUE
2026-08-07 06:00:42.090,LIN-OUTDEV-01-L,1260624072000,126062407200001005,TRUE
2026-08-07 06:00:41.408,WIR-Pretreatment-01-UL,1260715024000,126071502400058041,TRUE
2026-08-07 06:00:40.970,WIR-Vdevelop-01-L,1260608002000,12606080020001C073,TRUE
2026-08-07 06:00:39.079,WIR-DES-01-UL,1260624087280,126071816301067111,TRUE
2026-08-07 06:00:37.726,LAM-BOP-01-L,1260803032000,126080303200004028,TRUE
2026-08-07 06:00:34.173,WIR-LDI-01-L,,126071816000058040,TRUE
2026-08-07 06:00:32.376,WIR-Decoatbake-01-UL,1260715024002,12607030010002B158,TRUE
2026-08-07 06:00:23.400,WIR-Decoatbake-01-L,1260709001010,12607090010003A133,TRUE
2026-08-07 05:58:13.824,ELC-INS-01-L,1260711054000,Error_202608071258138247,FALSE
2026-08-07 06:01:13.941,ELC-INS-01-L,1260711054000,126071105400001008,TRUE
2026-08-07 06:01:13.929,LIN-INNDES-01-L,1260804066000,126080407000010006,TRUE
2026-08-07 06:01:13.898,AOI-PEP-01-L,1260804013000,126080306800004067,TRUE
2026-08-07 06:01:13.757,AOI-PEP-01-UL,1260804013000,126080303200004022,TRUE
2026-08-07 06:01:12.523,SMK-SPR-01-L,1260619001010,12606190010001C188/0,TRUE
2026-08-07 06:01:11.715,AOI-RESAOI-01-L,1260720044000,126072004400001038,TRUE
2026-08-07 06:01:11.382,LAM-BOP-02-L,1260803043000,126080304300002022,TRUE
2026-08-07 06:01:06.918,LIN-OUTDEV-01-L,1260624072000,126062407200001046,TRUE
2026-08-07 06:01:05.577,ELC-TRE-01-L,1260717057000,126071705700001029,TRUE
2026-08-07 06:01:05.398,LAM-BOP-01-L,1260803032000,126080303200004020,TRUE
2026-08-07 06:01:04.242,LIN-INNLDI-03-L,,ERROR_202608071301042424,TRUE
2026-08-07 06:01:02.126,WIR-LDI-01-L,,126071816000058060,TRUE
2026-08-07 06:01:01.867,LIN-INNDES-01-UL,1260804066000,126080407000010050,TRUE
2026-08-07 06:01:00.892,WIR-Decoatbake-01-L,1260709001010,12607090010003A134,TRUE
2026-08-07 06:00:56.715,AOI-RESAOI-01-UL,1260720044000,126072004400001017,TRUE
2026-08-07 06:00:54.892,WIR-LDI-01-UL,,126071816000058004,TRUE
2026-08-07 06:00:53.407,LIN-INNTRE-01-UL,1260805002000,126080500200006011,TRUE
2026-08-07 06:00:53.390,LSR-Debrowning-01-UL,1260718159010,126071815900058148,TRUE
2026-08-07 06:00:52.922,LSR-Debrowning-01-L,1260718159010,126071815900058135,TRUE
2026-08-07 06:00:51.045,ELC-TRE-01-UL,1260717057000,126071705700001030,TRUE
2026-08-07 06:00:45.164,LAM-BOP-02-UL,1260803018000,126080307200012033,TRUE
2026-08-07 05:55:39.976,LAM-BOP-03-UL,1260704001000,12607040010003A019,TRUE
2026-08-07 03:33:17.299,CPP-VCP-01-L,1260727003010,126072700200400069,TRUE
2026-08-07 06:01:36.314,ELC-PUL-01-L,1260718040000,126071804000001078,TRUE
2026-08-07 06:01:35.950,AOI-PEP-01-L,1260804013000,126080306800004030,TRUE
2026-08-07 06:01:35.664,SMK-SPR-01-L,1260619001010,12606190010001C219,TRUE
2026-08-07 06:01:34.919,LAM-BOP-02-L,1260803043000,126080304300002020,TRUE
2026-08-07 06:01:34.527,AOI-RESAOI-01-L,1260720044000,126072004400001016,TRUE
2026-08-07 06:01:34.375,ELC-TRE-01-L,1260717057000,Error_202608071301343758,FALSE
2026-08-07 06:01:34.154,AOI-PEP-01-UL,1260804013000,126080306800004067,TRUE
2026-08-07 06:01:31.949,LIN-OUTDEV-01-L,1260624072000,126062407200001008,TRUE
2026-08-07 06:01:31.633,LIN-INNDES-01-UL,1260804066000,126080407000010048,TRUE
2026-08-07 06:01:30.502,WIR-LDI-01-L,,126071816000058002,TRUE
2026-08-07 06:01:29.024,LIN-INNDES-01-L,1260804066000,126080407000010005,TRUE
2026-08-07 06:01:28.021,ELC-INS-01-UL,1260711054000,126071105400001073,TRUE
2026-08-07 06:01:27.896,ELC-INS-01-L,1260711054000,126071105400001046,TRUE
2026-08-07 06:01:24.643,WIR-LDI-01-UL,,126071816000058003,TRUE
2026-08-07 06:01:24.518,CPP-Patternplating-01-L,1260708010000,12607080100003A053,TRUE
2026-08-07 06:01:22.830,CPP-Patternplating-01-UL,,12607060550002B043,TRUE
2026-08-07 06:01:21.720,LSR-Debrowning-01-UL,1260718159010,126071815900058147,TRUE
2026-08-07 06:01:21.127,LSR-Debrowning-01-L,1260718159010,126071815900058134,TRUE
2026-08-07 06:01:20.324,AOI-RESAOI-01-UL,1260720044000,126072004400001069,TRUE
2026-08-07 06:01:20.112,WIR-Pretreatment-01-UL,1260715024000,126071502400058050,TRUE
2026-08-07 06:01:19.811,LIN-INNLDI-03-L,,ERROR_202608071301198116,TRUE
2026-08-07 06:01:19.112,WIR-DES-01-UL,1260624087280,126071816301067110,TRUE
2026-08-07 06:01:16.721,WIR-Vdevelop-01-L,1260608002000,12606080020001C070,TRUE
2026-08-07 06:01:18.289,LAM-BOP-01-L,1260803032000,126080303200004016,TRUE
2026-08-07 06:01:59.015,LAM-BOP-02-L,1260803043000,126080304300002018,TRUE
2026-08-07 06:01:58.613,WIR-LDI-01-L,,126071816000058056,TRUE
2026-08-07 06:01:58.187,LIN-INNDES-01-L,1260804066000,126080407000010003,TRUE
2026-08-07 06:01:58.038,LIN-INNTRE-01-UL,1260805002000,126080500200006012,TRUE
2026-08-07 06:01:57.731,AOI-RESAOI-01-L,1260720044000,126072004400001020,TRUE
2026-08-07 06:01:57.977,SMK-DIX-01-L,1260715005000,126071500400001015,TRUE
2026-08-07 06:01:57.028,LIN-OUTDEV-01-L,1260624072000,126062407200001007,TRUE
2026-08-07 06:01:56.581,LIN-INNLDI-03-L,,ERROR_202608071301565810,TRUE
2026-08-07 06:01:55.958,ELC-TRE-01-UL,1260717057010,126071705700001022,TRUE
2026-08-07 06:01:54.875,AOI-PEP-01-UL,1260804013000,126080306800004030,TRUE
2026-08-07 06:01:54.750,AOI-PEP-01-L,1260804013000,126080401300004004,TRUE
2026-08-07 06:01:54.472,WIR-LDI-01-UL,,126071816000058006,TRUE
2026-08-07 06:01:53.515,LAM-BOP-02-UL,1260803018000,126080304300002014,TRUE
2026-08-07 06:01:52.629,WIR-Vdevelop-01-L,1260608002000,12606080020001C107,TRUE
2026-08-07 06:01:51.946,SMK-SPR-01-L,1260619001010,12606190010001C177/0,TRUE
2026-08-07 06:01:49.948,LSR-Debrowning-01-UL,1260718159010,126071815900058146,TRUE
2026-08-07 06:01:49.866,ELC-INS-01-UL,1260711054000,126071105400001033,TRUE
2026-08-07 06:01:49.714,LSR-Debrowning-01-L,1260718159010,126071815900058133,TRUE
2026-08-07 06:01:46.203,LIN-INNDES-01-UL,1260804066000,126080407000010047,TRUE
2026-08-07 06:01:49.308,LIN-OUTDEV-01-UL,1260626072020,126062407200001017,TRUE
2026-08-07 06:01:43.090,AOI-RESAOI-01-UL,1260720044000,126072004400001072,TRUE
2026-08-07 06:01:42.319,ELC-INS-01-L,1260711054000,126071105400001043,TRUE
2026-08-07 06:01:37.878,WIR-Decoatbake-01-L,1260709001010,12607090010003A155,TRUE
2026-08-07 06:01:22.830,CPP-Patternplating-01-UL,,12607060550002B043,TRUE
2026-08-07 06:01:18.289,LAM-BOP-01-L,1260803032000,126080303200004016,TRUE
2026-08-07 05:44:41.313,ELC-DEP-01-L,1260718082000,126071808200001001,TRUE
2026-08-07 06:02:15.050,AOI-PEP-01-L,1260804013000,126080401300004002,TRUE
2026-08-07 06:02:15.229,SMK-SPR-01-L,1260619001010,12606190010001C234,TRUE
2026-08-07 06:02:15.003,AOI-PEP-01-UL,1260804013000,126080401300004004,TRUE
2026-08-07 06:02:14.699,LIN-OUTDEV-01-UL,1260626072020,126062407200001020,TRUE
2026-08-07 06:02:13.003,LIN-INNDES-01-L,1260804066000,126080407000010002,TRUE
2026-08-07 06:02:10.221,LAM-BOP-02-L,1260803043000,126080304300002017,TRUE
2026-08-07 06:02:09.477,ELC-INS-01-UL,1260711054000,126071105400001008,TRUE
2026-08-07 06:02:05.996,AOI-RESAOI-01-UL,1260720044000,126072004400001038,TRUE
2026-08-07 06:02:05.344,LAM-BOP-02-UL,1260803018000,126080304300002031,TRUE
2026-08-07 06:02:03.565,ELC-PUL-01-L,1260718040000,126071804000001064,TRUE
2026-08-07 06:02:02.272,ELC-INS-01-L,1260711054000,126071105400001032,TRUE
2026-08-07 06:02:01.056,LIN-INNDES-01-UL,1260804066000,126080407000010046,TRUE
2026-08-07 06:01:59.332,WIR-DES-01-UL,1260624087280,126071816301067109,TRUE
2026-08-07 06:01:59.238,WIR-Pretreatment-01-UL,1260715024000,126071502400058048,TRUE
2026-08-07 06:01:57.977,SMK-DIX-01-L,1260715005000,126071500400001015,TRUE
2026-08-07 05:44:41.313,ELC-DEP-01-L,1260718082000,126071808200001001,TRUE
2026-08-07 06:02:30.630,LIN-INNDES-01-UL,1260804066000,126080407000010044,TRUE
2026-08-07 06:02:30.490,WIR-Vdevelop-01-UL,1260608002000,"12606080020001C080,BC",TRUE
2026-08-07 06:02:29.337,ELC-INS-01-UL,1260711054000,126071105400001046,TRUE
2026-08-07 06:02:28.999,AOI-RESAOI-01-UL,1260720044000,126072004400001016,TRUE
2026-08-07 06:02:28.786,LAM-BOP-02-UL,1260803043000,126080304300002080,TRUE
2026-08-07 06:02:27.786,LIN-INNDES-01-L,1260804066000,126080407000010001,TRUE
2026-08-07 06:02:27.037,WIR-LDI-01-L,,126071816000058059,TRUE
2026-08-07 06:02:25.505,AOI-PEP-01-L,1260804013000,126080401300004001,TRUE
2026-08-07 06:02:25.364,AOI-PEP-01-UL,1260804013000,126080401300004003,TRUE
2026-08-07 06:02:24.084,WIR-LDI-01-UL,,126071816000058053,TRUE
2026-08-07 06:02:23.395,LAM-BOP-01-L,1260803032000,126080303200004014,TRUE
2026-08-07 06:02:22.645,LAM-BOP-02-L,1260803043000,126080304300002016,TRUE
2026-08-07 06:02:22.070,ELC-INS-01-L,1260711054000,126071105400001005,TRUE
2026-08-07 06:02:28.240,WIR-Vdevelop-01-L,1260608002000,12606080020001C106,TRUE
2026-08-07 06:02:21.842,LIN-OUTDEV-01-L,1260624072000,126062407200001049,TRUE
2026-08-07 06:02:20.420,AOI-RESAOI-01-L,1260720044000,126072004400001051,TRUE
2026-08-07 06:02:18.404,LSR-Debrowning-01-UL,1260718159010,126071815900058145,TRUE
2026-08-07 06:02:18.287,CPP-Patternplating-01-L,1260708010000,12607080100003A040,TRUE
2026-08-07 06:02:18.122,LSR-Debrowning-01-L,1260718159010,126071815900058132,TRUE
2026-08-07 06:02:17.132,LIN-INNLDI-03-L,,ERROR_202608071302171325,TRUE
2026-08-07 06:02:16.052,CPP-Patternplating-01-UL,,12607060550002B137,TRUE
2026-08-07 06:01:34.375,ELC-TRE-01-L,1260717057000,Error_202608071301343758,FALSE
2026-08-07 05:14:30.797,ELC-PUL-01-UL,1260717051020,126071705100001007,TRUE
2026-08-07 06:02:47.364,LIN-INNTRE-02-UL-1,,Error_202608071302473643,FALSE
2026-08-07 06:02:46.851,LIN-OUTVAP-01-UL,,12606040010001C102,TRUE
2026-08-07 06:02:46.657,LIN-OUTDEV-01-L,1260624072000,126062407200001014,TRUE
2026-08-07 06:02:46.546,LSR-Debrowning-01-UL,1260718159010,126071815900058143,TRUE
2026-08-07 06:02:46.531,LSR-Debrowning-01-L,1260718159010,126071815900058131,TRUE
2026-08-07 06:02:46.071,LAM-BOP-02-L,1260803043000,126080304300002074,TRUE
2026-08-07 06:02:45.915,AOI-PEP-01-UL,1260804013000,126080401300004001,TRUE
2026-08-07 06:02:45.828,AOI-PEP-01-L,1260804013000,126080401300004021,TRUE
2026-08-07 06:02:44.883,LIN-INNDES-01-UL,1260804066000,126080407000010043,TRUE
2026-08-07 06:02:43.064,AOI-RESAOI-01-L,1260720044000,126072004400001006,TRUE
2026-08-07 06:02:42.985,LIN-OUTDEV-01-UL,1260626072020,126062407200001021,TRUE
2026-08-07 06:02:42.088,ELC-INS-01-L,1260711054000,126071105400001044,TRUE
2026-08-07 06:02:40.835,LAM-BOP-01-L,1260803032000,126080303200004012,TRUE
2026-08-07 06:02:40.162,LAM-BOP-02-UL,1260803043000,126080304300002079,TRUE
2026-08-07 06:02:39.302,WIR-DES-01-UL,1260624087280,126071816301067108,TRUE
2026-08-07 06:02:37.474,WIR-Pretreatment-01-UL,1260715024000,126071502400058055,TRUE
2026-08-07 06:02:32.788,LIN-INNLDI-03-L,,ERROR_202608071302327888,TRUE
2026-08-07 06:02:31.559,SMK-SPR-01-L,1260619001010,12606190010001C200/0,TRUE
2026-08-07 05:44:29.736,LAM-BOP-03-L,1260704001000,126070400100049010,TRUE
2026-08-07 06:03:05.287,WIR-Vdevelop-01-UL,1260608002000,"12606080020001C081,BC",TRUE
2026-08-07 06:03:04.198,LAM-BOP-02-UL,1260803043000,126080304300002077,TRUE
2026-08-07 06:03:04.208,WIR-Vdevelop-01-L,1260608002000,12606080020001C109,TRUE
2026-08-07 06:03:02.542,LIN-INNTRE-01-UL,1260805002000,126080500200006013,TRUE
2026-08-07 06:02:59.901,LIN-INNDES-01-UL,1260804066000,126080407000010042,TRUE
2026-08-07 06:03:02.402,ELC-INS-01-L,1260711054000,126071105400001054,TRUE
2026-08-07 06:02:59.053,ELC-PUL-01-L,1260718040000,126071804000001055,TRUE
2026-08-07 06:02:58.233,SMK-DIX-01-L,1260715005000,126071500500001006,TRUE
2026-08-07 06:02:57.386,LAM-BOP-02-L,1260803043000,126080304300002073,TRUE
2026-08-07 06:02:56.573,AOI-PEP-01-L,1260804013000,126080401300004020,TRUE
2026-08-07 06:02:56.261,AOI-PEP-01-UL,1260804013000,126080401300004022,TRUE
2026-08-07 06:02:55.041,LAM-BOP-01-L,1260803032000,126080303200004010,TRUE
2026-08-07 06:02:54.951,SMK-SPR-01-L,1260619001010,12606190010001C188,TRUE
2026-08-07 06:02:54.802,WIR-LDI-01-L,,126071816000058044,TRUE
2026-08-07 06:02:53.340,LIN-INNLDI-03-L,,ERROR_202608071302533400,TRUE
2026-08-07 06:02:53.677,WIR-LDI-01-UL,,126071816000058055,TRUE
2026-08-07 06:02:49.292,ELC-INS-01-UL,1260711054000,126071105400001043,TRUE
2026-08-07 06:02:51.939,AOI-RESAOI-01-UL,1260720044000,126072004400001020,TRUE
2026-08-07 06:02:18.287,CPP-Patternplating-01-L,1260708010000,12607080100003A040,TRUE
2026-08-07 06:01:55.958,ELC-TRE-01-UL,1260717057010,126071705700001022,TRUE
2026-08-07 06:03:16.585,LIN-INNTRE-02-UL-1,,126080500100004060,TRUE
2026-08-07 06:03:16.225,WIR-Pretreatment-01-UL,1260715024000,126071502400058031,TRUE
2026-08-07 06:03:15.887,LAM-BOP-02-UL,1260803043000,126080304300002076,TRUE
2026-08-07 06:03:14.954,LSR-Debrowning-01-L,1260718159010,126071815900058130,TRUE
2026-08-07 06:03:14.704,LSR-Debrowning-01-UL,1260718159010,126071815900058144,TRUE
2026-08-07 06:03:11.943,CPP-Patternplating-01-L,1260708010000,12607080100003A009,TRUE
2026-08-07 06:03:14.465,LIN-INNDES-01-UL,1260804066000,126080407000010041,TRUE
2026-08-07 06:03:11.895,LIN-OUTDEV-01-L,1260624072000,126062407200001003,TRUE
2026-08-07 06:03:14.770,AOI-RESAOI-01-UL,1260720044000,126072004400001051,TRUE
2026-08-07 06:03:11.391,SMK-SPR-01-L,1260619001010,12606190010001C202/0,TRUE
2026-08-07 06:03:10.380,CPP-Patternplating-01-UL,,12607060550002B138,TRUE
2026-08-07 06:03:09.558,LAM-BOP-02-L,1260803043000,126080304300002072,TRUE
2026-08-07 06:03:09.261,ELC-INS-01-UL,1260711054000,126071105400001032,TRUE
2026-08-07 06:03:08.825,LAM-BOP-01-L,1260803032000,126080303200004008,TRUE
2026-08-07 06:03:09.013,LIN-INNLDI-03-L,,ERROR_202608071303090139,TRUE
2026-08-07 06:03:08.473,LIN-OUTDEV-01-UL,1260626072020,126062407200001053,TRUE
2026-08-07 06:03:06.761,AOI-PEP-01-L,1260804013000,126080401300004019,TRUE
2026-08-07 06:03:06.308,AOI-PEP-01-UL,1260804013000,126080401300004021,TRUE
2026-08-07 06:03:06.239,AOI-RESAOI-01-L,1260720044000,126072004400001005,TRUE
2026-08-07 06:03:45.174,LIN-INNLDI-03-L,,ERROR_202608071303451748,TRUE
2026-08-07 06:03:44.438,LAM-BOP-02-L,1260803043000,126080304300002069,TRUE
2026-08-07 06:03:44.281,LIN-INNDES-01-UL,1260804066000,126080407000010038,TRUE
2026-08-07 06:03:43.127,LSR-Debrowning-01-L,1260718159010,126071815900058129,TRUE
2026-08-07 06:03:43.002,LSR-Debrowning-01-UL,1260718159010,126071815900058142,TRUE
2026-08-07 06:03:41.936,ELC-INS-01-L,1260711054000,126071105400001024,TRUE
2026-08-07 06:03:40.273,WIR-Vdevelop-01-UL,1260608002000,"12606080020001C078,BC",TRUE
2026-08-07 06:03:39.695,WIR-Vdevelop-01-L,1260608002000,12606080020001C099,TRUE
2026-08-07 06:03:39.546,LAM-BOP-02-UL,1260803043000,126080304300002012,TRUE
2026-08-07 06:03:38.609,AOI-PEP-01-UL,1260804013000,126080401300004018,TRUE
2026-08-07 06:03:37.975,AOI-RESAOI-01-UL,1260720044000,126072004400001006,TRUE
2026-08-07 06:03:37.667,LIN-INNTRE-02-UL-1,,126080500100004064,TRUE
2026-08-07 06:03:36.731,LIN-INNTRE-01-UL,1260805002000,126080500200006014,TRUE
2026-08-07 06:03:36.600,LIN-OUTDEV-01-L,1260624072000,126062407200001027,TRUE
2026-08-07 06:03:36.312,LAM-BOP-01-L,1260803032000,126080303200004004,TRUE
2026-08-07 06:03:35.228,LIN-INNTRE-02-UL-2,,126080500100004057,TRUE
2026-08-07 06:03:30.537,LIN-OUTDEV-01-UL,1260626072020,126062407200001019,TRUE
2026-08-07 06:03:29.490,AOI-RESAOI-01-L,1260720044000,126072004400001019,TRUE
2026-08-07 06:03:34.517,SMK-SPR-01-L,1260619001010,12606190010001C177,TRUE
2026-08-07 06:03:29.278,ELC-INS-01-UL,1260711054000,126071105400001005,TRUE
2026-08-07 06:03:27.702,AOI-PEP-01-L,1260804013000,126080401300004017,TRUE
2026-08-07 06:03:23.038,WIR-LDI-01-L,,126071816000058045,TRUE
2026-08-07 06:03:23.397,WIR-LDI-01-UL,,126071816000058050,TRUE
2026-08-07 06:03:19.240,WIR-DES-01-UL,1260624087280,126071816301067107,TRUE
2026-08-07 06:01:55.958,ELC-TRE-01-UL,1260717057010,126071705700001022,TRUE
2026-08-07 05:59:41.144,ELC-PUL-02-L,1260715042020,126071504200001003,TRUE
2026-08-07 06:04:03.940,LAM-BOP-01-L,1260803032000,126080303200004080,TRUE
2026-08-07 06:04:03.555,CPP-Patternplating-01-UL,,12607060550002B178,TRUE
2026-08-07 06:04:02.549,LAM-BOP-02-UL,1260803043000,126080304300002010,TRUE
2026-08-07 06:04:01.922,ELC-INS-01-L,1260711054000,126071105400001004,TRUE
2026-08-07 06:04:01.836,LIN-OUTDEV-01-L,1260624072000,126062407200001018,TRUE
2026-08-07 06:04:00.633,AOI-RESAOI-01-UL,1260720044000,126072004400001005,TRUE
2026-08-07 06:04:00.611,AOI-PEP-01-L,1260804013000,Error_202608071304006116,FALSE
2026-08-07 06:03:59.529,LIN-INNTRE-02-UL-1,,126080500100004068,TRUE
2026-08-07 06:03:59.430,WIR-DES-01-UL,1260624087280,126071816301067106,TRUE
2026-08-07 06:03:58.705,LIN-INNDES-01-UL,1260804066000,126080407000010037,TRUE
2026-08-07 06:03:55.601,LIN-OUTDEV-01-UL,1260626072020,126062407200001065,TRUE
2026-08-07 06:03:54.898,WIR-Pretreatment-01-UL,1260715024000,126071502400058013,TRUE
2026-08-07 06:03:54.496,ELC-PUL-01-L,1260718040000,126071804000001048,TRUE
2026-08-07 06:03:53.102,WIR-LDI-01-UL,,126071816000058058,TRUE
2026-08-07 06:03:55.892,LAM-BOP-02-L,1260803043000,126080304300002068,TRUE
2026-08-07 06:03:52.225,AOI-RESAOI-01-L,1260720044000,126072004400001036,TRUE
2026-08-07 06:03:51.242,WIR-LDI-01-L,,126071816000058041,TRUE
2026-08-07 06:03:50.769,SMK-SPR-01-L,1260619001010,12606190010001C201/0,TRUE
2026-08-07 06:03:49.577,ELC-INS-01-UL,1260711054000,126071105400001044,TRUE
2026-08-07 06:03:48.188,AOI-PEP-01-UL,1260804013000,126080401300004017,TRUE
2026-08-07 06:03:39.695,WIR-Vdevelop-01-L,1260608002000,12606080020001C099,TRUE
2026-08-07 06:01:55.958,ELC-TRE-01-UL,1260717057010,126071705700001022,TRUE
2026-08-07 05:44:41.313,ELC-DEP-01-L,1260718082000,126071808200001001,TRUE
2026-08-07 06:04:15.399,WIR-Vdevelop-01-L,1260608002000,12606080020001C098,TRUE
2026-08-07 06:04:15.101,AOI-RESAOI-01-L,1260720044000,126072004400001037,TRUE
2026-08-07 06:04:14.208,SMK-SPR-01-L,1260619001010,12606190010001C200,TRUE
2026-08-07 06:04:13.833,LIN-INNDES-01-UL,1260804066000,126080407000010036,TRUE
2026-08-07 06:04:11.333,LSR-Debrowning-01-UL,1260718159010,126071815900058141,TRUE
2026-08-07 06:04:11.146,LSR-Debrowning-01-L,1260718159010,126071815900058128,TRUE
2026-08-07 06:04:10.092,LIN-INNTRE-02-UL-1,,126080500100004070,TRUE
2026-08-07 06:04:08.813,ELC-INS-01-UL,1260711054000,126071105400001054,TRUE
2026-08-07 06:04:08.420,LIN-INNTRE-02-UL-2,,126080500100004059,TRUE
2026-08-07 06:04:08.105,LIN-OUTVAP-01-UL,,12606040010001C078,TRUE
2026-08-07 06:04:07.549,LAM-BOP-02-L,1260803043000,126080304300002067,TRUE
2026-08-07 06:04:05.898,CPP-Patternplating-01-L,1260708010000,12607080100003A012,TRUE
2026-08-07 06:04:07.004,SMK-DIX-01-L,1260715005000,126071500500001015,TRUE
2026-08-07 06:04:05.331,LIN-INNLDI-03-L,,ERROR_202608071304053315,TRUE
2026-08-07 06:01:34.375,ELC-TRE-01-L,1260717057000,Error_202608071301343758,FALSE
2026-08-07 06:04:33.142,WIR-Pretreatment-01-UL,1260715024000,126071502400058016,TRUE
2026-08-07 06:04:32.898,LAM-BOP-01-L,1260803032000,126080303200004074,TRUE
2026-08-07 06:04:31.452,LIN-INNTRE-02-UL-1,,126080500100004074,TRUE
2026-08-07 06:04:30.458,SMK-SPR-01-L,1260619001010,12606190010001C194/0,TRUE
2026-08-07 06:04:31.319,LAM-BOP-02-L,1260803043000,126080304300002065,TRUE
2026-08-07 06:04:29.905,LIN-INNTRE-02-UL-2,,126080500100004063,TRUE
2026-08-07 06:04:29.237,ELC-INS-01-UL,1260711054000,126071105400001049,TRUE
2026-08-07 06:04:28.520,LIN-INNDES-01-UL,1260804066000,126080407000010035,TRUE
2026-08-07 06:04:26.539,LIN-OUTDEV-01-L,1260624072000,126062407200001054,TRUE
2026-08-07 06:04:23.836,LIN-OUTDEV-01-UL,1260626072020,126062407200001078,TRUE
2026-08-07 06:04:23.930,AOI-RESAOI-01-UL,1260720044000,126072004400001019,TRUE
2026-08-07 06:04:23.290,LAM-BOP-03-L,1260713001000,126071300100049027,TRUE
2026-08-07 06:04:21.535,LIN-INNLDI-03-L,,ERROR_202608071304215357,TRUE
2026-08-07 06:04:22.805,WIR-LDI-01-UL,,126071816000058057,TRUE
2026-08-07 06:04:21.284,ELC-INS-01-L,1260711054000,126071105400001025,TRUE
2026-08-07 06:04:19.485,LIN-INNTRE-01-UL,1260805002000,126080500200006015,TRUE
2026-08-07 06:04:19.337,WIR-LDI-01-L,,126071816000058043,TRUE
2026-08-07 06:04:16.821,WIR-Vdevelop-01-UL,1260608002000,"12606080020001C063,BC",TRUE
2026-08-07 06:01:55.958,ELC-TRE-01-UL,1260717057010,126071705700001022,TRUE
2026-08-07 05:41:53.755,SMK-BRU-02-L,1260703054030,Error_202608071241537557,FALSE
2026-08-07 05:44:41.313,ELC-DEP-01-L,1260718082000,126071808200001001,TRUE
2026-08-07 06:04:56.836,LAM-BOP-02-UL,1260803043000,126080304300002008,TRUE
2026-08-07 06:04:55.432,WIR-Vdevelop-01-UL,1260608002000,"12606080020001C062,BC",TRUE
2026-08-07 06:04:55.007,LAM-BOP-02-L,1260803043000,126080304300002063,TRUE
2026-08-07 06:04:54.058,SMK-SPR-01-L,1260619001010,12606190010001C202,TRUE
2026-08-07 06:04:53.162,ELC-TRE-01-UL,1260717057010,126071705700001068,TRUE
2026-08-07 06:04:53.080,LIN-INNTRE-01-UL,1260805002000,126080500200006016,TRUE
2026-08-07 06:04:53.001,LIN-INNTRE-02-UL-1,,126080500100004078,TRUE
2026-08-07 06:04:52.432,WIR-LDI-01-UL,,126071816000058040,TRUE
2026-08-07 06:04:51.523,LIN-OUTDEV-01-L,1260624072000,126062407200001033,TRUE
2026-08-07 06:04:51.142,LIN-INNTRE-02-UL-2,,126080500100004067,TRUE
2026-08-07 06:04:51.104,WIR-Vdevelop-01-L,1260608002000,12606080020001C101,TRUE
2026-08-07 06:04:50.325,ELC-PUL-01-L,1260718040000,126071804000001047,TRUE
2026-08-07 06:04:49.514,ELC-INS-01-UL,1260711054000,126071105400001024,TRUE
2026-08-07 06:04:48.555,LIN-OUTDEV-01-UL,1260626072020,126062407200001074,TRUE
2026-08-07 06:04:47.213,WIR-LDI-01-L,,126071816000058036,TRUE
2026-08-07 06:04:46.445,AOI-RESAOI-01-UL,1260720044000,126072004400001036,TRUE
2026-08-07 06:04:45.492,LAM-BOP-01-L,1260803032000,126080303200004068,TRUE
2026-08-07 06:04:43.398,LIN-INNDES-01-UL,1260804066000,126080407000010034,TRUE
2026-08-07 06:04:42.604,LAM-BOP-03-L,1260713001000,126071300100049025,TRUE
2026-08-07 06:04:42.601,LIN-INNLDI-03-L,,ERROR_202608071304426011,TRUE
2026-08-07 06:04:39.607,ELC-INS-01-L,1260711054000,126071105400001016,TRUE
2026-08-07 06:04:39.524,LSR-Debrowning-01-L,1260718159010,126071815900058127,TRUE
2026-08-07 06:04:39.274,LSR-Debrowning-01-UL,1260718159010,126071815900058140,TRUE
2026-08-07 06:04:39.140,WIR-DES-01-UL,1260624087280,126071816301067105,TRUE
2026-08-07 06:04:37.883,AOI-RESAOI-01-L,1260720044000,126072004400001028,TRUE
2026-08-07 06:01:34.375,ELC-TRE-01-L,1260717057000,Error_202608071301343758,FALSE
2026-08-07 06:05:16.682,LIN-OUTDEV-01-L,1260624072000,126062407200001012,TRUE
2026-08-07 06:05:15.310,WIR-LDI-01-L,,126071816000058030,TRUE
2026-08-07 06:05:12.941,ELC-TRE-01-UL,1260717057010,126071705700001024,TRUE
2026-08-07 06:05:12.596,LIN-INNTRE-02-UL-2,,126080500100004071,TRUE
2026-08-07 06:05:12.648,LIN-INNDES-01-UL,1260804066000,126080407000010032,TRUE
2026-08-07 06:05:12.534,LIN-INNTRE-01-UL,1260805002000,126080500200006017,TRUE
2026-08-07 06:05:12.248,SMK-DIX-01-L,1260715005000,126071500500001002,TRUE
2026-08-07 06:05:11.918,WIR-Pretreatment-01-UL,1260715024000,126071502400058018,TRUE
2026-08-07 06:05:10.431,LIN-OUTDEV-01-UL,1260626072020,126062407200001013,TRUE
2026-08-07 06:05:09.759,AOI-RESAOI-01-UL,1260720044000,126072004400001037,TRUE
2026-08-07 06:05:09.936,SMK-SPR-01-L,1260619001010,12606190010001C222/0,TRUE
2026-08-07 06:05:09.007,LAM-BOP-01-L,1260803032000,126080303200004062,TRUE
2026-08-07 06:05:08.523,LAM-BOP-02-UL,1260803043000,126080304300002007,TRUE
2026-08-07 06:05:08.424,ELC-INS-01-UL,1260711054000,126071105400001004,TRUE
2026-08-07 06:05:07.915,LSR-Debrowning-01-UL,1260718159010,126071815900058139,TRUE
2026-08-07 06:05:06.414,LAM-BOP-02-L,1260803043000,126080304300002062,TRUE
2026-08-07 06:05:07.900,LSR-Debrowning-01-L,1260718159010,126071815900058126,TRUE
2026-08-07 06:05:03.736,LIN-INNTRE-02-UL-1,,126080500100004080,TRUE
2026-08-07 06:05:01.699,LAM-BOP-03-L,1260713001000,126071300100049015,TRUE
2026-08-07 06:05:00.898,AOI-RESAOI-01-L,1260720044000,126072004400001063,TRUE
2026-08-07 06:05:00.088,CPP-Patternplating-01-L,1260708010000,12607080100003A001,TRUE
2026-08-07 06:04:59.471,ELC-INS-01-L,1260711054000,126071105400001047,TRUE
2026-08-07 06:04:57.510,CPP-Patternplating-01-UL,,12607060550002B123,TRUE
2026-08-07 06:04:58.339,LIN-INNLDI-03-L,,ERROR_202608071304583393,TRUE
2026-08-07 06:05:00.253,WIR-SE-01-UL,1260620158180,12606201580001C087,TRUE
2026-08-07 06:04:50.325,ELC-PUL-01-L,1260718040000,126071804000001047,TRUE
2026-08-07 06:01:34.375,ELC-TRE-01-L,1260717057000,Error_202608071301343758,FALSE
2026-08-07 06:05:36.391,LAM-BOP-01-L,1260803032000,126080303200004058,TRUE
2026-08-07 06:05:36.573,LSR-Debrowning-01-L,1260718159010,126071815900058125,TRUE
2026-08-07 06:05:35.994,LSR-Debrowning-01-UL,1260718159010,126071815900058138,TRUE
2026-08-07 06:05:35.090,LIN-OUTDEV-01-UL,1260626072020,126062407200001045,TRUE
2026-08-07 06:05:33.865,LIN-INNLDI-03-L,,ERROR_202608071305338653,TRUE
2026-08-07 06:05:33.786,LIN-INNTRE-02-UL-2,,126080500100004075,TRUE
2026-08-07 06:05:33.515,SMK-SPR-01-L,1260619001010,12606190010001C201,TRUE
2026-08-07 06:05:32.343,LAM-BOP-02-UL,1260803043000,126080304300002005,TRUE
2026-08-07 06:05:32.700,AOI-RESAOI-01-UL,1260720044000,126072004400001028,TRUE
2026-08-07 06:05:30.359,LAM-BOP-02-L,1260803043000,126080304300002060,TRUE
2026-08-07 06:05:30.178,LIN-INNTRE-01-UL,1260805002000,126080500200006018,TRUE
2026-08-07 06:05:29.380,WIR-SE-01-UL,1260620158180,12606201580001C092,TRUE
2026-08-07 06:05:27.461,LIN-INNDES-01-UL,1260804066000,126080407000010031,TRUE
2026-08-07 06:05:27.185,WIR-Vdevelop-01-L,1260608002000,12606080020001C100,TRUE
2026-08-07 06:05:26.674,ELC-INS-01-UL,1260711054000,126071105400001025,TRUE
2026-08-07 06:05:24.059,AOI-RESAOI-01-L,1260720044000,126072004400001003,TRUE
2026-08-07 06:05:22.231,WIR-LDI-01-UL,,126071816000058060,TRUE
2026-08-07 06:05:20.981,LAM-BOP-03-L,1260713001000,126071300100049016,TRUE
2026-08-07 06:05:19.388,WIR-DES-01-UL,1260624087280,126071816301067104,TRUE
2026-08-07 06:05:18.846,ELC-INS-01-L,1260711054000,126071105400001022,TRUE
2026-08-07 06:01:34.375,ELC-TRE-01-L,1260717057000,Error_202608071301343758,FALSE
2026-08-07 06:52:45.009,SMK-TRE-01-L,1260606004010,12606060040001C198,TRUE
2026-08-07 06:52:45.781,CPP-VCP-01-L,1260727003010,126072700200400045,TRUE
2026-08-07 06:52:43.922,WIR-Pretreatment-01-UL,1260720093000,126072009300058003,TRUE
2026-08-07 06:52:43.337,ELC-DEP-01-L,1260717075000,126071811200001052,TRUE
2026-08-07 06:52:40.839,ELC-PUL-02-UL,1260715042000,126071504200001048,TRUE
2026-08-07 06:52:42.637,WIR-SE-01-UL,1260615003000,12606150030001C101,TRUE
2026-08-07 06:52:39.017,LAM-BOP-03-UL,1260713001010,126071300100049178,TRUE
2026-08-07 06:52:38.107,SMK-SPR-01-L,1260616054000,126061605400001009,TRUE
2026-08-07 06:52:36.683,LSR-Debrowning-01-UL,1260711011000,12607110110003A022,TRUE
2026-08-07 06:52:37.898,FVI-OSP-01-UL,1260709007000,12607090070000103201,TRUE
2026-08-07 06:52:36.214,LSR-Debrowning-01-L,1260711011000,12607110110003A007,TRUE
2026-08-07 06:52:35.071,LIN-OUTDES-01-UL,1260625072000,126062507200001005,TRUE
2026-08-07 06:52:34.790,ELC-PUL-01-L,1260718082000,126071808200001009,TRUE
2026-08-07 06:52:34.212,ELC-PUL-01-UL,1260717021020,126071702100001059,TRUE
2026-08-07 06:52:33.683,LIN-INNTRE-02-UL-1,,126080500500012014,TRUE
2026-08-07 06:52:32.023,ELC-TRE-01-L,1260718016010,126071801600001065,TRUE
2026-08-07 06:52:31.638,SMK-TUN-01-UL,1260622072000,126062207200001078,TRUE
2026-08-07 06:52:30.340,AOI-PEP-01-UL,1260804018000,126080307300002072,TRUE
2026-08-07 06:52:30.229,LIN-INNTRE-02-UL-2,,126080500500012015,TRUE
2026-08-07 06:52:28.557,WIR-SE-01-L,1260615003010,12606150030001C190,TRUE
2026-08-07 06:52:28.015,WIR-Vdevelop-01-L,1260608002010,12606080020001C192,TRUE
2026-08-07 06:52:25.797,CPP-Patternplating-01-L,1260708010010,12607080100003A163,TRUE
2026-08-07 06:52:23.375,WIR-Pretreatment-01-L,1260722013000,M0960013A2000G-0607,TRUE
2026-08-07 06:52:23.015,CPP-Patternplating-01-UL,,12607060550002B173,TRUE
2026-08-07 06:52:22.041,LAM-BOP-01-L,1260803034000,126080301600008050,TRUE
2026-08-07 06:52:17.390,WIR-Decoatbake-01-UL,1260709001000,12607090010003A013,TRUE
2026-08-07 06:52:18.808,ELC-PUL-02-L,1260717081000,126071708100001072,TRUE
2026-08-07 06:52:11.358,WIR-Decoatbake-01-L,1260718158000,126071815800058258,TRUE
2026-08-07 06:52:01.967,WIR-Vdevelop-01-UL,1260608002010,"12606080020001C202,BD",TRUE
2026-08-07 06:51:41.772,LIN-OUTVAP-01-UL,,12606040010001C213,TRUE
2026-08-07 06:51:43.756,ELC-TRE-01-UL,1260711120020,126071112000001020,TRUE
2026-08-07 06:51:18.396,SMK-BRU-02-L,1260704103030,Error_202608071351183969,FALSE
2026-08-07 06:51:02.971,SMK-BRU-01-L,1260723001000,M0960111B2000A-0607,TRUE
2026-08-07 06:50:53.453,SMK-BRU-02-UL,1260704103030,126070410300001058,TRUE
2026-08-07 06:51:10.792,WIR-DES-01-UL,1260624087280,126072107700069902,TRUE
2026-08-07 06:50:20.876,AOI-PEP-01-L,1260804018000,126080307300002072,TRUE
2026-08-07 06:48:11.188,WIR-LDI-01-UL,,126071502200458423,TRUE
2026-08-07 06:49:03.186,AOI-RESAOI-01-UL,1260720044020,126072004400001007,TRUE
2026-08-07 06:47:50.183,SUR-FLM-01-UL,1260715042020,126070408500001065,TRUE
2026-08-07 06:47:02.058,CPP-Horizontalplating-01-UL,1260709001010,126072501300400102,TRUE
2026-08-07 06:46:37.739,ELC-INS-01-UL,1260711054020,126071105400001042,TRUE
2026-08-07 06:46:54.849,LAM-BOP-03-L,1260713001010,126071300100049125,TRUE
2026-08-07 06:45:51.125,ROU-RIN-01-UL,,Error_202608071345511251,FALSE
2026-08-07 06:46:21.623,LIN-OUTTRE-01-UL,,Error_202608071346216233,FALSE
2026-08-07 06:45:06.557,LIN-INNLDI-03-L,,ERROR_202608071345065570,TRUE
2026-08-07 06:42:28.135,AOI-RESAOI-01-L,1260720044020,126072004400001007,TRUE
2026-08-07 06:43:52.852,WIR-LDI-01-L,,126071400100258316,TRUE
2026-08-07 06:42:21.244,LIN-OUTDEV-01-UL,1260704091000,126062407200001056,TRUE
2026-08-07 06:44:35.538,LIN-INNDES-01-UL,1260804066000,126080407800002014,TRUE
2026-08-07 06:39:02.146,ELC-INS-01-L,1260711054020,126071105400001077,TRUE
2026-08-07 06:42:18.597,WIR-DES-01-L,1260716008160,12607160080001I005,TRUE
2026-08-07 06:36:04.311,ELC-DEP-01-UL,1260718082000,126071808200001065,TRUE
2026-08-07 06:36:13.442,LIN-OUTDEV-01-L,1260624072030,126062407200001056,TRUE
2026-08-07 06:30:28.134,LIN-INNTRE-01-UL,1260805002000,126080500200006042,TRUE
2026-08-07 06:34:13.564,LIN-OUTDES-01-L,1260625072000,126062507200001079,TRUE
2026-08-07 06:29:15.675,LIN-OUTTRE-01-L,1260716065020,Error_202608071329156753,FALSE
2026-08-07 06:28:13.626,SMK-DIX-01-L,1260622018000,126062201800001053,TRUE
2026-08-07 06:27:29.009,LIN-INNDES-01-L,1260804066000,126080407800002001,TRUE
2026-08-07 04:52:08.215,SMK-DEV-01-L,1260704019020,126062015100001029,TRUE
2026-08-07 06:17:43.408,LAM-BOP-02-UL,1260803043000,126080304300002032,TRUE
2026-08-07 05:51:17.353,SMK-TRE-01-UL,1260606004000,12606060040001C077,TRUE
2026-08-07 05:32:17.731,LIN-INNLDI-01-L,1260804072000,126080407200002042,TRUE
2026-08-07 04:24:08.062,LIN-INNDES-02-L,,126080406800006078,TRUE
2026-08-07 06:10:25.640,LAM-BOP-02-L,1260803043000,126080304300002032,TRUE
2026-08-07 02:27:23.084,SMK-TUN-01-L,1260622030000,126062203000001002,TRUE
2026-08-07 04:13:51.216,CPP-Horizontalplating-01-L,1260805100000,126072501300400054,TRUE
2026-08-07 06:53:05.282,AOI-PEP-01-UL,1260804018000,126080307300002004,TRUE
2026-08-07 06:53:07.463,ELC-DEP-01-L,1260717075000,126071811200001061,TRUE
2026-08-07 06:53:05.185,ELC-PUL-02-L,1260717081000,126071708100001074,TRUE
2026-08-07 06:53:04.935,LSR-Debrowning-01-UL,1260711011000,12607110110003A019,TRUE
2026-08-07 06:53:04.587,ELC-TRE-01-L,1260718016010,126071801600001020,TRUE
2026-08-07 06:53:04.607,LSR-Debrowning-01-L,1260711011000,12607110110003A008,TRUE
2026-08-07 06:53:03.877,WIR-Vdevelop-01-L,1260608002010,12606080020001C189,TRUE
2026-08-07 06:53:02.997,WIR-SE-01-L,1260615003010,12606150030001C189,TRUE
2026-08-07 06:53:02.580,WIR-Decoatbake-01-UL,1260709001000,12607090010003A012,TRUE
2026-08-07 06:53:02.056,ELC-TRE-01-UL,1260711120020,126071112000001024,TRUE
2026-08-07 06:53:01.211,FVI-OSP-01-UL,1260709007000,12607090070000104801,TRUE
2026-08-07 06:52:59.919,LIN-INNTRE-02-UL-1,,126080500500012016,TRUE
2026-08-07 06:53:01.778,SMK-TRE-01-L,1260606004010,12606060040001C182,TRUE
2026-08-07 06:52:58.316,LAM-BOP-03-UL,1260713001010,126071300100049162,TRUE
2026-08-07 06:52:58.903,LIN-INNTRE-02-UL-2,,126080500500012017,TRUE
2026-08-07 06:52:53.524,ELC-PUL-01-L,1260718082000,126071808200001022,TRUE
2026-08-07 06:52:50.344,WIR-Decoatbake-01-L,1260718158000,126071815800058277,TRUE
2026-08-07 06:46:54.849,LAM-BOP-03-L,1260713001010,126071300100049125,TRUE
2026-08-07 06:53:21.893,CPP-VCP-01-L,1260727003010,126072700200400093,TRUE
2026-08-07 06:53:20.510,ELC-TRE-01-L,1260718016010,126071801600001045,TRUE
2026-08-07 06:53:19.283,CPP-Patternplating-01-L,1260708010010,12607080100003A166,TRUE
2026-08-07 06:53:20.222,LAM-BOP-01-L,1260803035000,126080303500010043,TRUE
2026-08-07 06:53:18.666,SMK-BRU-02-L,1260704103030,Error_202608071353186665,FALSE
2026-08-07 06:53:18.573,SMK-TRE-01-L,1260606004010,12606060040001C211,TRUE
2026-08-07 06:53:17.613,LAM-BOP-03-UL,1260713001010,126071300100049135,TRUE
2026-08-07 06:53:15.964,LIN-OUTTRE-01-UL,,126071606500001038,TRUE
2026-08-07 06:53:16.517,CPP-Patternplating-01-UL,,12607060550002B166,TRUE
2026-08-07 06:53:13.829,SMK-TUN-01-UL,1260622072000,126062207200001053,TRUE
2026-08-07 06:53:13.572,ELC-PUL-01-L,1260718082000,126071808200001055,TRUE
2026-08-07 06:53:11.799,WIR-Pretreatment-01-UL,1260720093000,126072009300058012,TRUE
2026-08-07 06:53:12.372,WIR-SE-01-UL,1260615003000,12606150030001C102,TRUE
2026-08-07 06:53:11.214,LIN-OUTDES-01-UL,1260625072000,126062507200001003,TRUE
2026-08-07 06:53:10.939,WIR-Vdevelop-01-UL,1260608002010,"12606080020001C199,BC",TRUE
2026-08-07 06:53:02.056,ELC-TRE-01-UL,1260711120020,126071112000001024,TRUE
2026-08-07 06:52:38.107,SMK-SPR-01-L,1260616054000,126061605400001009,TRUE
2026-08-07 05:32:17.731,LIN-INNLDI-01-L,1260804072000,126080407200002042,TRUE
2026-08-07 06:53:43.408,WIR-Pretreatment-01-UL,1260720093000,{?02,TRUE
2026-08-07 06:53:41.674,CPP-Horizontalplating-01-L,1260805100000,126072501300400082,TRUE
2026-08-07 06:53:41.562,WIR-SE-01-UL,1260615003000,12606150030001C114,TRUE
2026-08-07 06:53:40.059,SMK-TRE-01-UL,1260606004010,12606060040001C229,TRUE
2026-08-07 06:53:36.878,SMK-TUN-01-UL,1260622072000,126062207200001036,TRUE
2026-08-07 06:53:36.026,ELC-TRE-01-L,1260718016010,126071801600001043,TRUE
2026-08-07 06:53:39.580,WIR-Vdevelop-01-L,1260608002010,12606080020001C190,TRUE
2026-08-07 06:53:36.676,LAM-BOP-03-UL,1260713001010,126071300100049122,TRUE
2026-08-07 06:53:32.042,ELC-DEP-01-L,1260717075000,126071811200001062,TRUE
2026-08-07 06:53:32.860,LSR-Debrowning-01-L,1260711011000,12607110110003A005,TRUE
2026-08-07 06:53:35.574,SMK-TRE-01-L,1260606004010,12606060040001C183,TRUE
2026-08-07 06:53:33.110,LSR-Debrowning-01-UL,1260711011000,12607110110003A020,TRUE
2026-08-07 06:53:27.204,ELC-PUL-02-UL,1260715042000,126071504200001062,TRUE
2026-08-07 06:53:29.765,WIR-SE-01-L,1260615003010,12606150030001C186,TRUE
2026-08-07 06:53:29.447,ELC-PUL-01-UL,1260717021020,126071702100001080,TRUE
2026-08-07 06:53:28.745,LIN-OUTTRE-01-UL,,126071606500001061,TRUE
2026-08-07 06:53:26.547,LIN-INNTRE-02-UL-1,,126080500500012018,TRUE
2026-08-07 06:53:25.437,LIN-INNTRE-02-UL-2,,126080500500012019,TRUE
2026-08-07 06:17:43.408,LAM-BOP-02-UL,1260803043000,126080304300002032,TRUE
2026-08-07 06:53:25.102,FVI-OSP-01-UL,1260709007000,12607090070000102301,TRUE
2026-08-07 06:36:04.311,ELC-DEP-01-UL,1260718082000,126071808200001065,TRUE
2026-08-07 05:32:17.731,LIN-INNLDI-01-L,1260804072000,126080407200002042,TRUE
2026-08-07 06:54:01.032,LSR-Debrowning-01-L,1260711011000,12607110110003A006,TRUE
2026-08-07 06:54:01.393,LSR-Debrowning-01-UL,1260711011000,12607110110003A017,TRUE
2026-08-07 06:54:00.139,SMK-TRE-01-UL,1260606004010,12606060040002B004,TRUE
2026-08-07 06:53:55.980,ELC-DEP-01-L,1260717075000,126071811200001046,TRUE
2026-08-07 06:53:59.363,WIR-SE-01-L,1260615003010,12606150030001C185,TRUE
2026-08-07 06:53:57.021,CPP-Horizontalplating-01-L,1260805100000,126072501300400104,TRUE
2026-08-07 06:53:53.768,LIN-INNTRE-02-UL-1,,126080500500012020,TRUE
2026-08-07 06:53:55.864,LAM-BOP-03-UL,1260713001010,126071300100049128,TRUE
2026-08-07 06:53:52.886,SMK-BRU-02-L,1260704103030,Error_202608071353528866,FALSE
2026-08-07 06:53:52.106,SMK-TRE-01-L,1260606004010,12606060040001C191,TRUE
2026-08-07 06:53:52.089,ELC-TRE-01-L,1260718016010,126071801600001044,TRUE
2026-08-07 06:53:48.776,FVI-OSP-01-UL,1260709007000,12607090070000102601,TRUE
2026-08-07 06:53:51.721,ELC-PUL-02-L,1260717081000,126071708100001006,TRUE
2026-08-07 06:53:48.008,LIN-OUTVAP-01-UL,,12606040010001C214,TRUE
2026-08-07 06:53:47.255,WIR-Decoatbake-01-UL,1260709001000,12607090010003A020,TRUE
2026-08-07 06:53:46.207,WIR-Vdevelop-01-UL,1260608002010,"12606080020001C197,BC",TRUE
2026-08-07 06:53:43.988,LAM-BOP-01-L,1260803035000,126080303500010053,TRUE
2026-08-07 06:50:20.876,AOI-PEP-01-L,1260804018000,126080307300002072,TRUE
2026-08-07 06:53:13.572,ELC-PUL-01-L,1260718082000,126071808200001055,TRUE
2026-08-07 06:54:08.951,SMK-TRE-01-L,1260606004010,12606060040001C184,TRUE
2026-08-07 06:54:08.629,LAM-BOP-01-L,1260803035000,126080303500010008,TRUE
2026-08-07 06:54:08.293,ELC-TRE-01-L,1260718016010,126071801600001038,TRUE
2026-08-07 06:54:34.046,SMK-TRE-01-UL,1260606004010,12606060040002B003,TRUE
2026-08-07 06:54:32.599,WIR-Decoatbake-01-UL,1260709001000,12607090010003A019,TRUE
2026-08-07 06:54:29.650,LSR-Debrowning-01-UL,1260711011000,12607110110003A018,TRUE
2026-08-07 06:54:29.304,LSR-Debrowning-01-L,1260711011000,12607110110003A003,TRUE
2026-08-07 06:54:27.931,SMK-SPR-01-L,1260616054000,126061605400001032,TRUE
2026-08-07 06:54:29.145,WIR-SE-01-L,1260615003010,12606150030001C188,TRUE
2026-08-07 06:54:28.474,CPP-VCP-01-L,1260727003010,126072700200400065,TRUE
2026-08-07 06:54:27.483,SMK-BRU-02-L,1260704103030,Error_202608071354274831,FALSE
2026-08-07 06:54:25.341,ELC-PUL-01-UL,1260717021020,126071702100001023,TRUE
2026-08-07 06:54:21.215,ELC-TRE-01-UL,1260718016010,126071801600001006,TRUE
2026-08-07 06:54:20.505,WIR-Vdevelop-01-UL,1260608002010,"12606080020001C206,BC",TRUE
2026-08-07 06:54:19.840,ELC-DEP-01-L,1260717075000,126071811200001048,TRUE
2026-08-07 06:54:17.055,SMK-TUN-01-UL,1260622072000,126062207200001002,TRUE
2026-08-07 06:54:17.841,ELC-PUL-01-L,1260718082000,126071808200001080,TRUE
2026-08-07 06:54:15.380,WIR-Vdevelop-01-L,1260608002010,12606080020001C193,TRUE
2026-08-07 06:54:14.118,ELC-PUL-02-UL,1260715042000,126071504200001077,TRUE
2026-08-07 06:54:14.567,CPP-Horizontalplating-01-L,1260805100000,126072501300400007,TRUE
2026-08-07 06:54:12.536,CPP-Patternplating-01-L,1260708010010,12607080100003A168,TRUE
2026-08-07 06:54:12.192,WIR-Pretreatment-01-UL,1260720093000,126072009300058004,TRUE
2026-08-07 06:54:12.390,FVI-OSP-01-UL,1260709007000,12607090070000101201,TRUE
2026-08-07 06:54:24.762,ELC-TRE-01-L,1260718016010,126071801600001016,TRUE
2026-08-07 06:54:11.411,WIR-SE-01-UL,1260615003000,12606150030001C111,TRUE
2026-08-07 06:54:10.224,CPP-Patternplating-01-UL,,12607060550002B165,TRUE
2026-08-07 06:48:11.188,WIR-LDI-01-UL,,126071502200458423,TRUE
2026-08-07 06:54:34.293,LAM-BOP-03-UL,1260713001010,126071300100049161,TRUE
2026-08-07 06:54:25.530,SMK-TRE-01-L,1260606004010,12606060040001C192,TRUE
2026-08-07 06:54:57.994,LSR-Debrowning-01-UL,1260711011000,12607110110003A015,TRUE
2026-08-07 06:54:57.577,ELC-TRE-01-L,1260718016010,126071801600001051,TRUE
2026-08-07 06:54:57.416,LSR-Debrowning-01-L,1260711011000,12607110110003A004,TRUE
2026-08-07 06:54:57.297,SMK-TRE-01-UL,1260606004010,12606060040001C205,TRUE
2026-08-07 06:54:56.234,LIN-OUTTRE-01-UL,,126071606500001021,TRUE
2026-08-07 06:54:55.287,WIR-Vdevelop-01-UL,1260608002010,"12606080020001C205,BC",TRUE
2026-08-07 06:54:54.939,ELC-INS-01-L,1260711072000,126071107200001062,TRUE
2026-08-07 06:54:53.952,ELC-TRE-01-UL,1260718016010,126071801600001061,TRUE
2026-08-07 06:54:53.372,LAM-BOP-03-UL,1260713001010,126071300100049154,TRUE
2026-08-07 06:54:51.349,WIR-Vdevelop-01-L,1260608002010,12606080020001C194,TRUE
2026-08-07 06:54:49.656,SMK-BRU-01-L,1260723001000,M0960111B2000A-0607,TRUE
2026-08-07 06:54:48.682,SMK-SPR-01-L,1260616054000,126061605400001061/0,TRUE
2026-08-07 06:54:46.647,LIN-INNDES-02-UL,,126080407500008080,TRUE
2026-08-07 06:54:44.452,SMK-TRE-01-L,1260606004010,12606060040001C195,TRUE
2026-08-07 06:54:44.217,ELC-DEP-01-L,1260717075000,126071811200001051,TRUE
2026-08-07 06:54:42.697,SMK-TUN-01-UL,1260622072000,126062207200001019,TRUE
2026-08-07 06:54:41.240,WIR-SE-01-UL,1260615003000,12606150030001C112,TRUE
2026-08-07 06:54:40.755,WIR-Pretreatment-01-UL,1260720093000,126072009300058001,TRUE
2026-08-07 06:54:38.638,LAM-BOP-03-L,1260626079000,Error_202608071354386380,FALSE
2026-08-07 06:54:38.227,ELC-PUL-02-L,1260717081000,126071708100001021,TRUE
2026-08-07 06:54:38.270,CPP-Horizontalplating-01-L,1260805100000,126072501300400109,TRUE
2026-08-07 06:54:37.317,AOI-PEP-01-UL,1260804018000,126080307300002071,TRUE
2026-08-07 06:54:36.031,FVI-OSP-01-UL,1260709007000,12607090070000106701,TRUE
2026-08-07 06:28:13.626,SMK-DIX-01-L,1260622018000,126062201800001053,TRUE
2026-08-07 06:48:11.188,WIR-LDI-01-UL,,126071502200458423,TRUE
2026-08-07 06:55:15.247,LIN-OUTVAP-01-UL,,12606040010001C202,TRUE
2026-08-07 06:55:16.312,SMK-TRE-01-L,1260606004010,12606060040001C217,TRUE
2026-08-07 06:55:14.263,LIN-INNDES-02-UL,,126080407500008079,TRUE
2026-08-07 06:55:13.468,ELC-TRE-01-L,1260718016010,126071801600001040,TRUE
2026-08-07 06:55:12.794,LAM-BOP-03-UL,1260713001010,126071300100049141,TRUE
2026-08-07 06:55:11.470,SMK-BRU-01-L,1260723001000,M0960111B2000A-0607,TRUE
2026-08-07 06:55:10.600,WIR-SE-01-UL,1260615003000,12606150030001C109,TRUE
2026-08-07 06:55:09.250,LIN-OUTTRE-01-UL,,126071606500001036,TRUE
2026-08-07 06:55:09.065,ELC-INS-01-L,1260711072000,126071107200001077,TRUE
2026-08-07 06:55:06.647,CPP-Patternplating-01-L,1260708010010,12607080100003A153,TRUE
2026-08-07 06:55:08.421,ELC-DEP-01-L,1260717075000,126071811200001055,TRUE
2026-08-07 06:55:08.866,WIR-Pretreatment-01-UL,1260720093000,126072009300058010,TRUE
2026-08-07 06:55:08.406,ELC-TRE-01-UL,1260718016010,126071801600001060,TRUE
2026-08-07 06:55:03.882,CPP-Patternplating-01-UL,,12607060550002B168,TRUE
2026-08-07 06:55:05.513,LAM-BOP-03-L,1260626079000,Error_202608071355055130,FALSE
2026-08-07 06:55:04.860,ELC-PUL-01-L,1260718082000,126071808200001060,TRUE
2026-08-07 06:55:05.823,SMK-SPR-01-L,1260616054000,126061605400001064,TRUE
2026-08-07 06:55:02.397,CPP-Horizontalplating-01-L,1260805100000,126072501300400118,TRUE
2026-08-07 06:54:59.885,ELC-PUL-02-UL,1260715042000,126071504200001064,TRUE
2026-08-07 06:54:59.720,FVI-OSP-01-UL,1260709007000,12607090070000103801,TRUE
2026-08-07 06:55:01.936,SMK-BRU-02-L,1260704103030,Error_202608071355019368,FALSE
2026-08-07 06:46:37.739,ELC-INS-01-UL,1260711054020,126071105400001042,TRUE
2026-08-07 06:54:58.818,WIR-SE-01-L,1260615003010,12606150030001C198,TRUE
2026-08-07 06:54:57.297,SMK-TRE-01-UL,1260606004010,12606060040001C205,TRUE
2026-08-07 09:24:15.053,LIN-INNTRE-01-UL,1260805008000,126080500800006065,TRUE
2026-08-07 09:24:14.044,SMK-SPR-01-L,1260620157000,126062015700001021,TRUE
2026-08-07 09:24:12.372,ELC-DEP-01-UL,1260718124000,126071812400001025,TRUE
2026-08-07 09:24:12.154,LIN-INNLDI-01-L,1260805007000,126080500700004060,TRUE
2026-08-07 09:24:10.719,SMK-BRU-01-L,1260727004000,M0960002G2000E-0607,TRUE
2026-08-07 09:24:08.423,LIN-INNDES-01-L,1260804066000,126080406700004014,TRUE
2026-08-07 09:24:08.361,AOI-PEP-01-L,1260804028000,126080402800010030,TRUE
2026-08-07 09:24:07.740,WIR-Decoatbake-01-L,1260717014000,126071701400058049,TRUE
2026-08-07 09:24:07.501,AOI-PEP-01-UL,1260804028000,126080401600010053,TRUE
2026-08-07 09:24:07.032,LAM-BOP-02-UL,1260803040000,126080304000008056,TRUE
2026-08-07 09:24:06.261,ELC-DEP-01-L,1260716041000,126071604100001011,TRUE
2026-08-07 09:24:06.079,ELC-PUL-01-L,1260718112020,Error_202608071624060791,FALSE
2026-08-07 09:24:04.548,LAM-BOP-01-L,1260803036000,126080303600012066,TRUE
2026-08-07 09:24:04.067,LAM-BOP-03-L,1260803079000,126080307900016018,TRUE
2026-08-07 09:24:05.740,CPP-Patternplating-01-L,1260608002010,Error_202608071624057400,FALSE
2026-08-07 09:24:04.501,ELC-PUL-01-UL,1260718082020,126071808200001066,TRUE
2026-08-07 09:24:02.452,WIR-TrayCleaning-01-L,,,FALSE
2026-08-07 09:23:59.628,LIN-OUTTRE-01-L,1260709037000,126070903700010024,TRUE
2026-08-07 09:23:59.474,CPP-Horizontalplating-01-L,1260729002000,M0960002G2000E-0607,TRUE
2026-08-07 09:23:56.824,LIN-INNTRE-02-UL-2,,126080501200002073,TRUE
2026-08-07 09:23:50.301,WIR-Vdevelop-01-UL,1260715023002,"126071502300258270,BD",TRUE
2026-08-07 09:23:44.667,SMK-TUN-01-L,1260619001000,12606190010001C104,TRUE
2026-08-07 09:23:55.648,ELC-TRE-01-L,1260730111000,Error_202608071623556487,FALSE
2026-08-07 09:23:40.492,ELC-TRE-01-UL,1260730111000,Error_202608071623404925,FALSE
2026-08-07 09:23:30.385,SMK-DEV-01-L,1260704019020,126062201800001013,TRUE
2026-08-07 09:23:19.151,LIN-OUTVAP-01-UL,,12606040010001C103,TRUE
2026-08-07 09:23:37.715,ELC-PUL-02-L,1260717075010,126071707500001018,TRUE
2026-08-07 09:23:36.723,CPP-Patternplating-01-UL,,12606080020001C066,TRUE
2026-08-07 09:22:53.193,SMK-BRU-02-UL,1260715048000,126071504800001044,TRUE
2026-08-07 09:22:38.304,LIN-INNTRE-02-UL-1,,126080501200002080,TRUE
2026-08-07 09:22:49.526,SMK-BRU-01-UL,1260727004000,M0960002G2000E-0607,TRUE
2026-08-07 09:22:45.266,LIN-INNDES-01-UL,1260804066000,126080407200002039,TRUE
2026-08-07 09:22:33.764,LAM-BOP-02-L,1260803040000,126080304000008080,TRUE
2026-08-07 09:22:29.444,ROU-RIN-01-UL,,Error_202608071622294446,FALSE
2026-08-07 09:22:31.892,WIR-Pretreatment-01-UL,1260720002010,M0960013A2000G-0607,TRUE
2026-08-07 09:22:30.384,LIN-OUTTRE-01-UL,,126070306600001051,TRUE
2026-08-07 09:22:13.305,LIN-OUTDEV-01-UL,1260624072000,126070306000001039,TRUE
2026-08-07 09:18:21.406,SUR-FLM-01-UL,,126070304800001070,TRUE
2026-08-07 09:18:00.845,WIR-Vdevelop-01-L,1260715023002,126071502300258284,TRUE
2026-08-07 09:21:05.088,WIR-Pretreatment-01-L,1260724001000,M0960013A2000G-0607,TRUE
2026-08-07 09:16:32.537,WIR-SE-01-UL,1260703001190,12607030010002B016,TRUE
2026-08-07 09:18:54.650,SMK-BRU-02-L,1260715048020,126071504800001050,TRUE
2026-08-07 09:15:39.354,CPP-Horizontalplating-01-UL,1260805100000,126072501300400074,TRUE
2026-08-07 09:14:45.430,WIR-LDI-01-L,,M0960013A2000G-0607,TRUE
2026-08-07 09:16:03.951,LIN-OUTDEV-01-L,1260703060030,126070306000001018,TRUE
2026-08-07 09:12:16.553,WIR-SE-01-L,1260715024022,126071502400258633,TRUE
2026-08-07 09:09:53.233,LAM-BOP-03-UL,1260718162010,126071816201067092,TRUE
2026-08-07 09:09:39.250,ELC-INS-01-UL,1260711048020,126071104800001060,TRUE
2026-08-07 09:10:18.452,WIR-Decoatbake-01-UL,1260718158000,126071815800058276,TRUE
2026-08-07 08:59:04.798,AOI-RESAOI-01-UL,1260619074030,126061907400001053,TRUE
2026-08-07 09:04:03.774,ELC-INS-01-L,1260711048020,126071104800001022,TRUE
2026-08-07 09:00:38.549,ELC-PUL-02-UL,1260717081030,126071708100001062,TRUE
2026-08-07 08:57:10.458,LIN-OUTDES-01-UL,1260627140030,126070306600001024,TRUE
2026-08-07 08:58:10.323,AOI-RESAOI-01-L,1260619074030,126061907400001053,TRUE
2026-08-07 08:55:48.495,WIR-DES-01-UL,1260624087280,126072107700069008,TRUE
2026-08-07 08:52:34.057,WIR-LDI-01-UL,,126071816000058143,TRUE
2026-08-07 08:51:53.365,SMK-TUN-01-UL,1260622030000,126062203000001002,TRUE
2026-08-07 08:41:25.417,WIR-DES-01-L,1260721077000,126072107700069008,TRUE
2026-08-07 08:51:16.920,LIN-INNDES-02-UL,,126080407500008078,TRUE
2026-08-07 08:33:38.936,LIN-INNLDI-03-L,,ERROR_202608071533389360,TRUE
2026-08-07 08:35:16.578,LIN-OUTDES-01-L,1260627140030,126062714000001054,TRUE
2026-08-07 08:31:21.402,SMK-TRE-01-UL,1260620161001,12606201610011C257,TRUE
2026-08-07 08:24:22.397,SMK-TRE-01-L,1260620161001,12606201610011C257,TRUE
2026-08-07 07:53:53.194,GLD-RinseENEPIG-01-UL,,Error_202608071453531941,FALSE
2026-08-07 08:19:28.889,SMK-DEV-01-UL,,126062201800001054,TRUE
2026-08-07 07:47:29.094,FVI-OSP-01-UL,1260708052000,12607080520000100701,TRUE
2026-08-07 07:32:53.482,LSR-Debrowning-01-UL,1260711011010,12607110110003A122,TRUE
2026-08-07 07:26:58.128,LSR-Debrowning-01-L,1260711011010,12607110110003A122,TRUE
2026-08-07 07:01:01.717,CPP-VCP-01-L,1260727003010,126072700200400069,TRUE
2026-08-07 04:24:08.062,LIN-INNDES-02-L,,126080406800006078,TRUE
2026-08-07 06:28:13.626,SMK-DIX-01-L,1260622018000,126062201800001053,TRUE
2026-08-07 01:11:51.438,ELC-RED-01-UL,1260703048030,126070304800001010,TRUE
2026-08-07 01:02:19.242,ELC-RED-01-L,1260703048030,126070304800001010,TRUE
2026-08-07 09:24:36.986,LIN-INNLDI-01-L,1260805007000,126080500700004048,TRUE
2026-08-07 09:24:35.327,ELC-DEP-01-UL,1260718124000,126071812400001027,TRUE
2026-08-07 09:24:35.879,LAM-BOP-01-L,1260803036000,126080303600012062,TRUE
2026-08-07 09:24:36.646,LIN-OUTTRE-01-UL,,126070306600001069,TRUE
2026-08-07 09:24:33.544,SMK-TUN-01-L,1260619001000,12606190010001C109,TRUE
2026-08-07 09:24:31.763,SMK-SPR-01-L,1260620157000,126062015700001005/0,TRUE
2026-08-07 09:24:30.973,LAM-BOP-02-UL,1260803040000,126080304000008002,TRUE
2026-08-07 09:24:30.754,AOI-PEP-01-L,1260804028000,126080402800010034,TRUE
2026-08-07 09:24:30.451,ELC-DEP-01-L,1260716041000,126071604100001014,TRUE
2026-08-07 09:24:29.895,AOI-PEP-01-UL,1260804028000,126080402800010030,TRUE
2026-08-07 09:24:29.662,LIN-INNTRE-01-UL,1260805008000,126080500800006066,TRUE
2026-08-07 09:24:29.631,CPP-Patternplating-01-UL,,12606080020001C061,TRUE
2026-08-07 09:24:25.233,ELC-TRE-01-L,1260730111000,Error_202608071624252330,FALSE
2026-08-07 09:24:25.115,LAM-BOP-03-L,1260803079000,126080307900016019,TRUE
2026-08-07 09:24:23.920,LIN-INNTRE-02-UL-2,,126080501200002075,TRUE
2026-08-07 09:24:23.286,LIN-OUTTRE-01-L,1260709037000,126070903700011090,TRUE
2026-08-07 09:24:24.201,ELC-PUL-02-L,1260717075010,126071707500001053,TRUE
2026-08-07 09:24:22.738,LIN-INNDES-01-L,1260804066000,126080406700004016,TRUE
2026-08-07 09:22:45.266,LIN-INNDES-01-UL,1260804066000,126080407200002039,TRUE
2026-08-07 09:04:03.774,ELC-INS-01-L,1260711048020,126071104800001022,TRUE
2026-08-07 09:24:52.489,LIN-INNDES-01-L,1260804066000,126080406700004020,TRUE
2026-08-07 09:24:50.311,SMK-TUN-01-L,1260619001000,12606190010001C098,TRUE
2026-08-07 09:24:52.396,AOI-PEP-01-L,1260804028000,126080402800010038,TRUE
2026-08-07 09:24:49.771,LAM-BOP-01-L,1260803036000,126080303600012060,TRUE
2026-08-07 09:24:52.099,AOI-PEP-01-UL,1260804028000,126080402800010034,TRUE
2026-08-07 09:24:51.553,LIN-INNTRE-02-UL-2,,126080501200002077,TRUE
2026-08-07 09:24:50.280,SMK-SPR-01-L,1260620157000,126062015700001050,TRUE
2026-08-07 09:24:46.129,LIN-INNDES-01-UL,1260804066000,126080406700004045,TRUE
2026-08-07 09:24:42.551,LAM-BOP-02-UL,1260803040000,126080304000008003,TRUE
2026-08-07 09:24:44.351,LIN-INNTRE-01-UL,1260805008000,126080500800006067,TRUE
2026-08-07 09:24:40.002,LIN-OUTVAP-01-UL,,12606040010001C115,TRUE
2026-08-07 09:24:46.443,LIN-OUTTRE-01-L,1260709037000,126070903700010039,TRUE
2026-08-07 09:24:30.451,ELC-DEP-01-L,1260716041000,126071604100001014,TRUE
2026-08-07 09:24:49.209,LIN-OUTTRE-01-UL,,126070306600001053,TRUE
2026-08-07 09:22:13.305,LIN-OUTDEV-01-UL,1260624072000,126070306000001039,TRUE
2026-08-07 09:24:46.549,LIN-INNLDI-01-L,1260805007000,126080500700004056,TRUE
2026-08-07 09:15:39.354,CPP-Horizontalplating-01-UL,1260805100000,126072501300400074,TRUE
2026-08-07 08:35:16.578,LIN-OUTDES-01-L,1260627140030,126062714000001054,TRUE
2026-08-07 09:24:48.389,SMK-DEV-01-L,1260704019020,126062201800001028,TRUE
2026-08-07 09:24:25.233,ELC-TRE-01-L,1260730111000,Error_202608071624252330,FALSE
2026-08-07 09:25:14.402,AOI-PEP-01-UL,1260804028000,126080402800010038,TRUE
2026-08-07 09:25:15.011,AOI-PEP-01-L,1260804028000,126080402800010042,TRUE
2026-08-07 09:25:13.617,LIN-INNTRE-01-UL,1260805008000,126080500800006069,TRUE
2026-08-07 09:25:14.100,LIN-OUTTRE-01-UL,,126070306600001059,TRUE
2026-08-07 09:25:12.269,LIN-INNLDI-01-L,1260805007000,126080500700004044,TRUE
2026-08-07 09:25:07.167,LIN-INNDES-01-L,1260804066000,126080406700004022,TRUE
2026-08-07 09:25:09.007,LIN-OUTTRE-01-L,1260709037000,126070903700010048,TRUE
2026-08-07 09:25:02.494,WIR-Vdevelop-01-UL,1260715023002,"126071502300258264,BD",TRUE
2026-08-07 09:25:03.214,LAM-BOP-01-L,1260803036000,126080303600012058,TRUE
2026-08-07 09:25:05.917,LAM-BOP-02-UL,1260803040000,126080304000008005,TRUE
2026-08-07 09:25:00.949,LIN-INNDES-01-UL,1260804066000,126080406700004047,TRUE
2026-08-07 09:25:00.242,CPP-Patternplating-01-L,1260608002010,Error_202608071625002429,FALSE
2026-08-07 09:24:58.532,ELC-DEP-01-UL,1260718124000,126071812400001053,TRUE
2026-08-07 09:24:59.753,ELC-PUL-01-UL,1260718082020,126071808200001005,TRUE
2026-08-07 09:25:10.555,ELC-PUL-02-L,1260717075010,126071707500001019,TRUE
2026-08-07 09:24:57.240,WIR-SE-01-UL,1260715024022,126071502400067013,TRUE
2026-08-07 09:24:30.451,ELC-DEP-01-L,1260716041000,126071604100001014,TRUE
2026-08-07 09:22:13.305,LIN-OUTDEV-01-UL,1260624072000,126070306000001039,TRUE
2026-08-07 09:25:30.465,LAM-BOP-02-UL,1260803040000,126080304000008007,TRUE
2026-08-07 09:25:32.099,LIN-INNLDI-01-L,1260805007000,126080500700004042,TRUE
2026-08-07 09:25:32.225,LIN-OUTTRE-01-L,1260709037000,126070903700010026,TRUE
2026-08-07 09:25:29.918,LIN-INNDES-01-UL,1260804066000,126080406700004072,TRUE
2026-08-07 09:25:27.460,LIN-OUTTRE-01-UL,,126070306600001028,TRUE
2026-08-07 09:25:28.393,LIN-INNTRE-01-UL,1260805008000,126080500800006070,TRUE
2026-08-07 09:25:25.589,AOI-PEP-01-UL,1260804028000,126080402800010040,TRUE
2026-08-07 09:25:26.355,AOI-PEP-01-L,1260804028000,126080402800010046,TRUE
2026-08-07 09:25:24.500,SMK-DEV-01-L,1260704019020,126062201800001058,TRUE
2026-08-07 09:25:23.744,CPP-Patternplating-01-UL,,12606080020001C060,TRUE
2026-08-07 09:25:23.517,ELC-DEP-01-UL,1260718124000,126071812400001061,TRUE
2026-08-07 09:25:21.449,LIN-INNDES-01-L,1260804066000,126080406700004024,TRUE
2026-08-07 09:25:18.869,LIN-INNTRE-02-UL-2,,126080501200002079,TRUE
2026-08-07 09:25:21.069,WIR-SE-01-UL,1260715024022,126071502400067046,TRUE
2026-08-07 09:25:17.495,LAM-BOP-01-L,1260803036000,126080303600012056,TRUE
2026-08-07 09:25:16.141,ELC-TRE-01-L,1260730111000,Error_202608071625161419,FALSE
2026-08-07 09:24:50.311,SMK-TUN-01-L,1260619001000,12606190010001C098,TRUE
2026-08-07 09:24:50.280,SMK-SPR-01-L,1260620157000,126062015700001050,TRUE
2026-08-07 09:22:13.305,LIN-OUTDEV-01-UL,1260624072000,126070306000001039,TRUE
2026-08-07 09:25:57.709,LIN-INNTRE-01-UL,1260805008000,126080500800006072,TRUE
2026-08-07 09:25:56.892,ELC-PUL-02-L,1260717075010,126071707500001011,TRUE
2026-08-07 09:25:55.431,ELC-PUL-01-UL,1260718082020,126071808200001077,TRUE
2026-08-07 09:25:56.649,LIN-INNLDI-01-L,1260805007000,126080500700004048,TRUE
2026-08-07 09:25:54.090,LAM-BOP-02-UL,1260803040000,126080304000008009,TRUE
2026-08-07 09:25:49.125,LAM-BOP-03-UL,1260803079000,126080307900016020,TRUE
2026-08-07 09:25:55.116,LIN-OUTTRE-01-L,1260709037000,126070903700010063,TRUE
2026-08-07 09:25:51.851,LIN-OUTTRE-01-UL,,126070306600001019,TRUE
2026-08-07 09:25:48.528,AOI-PEP-01-L,1260804028000,126080402800010050,TRUE
2026-08-07 09:25:46.111,ELC-DEP-01-UL,1260718124000,126071812400001048,TRUE
2026-08-07 09:25:48.981,AOI-PEP-01-UL,1260804028000,126080402800010046,TRUE
2026-08-07 09:25:45.377,ELC-TRE-01-L,1260730111000,Error_202608071625453773,FALSE
2026-08-07 09:25:21.449,LIN-INNDES-01-L,1260804066000,126080406700004024,TRUE
2026-08-07 09:25:37.869,WIR-Vdevelop-01-UL,1260715023002,"126071502300258297,BB",TRUE
2026-08-07 09:25:44.574,LIN-INNDES-01-UL,1260804066000,126080406700004074,TRUE
2026-08-07 09:25:21.069,WIR-SE-01-UL,1260715024022,126071502400067046,TRUE
2026-08-07 08:24:22.397,SMK-TRE-01-L,1260620161001,12606201610011C257,TRUE
2026-08-07 09:26:17.152,CPP-Patternplating-01-UL,,12606080020001C065,TRUE
2026-08-07 09:26:17.152,WIR-Decoatbake-01-L,1260717014000,126071701400058058,TRUE
2026-08-07 09:26:13.485,AOI-PEP-01-L,1260804028000,126080402800010079,TRUE
2026-08-07 09:26:13.438,LIN-INNDES-01-UL,1260804066000,126080406700004078,TRUE
2026-08-07 09:26:12.477,LIN-INNTRE-01-UL,1260805008000,126080500800006073,TRUE
2026-08-07 09:26:12.438,AOI-PEP-01-UL,1260804028000,126080402800010050,TRUE
2026-08-07 09:26:12.307,LIN-OUTTRE-01-UL,,126070306600001042,TRUE
2026-08-07 09:26:11.432,LIN-INNLDI-01-L,1260805007000,126080500700004046,TRUE
2026-08-07 09:26:08.626,LAM-BOP-03-UL,1260803079000,126080307900016001,TRUE
2026-08-07 09:26:06.768,ELC-DEP-01-UL,1260718124000,126071812400001033,TRUE
2026-08-07 09:26:05.935,LAM-BOP-02-UL,1260803040000,126080304000008010,TRUE
2026-08-07 09:26:00.392,SMK-DEV-01-L,1260704019020,126062201800001007,TRUE
2026-08-07 09:26:04.845,SMK-TUN-01-L,1260619001000,12606190010001C218,TRUE
2026-08-07 09:26:06.786,LIN-OUTVAP-01-UL,,Error_202608071626067860,FALSE
2026-08-07 09:04:03.774,ELC-INS-01-L,1260711048020,126071104800001022,TRUE
2026-08-07 09:25:45.377,ELC-TRE-01-L,1260730111000,Error_202608071625453773,FALSE
2026-08-07 09:12:16.553,WIR-SE-01-L,1260715024022,126071502400258633,TRUE
2026-08-07 09:39:33.306,WIR-Decoatbake-01-UL,1260718158010,126071815800058400,TRUE
2026-08-07 09:39:33.990,ELC-DEP-01-UL,1260718124020,126071812400001046,TRUE
2026-08-07 09:39:32.952,SMK-BRU-01-UL,1260727004000,M0960002G2000E-0607,TRUE
2026-08-07 09:39:33.946,CPP-VCP-01-L,1260805100000,126072700200400063,TRUE
2026-08-07 09:39:32.124,LIN-INNTRE-02-UL-1,,126080501300004026,TRUE
2026-08-07 09:39:32.087,WIR-LDI-01-UL,,M0960013A2000G-0607,TRUE
2026-08-07 09:39:30.861,SMK-DEV-01-UL,,126062201800001007,TRUE
2026-08-07 09:39:30.423,SMK-SPR-01-L,1260620157000,126062015700001027,TRUE
2026-08-07 09:39:30.368,CPP-Horizontalplating-01-L,1260729002010,M0960002G2000E-0607,TRUE
2026-08-07 09:39:30.295,LIN-INNTRE-02-UL-2,,126080501300004025,TRUE
2026-08-07 09:39:29.618,LAM-BOP-03-L,1260803085000,126080308500004016,TRUE
2026-08-07 09:39:29.349,ELC-DEP-01-L,1260716041000,126071604100001073,TRUE
2026-08-07 09:39:28.728,WIR-LDI-01-L,,M0960013A2000G-0607,TRUE
2026-08-07 09:39:28.030,LAM-BOP-02-L,1260803041000,126080304100010005,TRUE
2026-08-07 09:39:27.381,AOI-RESAOI-01-UL,1260704103000,126070410300001010,TRUE
2026-08-07 09:39:27.655,AOI-PEP-01-L,1260804027000,126080305200008080,TRUE
2026-08-07 09:39:26.702,LIN-INNDES-01-L,1260804066000,126080407100012062,TRUE
2026-08-07 09:39:25.303,LIN-OUTDEV-01-L,1260630348000,126063034800001034,TRUE
2026-08-07 09:39:23.821,LAM-BOP-03-UL,1260803085000,126080307900016019,TRUE
2026-08-07 09:39:23.077,LAM-BOP-01-L,1260803036000,126080301200012023,TRUE
2026-08-07 09:39:22.027,LIN-OUTVAP-01-UL,,Error_202608071639220275,FALSE
2026-08-07 09:39:23.040,WIR-SE-01-L,1260721076000,12607210760004B016,TRUE
2026-08-07 09:39:21.342,ELC-PUL-01-L,1260718124000,126071812400001070,TRUE
2026-08-07 09:39:20.537,LIN-OUTTRE-01-UL,,126070903700010042,TRUE
2026-08-07 09:39:24.784,SMK-DEV-01-L,1260704019020,126062201800001009,TRUE
2026-08-07 09:39:19.068,SMK-BRU-02-L,1260715048020,126071504800001052,TRUE
2026-08-07 09:39:18.150,WIR-Vdevelop-01-UL,1260718160000,"126071816000058005,BD",TRUE
2026-08-07 09:39:19.006,AOI-RESAOI-01-L,1260704103000,126070410300001073,TRUE
2026-08-07 09:39:17.110,SUR-FLM-01-UL,,126062607200001043,TRUE
2026-08-07 09:39:14.006,LIN-OUTTRE-01-L,1260709037020,126070903700010014,TRUE
2026-08-07 09:39:08.912,LIN-OUTDEV-01-UL,1260624072000,126063034800001041,TRUE
2026-08-07 09:39:07.142,SMK-TUN-01-L,1260619001000,12606190010001C220,TRUE
2026-08-07 09:39:07.170,LAM-BOP-02-UL,1260803040000,126080304100010004,TRUE
2026-08-07 09:39:07.127,ELC-PUL-02-L,1260717075010,126071707500001032,TRUE
2026-08-07 09:39:06.478,WIR-Vdevelop-01-L,1260718160000,126071816000058038,TRUE
2026-08-07 09:38:54.834,SMK-TRE-01-UL,1260611097000,12606110970001C105,TRUE
2026-08-07 09:38:54.794,ELC-PUL-01-UL,1260718082020,126071808200001054,TRUE
2026-08-07 09:38:51.009,CPP-Patternplating-01-L,1260714001002,126071400100258293,TRUE
2026-08-07 09:38:41.669,ROU-RIN-01-UL,,Error_202608071638416693,FALSE
2026-08-07 09:38:49.837,CPP-Patternplating-01-UL,,12606080020001C071,TRUE
2026-08-07 09:38:24.503,LIN-INNDES-02-UL,,126080508000002002,TRUE
2026-08-07 09:37:59.252,SMK-TRE-01-L,1260611097000,12606110970001C071,TRUE
2026-08-07 09:37:28.706,LIN-INNTRE-01-UL,1260805008000,126080500800006008,TRUE
2026-08-07 09:36:44.550,AOI-PEP-01-UL,1260804028000,126080402800010037,TRUE
2026-08-07 09:36:39.910,LIN-INNDES-01-UL,1260804066000,126080406700004022,TRUE
2026-08-07 09:36:23.889,WIR-Decoatbake-01-L,1260717014000,126071701400058038,TRUE
2026-08-07 09:35:56.286,SMK-BRU-01-L,1260727004000,M0960002G2000E-0607,TRUE
2026-08-07 09:30:17.754,SMK-BRU-02-UL,1260715048020,126071504800001065,TRUE
2026-08-07 09:35:57.915,LIN-INNLDI-01-L,1260805007000,126080500700004023,TRUE
2026-08-07 09:34:47.413,ELC-INS-01-UL,1260711096020,126071109600001034,TRUE
2026-08-07 09:30:09.938,ELC-INS-01-L,1260711096020,126071109600001020,TRUE
2026-08-07 09:25:45.377,ELC-TRE-01-L,1260730111000,Error_202608071625453773,FALSE
2026-08-07 09:25:21.069,WIR-SE-01-UL,1260715024022,126071502400067046,TRUE
2026-08-07 09:23:40.492,ELC-TRE-01-UL,1260730111000,Error_202608071623404925,FALSE
2026-08-07 08:57:10.458,LIN-OUTDES-01-UL,1260627140030,126070306600001024,TRUE
2026-08-07 08:55:48.495,WIR-DES-01-UL,1260624087280,126072107700069008,TRUE
2026-08-07 08:51:53.365,SMK-TUN-01-UL,1260622030000,126062203000001002,TRUE
2026-08-07 08:33:38.936,LIN-INNLDI-03-L,,ERROR_202608071533389360,TRUE
2026-08-07 06:28:13.626,SMK-DIX-01-L,1260622018000,126062201800001053,TRUE
2026-08-07 09:39:53.213,WIR-Vdevelop-01-UL,1260718160000,"126071816000058022,BB",TRUE
2026-08-07 09:39:52.422,AOI-PEP-01-L,1260804027000,126080402700008074,TRUE
2026-08-07 09:39:52.793,WIR-SE-01-L,1260721076000,12607210760004B002,TRUE
2026-08-07 09:39:52.406,LIN-INNTRE-02-UL-1,,Error_202608071639524068,FALSE
2026-08-07 09:39:51.844,LAM-BOP-01-L,1260803036000,126080301200012059,TRUE
2026-08-07 09:39:50.594,LAM-BOP-02-L,1260803041000,126080304100010076,TRUE
2026-08-07 09:39:50.236,ELC-PUL-01-UL,1260718082020,126071808200001053,TRUE
2026-08-07 09:39:51.625,LIN-INNTRE-02-UL-2,,126080501300004029,TRUE
2026-08-07 09:39:50.210,AOI-RESAOI-01-UL,1260704103000,126070410300001062,TRUE
2026-08-07 09:39:49.808,LAM-BOP-03-L,1260803085000,126080308500004015,TRUE
2026-08-07 09:39:49.797,LAM-BOP-02-UL,1260803040000,126080304100010079,TRUE
2026-08-07 09:39:47.866,SMK-BRU-02-L,1260715048020,126071504800001047,TRUE
2026-08-07 09:39:46.658,SMK-SPR-01-L,1260620157000,126062015700001041/0,TRUE
2026-08-07 09:39:44.572,CPP-Patternplating-01-L,1260714001002,126071400100258298,TRUE
2026-08-07 09:39:43.614,ROU-RIN-01-UL,,12606160360000103501,TRUE
2026-08-07 09:39:44.445,LIN-OUTDEV-01-L,1260630348000,126063034800001059,TRUE
2026-08-07 09:39:44.194,ELC-DEP-01-UL,1260718124020,126071812400001052,TRUE
2026-08-07 09:39:42.931,CPP-Patternplating-01-UL,,12606080020001C088,TRUE
2026-08-07 09:39:42.732,LAM-BOP-03-UL,1260803085000,126080308400006020,TRUE
2026-08-07 09:39:42.275,WIR-Vdevelop-01-L,1260718160000,126071816000058121,TRUE
2026-08-07 09:39:41.882,AOI-RESAOI-01-L,1260704103000,126070410300001001,TRUE
2026-08-07 09:39:41.640,LIN-INNDES-01-L,1260804066000,126080407100012064,TRUE
2026-08-07 09:39:39.828,AOI-PEP-01-UL,1260804027000,126080403900008080,TRUE
2026-08-07 09:39:37.079,SUR-FLM-01-UL,,126062607200001017,TRUE
2026-08-07 09:39:36.818,LIN-OUTTRE-01-L,1260709037020,126070903700010073,TRUE
2026-08-07 09:39:20.537,LIN-OUTTRE-01-UL,,126070903700010042,TRUE
2026-08-07 09:40:15.595,LAM-BOP-02-L,1260803041000,126080304100010068,TRUE
2026-08-07 09:40:13.369,AOI-RESAOI-01-UL,1260704103000,126070410300001073,TRUE
2026-08-07 09:40:13.181,ROU-RIN-01-UL,,12606160360000105801,TRUE
2026-08-07 09:40:12.863,SMK-TUN-01-L,1260619001000,12606190010001C190,TRUE
2026-08-07 09:40:12.753,LIN-INNTRE-02-UL-2,,126080501300004033,TRUE
2026-08-07 09:40:12.204,AOI-PEP-01-UL,1260804027000,126080402700008074,TRUE
2026-08-07 09:40:11.970,AOI-PEP-01-L,1260804027000,126080402700008076,TRUE
2026-08-07 09:40:11.836,ELC-DEP-01-UL,1260718124020,126071812400001047,TRUE
2026-08-07 09:40:10.626,LIN-INNDES-01-L,1260804066000,126080407100012068,TRUE
2026-08-07 09:40:09.532,LAM-BOP-02-UL,1260803040000,126080304100010075,TRUE
2026-08-07 09:40:09.110,LIN-INNDES-01-UL,1260804066000,126080406700004028,TRUE
2026-08-07 09:40:09.079,LIN-INNTRE-02-UL-1,,126080501300004034,TRUE
2026-08-07 09:40:08.731,LAM-BOP-03-L,1260803085000,126080308500004014,TRUE
2026-08-07 09:40:07.727,SMK-TRE-01-UL,1260611097000,12606110970001C072,TRUE
2026-08-07 09:40:05.331,SMK-SPR-01-L,1260620157000,126062015700001052,TRUE
2026-08-07 09:40:07.956,SMK-DEV-01-UL,,126062201800001017,TRUE
2026-08-07 09:40:05.001,LAM-BOP-01-L,1260803036000,126080301200012038,TRUE
2026-08-07 09:40:04.576,WIR-SE-01-UL,1260721076000,12607210760004B023,TRUE
2026-08-07 09:40:03.791,LIN-OUTDEV-01-L,1260630348000,126063034800001076,TRUE
2026-08-07 09:40:02.027,LAM-BOP-03-UL,1260803085000,126080308400006017,TRUE
2026-08-07 09:40:04.711,AOI-RESAOI-01-L,1260704103000,126070410300001011,TRUE
2026-08-07 09:40:00.612,SMK-DEV-01-L,1260704019020,126062201800001049,TRUE
2026-08-07 09:39:53.750,ELC-PUL-02-L,1260717075010,126071707500001066,TRUE
2026-08-07 09:40:00.132,LIN-OUTTRE-01-L,1260709037020,126070903700010023,TRUE
2026-08-07 09:39:53.319,ELC-DEP-01-L,1260716041000,126071604100001070,TRUE
2026-08-07 09:40:00.409,SUR-FLM-01-UL,,126062607200001054,TRUE
2026-08-07 09:39:52.793,WIR-SE-01-L,1260721076000,12607210760004B002,TRUE
2026-08-07 09:39:50.236,ELC-PUL-01-UL,1260718082020,126071808200001053,TRUE
2026-08-07 09:39:22.027,LIN-OUTVAP-01-UL,,Error_202608071639220275,FALSE
2026-08-07 09:40:32.111,AOI-PEP-01-UL,1260804027000,126080402700008076,TRUE
2026-08-07 09:40:30.611,LAM-BOP-02-UL,1260803040000,126080304100010069,TRUE
2026-08-07 09:40:32.892,AOI-PEP-01-L,1260804027000,126080402700008073,TRUE
2026-08-07 09:40:28.676,LIN-INNTRE-02-UL-1,,126080501300004038,TRUE
2026-08-07 09:40:27.557,AOI-RESAOI-01-L,1260704103000,126070410300001052,TRUE
2026-08-07 09:40:26.447,ELC-DEP-01-UL,1260718124020,126071812400001038,TRUE
2026-08-07 09:40:27.280,LAM-BOP-03-L,1260803085000,126080308500004011,TRUE
2026-08-07 09:40:26.767,LAM-BOP-02-L,1260803041000,126080304100010066,TRUE
2026-08-07 09:40:25.689,LIN-INNDES-01-L,1260804066000,126080407100012070,TRUE
2026-08-07 09:40:23.337,LIN-OUTDEV-01-L,1260630348000,126063034800001077,TRUE
2026-08-07 09:40:24.730,ROU-RIN-01-UL,,Error_202608071640247306,FALSE
2026-08-07 09:40:23.332,LIN-INNTRE-02-UL-2,,126080501300004035,TRUE
2026-08-07 09:40:23.197,LIN-OUTTRE-01-L,1260709037020,126070903700010028,TRUE
2026-08-07 09:40:22.145,SMK-SPR-01-L,1260620157000,126062015700001055/0,TRUE
2026-08-07 09:40:21.860,LIN-INNDES-01-UL,1260804066000,126080406700004030,TRUE
2026-08-07 09:40:22.095,CPP-VCP-01-L,1260805100000,126080510000078007,TRUE
2026-08-07 09:40:21.787,SUR-FLM-01-UL,,126062607200001051,TRUE
2026-08-07 09:40:21.154,LAM-BOP-03-UL,1260803085000,126080308400006009,TRUE
2026-08-07 09:40:18.970,WIR-Decoatbake-01-UL,1260718158010,126071815800058398,TRUE
2026-08-07 09:40:18.891,LAM-BOP-01-L,1260803036000,126080301200012045,TRUE
2026-08-07 09:40:17.602,ELC-DEP-01-L,1260716041000,126071604100001049,TRUE
2026-08-07 09:40:18.049,WIR-Vdevelop-01-L,1260718160000,126071816000058177,TRUE
2026-08-07 09:40:16.821,SMK-BRU-02-L,1260715048020,126071504800001002,TRUE
2026-08-07 09:40:16.941,ELC-PUL-01-L,1260718124000,126071812400001042,TRUE
2026-08-07 08:33:38.936,LIN-INNLDI-03-L,,ERROR_202608071533389360,TRUE
2026-08-07 09:39:52.793,WIR-SE-01-L,1260721076000,12607210760004B002,TRUE
2026-08-07 09:39:20.537,LIN-OUTTRE-01-UL,,126070903700010042,TRUE
2026-08-07 09:40:33.998,WIR-SE-01-UL,1260721076000,12607210760004B009,TRUE
2026-08-07 09:40:33.943,LIN-INNTRE-02-UL-2,,126080501300004037,TRUE
2026-08-07 09:39:20.537,LIN-OUTTRE-01-UL,,126070903700010042,TRUE
2026-08-07 09:40:54.704,LIN-INNDES-01-L,1260804066000,126080407100012074,TRUE
2026-08-07 09:40:54.329,AOI-PEP-01-UL,1260804027000,126080402700008073,TRUE
2026-08-07 09:40:54.136,WIR-Vdevelop-01-L,1260718160000,126071816000058179,TRUE
2026-08-07 09:40:53.017,AOI-PEP-01-L,1260804027000,126080402700008071,TRUE
2026-08-07 09:40:52.595,LAM-BOP-02-UL,1260803040000,126080304100010065,TRUE
2026-08-07 09:40:50.324,AOI-RESAOI-01-L,1260704103000,126070410300001006,TRUE
2026-08-07 09:40:48.819,LAM-BOP-02-L,1260803041000,126080304100010062,TRUE
2026-08-07 09:40:48.486,LIN-INNDES-01-UL,1260804066000,126080406700004034,TRUE
2026-08-07 09:40:47.745,SMK-BRU-01-L,1260727004000,Error_202608071640477452,FALSE
2026-08-07 09:40:47.053,LIN-INNTRE-02-UL-1,,126080501300004042,TRUE
2026-08-07 09:40:46.982,ROU-RIN-01-UL,,Error_202608071640469823,FALSE
2026-08-07 09:40:46.537,ELC-PUL-01-UL,1260718082020,126071808200001051,TRUE
2026-08-07 09:40:46.214,LIN-OUTTRE-01-L,1260709037020,126070903700010053,TRUE
2026-08-07 09:40:46.030,LAM-BOP-03-L,1260803085000,126080308500004013,TRUE
2026-08-07 09:40:45.270,SUR-FLM-01-UL,,126062607200001061,TRUE
2026-08-07 09:40:45.262,SMK-BRU-02-L,1260715048020,126071504800001017,TRUE
2026-08-07 09:40:44.616,LIN-INNTRE-02-UL-2,,126080501300004039,TRUE
2026-08-07 09:40:43.324,ELC-DEP-01-UL,1260718124020,126071812400001069,TRUE
2026-08-07 09:40:42.755,SMK-DEV-01-UL,,126062201800001033,TRUE
2026-08-07 09:40:42.588,LIN-OUTDEV-01-L,1260630348000,126063034800001020,TRUE
2026-08-07 09:40:41.246,ELC-DEP-01-L,1260716041000,126071604100001031,TRUE
2026-08-07 09:40:40.022,ELC-PUL-02-L,1260717075010,126071707500001058,TRUE
2026-08-07 09:40:39.541,SMK-TRE-01-UL,1260611097000,12606110970001C073,TRUE
2026-08-07 09:40:38.221,CPP-Patternplating-01-L,1260714001002,126071400100258304,TRUE
2026-08-07 09:40:40.036,SMK-SPR-01-L,1260620157000,126062015700001015,TRUE
2026-08-07 09:40:37.479,WIR-SE-01-L,1260721076000,12607210760004B022,TRUE
2026-08-07 09:40:36.956,CPP-Patternplating-01-UL,,12606080020001C091,TRUE
2026-08-07 09:40:39.920,LAM-BOP-03-UL,1260803085000,126080308400006008,TRUE
2026-08-07 09:40:36.708,SMK-DEV-01-L,1260704019020,126062201800001023,TRUE
2026-08-07 09:40:36.510,AOI-RESAOI-01-UL,1260704103000,126070410300001001,TRUE
2026-08-07 09:40:35.323,SMK-BRU-02-UL,1260715048020,Error_202608071640353237,FALSE
2026-08-07 10:03:21.761,AOI-PEP-01-UL,1260804029000,126080403500012041,TRUE
2026-08-07 10:03:19.855,LAM-BOP-02-L,1260803054000,126080303000012053,TRUE
2026-08-07 10:03:18.292,LIN-INNDES-01-UL,1260804066000,126080407100012043,TRUE
2026-08-07 10:03:17.411,LIN-INNTRE-01-UL,1260805009000,126080500900008018,TRUE
2026-08-07 10:03:17.062,LAM-BOP-03-UL,1260803078000,126080307800018018,TRUE
2026-08-07 10:03:15.859,LAM-BOP-03-L,1260803077000,126080307700020012,TRUE
2026-08-07 10:03:15.237,SMK-BRU-02-UL,1260715048020,126071504800001052,TRUE
2026-08-07 10:03:14.662,LIN-OUTTRE-01-UL,,126070903700010035,TRUE
2026-08-07 10:03:13.767,SMK-DEV-01-UL,,126062201800001073,TRUE
2026-08-07 10:03:11.470,ELC-TRE-01-UL,1260715066000,126071506600001017,TRUE
2026-08-07 10:03:10.887,WIR-Pretreatment-01-UL,1260724001000,M0960013A2000G-0607,TRUE
2026-08-07 10:03:10.458,LIN-OUTDEV-01-UL,1260624072030,126063034800001037,TRUE
2026-08-07 10:03:09.948,LAM-BOP-01-L,1260803044000,126080304400004010,TRUE
2026-08-07 10:03:09.877,ELC-PUL-01-UL,1260718112000,126071811200001080,TRUE
2026-08-07 10:03:09.641,ELC-DEP-01-L,1260718016000,126071801600001024,TRUE
2026-08-07 10:03:09.645,LIN-OUTDEV-01-L,1260630348030,126063034800001031,TRUE
2026-08-07 10:03:09.403,CPP-Horizontalplating-01-UL,1260805100000,M0960002G2000E-0607,TRUE
2026-08-07 10:03:19.753,SMK-BRU-01-L,1260727004010,M0960002G2000E-0607,TRUE
2026-08-07 10:03:07.214,LAM-BOP-02-UL,1260803054000,126080305400012053,TRUE
2026-08-07 10:03:08.907,ELC-TRE-01-L,1260715066020,126071506600001008,TRUE
2026-08-07 10:03:06.506,ROU-RIN-01-UL,,Error_202608071703065066,FALSE
2026-08-07 10:03:06.486,WIR-SE-01-L,1260625079000,12606250790001C099,TRUE
2026-08-07 10:03:02.215,CPP-Horizontalplating-01-L,1260730106000,M0960111B2000A-0607,TRUE
2026-08-07 10:03:01.302,LIN-OUTTRE-01-L,1260710007000,126071000700001046,TRUE
2026-08-07 10:03:09.485,ELC-DEP-01-UL,1260716041000,126071604100001039,TRUE
2026-08-07 10:02:58.874,SMK-DIX-01-L,1260623176000,126062317600001049,TRUE
2026-08-07 10:02:56.160,AOI-RESAOI-01-UL,1260704103030,126070410300001033,TRUE
2026-08-07 10:02:54.605,WIR-Decoatbake-01-L,1260717014010,Error_202608071702546054,FALSE
2026-08-07 10:02:56.077,SMK-SPR-01-L,1260620157000,126062015700001078,TRUE
2026-08-07 10:02:49.089,WIR-Decoatbake-01-UL,1260718158010,126071815800058391,TRUE
2026-08-07 10:02:40.813,ELC-PUL-01-L,1260718124000,126071812400001035,TRUE
2026-08-07 10:02:18.165,WIR-Vdevelop-01-UL,1260718160000,"126071816000058047,BD",TRUE
2026-08-07 10:02:40.089,CPP-Patternplating-01-L,1260714001002,126071100800400013,TRUE
2026-08-07 10:01:55.962,LIN-INNDES-01-L,1260804066000,126080500100004027,TRUE
2026-08-07 10:01:55.196,AOI-PEP-01-L,1260804029000,126080402300012080,TRUE
2026-08-07 10:01:51.946,WIR-Vdevelop-01-L,1260718160000,126071816000058057,TRUE
2026-08-07 10:00:59.459,LIN-OUTVAP-01-UL,,12606040010001C192,TRUE
2026-08-07 10:00:51.198,SMK-BRU-02-L,1260715048020,126071504800001006,TRUE
2026-08-07 10:01:51.590,LIN-INNDES-02-UL,,126080508500012039,TRUE
2026-08-07 10:00:25.527,LIN-INNLDI-01-L,1260805010000,126080501000010044,TRUE
2026-08-07 10:02:01.830,AOI-RESAOI-01-L,1260704103030,126070410300001033,TRUE
2026-08-07 09:56:46.983,SMK-BRU-01-UL,1260727004010,M0960002G2000E-0607,TRUE
2026-08-07 09:59:16.860,SMK-DEV-01-L,1260704019020,126062201800001051,TRUE
2026-08-07 09:54:16.961,WIR-TrayCleaning-01-L,,,FALSE
2026-08-07 09:53:59.762,WIR-SE-01-UL,1260721076000,12607210760004B021,TRUE
2026-08-07 09:56:04.880,SMK-TRE-01-UL,1260611097000,12606110970001C070,TRUE
2026-08-07 09:51:28.079,CPP-VCP-01-L,1260805100000,126080510000078010,TRUE
2026-08-07 09:51:20.688,WIR-Pretreatment-01-L,1260724001000,M0960013A2000G-0607,TRUE
2026-08-07 09:46:05.528,ELC-PUL-02-L,1260717075010,126071707500001023,TRUE
2026-08-07 09:49:07.737,SMK-TRE-01-L,1260611097000,12606110970001C070,TRUE
2026-08-07 09:44:17.035,LIN-INNTRE-02-UL-2,,126080501300004079,TRUE
2026-08-07 09:43:46.517,LIN-INNTRE-02-UL-1,,126080501300004080,TRUE
2026-08-07 09:34:47.413,ELC-INS-01-UL,1260711096020,126071109600001034,TRUE
2026-08-07 09:30:09.938,ELC-INS-01-L,1260711096020,126071109600001020,TRUE
2026-08-07 09:00:38.549,ELC-PUL-02-UL,1260717081030,126071708100001062,TRUE
2026-08-07 08:57:10.458,LIN-OUTDES-01-UL,1260627140030,126070306600001024,TRUE
2026-08-07 08:33:38.936,LIN-INNLDI-03-L,,ERROR_202608071533389360,TRUE
2026-08-07 04:24:08.062,LIN-INNDES-02-L,,126080406800006078,TRUE
2026-08-07 10:03:13.861,SUR-FLM-01-UL,,126062607200001048,TRUE
2026-08-07 09:50:50.133,SMK-TUN-01-L,1260619001000,12606190010001C186,TRUE
2026-08-07 10:02:57.902,CPP-Patternplating-01-UL,,12606080020001C188,TRUE
2026-08-07 10:03:41.376,SMK-SPR-01-L,1260620157000,126062015700001022/0,TRUE
2026-08-07 10:03:41.083,ELC-TRE-01-UL,1260715066000,126071506600001021,TRUE
2026-08-07 10:03:38.413,LIN-OUTTRE-01-UL,,126070903700010014,TRUE
2026-08-07 10:03:38.119,LIN-INNDES-02-UL,,126080508500012037,TRUE
2026-08-07 10:03:37.376,SUR-FLM-01-UL,,126062607200001069,TRUE
2026-08-07 10:03:38.785,ELC-TRE-01-L,1260715066020,126071506600001024,TRUE
2026-08-07 10:03:36.551,ELC-PUL-01-L,1260718124000,126071812400001051,TRUE
2026-08-07 10:03:36.176,WIR-SE-01-L,1260625079000,12606250790001C107,TRUE
2026-08-07 10:03:36.171,LAM-BOP-03-UL,1260803078000,126080307800018001,TRUE
2026-08-07 10:03:34.937,LAM-BOP-03-L,1260803077000,126080307700020013,TRUE
2026-08-07 10:03:34.519,ELC-DEP-01-L,1260718016000,126071801600001070,TRUE
2026-08-07 10:03:33.762,LAM-BOP-01-L,1260803044000,126080304400004011,TRUE
2026-08-07 10:03:33.599,LIN-INNTRE-01-UL,1260805009000,126080500900008019,TRUE
2026-08-07 10:03:33.435,WIR-Decoatbake-01-UL,1260718158010,126071815800058390,TRUE
2026-08-07 10:03:33.097,ELC-DEP-01-UL,1260716041000,126071604100001058,TRUE
2026-08-07 10:03:32.731,LIN-INNDES-01-UL,1260804066000,126080407100012045,TRUE
2026-08-07 10:03:32.389,WIR-Decoatbake-01-L,1260717014010,126071701400058126,TRUE
2026-08-07 10:03:31.230,LAM-BOP-02-L,1260803054000,126080300600012002,TRUE
2026-08-07 10:03:29.460,LIN-OUTDEV-01-L,1260630348030,126063034800001001,TRUE
2026-08-07 10:03:29.545,WIR-Vdevelop-01-UL,1260718160000,"126071816000058031,BD",TRUE
2026-08-07 10:03:27.779,CPP-Patternplating-01-L,1260714001002,Error_202608071703277796,FALSE
2026-08-07 10:03:27.648,ROU-RIN-01-UL,,Error_202608071703276489,FALSE
2026-08-07 10:03:26.085,LIN-OUTDEV-01-UL,1260624072030,126063034800001032,TRUE
2026-08-07 10:03:24.412,LIN-OUTTRE-01-L,1260710007000,126071000700001052,TRUE
2026-08-07 10:00:25.527,LIN-INNLDI-01-L,1260805010000,126080501000010044,TRUE
2026-08-07 10:03:52.652,LIN-INNDES-02-UL,,126080508500012036,TRUE
2026-08-07 10:03:51.491,LIN-INNTRE-01-UL,1260805009000,126080500900008020,TRUE
2026-08-07 10:03:51.424,CPP-Patternplating-01-UL,,12606080020001C187,TRUE
2026-08-07 10:03:50.236,SMK-DEV-01-UL,,126062201800001012,TRUE
2026-08-07 10:03:50.055,ROU-RIN-01-UL,,Error_202608071703500557,FALSE
2026-08-07 10:03:49.288,LIN-OUTDEV-01-L,1260630348030,126063034800001061,TRUE
2026-08-07 10:03:47.497,LIN-INNDES-01-UL,1260804066000,126080407100012047,TRUE
2026-08-07 10:03:47.637,AOI-PEP-01-UL,1260804029000,126080402300012080,TRUE
2026-08-07 10:03:46.538,LIN-OUTTRE-01-L,1260710007000,126071000700001019,TRUE
2026-08-07 10:03:42.981,LAM-BOP-02-L,1260803054000,126080302400012034,TRUE
2026-08-07 10:03:46.085,LIN-OUTDEV-01-UL,1260624072030,126063034800001009,TRUE
2026-08-07 10:04:17.596,AOI-PEP-01-L,1260804029000,126080401700012067,TRUE
2026-08-07 10:04:17.127,LIN-INNDES-01-UL,1260804066000,126080407100012051,TRUE
2026-08-07 10:04:17.018,AOI-PEP-01-UL,1260804029000,126080404100012078,TRUE
2026-08-07 10:04:16.612,SMK-SPR-01-L,1260620157000,126062015700001009/0,TRUE
2026-08-07 10:04:14.501,LAM-BOP-03-UL,1260803078000,126080307800018020,TRUE
2026-08-07 10:04:11.897,ELC-TRE-01-UL,1260715066000,126071506600001035,TRUE
2026-08-07 10:04:12.595,LAM-BOP-03-L,1260803077000,126080307700020015,TRUE
2026-08-07 10:04:11.164,LIN-INNTRE-01-UL,1260805009000,126080500900008022,TRUE
2026-08-07 10:04:10.299,WIR-Decoatbake-01-L,1260717014010,126071701400058123,TRUE
2026-08-07 10:04:09.511,LIN-OUTTRE-01-L,1260710007000,126071000700001020,TRUE
2026-08-07 10:04:10.225,ELC-TRE-01-L,1260715066020,126071506600001042,TRUE
2026-08-07 10:04:08.542,LIN-OUTDEV-01-L,1260630348030,126063034800001021,TRUE
2026-08-07 10:04:07.050,LIN-INNDES-02-UL,,126080508500012035,TRUE
2026-08-07 10:04:07.037,ELC-PUL-01-UL,1260718112000,126071811200001009,TRUE
2026-08-07 10:04:06.128,SMK-DIX-01-L,1260623176000,126062317600001043,TRUE
2026-08-07 10:04:05.908,WIR-Vdevelop-01-UL,1260718160000,"126071816000058030,BB",TRUE
2026-08-07 10:04:06.843,LAM-BOP-02-UL,1260803054000,126080305400012052,TRUE
2026-08-07 10:04:05.678,WIR-SE-01-L,1260625079000,12606250790001C120,TRUE
2026-08-07 10:04:05.588,LIN-OUTDEV-01-UL,1260624072030,126063034800001066,TRUE
2026-08-07 10:04:02.096,SMK-TUN-01-L,1260619001010,12606190010001C068,TRUE
2026-08-07 10:04:01.010,LIN-OUTTRE-01-UL,,126070903700010073,TRUE
2026-08-07 10:03:59.065,SUR-FLM-01-UL,,126062607200001029,TRUE
2026-08-07 10:03:58.318,ELC-DEP-01-L,1260718016000,126071801600001066,TRUE
2026-08-07 10:03:57.779,LAM-BOP-01-L,1260803044000,126080304400004012,TRUE
2026-08-07 10:03:57.209,SMK-BRU-02-UL,1260715048020,126071504800001002,TRUE
2026-08-07 10:03:55.544,LAM-BOP-02-L,1260803054000,126080304800012037,TRUE
2026-08-07 04:24:08.062,LIN-INNDES-02-L,,126080406800006078,TRUE
2026-08-07 10:04:38.174,AOI-PEP-01-UL,1260804029000,126080401700012067,TRUE
2026-08-07 10:04:37.378,LAM-BOP-01-L,1260803044000,126080304400004065,TRUE
2026-08-07 10:04:36.941,SMK-TUN-01-L,1260619001010,12606190010001C066,TRUE
2026-08-07 10:04:36.898,ELC-DEP-01-UL,1260716041000,126071604100001038,TRUE
2026-08-07 10:04:36.557,WIR-SE-01-L,1260625079000,12606250790001C117,TRUE
2026-08-07 10:04:33.456,SMK-SPR-01-L,1260620157000,126062015700001014,TRUE
2026-08-07 10:04:36.316,LIN-INNDES-02-UL,,126080508500012033,TRUE
2026-08-07 10:04:32.178,ELC-PUL-01-L,1260718124000,126071812400001017,TRUE
2026-08-07 10:04:31.923,LAM-BOP-03-L,1260803077000,126080307700020018,TRUE
2026-08-07 10:04:31.794,LIN-OUTTRE-01-L,1260710007000,126071000700001024,TRUE
2026-08-07 10:04:31.647,SMK-BRU-02-UL,1260715048020,126071504800001068,TRUE
2026-08-07 10:04:31.565,LIN-INNDES-01-UL,1260804066000,126080407100012053,TRUE
2026-08-07 10:04:31.034,LAM-BOP-02-UL,1260803054000,126080305400012079,TRUE
2026-08-07 10:04:29.619,LIN-INNTRE-01-UL,1260805009000,126080500900008023,TRUE
2026-08-07 10:04:28.137,LIN-OUTDEV-01-L,1260630348030,126063034800001013,TRUE
2026-08-07 10:04:26.865,ELC-TRE-01-UL,1260715066000,126071506600001077,TRUE
2026-08-07 10:04:27.878,AOI-PEP-01-L,1260804029000,126080400500012067,TRUE
2026-08-07 10:04:25.722,SMK-DEV-01-UL,,126062201800001052,TRUE
2026-08-07 10:04:24.959,ELC-TRE-01-L,1260715066020,126071506600001073,TRUE
2026-08-07 10:04:24.184,LIN-OUTTRE-01-UL,,126070903700010023,TRUE
2026-08-07 10:04:22.534,SUR-FLM-01-UL,,126062607200001004,TRUE
2026-08-07 10:04:22.162,ELC-DEP-01-L,1260718016000,126071801600001067,TRUE
2026-08-07 10:04:21.034,CPP-Patternplating-01-L,1260714001002,Error_202608071704210345,FALSE
2026-08-07 10:04:19.847,WIR-Decoatbake-01-UL,1260718158010,126071815800058382,TRUE
2026-08-07 10:04:14.501,LAM-BOP-03-UL,1260803078000,126080307800018020,TRUE
2026-08-07 10:04:57.916,ELC-TRE-01-UL,1260715066000,126071506600001072,TRUE
2026-08-07 10:04:55.572,ELC-TRE-01-L,1260715066020,126071506600001051,TRUE
2026-08-07 10:04:56.003,LAM-BOP-02-L,1260803055000,126080305500002001,TRUE
2026-08-07 10:04:55.128,LAM-BOP-02-UL,1260803054000,126080305400012077,TRUE
2026-08-07 10:04:54.544,LIN-OUTTRE-01-L,1260710007000,126071000700001027,TRUE
2026-08-07 10:04:54.410,SMK-TUN-01-L,1260619001010,12606190010001C179,TRUE
2026-08-07 10:04:51.206,AOI-PEP-01-UL,1260804029000,126080400500012067,TRUE
2026-08-07 10:04:51.160,LIN-INNDES-02-UL,,126080508500012032,TRUE
2026-08-07 10:04:50.971,LAM-BOP-01-L,1260803044000,126080304400004059,TRUE
2026-08-07 10:04:50.675,LAM-BOP-03-L,1260803077000,126080307700020016,TRUE
2026-08-07 10:04:50.523,ELC-DEP-01-UL,1260716041000,126071604100001035,TRUE
2026-08-07 10:04:50.049,AOI-PEP-01-L,1260804029000,126080401700012005,TRUE
2026-08-07 10:04:49.332,SMK-SPR-01-L,1260620157000,126062015700001013/0,TRUE
2026-08-07 10:04:48.724,WIR-Decoatbake-01-L,1260717014010,126071701400058134,TRUE
2026-08-07 10:04:48.216,LIN-OUTDEV-01-L,1260630348030,126063034800001019,TRUE
2026-08-07 10:04:46.539,ELC-DEP-01-L,1260718016000,126071801600001028,TRUE
2026-08-07 10:04:46.393,LIN-INNDES-01-UL,1260804066000,126080407100012055,TRUE
2026-08-07 10:04:46.169,LIN-OUTTRE-01-UL,,126070903700010028,TRUE
2026-08-07 10:04:45.994,LIN-INNTRE-01-UL,1260805009000,126080500900008024,TRUE
2026-08-07 10:04:45.957,CPP-Patternplating-01-UL,,12606080020001C181,TRUE
2026-08-07 10:04:44.566,SUR-FLM-01-UL,,126062607200001039,TRUE
2026-08-07 10:04:43.903,LIN-OUTDEV-01-UL,1260624072030,126063034800001017,TRUE
2026-08-07 10:04:41.769,WIR-Vdevelop-01-UL,1260718160000,"126071816000058043,BB",TRUE
2026-08-07 10:04:39.652,ROU-RIN-01-UL,,Error_202608071704396523,FALSE
2026-08-07 09:59:16.860,SMK-DEV-01-L,1260704019020,126062201800001051,TRUE
2026-08-07 10:05:17.356,LIN-OUTTRE-01-L,1260710007000,126071000700001006,TRUE
2026-08-07 10:05:17.271,LAM-BOP-01-L,1260803044000,126080304400004022,TRUE
2026-08-07 10:05:15.818,LIN-INNDES-01-UL,1260804066000,126080407100012003,TRUE
2026-08-07 10:05:15.444,CPP-Patternplating-01-L,1260714001002,Error_202608071705154443,FALSE
2026-08-07 10:05:15.004,SMK-SPR-01-L,1260620157000,126062015700001022,TRUE
2026-08-07 10:05:12.660,SMK-DIX-01-L,1260623176000,126062317600001080,TRUE
2026-08-07 10:05:12.224,AOI-PEP-01-L,1260804029000,126080404700012014,TRUE
2026-08-07 10:05:11.629,SMK-TUN-01-L,1260619001010,12606190010001C180,TRUE
2026-08-07 10:05:11.324,ELC-DEP-01-L,1260718016000,126071801600001027,TRUE
2026-08-07 10:05:11.317,AOI-PEP-01-UL,1260804029000,126080401700012005,TRUE
2026-08-07 10:05:10.574,ELC-TRE-01-L,1260715066020,126071506600001049,TRUE
2026-08-07 10:05:10.333,LAM-BOP-03-L,1260803077000,126080307700020017,TRUE
2026-08-07 10:05:09.122,LIN-OUTTRE-01-UL,,126070903700010053,TRUE
2026-08-07 10:05:07.795,LIN-OUTDEV-01-L,1260630348030,126063034800001057,TRUE
2026-08-07 10:05:06.864,LAM-BOP-02-L,1260803055000,126080305500002020,TRUE
2026-08-07 10:05:06.588,LIN-INNTRE-01-UL,1260805009000,126080500900008025,TRUE
2026-08-07 10:05:06.363,SUR-FLM-01-UL,,126062607200001074,TRUE
2026-08-07 10:05:05.927,LIN-INNDES-02-UL,,126080508500012031,TRUE
2026-08-07 10:05:04.964,WIR-SE-01-L,1260625079000,12606250790001C118,TRUE
2026-08-07 10:05:04.959,WIR-Decoatbake-01-UL,1260718158010,126071815800058361,TRUE
2026-08-07 10:05:06.614,LAM-BOP-02-UL,1260803054000,126080305400012076,TRUE
2026-08-07 10:05:04.822,ELC-DEP-01-UL,1260716041000,126071604100001007,TRUE
2026-08-07 10:05:02.600,ELC-PUL-01-UL,1260718112000,126071811200001015,TRUE
2026-08-07 10:05:02.207,SMK-DEV-01-UL,,126062201800001011,TRUE
2026-08-07 10:05:00.681,SMK-BRU-02-UL,1260715048020,126071504800001036,TRUE
2026-08-07 10:04:57.916,ELC-TRE-01-UL,1260715066000,126071506600001072,TRUE
2026-08-07 10:04:43.903,LIN-OUTDEV-01-UL,1260624072030,126063034800001017,TRUE
2026-08-07 10:05:36.910,SMK-DEV-01-UL,,126062201800001055,TRUE
2026-08-07 10:05:35.458,AOI-PEP-01-L,1260804029000,126080402900012006,TRUE
2026-08-07 10:05:34.669,WIR-SE-01-L,1260625079000,12606250790001C114,TRUE
2026-08-07 10:05:34.349,LIN-INNDES-02-UL,,126080508500012029,TRUE
2026-08-07 10:05:34.654,ELC-DEP-01-L,1260718016000,126071801600001057,TRUE
2026-08-07 10:05:34.099,AOI-PEP-01-UL,1260804029000,126080404700012014,TRUE
2026-08-07 10:05:33.295,ELC-DEP-01-UL,1260716041000,126071604100001030,TRUE
2026-08-07 10:05:31.316,SMK-SPR-01-L,1260620157000,126062015700001001/0,TRUE
2026-08-07 10:05:30.784,LIN-OUTTRE-01-UL,,126070903700010010,TRUE
2026-08-07 10:05:30.271,LIN-INNDES-01-UL,1260804066000,126080407100012005,TRUE
2026-08-07 10:05:29.724,LAM-BOP-02-UL,1260803054000,126080305400012074,TRUE
2026-08-07 10:05:29.396,LAM-BOP-02-L,1260803055000,126080305500002018,TRUE
2026-08-07 10:05:29.170,SMK-BRU-02-UL,1260715048020,126071504800001017,TRUE
2026-08-07 10:05:28.926,SMK-TUN-01-L,1260619001010,12606190010001C207,TRUE
2026-08-07 10:05:27.404,LIN-OUTDEV-01-L,1260630348030,126063034800001062,TRUE
2026-08-07 10:05:27.852,ELC-PUL-01-L,1260718124000,126071812400001022,TRUE
2026-08-07 10:05:27.334,WIR-Decoatbake-01-L,1260717014010,126071701400058131,TRUE
2026-08-07 10:05:26.379,SUR-FLM-01-UL,,126062607200001013,TRUE
2026-08-07 10:05:25.545,ELC-TRE-01-L,1260715066020,126071506600001065,TRUE
2026-08-07 10:05:24.028,LIN-OUTDEV-01-UL,1260624072030,126063034800001024,TRUE
2026-08-07 10:05:23.745,LIN-INNTRE-01-UL,1260805009000,126080500900008026,TRUE
2026-08-07 10:05:18.163,WIR-Vdevelop-01-UL,1260718160000,"126071816000058041,BD",TRUE
2026-08-07 10:05:24.328,ROU-RIN-01-UL,,Error_202608071705243281,FALSE
2026-08-07 10:05:17.271,LAM-BOP-01-L,1260803044000,126080304400004022,TRUE
2026-08-07 09:51:20.688,WIR-Pretreatment-01-L,1260724001000,M0960013A2000G-0607,TRUE
2026-08-07 10:05:49.754,SMK-SPR-01-L,1260620157000,126062015700001009,TRUE
2026-08-07 10:05:49.085,WIR-Decoatbake-01-UL,1260718158010,126071815800058385,TRUE
2026-08-07 10:05:48.927,LIN-INNDES-02-UL,,126080508500012028,TRUE
2026-08-07 10:05:47.266,ROU-RIN-01-UL,,Error_202608071705472668,FALSE
2026-08-07 10:05:47.249,LIN-OUTDEV-01-L,1260630348030,126063034800001048,TRUE
2026-08-07 10:05:46.269,SMK-TUN-01-L,1260619001010,12606190010001C208,TRUE
2026-08-07 10:05:47.123,ELC-DEP-01-UL,1260716041000,126071604100001003,TRUE
2026-08-07 10:05:45.835,AOI-PEP-01-UL,1260804029000,126080404700012006,TRUE
2026-08-07 10:05:45.429,AOI-PEP-01-L,1260804029000,126080402900012008,TRUE
2026-08-07 10:05:45.132,LIN-INNDES-01-UL,1260804066000,126080407100012007,TRUE
2026-08-07 10:05:41.903,LIN-INNTRE-01-UL,1260805009000,126080500900008027,TRUE
2026-08-07 10:05:41.569,LAM-BOP-02-UL,1260803054000,126080305400012073,TRUE
2026-08-07 10:05:40.592,ELC-TRE-01-L,1260715066020,126071506600001032,TRUE
2026-08-07 10:05:40.366,LAM-BOP-02-L,1260803055000,126080305500002017,TRUE
2026-08-07 10:05:39.733,LIN-OUTTRE-01-L,1260710007000,126071000700001026,TRUE
2026-08-07 10:05:39.163,CPP-Patternplating-01-UL,,12606080020001C183,TRUE
2026-08-07 10:05:38.919,WIR-SE-01-UL,1260625079000,12606250790001C064,TRUE
2026-08-07 10:05:27.852,ELC-PUL-01-L,1260718124000,126071812400001022,TRUE
2026-08-07 10:05:24.028,LIN-OUTDEV-01-UL,1260624072030,126063034800001024,TRUE
2026-08-07 10:06:04.170,WIR-SE-01-L,1260625079000,12606250790001C061,TRUE
2026-08-07 10:06:03.444,LIN-INNDES-02-UL,,126080508500012027,TRUE
2026-08-07 10:06:03.333,SMK-TUN-01-L,1260619001010,12606190010001C199,TRUE
2026-08-07 10:06:02.775,LAM-BOP-02-L,1260803055000,126080305500002045,TRUE
2026-08-07 10:06:02.297,LIN-OUTTRE-01-L,1260710007000,126071000700001061,TRUE
2026-08-07 10:06:01.420,ELC-DEP-01-UL,1260716041000,126071604100001005,TRUE
2026-08-07 10:05:59.851,LIN-INNDES-01-UL,1260804066000,126080407100012009,TRUE
2026-08-07 10:05:59.076,ELC-DEP-01-L,1260718016000,126071801600001077,TRUE
2026-08-07 10:05:57.561,ELC-PUL-01-UL,1260718112000,126071811200001018,TRUE
2026-08-07 10:05:58.264,LIN-INNTRE-01-UL,1260805009000,126080500900008028,TRUE
2026-08-07 10:05:56.898,AOI-PEP-01-UL,1260804029000,126080402900012006,TRUE
2026-08-07 10:05:55.795,ELC-TRE-01-L,1260715066020,126071506600001029,TRUE
2026-08-07 10:05:56.711,AOI-PEP-01-L,1260804029000,126080402900012010,TRUE
2026-08-07 10:05:54.242,LAM-BOP-02-UL,1260803054000,126080305400012072,TRUE
2026-08-07 10:05:53.374,LIN-OUTTRE-01-UL,,126070903700010050,TRUE
2026-08-07 10:05:53.335,WIR-Vdevelop-01-UL,1260718160000,"126071816000058045,BD",TRUE
2026-08-07 10:05:50.551,SUR-FLM-01-UL,,126062607200001030,TRUE
2026-08-07 10:05:49.085,WIR-Decoatbake-01-UL,1260718158010,126071815800058385,TRUE
2026-08-07 10:02:01.830,AOI-RESAOI-01-L,1260704103030,126070410300001033,TRUE
2026-08-07 10:06:26.816,LIN-OUTDEV-01-L,1260630348030,126063034800001039,TRUE
2026-08-07 10:06:28.715,LAM-BOP-02-UL,1260803054000,126080305400012069,TRUE
2026-08-07 10:06:24.738,LIN-OUTTRE-01-L,1260710007000,126071000700001038,TRUE
2026-08-07 10:06:24.474,SMK-SPR-01-L,1260620157000,126062015700001013,TRUE
2026-08-07 10:06:24.371,LAM-BOP-02-L,1260803055000,126080305500002043,TRUE
2026-08-07 10:06:23.566,ELC-PUL-01-L,1260718124000,126071812400001010,TRUE
2026-08-07 10:06:23.063,ELC-DEP-01-L,1260718016000,126071801600001078,TRUE
2026-08-07 10:06:21.313,ELC-TRE-01-UL,1260715066020,126071506600001033,TRUE
2026-08-07 10:06:20.810,LAM-BOP-01-L,1260803044000,126080304400004020,TRUE
2026-08-07 10:06:19.682,AOI-PEP-01-L,1260804029000,126080402900012014,TRUE
2026-08-07 10:06:20.505,SMK-TUN-01-L,1260619001010,12606190010001C231,TRUE
2026-08-07 10:06:19.084,SMK-DIX-01-L,1260623176000,126062317600001026,TRUE
2026-08-07 10:06:18.823,AOI-PEP-01-UL,1260804029000,126080402900012010,TRUE
2026-08-07 10:06:18.383,LIN-INNDES-02-UL,,126080508500012026,TRUE
2026-08-07 10:06:16.812,LIN-INNTRE-01-UL,1260805009000,126080500900008029,TRUE
2026-08-07 10:06:16.738,LIN-OUTTRE-01-UL,,126070903700010022,TRUE
2026-08-07 10:06:15.718,ELC-DEP-01-UL,1260716041000,126071604100001037,TRUE
2026-08-07 10:06:14.744,LIN-INNDES-01-UL,1260804066000,126080407100012011,TRUE
2026-08-07 10:06:12.287,SUR-FLM-01-UL,,126062607200001031,TRUE
2026-08-07 10:06:13.755,SMK-DEV-01-UL,,126062201800001079,TRUE
2026-08-07 10:06:08.843,WIR-SE-01-UL,1260625079000,12606250790001C069,TRUE
2026-08-07 10:06:05.179,WIR-Decoatbake-01-L,1260717014010,126071701400058132,TRUE
2026-08-07 10:02:01.830,AOI-RESAOI-01-L,1260704103030,126070410300001033,TRUE
2026-08-07 10:05:55.795,ELC-TRE-01-L,1260715066020,126071506600001029,TRUE
2026-08-07 10:00:59.459,LIN-OUTVAP-01-UL,,12606040010001C192,TRUE
2026-08-07 09:51:28.079,CPP-VCP-01-L,1260805100000,126080510000078010,TRUE
2026-08-07 09:51:20.688,WIR-Pretreatment-01-L,1260724001000,M0960013A2000G-0607,TRUE
2026-08-07 10:06:48.553,SMK-DEV-01-UL,,126062201800001029,TRUE
2026-08-07 10:06:47.955,ROU-RIN-01-UL,,Error_202608071706479558,FALSE
2026-08-07 10:06:47.686,LAM-BOP-01-L,1260803044000,126080304400004018,TRUE
2026-08-07 10:06:47.191,ELC-DEP-01-L,1260718016000,126071801600001015,TRUE
2026-08-07 10:06:45.462,CPP-Horizontalplating-01-UL,1260805100000,126072501300400092,TRUE
2026-08-07 10:06:46.389,LAM-BOP-02-L,1260803055000,126080305500002041,TRUE
2026-08-07 10:06:44.654,LIN-INNDES-01-UL,1260804066000,126080407100012015,TRUE
2026-08-07 10:06:42.092,AOI-PEP-01-UL,1260804029000,126080402900012014,TRUE
2026-08-07 10:06:42.076,AOI-PEP-01-L,1260804029000,126080402900012018,TRUE
2026-08-07 10:06:40.545,LAM-BOP-02-UL,1260803054000,126080305400012068,TRUE
2026-08-07 10:06:40.537,SMK-SPR-01-L,1260620157000,126062015700001039/0,TRUE
2026-08-07 10:06:39.928,LIN-OUTTRE-01-UL,,126070903700010079,TRUE
2026-08-07 10:06:38.649,WIR-SE-01-UL,1260625079000,12606250790001C106,TRUE
2026-08-07 10:06:37.408,ELC-TRE-01-UL,1260715066020,126071506600001028,TRUE
2026-08-07 10:06:37.553,SMK-TUN-01-L,1260619001010,12606190010001C182,TRUE
2026-08-07 10:06:34.115,SUR-FLM-01-UL,,126062607200001068,TRUE
2026-08-07 10:06:33.876,LIN-INNTRE-01-UL,1260805009000,126080500900008030,TRUE
2026-08-07 10:06:33.649,CPP-Patternplating-01-UL,,12606080020001C184,TRUE
2026-08-07 10:06:33.859,WIR-SE-01-L,1260625079000,12606250790001C062,TRUE
2026-08-07 10:06:30.017,ELC-DEP-01-UL,1260716041000,126071604100001056,TRUE
2026-08-07 10:06:30.008,WIR-Vdevelop-01-UL,1260718160000,"126071816000058044,BD",TRUE
2026-08-07 10:06:12.070,WIR-LDI-01-UL,,M0960013A2000G-0607,TRUE
2026-08-07 09:51:28.079,CPP-VCP-01-L,1260805100000,126080510000078010,TRUE
2026-08-07 10:07:01.905,LAM-BOP-01-L,1260803044000,126080304400004017,TRUE
2026-08-07 10:07:00.447,CPP-Patternplating-01-L,1260715023002,Error_202608071707004479,FALSE
2026-08-07 10:06:59.224,SMK-SPR-01-L,1260620157000,126062015700001001,TRUE
2026-08-07 10:06:58.921,LIN-INNDES-01-UL,1260804066000,126080407100012017,TRUE
2026-08-07 10:06:57.374,LAM-BOP-02-L,1260803055000,126080305500002040,TRUE
2026-08-07 10:06:53.067,ELC-TRE-01-UL,1260715066020,126071506600001008,TRUE
2026-08-07 10:06:54.521,SMK-TUN-01-L,1260619001010,12606190010001C213,TRUE
2026-08-07 10:06:52.623,AOI-PEP-01-UL,1260804029000,126080402900012016,TRUE
2026-08-07 10:06:52.576,LAM-BOP-02-UL,1260803054000,126080305400012067,TRUE
2026-08-07 10:06:52.561,AOI-PEP-01-L,1260804029000,126080402900012020,TRUE
2026-08-07 10:06:52.022,ELC-PUL-01-UL,1260718112000,126071811200001020,TRUE
2026-08-07 10:06:51.178,SUR-FLM-01-UL,,126062607200001059,TRUE
2026-08-07 10:06:50.191,ELC-DEP-01-UL,1260716041000,126071604100001077,TRUE
2026-08-07 10:06:52.320,LIN-INNTRE-01-UL,1260805009000,126080500900008021,TRUE
2026-08-07 09:51:28.079,CPP-VCP-01-L,1260805100000,126080510000078010,TRUE
2026-08-07 10:07:09.104,CPP-Horizontalplating-01-UL,1260805100000,126072501300400026,TRUE
2026-08-07 10:07:07.865,ELC-TRE-01-UL,1260715066020,126071506600001038,TRUE
2026-08-07 10:07:09.538,SUR-FLM-01-UL,,126062607200001028,TRUE
2026-08-07 10:07:08.718,LAM-BOP-02-L,1260803055000,126080305500002039,TRUE
2026-08-07 10:07:04.108,LAM-BOP-02-UL,1260803054000,126080305400012015,TRUE
2026-08-07 10:07:03.936,AOI-PEP-01-UL,1260804029000,126080402900012018,TRUE
2026-08-07 10:07:03.337,WIR-SE-01-L,1260625079000,12606250790001C119,TRUE
2026-08-07 10:05:24.028,LIN-OUTDEV-01-UL,1260624072030,126063034800001024,TRUE
2026-08-07 10:07:04.421,AOI-PEP-01-L,1260804029000,126080402900012022,TRUE
2026-08-07 10:07:03.100,LIN-OUTTRE-01-UL,,126070903700010062,TRUE
2026-08-07 10:02:56.160,AOI-RESAOI-01-UL,1260704103030,126070410300001033,TRUE
2026-08-07 10:07:27.781,LAM-BOP-02-UL,1260803054000,126080305400012012,TRUE
2026-08-07 10:07:27.540,SMK-DIX-01-L,1260623176000,126062317600001067,TRUE
2026-08-07 10:07:27.384,SUR-FLM-01-UL,,126062607200001014,TRUE
2026-08-07 10:07:27.213,CPP-Patternplating-01-UL,,12606080020001C185,TRUE
2026-08-07 10:07:26.838,WIR-Vdevelop-01-UL,1260718160000,"126071816000058059,BD",TRUE
2026-08-07 10:07:26.000,AOI-PEP-01-L,1260804029000,126080402900012026,TRUE
2026-08-07 10:07:25.962,SMK-DEV-01-UL,,126062201800001056,TRUE
2026-08-07 10:07:25.359,AOI-PEP-01-UL,1260804029000,126080402900012022,TRUE
2026-08-07 10:07:22.730,LIN-INNDES-02-UL,,126080508500012025,TRUE
2026-08-07 10:07:22.287,ELC-TRE-01-UL,1260715066020,126071506600001024,TRUE
2026-08-07 10:07:19.148,ELC-PUL-01-L,1260718124000,126071812400001034,TRUE
2026-08-07 10:07:19.889,LAM-BOP-02-L,1260803055000,126080305500002038,TRUE
2026-08-07 10:07:20.428,ELC-DEP-01-UL,1260716041000,126071604100001040,TRUE
2026-08-07 10:07:19.010,WIR-Decoatbake-01-UL,1260718158010,126071815800058394,TRUE
2026-08-07 10:07:15.914,SMK-TUN-01-L,1260619001010,12606190010001C196,TRUE
2026-08-07 10:07:15.483,LAM-BOP-01-L,1260803044000,126080304400004016,TRUE
2026-08-07 10:07:15.430,SMK-SPR-01-L,1260620157000,126062015700001046/0,TRUE
2026-08-07 10:07:13.733,LIN-INNDES-01-UL,1260804066000,126080407100012019,TRUE
2026-08-07 10:07:11.600,ELC-DEP-01-L,1260718016000,126071801600001002,TRUE
2026-08-07 10:07:10.821,LIN-INNTRE-01-UL,1260805009000,126080500900008031,TRUE
2026-08-07 10:07:03.100,LIN-OUTTRE-01-UL,,126070903700010062,TRUE
2026-08-07 10:07:51.688,LAM-BOP-02-UL,1260803054000,126080305400012010,TRUE
2026-08-07 10:07:50.275,SMK-SPR-01-L,1260620157000,126062015700001031/0,TRUE
2026-08-07 10:07:49.245,WIR-Decoatbake-01-L,1260717014010,126071701400058129,TRUE
2026-08-07 10:07:49.152,ELC-PUL-01-UL,1260718112000,126071811200001013,TRUE
2026-08-07 10:07:47.241,SMK-BRU-02-UL,1260715048020,126071504800001042,TRUE
2026-08-07 10:07:46.509,LIN-INNTRE-01-UL,1260805009000,126080500900008033,TRUE
2026-08-07 10:07:46.328,LAM-BOP-01-L,1260803044000,126080304400004014,TRUE
2026-08-07 10:07:45.712,SUR-FLM-01-UL,,126062607200001011,TRUE
2026-08-07 10:07:43.944,ELC-DEP-01-UL,1260716041000,126071604100001025,TRUE
2026-08-07 10:07:43.266,LIN-INNDES-01-UL,1260804066000,126080407100012023,TRUE
2026-08-07 10:07:42.745,CPP-Patternplating-01-L,1260715023002,Error_202608071707427452,FALSE
2026-08-07 10:07:42.141,LAM-BOP-02-L,1260803055000,126080305500002036,TRUE
2026-08-07 10:07:41.833,ROU-RIN-01-UL,,Error_202608071707418337,FALSE
2026-08-07 10:07:38.084,ELC-TRE-01-UL,1260715066020,126071506600001004,TRUE
2026-08-07 10:07:37.109,AOI-PEP-01-L,1260804029000,126080402900012028,TRUE
2026-08-07 10:07:36.953,AOI-PEP-01-UL,1260804029000,126080402900012024,TRUE
2026-08-07 10:07:35.553,ELC-DEP-01-L,1260718016000,126071801600001026,TRUE
2026-08-07 10:07:33.557,CPP-Horizontalplating-01-UL,1260805100000,126072501300400003,TRUE
2026-08-07 10:07:32.915,WIR-SE-01-L,1260625079000,12606250790001C105,TRUE
2026-08-07 10:07:32.821,SMK-TUN-01-L,1260619001010,12606190010001C080,TRUE
2026-08-07 10:07:22.869,WIR-LDI-01-UL,,M0960013A2000G-0607,TRUE
2026-08-07 10:06:38.649,WIR-SE-01-UL,1260625079000,12606250790001C106,TRUE
2026-08-07 10:05:24.028,LIN-OUTDEV-01-UL,1260624072030,126063034800001024,TRUE
2026-08-07 09:51:28.079,CPP-VCP-01-L,1260805100000,126080510000078010,TRUE
2026-08-07 10:07:19.148,ELC-PUL-01-L,1260718124000,126071812400001034,TRUE
2026-08-07 10:08:10.110,LAM-BOP-01-L,1260803044000,126080304400004003,TRUE
2026-08-07 10:08:09.966,WIR-Decoatbake-01-L,1260717014010,126071701400058130,TRUE
2026-08-07 10:08:09.292,ELC-TRE-01-UL,1260715066020,126071506600001073,TRUE
2026-08-07 10:08:09.244,SUR-FLM-01-UL,,126062607200001057,TRUE
2026-08-07 10:08:09.032,AOI-PEP-01-L,1260804029000,126080402900012029,TRUE
2026-08-07 10:08:09.250,AOI-PEP-01-UL,1260804029000,126080402900012028,TRUE
2026-08-07 10:08:06.431,LIN-INNTRE-01-UL,1260805009000,126080500900008034,TRUE
2026-08-07 10:08:04.250,LAM-BOP-02-UL,1260803054000,126080305400012009,TRUE
2026-08-07 10:08:04.313,LAM-BOP-02-L,1260803055000,126080305500002034,TRUE
2026-08-07 10:08:03.403,WIR-Decoatbake-01-UL,1260718158010,126071815800058397,TRUE
2026-08-07 10:08:02.774,WIR-SE-01-L,1260625079000,12606250790001C100,TRUE
2026-08-07 10:08:01.713,SMK-DEV-01-UL,,126062201800001062,TRUE
2026-08-07 10:07:57.625,LIN-INNDES-01-UL,1260804066000,126080407100012025,TRUE
2026-08-07 10:07:32.821,SMK-TUN-01-L,1260619001010,12606190010001C080,TRUE
2026-08-07 10:07:57.027,CPP-Horizontalplating-01-UL,1260805100000,126072501300400041,TRUE
2026-08-07 10:07:03.100,LIN-OUTTRE-01-UL,,126070903700010062,TRUE
2026-08-07 10:08:00.259,ELC-DEP-01-L,1260718016000,126071801600001073,TRUE
2026-08-07 10:06:26.816,LIN-OUTDEV-01-L,1260630348030,126063034800001039,TRUE
2026-08-07 09:51:28.079,CPP-VCP-01-L,1260805100000,126080510000078010,TRUE
2026-08-07 10:08:32.998,CPP-Horizontalplating-01-UL,1260805100000,M0960002G2000E-0607,TRUE
2026-08-07 10:08:32.229,WIR-SE-01-L,1260625079000,12606250790001C110,TRUE
2026-08-07 10:08:27.844,LAM-BOP-02-UL,1260803054000,126080305400012007,TRUE
2026-08-07 10:08:27.078,LAM-BOP-02-L,1260803055000,126080305500002031,TRUE
2026-08-07 10:08:24.901,ELC-TRE-01-UL,1260715066020,126071506600001026,TRUE
2026-08-07 10:08:24.903,WIR-Decoatbake-01-UL,1260718158010,126071815800058384,TRUE
2026-08-07 10:08:24.870,ELC-TRE-01-L,1260715066020,126071506600001003,TRUE
2026-08-07 10:08:25.245,LIN-INNTRE-01-UL,1260805009000,126080500900008035,TRUE
2026-08-07 10:08:23.782,LAM-BOP-01-L,1260803044000,126080304400004002,TRUE
2026-08-07 10:08:24.057,ELC-DEP-01-L,1260718016000,126071801600001035,TRUE
2026-08-07 10:08:21.385,SMK-TUN-01-L,1260619001010,12606190010001C079,TRUE
2026-08-07 10:08:21.203,AOI-PEP-01-UL,1260804029000,126080402900012030,TRUE
2026-08-07 10:08:20.153,CPP-Patternplating-01-UL,,12606080020001C203,TRUE
2026-08-07 10:08:17.641,LIN-INNDES-01-UL,1260804066000,126080407100012076,TRUE
2026-08-07 10:08:19.219,AOI-PEP-01-L,1260804029000,126080402900012017,TRUE
2026-08-07 10:08:14.765,ELC-PUL-01-L,1260718124000,126071812400001021,TRUE
2026-08-07 10:08:13.729,ELC-DEP-01-UL,1260716041000,126071604100001034,TRUE
2026-08-07 10:08:10.852,WIR-SE-01-UL,1260625079000,12606250790001C063,TRUE
2026-08-07 04:24:08.062,LIN-INNDES-02-L,,126080406800006078,TRUE
2026-08-07 10:08:52.064,LAM-BOP-02-UL,1260803054000,126080305400012054,TRUE
2026-08-07 10:08:51.548,LAM-BOP-01-L,1260803044000,126080304400004056,TRUE
2026-08-07 10:08:48.720,LAM-BOP-02-L,1260803055000,126080305500002065,TRUE
2026-08-07 10:08:42.671,LIN-OUTDEV-01-UL,1260703036000,ERROR_202608071708426712,TRUE
2026-08-07 10:08:47.999,WIR-Decoatbake-01-L,1260717014010,126071701400058137,TRUE
2026-08-07 10:08:40.635,WIR-SE-01-UL,1260625079000,12606250790001C108,TRUE
2026-08-07 10:08:39.422,ELC-DEP-01-UL,1260716041000,126071604100001006,TRUE
2026-08-07 10:08:39.157,ELC-TRE-01-UL,1260715066020,126071506600001051,TRUE
2026-08-07 10:08:38.369,SMK-TUN-01-L,1260619001010,12606190010001C069,TRUE
2026-08-07 10:08:37.869,SMK-DEV-01-UL,,126062201800001005,TRUE
2026-08-07 10:08:36.635,SUR-FLM-01-UL,,126062607200001002,TRUE
2026-08-07 10:08:36.557,SMK-DIX-01-L,1260623176000,126062317600001024,TRUE
2026-08-07 10:08:36.248,CPP-Patternplating-01-L,1260715023002,Error_202608071708362488,FALSE
2026-08-07 10:07:22.730,LIN-INNDES-02-UL,,126080508500012025,TRUE
2026-08-07 10:06:24.738,LIN-OUTTRE-01-L,1260710007000,126071000700001038,TRUE
2026-08-07 10:09:14.908,LAM-BOP-02-UL,1260803054000,126080305400012017,TRUE
2026-08-07 10:09:14.017,CPP-Patternplating-01-UL,,12606080020001C204,TRUE
2026-08-07 10:09:13.168,SMK-SPR-01-L,1260620157000,126062015700001039,TRUE
2026-08-07 10:09:12.781,SUR-FLM-01-UL,,126062607200001001,TRUE
2026-08-07 10:09:11.642,LAM-BOP-02-L,1260803055000,126080305500002062,TRUE
2026-08-07 10:09:10.547,ELC-PUL-01-L,1260718124000,126071812400001023,TRUE
2026-08-07 10:09:12.746,SMK-DEV-01-UL,,126062201800001044,TRUE
2026-08-07 10:09:05.763,LIN-INNDES-02-UL,,126080508500012024,TRUE
2026-08-07 10:09:09.846,ELC-DEP-01-UL,1260716041000,126071604100001033,TRUE
2026-08-07 10:09:01.946,WIR-SE-01-L,1260625079000,12606250790001C111,TRUE
2026-08-07 10:09:04.483,LIN-OUTTRE-01-UL,,126070903700010020,TRUE
2026-08-07 10:09:05.376,LAM-BOP-01-L,1260803044000,126080304400004057,TRUE
2026-08-07 10:09:03.516,ELC-PUL-01-UL,1260718112000,126071811200001012,TRUE
2026-08-07 10:08:55.279,LIN-OUTVAP-01-UL,,Error_202608071708552794,FALSE
2026-08-07 10:08:53.392,LIN-INNDES-01-UL,1260804066000,126080407100012050,TRUE
2026-08-07 10:08:54.205,ELC-TRE-01-UL,1260715066020,126071506600001049,TRUE
2026-08-07 09:51:28.079,CPP-VCP-01-L,1260805100000,126080510000078010,TRUE
2026-08-07 10:09:34.954,LIN-INNDES-02-UL,,126080508500012022,TRUE
2026-08-07 10:09:34.501,LAM-BOP-01-L,1260803044000,126080304400004043,TRUE
2026-08-07 10:09:33.483,LAM-BOP-03-UL,1260803078000,126080307700020001,TRUE
2026-08-07 10:09:33.392,LAM-BOP-02-L,1260803055000,126080305500002015,TRUE
2026-08-07 10:09:32.526,WIR-SE-01-L,1260625079000,12606250790001C077,TRUE
2026-08-07 10:09:33.188,WIR-Decoatbake-01-UL,1260718158010,126071815800058406,TRUE
2026-08-07 10:09:30.738,ELC-DEP-01-UL,1260716041000,126071604100001046,TRUE
2026-08-07 10:09:29.876,CPP-Patternplating-01-L,1260715023002,Error_202608071709298764,FALSE
2026-08-07 10:09:27.798,LAM-BOP-02-UL,1260803054000,126080305400012016,TRUE
2026-08-07 10:09:29.574,SMK-SPR-01-L,1260620157000,126062015700001074/0,TRUE
2026-08-07 10:09:26.563,WIR-Decoatbake-01-L,1260717014010,126071701400058138,TRUE
2026-08-07 10:09:20.781,LIN-OUTVAP-01-UL,,Error_202608071709207816,FALSE
2026-08-07 10:09:27.371,SMK-TUN-01-L,1260619001010,12606190010001C062,TRUE
2026-08-07 10:09:20.705,LIN-OUTDEV-01-UL,1260703036000,126063034800001031,TRUE
2026-08-07 10:09:18.595,LIN-OUTTRE-01-UL,,126070903700010001,TRUE
2026-08-07 10:09:17.126,AOI-PEP-01-UL,1260804029000,126080402900012029,TRUE
2026-08-07 10:09:16.456,ROU-RIN-01-UL,,Error_202608071709164562,FALSE
2026-08-07 10:09:10.547,ELC-PUL-01-L,1260718124000,126071812400001023,TRUE
2026-08-07 10:06:26.816,LIN-OUTDEV-01-L,1260630348030,126063034800001039,TRUE
2026-08-07 10:10:00.411,ELC-DEP-01-L,1260718016000,126071801600001023,TRUE
2026-08-07 10:10:01.028,WIR-SE-01-L,1260625079000,12606250790001C078,TRUE
2026-08-07 10:09:59.818,LAM-BOP-01-L,1260803044000,126080304400004040,TRUE
2026-08-07 10:09:55.425,LAM-BOP-02-L,1260803055000,126080305500002013,TRUE
2026-08-07 10:09:54.238,AOI-PEP-01-UL,1260804029000,126080402900012032,TRUE
2026-08-07 10:09:53.784,AOI-PEP-01-L,1260804029000,126080402900012036,TRUE
2026-08-07 10:09:52.624,LAM-BOP-03-UL,1260803078000,126080307700020019,TRUE
2026-08-07 10:09:50.613,LAM-BOP-02-UL,1260803054000,126080305400012048,TRUE
2026-08-07 10:09:49.939,LIN-INNDES-02-UL,,126080508500012021,TRUE
2026-08-07 10:09:48.684,SMK-DEV-01-UL,,126062201800001066,TRUE
2026-08-07 10:09:44.668,SUR-FLM-01-UL,,126062607200001072,TRUE
2026-08-07 10:09:48.028,SMK-SPR-01-L,1260620157000,126062015700001046,TRUE
2026-08-07 10:09:44.387,SMK-TUN-01-L,1260619001010,12606190010001C904,TRUE
2026-08-07 10:09:43.387,SMK-DIX-01-L,1260623176000,126062317600001078,TRUE
2026-08-07 10:09:41.471,LIN-OUTTRE-01-UL,,126070903700010011,TRUE
2026-08-07 10:09:40.361,LIN-OUTDEV-01-UL,1260703036000,126063034800001001,TRUE
2026-08-07 10:09:40.471,ELC-PUL-01-UL,1260718112000,126071811200001011,TRUE
2026-08-07 10:09:30.738,ELC-DEP-01-UL,1260716041000,126071604100001046,TRUE
2026-08-07 09:51:28.079,CPP-VCP-01-L,1260805100000,126080510000078010,TRUE
2026-08-07 10:06:24.738,LIN-OUTTRE-01-L,1260710007000,126071000700001038,TRUE
2026-08-07 10:10:18.821,LAM-BOP-02-L,1260803055000,126080305500002011,TRUE
2026-08-07 10:10:17.179,ELC-DEP-01-UL,1260716041000,126071604100001064,TRUE
2026-08-07 10:10:14.365,AOI-PEP-01-L,1260804029000,126080402900012040,TRUE
2026-08-07 10:10:14.147,LAM-BOP-02-UL,1260803054000,126080305400012046,TRUE
2026-08-07 10:10:14.147,LAM-BOP-01-L,1260803044000,126080304400004039,TRUE
2026-08-07 10:10:13.648,SMK-BRU-02-UL,1260715048020,126071504800001024,TRUE
2026-08-07 10:10:13.596,LIN-INNTRE-01-UL,1260805009000,126080500900008036,TRUE
2026-08-07 10:10:13.411,AOI-PEP-01-UL,1260804029000,126080402900012036,TRUE
2026-08-07 10:10:11.595,LAM-BOP-03-UL,1260803078000,126080307700020003,TRUE
2026-08-07 10:10:07.689,CPP-Patternplating-01-UL,,12606080020001C205,TRUE
2026-08-07 10:10:06.113,ELC-PUL-01-L,1260718124000,126071812400001031,TRUE
2026-08-07 10:10:05.767,WIR-Decoatbake-01-L,1260717014010,126071701400058135,TRUE
2026-08-07 10:10:05.514,SUR-FLM-01-UL,,126062607200001012,TRUE
2026-08-07 10:10:04.768,LIN-INNDES-02-UL,,126080508500012020,TRUE
2026-08-07 10:10:04.660,LIN-OUTTRE-01-UL,,126070903700010040,TRUE
2026-08-07 10:10:04.389,SMK-SPR-01-L,1260620157000,126062015700001044/0,TRUE
2026-08-07 10:10:03.879,LIN-OUTDEV-01-UL,1260703036000,126063034800001021,TRUE
2026-08-07 10:10:03.763,WIR-SE-01-UL,1260625079000,12606250790001C104,TRUE
2026-08-07 09:51:28.079,CPP-VCP-01-L,1260805100000,126080510000078010,TRUE
2026-08-07 10:10:29.804,LAM-BOP-02-L,1260803055000,126080305500002010,TRUE
2026-08-07 10:10:27.570,LAM-BOP-01-L,1260803044000,126080304400004080,TRUE
2026-08-07 10:10:27.505,LIN-OUTTRE-01-UL,,126070903700010025,TRUE
2026-08-07 10:10:27.317,CPP-Patternplating-01-L,1260715023002,126071502300258284,TRUE
2026-08-07 10:10:26.195,AOI-PEP-01-L,1260804029000,126080402900012042,TRUE
2026-08-07 10:10:26.029,SMK-DEV-01-UL,,126062201800001035,TRUE
2026-08-07 10:10:25.898,LAM-BOP-02-UL,1260803054000,126080300600012035,TRUE
2026-08-07 10:10:25.132,AOI-PEP-01-UL,1260804029000,126080402900012038,TRUE
2026-08-07 10:10:25.108,WIR-SE-01-UL,1260625079000,12606250790001C098,TRUE
2026-08-07 10:10:24.680,ELC-DEP-01-L,1260718016000,126071801600001059,TRUE
2026-08-07 10:10:19.299,LIN-INNDES-02-UL,,126080508500012019,TRUE
2026-08-07 10:10:19.836,ELC-TRE-01-L,1260715066020,126071506600001023,TRUE
2026-08-07 10:10:50.519,LAM-BOP-03-UL,1260803077000,126080307700020005,TRUE
2026-08-07 10:10:51.540,LAM-BOP-02-L,1260803055000,126080305500002008,TRUE
2026-08-07 10:10:50.399,ELC-TRE-01-L,1260715066020,126071506600001043,TRUE
2026-08-07 10:10:50.186,SMK-DIX-01-L,1260623176000,126062317600001038,TRUE
2026-08-07 10:10:50.071,LIN-INNDES-01-UL,1260804066000,126080500600002030,TRUE
2026-08-07 10:10:49.756,LIN-OUTTRE-01-UL,,126070903700010030,TRUE
2026-08-07 10:10:49.686,SMK-TUN-01-L,1260619001010,12606190010001C108,TRUE
2026-08-07 10:10:49.430,LAM-BOP-02-UL,1260803054000,126080300600012002,TRUE
2026-08-07 10:10:49.165,AOI-PEP-01-L,1260804029000,126080402900012052,TRUE
2026-08-07 10:10:48.738,LIN-INNDES-02-UL,,126080508500012017,TRUE
2026-08-07 10:10:48.383,ELC-DEP-01-L,1260718016000,126071801600001068,TRUE
2026-08-07 10:10:48.055,AOI-PEP-01-UL,1260804029000,126080402900012042,TRUE
2026-08-07 10:10:47.517,ROU-RIN-01-UL,,12606160360000103001,TRUE
2026-08-07 10:10:45.711,SMK-BRU-02-UL,1260715048020,126071504800001032,TRUE
2026-08-07 10:10:44.756,LIN-OUTTRE-01-L,1260710007020,126071000700001018,TRUE
2026-08-07 10:10:44.693,WIR-Decoatbake-01-L,1260717014010,126071701400058136,TRUE
2026-08-07 10:10:41.498,SUR-FLM-01-UL,,126062607200001065,TRUE
2026-08-07 10:10:40.852,ELC-DEP-01-UL,1260716041000,126071604100001074,TRUE
2026-08-07 10:10:40.822,LAM-BOP-01-L,1260803044000,126080304400004079,TRUE
2026-08-07 10:10:38.342,SMK-SPR-01-L,1260620157000,126062015700001031,TRUE
2026-08-07 10:10:35.192,LIN-OUTDEV-01-UL,1260703036000,126063034800001013,TRUE
2026-08-07 10:10:30.562,WIR-SE-01-L,1260625079000,12606250790001C070,TRUE
2026-08-07 10:10:34.584,ELC-PUL-01-UL,1260718112000,126071811200001050,TRUE
2026-08-07 10:11:14.559,LAM-BOP-02-L,1260803055000,126080305500002006,TRUE
2026-08-07 10:11:13.048,SMK-SPR-01-L,1260620157000,126062015700001074,TRUE
2026-08-07 10:11:13.903,LAM-BOP-02-UL,1260803054000,126080304800012037,TRUE
2026-08-07 10:11:12.963,ELC-DEP-01-L,1260718016000,126071801600001009,TRUE
2026-08-07 10:11:12.776,LIN-OUTTRE-01-UL,,126070903700010021,TRUE
2026-08-07 10:11:11.048,SUR-FLM-01-UL,,126062607200001040,TRUE
2026-08-07 10:11:10.932,AOI-PEP-01-L,1260804029000,126080402900012056,TRUE
2026-08-07 10:11:10.526,LAM-BOP-01-L,1260803044000,126080304400004077,TRUE
2026-08-07 10:11:10.083,LAM-BOP-03-UL,1260803077000,126080307700020006,TRUE
2026-08-07 10:11:08.478,ELC-DEP-01-UL,1260716041000,126071604100001009,TRUE
2026-08-07 10:11:09.792,AOI-PEP-01-UL,1260804029000,126080402900012052,TRUE
2026-08-07 10:11:05.212,ELC-TRE-01-L,1260715066020,126071506600001040,TRUE
2026-08-07 10:11:04.964,LIN-INNDES-01-UL,1260804066000,126080500500012030,TRUE
2026-08-07 10:11:04.850,LIN-INNTRE-01-UL,1260805009000,126080500900008037,TRUE
2026-08-07 10:11:03.833,WIR-Decoatbake-01-UL,1260718158010,126071815800058404,TRUE
2026-08-07 10:11:03.317,LIN-INNDES-02-UL,,126080508500012016,TRUE
2026-08-07 10:11:03.241,LIN-OUTTRE-01-L,1260710007020,126071000700001070,TRUE
2026-08-07 10:11:02.927,CPP-Patternplating-01-L,1260715023002,126071502300258297,TRUE
2026-08-07 10:11:01.693,CPP-Patternplating-01-UL,,12606080020001C206,TRUE
2026-08-07 10:11:00.220,WIR-SE-01-L,1260625079000,12606250790001C071,TRUE
2026-08-07 10:11:00.389,SMK-DEV-01-UL,,126062201800001015,TRUE
2026-08-07 10:10:59.116,LIN-OUTDEV-01-UL,1260703036000,126063034800001019,TRUE
2026-08-07 10:10:58.970,ROU-RIN-01-UL,,Error_202608071710589701,FALSE
2026-08-07 10:10:56.943,WIR-Vdevelop-01-L,1260718160000,126071816000058058,TRUE
2026-08-07 10:10:45.711,SMK-BRU-02-UL,1260715048020,126071504800001032,TRUE
2026-08-07 10:09:53.767,CPP-Horizontalplating-01-UL,1260805100000,M0960002G2000E-0607,TRUE
2026-08-07 10:05:48.070,WIR-LDI-01-L,,M0960013A2000G-0607,TRUE
2026-08-07 09:34:47.413,ELC-INS-01-UL,1260711096020,126071109600001034,TRUE
2026-08-07 10:11:29.773,WIR-SE-01-L,1260625079000,12606250790001C072,TRUE
2026-08-07 10:11:29.677,LAM-BOP-03-UL,1260803077000,126080307700020007,TRUE
2026-08-07 10:11:29.110,SMK-SPR-01-L,1260620157000,126062015700001072/0,TRUE
2026-08-07 10:11:25.372,LAM-BOP-02-L,1260803055000,126080305500002005,TRUE
2026-08-07 10:11:28.610,LIN-INNTRE-02-UL-1,,126080501600010001,TRUE
2026-08-07 10:11:22.775,SMK-BRU-02-UL,1260715048020,126071504800001016,TRUE
2026-08-07 10:11:22.707,WIR-Decoatbake-01-L,1260717014010,126071701400058133,TRUE
2026-08-07 10:11:22.279,AOI-PEP-01-L,1260804029000,126080402900012058,TRUE
2026-08-07 10:11:21.075,AOI-PEP-01-UL,1260804029000,126080402900012054,TRUE
2026-08-07 10:11:22.372,LAM-BOP-01-L,1260803044000,126080304400004076,TRUE
2026-08-07 10:11:20.416,ELC-TRE-01-L,1260715066020,126071506600001058,TRUE
2026-08-07 10:11:19.872,LIN-INNDES-01-UL,1260804066000,126080500500012032,TRUE
2026-08-07 10:11:19.104,LIN-OUTDEV-01-UL,1260703036000,126063034800001057,TRUE
2026-08-07 10:11:18.679,LIN-INNDES-02-UL,,126080508500012015,TRUE
2026-08-07 10:11:17.694,LIN-INNTRE-01-UL,1260805009000,126080500900008038,TRUE
2026-08-07 10:11:08.478,ELC-DEP-01-UL,1260716041000,126071604100001009,TRUE
2026-08-07 10:11:52.751,LIN-INNTRE-02-UL-2,,126080501600010002,TRUE
2026-08-07 10:11:50.903,ELC-TRE-01-L,1260715066020,126071506600001063,TRUE
2026-08-07 10:11:49.842,LAM-BOP-01-L,1260803044000,126080304400004074,TRUE
2026-08-07 10:11:49.608,LIN-INNDES-01-UL,1260804066000,126080500400010039,TRUE
2026-08-07 10:11:47.983,LAM-BOP-02-L,1260803055000,126080305500002003,TRUE
2026-08-07 10:11:48.476,LAM-BOP-03-UL,1260803077000,126080307700020008,TRUE
2026-08-07 10:11:47.793,LIN-INNDES-02-UL,,126080508500012013,TRUE
2026-08-07 10:11:44.467,AOI-PEP-01-L,1260804029000,126080402900012062,TRUE
2026-08-07 10:11:44.385,SMK-BRU-02-UL,1260715048020,126071504800001058,TRUE
2026-08-07 10:11:47.597,SMK-SPR-01-L,1260620157000,126062015700001044,TRUE
2026-08-07 10:11:42.342,AOI-PEP-01-UL,1260804029000,126080402900012058,TRUE
2026-08-07 10:11:39.463,LIN-OUTDEV-01-UL,1260703036000,126063034800001062,TRUE
2026-08-07 10:11:38.642,SMK-TUN-01-L,1260619001010,12606190010001C096,TRUE
2026-08-07 10:11:37.536,ELC-DEP-01-L,1260718016000,126071801600001011,TRUE
2026-08-07 10:11:35.213,LIN-OUTTRE-01-UL,,126070903700010072,TRUE
2026-08-07 10:11:32.079,SUR-FLM-01-UL,,126062607200001018,TRUE
2026-08-07 10:11:37.501,SMK-DEV-01-UL,,126062201800001047,TRUE
2026-08-07 10:11:32.059,ELC-PUL-01-UL,1260718112000,126071811200001054,TRUE
2026-08-07 10:11:22.707,WIR-Decoatbake-01-L,1260717014010,126071701400058133,TRUE
2026-08-07 10:11:13.903,LAM-BOP-02-UL,1260803054000,126080304800012037,TRUE
2026-08-07 10:12:06.250,AOI-PEP-01-L,1260804029000,126080402900012066,TRUE
2026-08-07 10:12:05.935,ELC-TRE-01-L,1260715066020,126071506600001056,TRUE
2026-08-07 10:12:04.796,AOI-PEP-01-UL,1260804029000,126080402900012062,TRUE
2026-08-07 10:12:04.389,LIN-INNDES-01-UL,1260804066000,126080500100004025,TRUE
2026-08-07 10:12:03.520,SMK-SPR-01-L,1260620157000,126062015700001045/0,TRUE
2026-08-07 10:12:03.483,LAM-BOP-01-L,1260803044000,126080304400004073,TRUE
2026-08-07 10:12:02.873,LIN-INNDES-02-UL,,126080508500012012,TRUE
2026-08-07 10:12:02.764,LAM-BOP-02-UL,1260803054000,126080305500002060,TRUE
2026-08-07 10:12:01.272,WIR-Decoatbake-01-L,1260717014010,126071701400058143,TRUE
2026-08-07 10:11:59.446,WIR-SE-01-L,1260625079000,12606250790001C073,TRUE
2026-08-07 10:11:59.182,LIN-OUTDEV-01-UL,1260703036000,126063034800001023,TRUE
2026-08-07 10:11:58.983,LAM-BOP-02-L,1260803055000,126080305500002002,TRUE
2026-08-07 10:11:57.979,LIN-OUTTRE-01-UL,,126070903700010064,TRUE
2026-08-07 10:11:56.537,CPP-Patternplating-01-L,1260715023002,126071502300258264,TRUE
2026-08-07 10:11:56.364,SMK-DIX-01-L,1260623176000,126062317600001035,TRUE
2026-08-07 10:11:56.409,LIN-INNTRE-02-UL-1,,Error_202608071711564098,FALSE
2026-08-07 10:11:55.536,SMK-TUN-01-L,1260619001010,12606190010001C114,TRUE
2026-08-07 10:11:54.615,CPP-Patternplating-01-UL,,12606080020001C197,TRUE
2026-08-07 10:12:05.685,SMK-BRU-02-UL,1260715048020,126071504800001026,TRUE
2026-08-07 08:33:38.936,LIN-INNLDI-03-L,,ERROR_202608071533389360,TRUE
2026-08-07 10:12:22.272,SMK-SPR-01-L,1260620157000,126062015700001011,TRUE
2026-08-07 10:12:21.732,ELC-DEP-01-L,1260718016000,126071801600001004,TRUE
2026-08-07 10:12:21.598,LIN-INNTRE-02-UL-1,,126080501600010005,TRUE
2026-08-07 10:12:21.328,LAM-BOP-02-L,1260803055000,126080305500002059,TRUE
2026-08-07 10:12:21.075,ELC-TRE-01-L,1260715066020,126071506600001061,TRUE
2026-08-07 10:12:20.700,LIN-OUTTRE-01-UL,,126070903700010076,TRUE
2026-08-07 10:12:20.348,LIN-INNTRE-02-UL-2,,126080501600010004,TRUE
2026-08-07 10:12:17.640,AOI-PEP-01-L,1260804029000,126080402900012068,TRUE
2026-08-07 10:12:18.875,LIN-INNDES-01-UL,1260804066000,126080500100004027,TRUE
2026-08-07 10:12:17.387,LIN-OUTDEV-01-UL,1260703036000,126063034800001022,TRUE
2026-08-07 10:12:16.921,LAM-BOP-01-L,1260803044000,126080304400004072,TRUE
2026-08-07 10:12:17.172,LIN-INNDES-02-UL,,126080508500012011,TRUE
2026-08-07 10:12:15.890,AOI-PEP-01-UL,1260804029000,126080402900012064,TRUE
2026-08-07 10:12:14.203,LAM-BOP-02-UL,1260803054000,126080305500002001,TRUE
2026-08-07 10:12:12.443,SMK-DEV-01-UL,,126062201800001036,TRUE
2026-08-07 10:12:12.430,WIR-SE-01-UL,1260625079000,12606250790001C097,TRUE
2026-08-07 10:12:09.180,WIR-LDI-01-L,,126071502200058024,TRUE
2026-08-07 10:12:06.942,SUR-FLM-01-UL,,126062607200001056,TRUE
2026-08-07 10:12:08.058,LAM-BOP-03-UL,1260803077000,126080307700020009,TRUE
2026-08-07 10:12:01.272,WIR-Decoatbake-01-L,1260717014010,126071701400058143,TRUE
2026-08-07 10:11:59.897,WIR-Pretreatment-01-UL,1260724001000,M0960013A2000G-0607,TRUE
2026-08-07 10:12:08.622,ELC-DEP-01-UL,1260716041000,126071604100001002,TRUE
