timestamp,machine_id,lot_id,panel_id,is_read
2026-08-04 01:16:07.142,GLD-IR-01-UL,,Error_202608040816071427,FALSE
2026-08-04 01:16:05.596,SMK-TUN-01-UL,1260630300000,126070803400001043,TRUE
2026-08-04 01:15:50.483,LIN-INNTRE-02-UL-2,,126080109700010077,TRUE
2026-08-04 01:15:51.608,LIN-INNTRE-02-UL-1,,Error_202608040815516089,FALSE
2026-08-04 01:16:02.103,CPP-Patternplating-01-L,1260619001010,12606190010001C179,TRUE
2026-08-04 01:16:01.962,CPP-Horizontalplating-01-UL,1260606004010,126071601100058175,TRUE
2026-08-04 01:15:42.563,ELC-PUL-01-L,1260630342000,126063034200001064,TRUE
2026-08-04 01:14:39.231,ELC-PUL-02-UL,1260626078030,126062607800001069,TRUE
2026-08-04 01:13:44.317,LIN-OUTTRE-01-UL,1260710007000,126063031800001058,TRUE
2026-08-04 01:13:14.561,GLD-IR-01-L,,126063030000001015,TRUE
2026-08-04 01:13:04.031,WIR-Decoatbake-01-UL,1260630180000,12606301800003A010,TRUE
2026-08-04 01:12:58.700,LSR-Debrowning-01-UL,1260714071000,126071407100029002,TRUE
2026-08-04 01:11:47.917,WIR-Pretreatment-01-UL,1260714001000,126071400100058014,TRUE
2026-08-04 01:08:24.795,WIR-Decoatbake-01-L,1260702011000,12607020110003A132,TRUE
2026-08-04 01:10:28.334,CPP-Patternplating-01-UL,1260711011000,Error_202608040810283342,FALSE
2026-08-04 01:06:57.661,LSR-Debrowning-01-L,1260714071000,126071407100029002,TRUE
2026-08-04 01:04:07.416,WIR-Pretreatment-01-L,1260714001000,126071400100058001,TRUE
2026-08-04 00:57:46.438,WIR-TrayCleaning-01-L,,,FALSE
2026-08-04 00:58:56.382,ELC-PUL-01-UL,1260711120020,126071112000001072,TRUE
2026-08-04 01:00:55.289,LIN-INNTRE-01-UL,1260801095000,126080109500006080,TRUE
2026-08-04 00:56:46.188,AOI-PEP-01-L,1260801022000,126080102700002039,TRUE
2026-08-04 00:56:42.504,LIN-INNLDI-01-L,1260801076000,126080107600004048,TRUE
2026-08-04 00:53:56.149,ELC-TRE-01-L,1260720086000,126072008600001027,TRUE
2026-08-04 01:01:16.408,LIN-OUTTRE-01-L,1260630318050,126063031800001019,TRUE
2026-08-04 00:53:24.184,LAM-BOP-02-UL,1260731017000,126073101700012015,TRUE
2026-08-04 00:55:19.405,ELC-DEP-01-UL,1260630306000,126063030600001043,TRUE
2026-08-04 00:51:46.131,AOI-PEP-01-UL,1260801022000,Error_202608040751461315,FALSE
2026-08-04 00:57:39.364,ELC-TRE-01-UL,1260720086000,126072008600001027,TRUE
2026-08-04 00:50:31.194,ROU-RIN-01-UL,,Error_202608040750311949,FALSE
2026-08-04 00:47:39.601,LIN-OUTDES-01-UL,1260709031020,126070903100001062,TRUE
2026-08-04 00:53:41.990,SMK-SPR-01-L,1260708052000,126070805200001068,TRUE
2026-08-04 00:45:37.154,LIN-OUTDES-01-L,1260709031020,126070903100001034,TRUE
2026-08-04 00:44:08.674,ELC-RED-01-UL,1260706054000,126070605400001036,TRUE
2026-08-04 00:40:57.168,SMK-BRU-02-UL,1260709043020,126071106600001073,TRUE
2026-08-04 00:46:06.608,LAM-BOP-02-L,1260731017000,126073101700012015,TRUE
2026-08-04 00:43:54.941,WIR-LDI-01-UL,,126070700200049122,TRUE
2026-08-04 00:44:03.020,CPP-Horizontalplating-01-L,1260716011010,126072501300400081,TRUE
2026-08-04 00:40:37.266,GLD-RinseENEPIG-01-UL,,12606130030001C234,TRUE
2026-08-04 00:37:44.478,WIR-LDI-01-L,,126070700200049122,TRUE
2026-08-04 00:28:26.987,SMK-BRU-02-L,1260711066020,126071106600001073,TRUE
2026-08-04 00:29:55.277,SMK-DIX-01-L,1260709025000,126070902500001062,TRUE
2026-08-04 00:17:30.467,LAM-BOP-01-L,1260730040000,Error_202608040717304676,FALSE
2026-08-04 00:14:00.527,LIN-INNDES-02-UL,,126080105300006006,TRUE
2026-08-04 00:07:06.545,ELC-DEP-01-L,1260630306000,126063030600001043,TRUE
2026-08-04 00:34:19.627,ELC-RED-01-L,1260706054020,126070605400001036,TRUE
2026-08-04 00:00:50.248,LIN-INNDES-02-L,,126080105300006001,TRUE
2026-08-04 00:05:18.953,ELC-PUL-02-L,1260626078030,126062607800001059,TRUE
2026-08-04 01:16:41.067,GLD-IR-01-UL,,Error_202608040816410671,FALSE
2026-08-04 01:16:26.074,CPP-Horizontalplating-01-UL,1260606004010,126071601100058176,TRUE
2026-08-04 01:16:38.457,ELC-PUL-01-L,1260630342000,126063034200001062,TRUE
2026-08-04 01:16:16.045,LIN-INNTRE-02-UL-1,,Error_202608040816160458,FALSE
2026-08-04 01:16:14.733,LIN-INNTRE-02-UL-2,,126080109700010079,TRUE
2026-08-04 01:14:39.231,ELC-PUL-02-UL,1260626078030,126062607800001069,TRUE
2026-08-04 00:40:37.266,GLD-RinseENEPIG-01-UL,,12606130030001C234,TRUE
2026-08-04 01:16:55.701,CPP-Patternplating-01-L,1260619001010,12606190010001C181,TRUE
2026-08-04 01:16:49.591,CPP-Horizontalplating-01-UL,1260606004010,126071601100058177,TRUE
2026-08-04 00:29:55.277,SMK-DIX-01-L,1260709025000,126070902500001062,TRUE
2026-08-04 01:17:13.500,CPP-Horizontalplating-01-UL,1260606004010,126071601100058178,TRUE
2026-08-04 01:16:58.474,SMK-TUN-01-UL,1260630300000,126070803400001075,TRUE
2026-08-04 01:17:29.000,LIN-INNTRE-02-UL-1,,Error_202608040817290009,FALSE
2026-08-04 01:17:22.538,SMK-TUN-01-UL,1260630300000,126070803400001017,TRUE
2026-08-04 01:17:34.082,ELC-PUL-01-L,1260630342000,126063034200001063,TRUE
2026-08-04 01:17:17.412,GLD-IR-01-UL,,Error_202608040817174126,FALSE
2026-08-04 01:17:37.016,CPP-Horizontalplating-01-UL,1260606004010,126071601100058179,TRUE
2026-08-04 01:08:24.795,WIR-Decoatbake-01-L,1260702011000,12607020110003A132,TRUE
2026-08-04 00:58:56.382,ELC-PUL-01-UL,1260711120020,126071112000001072,TRUE
2026-08-04 01:17:53.285,LIN-INNTRE-02-UL-1,,Error_202608040817532852,FALSE
2026-08-04 01:17:51.722,LIN-INNTRE-02-UL-2,,126080109800012001,TRUE
2026-08-04 01:17:49.330,CPP-Patternplating-01-L,1260619001010,12606190010001C197,TRUE
2026-08-04 01:18:01.064,CPP-Horizontalplating-01-UL,1260606004010,126071601100058180,TRUE
2026-08-04 01:18:03.366,SMK-TUN-01-UL,1260630300000,126070803400001054,TRUE
2026-08-04 01:17:53.285,LIN-INNTRE-02-UL-1,,Error_202608040817532852,FALSE
2026-08-04 01:17:54.022,GLD-IR-01-UL,,Error_202608040817540229,FALSE
2026-08-04 01:18:25.176,CPP-Horizontalplating-01-UL,1260606004010,126072501300400042,TRUE
2026-08-04 01:18:17.020,LIN-INNTRE-02-UL-1,,Error_202608040818170201,FALSE
2026-08-04 01:18:16.629,LIN-INNTRE-02-UL-2,,126080109800012004,TRUE
2026-08-04 01:00:55.289,LIN-INNTRE-01-UL,1260801095000,126080109500006080,TRUE
2026-08-04 01:18:42.771,CPP-Patternplating-01-L,1260619001010,12606190010001C188,TRUE
2026-08-04 01:18:29.756,ELC-PUL-01-L,1260630342000,126063034200001073,TRUE
2026-08-04 01:18:41.864,LIN-INNTRE-02-UL-1,,Error_202608040818418647,FALSE
2026-08-04 01:18:28.274,SMK-TUN-01-UL,1260630300000,126070803400001021,TRUE
2026-08-04 01:18:27.749,GLD-IR-01-UL,,Error_202608040818277497,FALSE
2026-08-04 01:18:25.176,CPP-Horizontalplating-01-UL,1260606004010,126072501300400042,TRUE
2026-08-04 01:14:39.231,ELC-PUL-02-UL,1260626078030,126062607800001069,TRUE
2026-08-04 01:19:05.412,LIN-INNTRE-02-UL-1,,Error_202608040819054124,FALSE
2026-08-04 01:19:00.351,WIR-Decoatbake-01-UL,1260630180010,12606301800003A131,TRUE
2026-08-04 01:18:48.927,CPP-Horizontalplating-01-UL,1260606004010,126072501300400092,TRUE
2026-08-04 01:19:25.638,ELC-PUL-01-L,1260630342000,126063034200001045,TRUE
2026-08-04 01:19:14.215,AOI-PEP-01-L,1260801022000,126080102700002069,TRUE
2026-08-04 01:19:09.048,SMK-TUN-01-UL,1260630300000,126070803400001058,TRUE
2026-08-04 01:10:28.334,CPP-Patternplating-01-UL,1260711011000,Error_202608040810283342,FALSE
2026-08-04 00:46:06.608,LAM-BOP-02-L,1260731017000,126073101700012015,TRUE
2026-08-04 01:19:39.720,GLD-RinseENEPIG-01-UL,,Error_202608040819397203,FALSE
2026-08-04 01:19:36.495,CPP-Patternplating-01-L,1260619001010,12606190010001C189,TRUE
2026-08-04 01:19:34.069,SMK-TUN-01-UL,1260630300000,126070803400001080,TRUE
2026-08-04 01:19:29.415,LIN-INNTRE-02-UL-1,,Error_202608040819294150,FALSE
2026-08-04 01:19:28.305,LIN-INNTRE-02-UL-2,,126080109800012006,TRUE
2026-08-04 01:19:50.896,GLD-IR-01-UL,,126063030000001056,TRUE
2026-08-04 01:19:45.620,WIR-Pretreatment-01-UL,1260714001000,126071400100058011,TRUE
2026-08-04 01:19:45.307,WIR-Decoatbake-01-UL,1260630180010,12606301800003A130,TRUE
2026-08-04 01:20:17.189,GLD-RinseENEPIG-01-UL,,Error_202608040820171892,FALSE
2026-08-04 01:20:17.168,LIN-INNTRE-02-UL-2,,126080109800012010,TRUE
2026-08-04 01:20:14.494,SMK-TUN-01-UL,1260630300000,126070803400001028,TRUE
2026-08-04 01:20:07.511,WIR-Pretreatment-01-UL,1260714001000,126071400100058012,TRUE
2026-08-04 01:19:54.261,LIN-INNTRE-02-UL-1,,Error_202608040819542614,FALSE
2026-08-04 01:19:54.135,WIR-Pretreatment-01-L,1260714001000,126060515600400039,TRUE
2026-08-04 01:19:36.495,CPP-Patternplating-01-L,1260619001010,12606190010001C189,TRUE
2026-08-04 01:20:30.026,CPP-Patternplating-01-L,1260619001010,12606190010001C190,TRUE
2026-08-04 01:20:30.182,WIR-Decoatbake-01-UL,1260630180010,12606301800003A129,TRUE
2026-08-04 01:20:29.511,WIR-Pretreatment-01-UL,1260714001000,126071400100058009,TRUE
2026-08-04 01:20:28.262,LIN-OUTTRE-01-UL,1260710007000,126063031800001021,TRUE
2026-08-04 01:20:18.527,LIN-INNTRE-02-UL-1,,Error_202608040820185274,FALSE
2026-08-04 01:20:21.346,ELC-PUL-01-L,1260630342000,126063034200001003,TRUE
2026-08-04 01:20:42.499,LIN-INNTRE-02-UL-1,,Error_202608040820424994,FALSE
2026-08-04 01:20:50.975,WIR-Pretreatment-01-UL,1260714001000,126071400100058008,TRUE
2026-08-04 01:20:41.111,GLD-RinseENEPIG-01-UL,,22605280750001C087,TRUE
2026-08-04 01:20:40.968,LIN-INNTRE-02-UL-2,,126080109800012012,TRUE
2026-08-04 01:20:38.325,SMK-TUN-01-UL,1260630300000,126070803400001065,TRUE
2026-08-04 01:21:13.014,WIR-Pretreatment-01-UL,1260714001000,126071400100058007,TRUE
2026-08-04 01:21:07.452,LIN-INNTRE-02-UL-1,,Error_202608040821074529,FALSE
2026-08-04 01:21:05.601,GLD-IR-01-UL,,Error_202608040821056017,FALSE
2026-08-04 01:21:05.452,LIN-INNTRE-02-UL-2,,126080109800012014,TRUE
2026-08-04 01:20:57.358,LIN-OUTTRE-01-UL,1260710007000,126063031800001033,TRUE
2026-08-04 01:14:39.231,ELC-PUL-02-UL,1260626078030,126062607800001069,TRUE
2026-08-04 01:21:17.021,ELC-PUL-01-L,1260630342000,126063034200001024,TRUE
2026-08-04 01:21:20.638,SMK-TUN-01-UL,1260630300000,126070803400001020,TRUE
2026-08-04 01:21:16.643,GLD-RinseENEPIG-01-UL,,22605280750001C114,TRUE
2026-08-04 01:21:15.248,WIR-Decoatbake-01-UL,1260630180010,12606301800003A128,TRUE
2026-08-04 01:21:42.983,SMK-TUN-01-UL,1260630300000,126070803400001053,TRUE
2026-08-04 01:21:41.620,GLD-IR-01-UL,,Error_202608040821416204,FALSE
2026-08-04 01:21:31.360,LIN-INNTRE-02-UL-1,,Error_202608040821313605,FALSE
2026-08-04 01:21:34.453,WIR-Pretreatment-01-UL,1260714001000,126071400100058010,TRUE
2026-08-04 01:21:28.398,AOI-PEP-01-UL,1260801027000,126080102700002069,TRUE
2026-08-04 01:21:29.360,LIN-INNTRE-02-UL-2,,126080109800012015,TRUE
2026-08-04 01:21:26.956,LIN-OUTTRE-01-UL,1260710007000,126063031800001065,TRUE
2026-08-04 01:21:23.874,CPP-Patternplating-01-L,1260619001010,12606190010001C191,TRUE
2026-08-04 01:22:00.377,WIR-Decoatbake-01-UL,1260630180010,12606301800003A127,TRUE
2026-08-04 01:21:56.518,WIR-Pretreatment-01-UL,1260714001000,126071400100058005,TRUE
2026-08-04 01:21:56.318,LIN-OUTTRE-01-UL,1260710007000,126063031800001022,TRUE
2026-08-04 01:21:55.282,LIN-INNTRE-02-UL-1,,Error_202608040821552824,FALSE
2026-08-04 01:21:47.665,AOI-PEP-01-L,1260801022000,126080102700002033,TRUE
2026-08-04 01:18:48.927,CPP-Horizontalplating-01-UL,1260606004010,126072501300400092,TRUE
2026-08-04 01:22:17.660,CPP-Patternplating-01-L,1260619001010,12606190010001C192,TRUE
2026-08-04 01:22:18.253,WIR-Pretreatment-01-UL,1260714001000,126071400100058006,TRUE
2026-08-04 01:22:13.212,ELC-PUL-01-L,1260630342000,126063034200001017,TRUE
2026-08-04 01:22:08.679,GLD-RinseENEPIG-01-UL,,22605280750001C105,TRUE
2026-08-04 01:22:40.224,WIR-Pretreatment-01-UL,1260714001000,126071400100058003,TRUE
2026-08-04 01:22:38.111,LIN-INNTRE-02-UL-2,,126080109800012017,TRUE
2026-08-04 01:22:26.053,LIN-OUTTRE-01-UL,1260710007000,126063031800001051,TRUE
2026-08-04 01:22:25.327,SMK-TUN-01-UL,1260630300000,126070803400001076,TRUE
2026-08-04 01:18:48.927,CPP-Horizontalplating-01-UL,1260606004010,126072501300400092,TRUE
2026-08-04 00:47:39.601,LIN-OUTDES-01-UL,1260709031020,126070903100001062,TRUE
2026-08-04 01:22:55.584,LIN-OUTTRE-01-UL,1260710007000,126063031800001070,TRUE
2026-08-04 01:22:51.314,LIN-INNTRE-02-UL-2,,126080109800012019,TRUE
2026-08-04 01:22:49.521,SMK-TUN-01-UL,1260630300000,126070803400001027,TRUE
2026-08-04 01:22:45.649,GLD-RinseENEPIG-01-UL,,22605280750001C104,TRUE
2026-08-04 01:22:45.162,WIR-Decoatbake-01-UL,1260630180010,12606301800003A179,TRUE
2026-08-04 01:23:08.996,ELC-PUL-01-L,1260630342000,126063034200001025,TRUE
2026-08-04 01:23:10.020,LIN-INNTRE-02-UL-1,,126080109800012026,TRUE
2026-08-04 01:23:04.925,LIN-INNTRE-02-UL-2,,126080109800012021,TRUE
2026-08-04 01:23:01.615,WIR-Pretreatment-01-UL,1260714001000,126071400100058004,TRUE
2026-08-04 01:22:59.643,ELC-PUL-02-UL,1260626078030,126062607800001076,TRUE
2026-08-04 01:23:32.488,LIN-INNTRE-02-UL-1,,Error_202608040823324881,FALSE
2026-08-04 01:23:36.706,ELC-PUL-02-UL,1260626078030,126062607800001057,TRUE
2026-08-04 01:23:31.759,SMK-TUN-01-UL,1260630300000,126070803400001015,TRUE
2026-08-04 01:23:31.363,LIN-INNTRE-02-UL-2,,126080109800012025,TRUE
2026-08-04 01:23:25.274,LIN-OUTTRE-01-UL,1260710007000,126063031800001006,TRUE
2026-08-04 01:23:30.069,WIR-Decoatbake-01-UL,1260630180010,12606301800003A035,TRUE
2026-08-04 01:23:23.725,WIR-Pretreatment-01-UL,1260714001000,126071400100058060,TRUE
2026-08-04 01:23:20.894,AOI-PEP-01-UL,1260801027000,126080102700002033,TRUE
2026-08-04 01:23:11.303,CPP-Patternplating-01-L,1260619001010,12606190010001C184,TRUE
2026-08-04 01:23:19.821,GLD-RinseENEPIG-01-UL,,22605280750001C100,TRUE
2026-08-04 01:23:45.210,WIR-Pretreatment-01-UL,1260714001000,126071400100058059,TRUE
2026-08-04 01:23:44.301,LIN-INNTRE-02-UL-2,,126080109800012027,TRUE
2026-08-04 01:23:42.957,LIN-INNTRE-02-UL-1,,Error_202608040823429574,FALSE
2026-08-04 00:43:54.941,WIR-LDI-01-UL,,126070700200049122,TRUE
2026-08-04 01:24:15.273,WIR-Decoatbake-01-UL,1260630180010,12606301800003A177,TRUE
2026-08-04 01:24:14.255,LIN-INNTRE-02-UL-1,,Error_202608040824142555,FALSE
2026-08-04 01:24:13.911,ELC-PUL-02-UL,1260626078030,126062607800001014,TRUE
2026-08-04 01:24:10.802,LIN-INNTRE-02-UL-2,,126080109800012031,TRUE
2026-08-04 01:24:07.335,WIR-Pretreatment-01-UL,1260714001000,126071400100058047,TRUE
2026-08-04 01:24:07.645,AOI-PEP-01-UL,1260801027000,126080100900002015,TRUE
2026-08-04 01:24:05.101,CPP-Patternplating-01-L,1260619001010,12606190010001C200,TRUE
2026-08-04 01:24:04.313,ELC-PUL-01-L,1260630342000,126063034200001037,TRUE
2026-08-04 01:23:56.432,GLD-RinseENEPIG-01-UL,,22605280750001C102,TRUE
2026-08-04 01:23:55.369,SMK-TUN-01-UL,1260630300000,126070803400001026,TRUE
2026-08-04 01:23:54.930,LIN-OUTTRE-01-UL,1260710007000,126063031800001008,TRUE
2026-08-04 01:10:28.334,CPP-Patternplating-01-UL,1260711011000,Error_202608040810283342,FALSE
2026-08-04 01:24:28.914,WIR-Pretreatment-01-UL,1260714001000,126071400100058048,TRUE
2026-08-04 01:24:24.616,LIN-INNTRE-02-UL-2,,126080109800012033,TRUE
2026-08-04 01:24:24.511,LIN-OUTTRE-01-UL,1260710007000,126063031800001005,TRUE
2026-08-04 01:24:23.303,LIN-INNTRE-02-UL-1,,Error_202608040824233036,FALSE
2026-08-04 01:24:21.349,AOI-PEP-01-L,1260801022000,126080102700002035,TRUE
2026-08-04 00:45:37.154,LIN-OUTDES-01-L,1260709031020,126070903100001034,TRUE
2026-08-04 01:24:43.726,LIN-INNTRE-02-UL-1,,Error_202608040824437269,FALSE
2026-08-04 01:24:41.757,AOI-PEP-01-UL,1260801027000,126080102700002035,TRUE
2026-08-04 01:24:38.992,AOI-PEP-01-L,1260801022000,126080102700002041,TRUE
2026-08-04 01:24:37.805,LIN-INNTRE-02-UL-2,,126080109800012035,TRUE
2026-08-04 01:24:37.044,SMK-TUN-01-UL,1260630300000,126070803400001070,TRUE
2026-08-04 01:24:33.366,GLD-RinseENEPIG-01-UL,,22605280750001C066,TRUE
2026-08-04 01:25:01.931,LIN-INNTRE-02-UL-1,,126080109800012048,TRUE
2026-08-04 01:25:03.853,LIN-INNTRE-02-UL-2,,126080109800012039,TRUE
2026-08-04 01:25:01.133,AOI-PEP-01-L,1260801022000,126080102700002045,TRUE
2026-08-04 01:25:01.106,SMK-TUN-01-UL,1260630300000,126070803400001047,TRUE
2026-08-04 01:25:00.821,AOI-PEP-01-UL,1260801027000,126080102700002041,TRUE
2026-08-04 01:25:00.323,WIR-Decoatbake-01-UL,1260630180010,12606301800003A178,TRUE
2026-08-04 01:25:00.026,CPP-Patternplating-01-L,1260619001010,12606190010001C202,TRUE
2026-08-04 01:24:53.918,LIN-OUTTRE-01-UL,1260710007000,126063031800001017,TRUE
2026-08-04 01:25:00.002,ELC-PUL-01-L,1260630342000,126063034200001051,TRUE
2026-08-04 01:24:50.853,WIR-Pretreatment-01-UL,1260714001000,126071400100058045,TRUE
2026-08-04 00:57:46.438,WIR-TrayCleaning-01-L,,,FALSE
2026-08-04 01:25:24.183,LIN-INNTRE-02-UL-1,,Error_202608040825241833,FALSE
2026-08-04 01:25:23.969,LIN-OUTTRE-01-UL,1260710007000,126063031800001064,TRUE
2026-08-04 01:25:23.290,AOI-PEP-01-L,1260801022000,126080102700002049,TRUE
2026-08-04 01:25:23.025,AOI-PEP-01-UL,1260801027000,126080102700002045,TRUE
2026-08-04 01:25:18.229,LIN-INNTRE-02-UL-2,,126080109800012041,TRUE
2026-08-04 01:25:12.355,WIR-Pretreatment-01-UL,1260714001000,126071400100058046,TRUE
2026-08-04 01:25:09.367,GLD-RinseENEPIG-01-UL,,22605280750001C118,TRUE
2026-08-04 01:25:46.733,LIN-INNTRE-02-UL-2,,Error_202608040825467332,FALSE
2026-08-04 01:25:45.371,WIR-Decoatbake-01-UL,1260630180010,12606301800003A175,TRUE
2026-08-04 01:25:45.180,GLD-RinseENEPIG-01-UL,,22605280750001C188,TRUE
2026-08-04 01:25:45.042,AOI-PEP-01-L,1260801022000,126080102700002053,TRUE
2026-08-04 01:25:45.041,AOI-PEP-01-UL,1260801027000,126080102700002049,TRUE
2026-08-04 01:25:44.936,LIN-INNTRE-02-UL-1,,Error_202608040825449363,FALSE
2026-08-04 01:25:42.583,SMK-TUN-01-UL,1260630300000,126070803400001048,TRUE
2026-08-04 01:25:34.729,WIR-Pretreatment-01-UL,1260714001000,126071400100058043,TRUE
2026-08-04 00:29:55.277,SMK-DIX-01-L,1260709025000,126070902500001062,TRUE
2026-08-04 01:25:57.288,LIN-INNTRE-02-UL-2,,126080109800012047,TRUE
2026-08-04 01:25:56.280,WIR-Pretreatment-01-UL,1260714001000,126071400100058044,TRUE
2026-08-04 01:25:56.089,AOI-PEP-01-UL,1260801027000,126080102700002051,TRUE
2026-08-04 01:25:56.026,AOI-PEP-01-L,1260801022000,126080102700002055,TRUE
2026-08-04 01:25:55.944,ELC-PUL-01-L,1260630342000,126063034200001028,TRUE
2026-08-04 01:25:55.225,LIN-INNTRE-02-UL-1,,Error_202608040825552256,FALSE
2026-08-04 01:25:53.924,LIN-OUTTRE-01-UL,1260710007000,126063031800001046,TRUE
2026-08-04 00:55:19.405,ELC-DEP-01-UL,1260630306000,126063030600001043,TRUE
2026-08-04 01:25:52.217,CPP-Patternplating-01-L,1260619001010,12606190010001C201,TRUE
2026-08-04 01:26:10.616,LIN-INNTRE-02-UL-2,,126080109800012049,TRUE
2026-08-04 01:26:07.341,AOI-PEP-01-UL,1260801027000,126080102700002053,TRUE
2026-08-04 01:26:06.981,AOI-PEP-01-L,1260801022000,126080102700002057,TRUE
2026-08-04 01:26:06.490,SMK-TUN-01-UL,1260630300000,126070803400001010,TRUE
2026-08-04 01:26:05.335,LIN-INNTRE-02-UL-1,,Error_202608040826053350,FALSE
2026-08-04 01:26:33.460,LIN-INNTRE-02-UL-1,,126080109800012066,TRUE
2026-08-04 01:26:30.155,WIR-Decoatbake-01-UL,1260630180010,12606301800003A124,TRUE
2026-08-04 01:26:29.138,AOI-PEP-01-L,1260801022000,126080102700002061,TRUE
2026-08-04 01:26:23.522,LIN-INNTRE-02-UL-2,,126080109800012051,TRUE
2026-08-04 01:26:23.378,LIN-OUTTRE-01-UL,1260710007000,126063031800001023,TRUE
2026-08-04 01:26:19.011,GLD-RinseENEPIG-01-UL,,22605280750001C079,TRUE
2026-08-04 01:26:29.278,AOI-PEP-01-UL,1260801027000,126080102700002057,TRUE
2026-08-04 01:26:17.780,WIR-Pretreatment-01-UL,1260714001000,126071400100058041,TRUE
2026-08-04 00:37:44.478,WIR-LDI-01-L,,126070700200049122,TRUE
2026-08-04 01:26:51.430,ELC-PUL-01-L,1260630342000,126063034200001040,TRUE
2026-08-04 01:26:53.052,LIN-OUTTRE-01-UL,1260710007000,126063031800001030,TRUE
2026-08-04 01:26:51.202,AOI-PEP-01-L,1260801022000,126080102700002065,TRUE
2026-08-04 01:26:50.494,LIN-INNTRE-02-UL-2,,126080109800012055,TRUE
2026-08-04 01:26:51.170,AOI-PEP-01-UL,1260801027000,126080102700002061,TRUE
2026-08-04 01:26:46.320,SMK-TUN-01-UL,1260630300000,126070803400001069,TRUE
2026-08-04 01:26:45.859,CPP-Patternplating-01-L,1260619001010,12606190010001C194,TRUE
2026-08-04 01:26:45.836,LIN-INNTRE-02-UL-1,,Error_202608040826458369,FALSE
2026-08-04 01:26:39.781,WIR-Pretreatment-01-UL,1260714001000,126071400100058042,TRUE
2026-08-04 00:53:41.990,SMK-SPR-01-L,1260708052000,126070805200001068,TRUE
2026-08-04 01:27:16.620,LIN-INNTRE-02-UL-1,,Error_202608040827166201,FALSE
2026-08-04 01:27:16.312,AOI-PEP-01-L,1260801022000,126080102700002071,TRUE
2026-08-04 01:27:15.189,WIR-Decoatbake-01-UL,1260630180010,12606301800003A176,TRUE
2026-08-04 01:27:16.526,LIN-INNTRE-02-UL-2,,126080109800012059,TRUE
2026-08-04 01:27:13.227,SMK-TUN-01-UL,1260630300000,126070803400001031,TRUE
2026-08-04 01:27:06.702,AOI-PEP-01-UL,1260801027000,126080102700002063,TRUE
2026-08-04 01:27:01.484,WIR-Pretreatment-01-UL,1260714001000,126071400100058039,TRUE
2026-08-04 01:27:00.276,ELC-PUL-02-UL,1260626078030,126062607800001040,TRUE
2026-08-04 01:26:55.249,GLD-RinseENEPIG-01-UL,,22605280750001C095,TRUE
2026-08-04 01:27:30.245,LIN-INNTRE-02-UL-2,,126080109800012061,TRUE
2026-08-04 01:27:27.516,AOI-PEP-01-UL,1260801027000,126080102700002067,TRUE
2026-08-04 01:27:26.656,AOI-PEP-01-L,1260801022000,126080102700002073,TRUE
2026-08-04 01:27:22.986,WIR-Pretreatment-01-UL,1260714001000,126071400100058040,TRUE
2026-08-04 01:27:27.198,LIN-INNTRE-02-UL-1,,Error_202608040827271982,FALSE
2026-08-04 01:27:22.475,LIN-OUTTRE-01-UL,1260710007000,126063031800001049,TRUE
2026-08-04 01:27:19.182,ELC-PUL-02-UL,1260626078030,126062607800001014,TRUE
2026-08-04 01:27:43.198,LIN-INNTRE-02-UL-2,,126080109800012067,TRUE
2026-08-04 01:27:37.526,ELC-PUL-02-UL,1260626078030,126062607800001078,TRUE
2026-08-04 01:27:37.470,AOI-PEP-01-L,1260801022000,126080102700002075,TRUE
2026-08-04 01:27:37.182,LIN-INNTRE-02-UL-1,,Error_202608040827371826,FALSE
2026-08-04 01:27:36.830,AOI-PEP-01-UL,1260801027000,126080102700002071,TRUE
2026-08-04 01:27:39.971,CPP-Patternplating-01-L,1260619001010,12606190010001C193,TRUE
2026-08-04 01:27:31.562,GLD-RinseENEPIG-01-UL,,22605280750001C103,TRUE
2026-08-04 01:28:00.237,WIR-Decoatbake-01-UL,1260630180010,12606301800003A174,TRUE
2026-08-04 01:27:59.862,AOI-PEP-01-L,1260801022000,126080102700002079,TRUE
2026-08-04 01:27:58.487,AOI-PEP-01-UL,1260801027000,126080102700002075,TRUE
2026-08-04 01:27:54.996,SMK-TUN-01-UL,1260630300000,126070803400001049,TRUE
2026-08-04 01:27:56.510,LIN-INNTRE-02-UL-2,,126080109800012069,TRUE
2026-08-04 01:27:52.226,LIN-OUTTRE-01-UL,1260710007000,126063031800001018,TRUE
2026-08-04 01:27:47.042,LIN-INNTRE-02-UL-1,,Error_202608040827470420,FALSE
2026-08-04 01:27:44.659,WIR-Pretreatment-01-UL,1260714001000,126071400100058037,TRUE
2026-08-04 01:18:48.927,CPP-Horizontalplating-01-UL,1260606004010,126072501300400092,TRUE
2026-08-04 00:53:41.990,SMK-SPR-01-L,1260708052000,126070805200001068,TRUE
2026-08-04 01:28:21.634,LIN-OUTTRE-01-UL,1260710007000,126063031800001052,TRUE
2026-08-04 01:28:23.109,LIN-INNTRE-02-UL-2,,126080109800012073,TRUE
2026-08-04 01:28:20.472,AOI-PEP-01-UL,1260801027000,126080102700002079,TRUE
2026-08-04 01:28:20.582,AOI-PEP-01-L,1260801022000,126080102700002004,TRUE
2026-08-04 01:28:19.575,SMK-TUN-01-UL,1260630300000,126070803400001060,TRUE
2026-08-04 01:28:07.048,GLD-RinseENEPIG-01-UL,,22605280750001C080,TRUE
2026-08-04 01:28:06.893,WIR-Pretreatment-01-UL,1260714001000,126071400100058038,TRUE
2026-08-04 01:28:04.279,ELC-PUL-01-L,1260630342000,126063034200001031,TRUE
2026-08-04 01:28:33.394,CPP-Patternplating-01-L,1260619001010,12606190010001C195,TRUE
2026-08-04 01:28:31.739,AOI-PEP-01-L,1260801022000,126080102700002008,TRUE
2026-08-04 01:28:28.520,WIR-Pretreatment-01-UL,1260714001000,126071400100058050,TRUE
2026-08-04 01:28:31.520,AOI-PEP-01-UL,1260801027000,126080102700002002,TRUE
2026-08-04 01:28:53.836,AOI-PEP-01-UL,1260801027000,126080102700002008,TRUE
2026-08-04 01:28:53.663,AOI-PEP-01-L,1260801022000,126080102700002014,TRUE
2026-08-04 01:28:50.502,LIN-INNTRE-02-UL-2,,126080109800012077,TRUE
2026-08-04 01:28:50.425,WIR-Pretreatment-01-UL,1260714001000,126071400100058049,TRUE
2026-08-04 01:28:45.238,WIR-Decoatbake-01-UL,1260630180010,12606301800003A171,TRUE
2026-08-04 01:28:42.765,ELC-PUL-01-L,1260630342000,126063034200001043,TRUE
2026-08-04 01:28:40.826,LIN-OUTTRE-01-UL,1260710007000,126063031800001067,TRUE
2026-08-04 01:29:16.196,AOI-PEP-01-L,1260801022000,126080102700002018,TRUE
2026-08-04 01:29:16.009,AOI-PEP-01-UL,1260801027000,126080102700002014,TRUE
2026-08-04 01:29:14.207,WIR-Pretreatment-01-L,1260714001003,126071400100358611,TRUE
2026-08-04 01:29:11.800,WIR-Pretreatment-01-UL,1260714001000,126071400100058058,TRUE
2026-08-04 01:29:00.158,SMK-TUN-01-UL,1260630300000,126070803400001051,TRUE
2026-08-04 01:28:59.690,LIN-OUTTRE-01-UL,1260710007000,126063031800001076,TRUE
2026-08-04 01:29:30.269,WIR-Decoatbake-01-UL,1260630180010,12606301800003A165,TRUE
2026-08-04 01:29:27.447,AOI-PEP-01-UL,1260801027000,126080102700002016,TRUE
2026-08-04 01:29:26.925,CPP-Patternplating-01-L,1260619001010,12606190010001C196,TRUE
2026-08-04 01:29:27.384,AOI-PEP-01-L,1260801022000,126080102700002020,TRUE
2026-08-04 01:29:23.300,SMK-TUN-01-UL,1260630300000,126070803400001001,TRUE
2026-08-04 01:29:19.422,LIN-OUTTRE-01-UL,1260710007000,126063031800001072,TRUE
2026-08-04 01:29:38.978,AOI-PEP-01-L,1260801022000,126080102700002022,TRUE
2026-08-04 01:29:38.626,ELC-PUL-01-L,1260630342000,126063034200001035,TRUE
2026-08-04 01:29:34.050,WIR-Pretreatment-01-UL,1260714001000,126071400100058002,TRUE
2026-08-04 01:29:38.415,AOI-PEP-01-UL,1260801027000,126080102700002018,TRUE
2026-08-04 00:53:56.149,ELC-TRE-01-L,1260720086000,126072008600001027,TRUE
2026-08-04 00:53:24.184,LAM-BOP-02-UL,1260731017000,126073101700012015,TRUE
2026-08-04 01:30:03.975,WIR-Pretreatment-01-UL,1260714001003,Error_202608040830039759,FALSE
2026-08-04 01:30:00.886,AOI-PEP-01-UL,1260801027000,126080102700002022,TRUE
2026-08-04 01:30:00.776,AOI-PEP-01-L,1260801022000,126080102700002026,TRUE
2026-08-04 01:29:54.600,WIR-Pretreatment-01-L,1260714001003,126071400100358613,TRUE
2026-08-04 01:29:44.393,LIN-OUTTRE-01-UL,1260710007000,126063031800001025,TRUE
2026-08-04 01:28:07.048,GLD-RinseENEPIG-01-UL,,22605280750001C080,TRUE
2026-08-04 00:53:24.184,LAM-BOP-02-UL,1260731017000,126073101700012015,TRUE
2026-08-04 01:30:23.074,AOI-PEP-01-UL,1260801027000,126080102700002026,TRUE
2026-08-04 01:30:23.105,AOI-PEP-01-L,1260801022000,126080102700002030,TRUE
2026-08-04 01:30:20.868,CPP-Patternplating-01-L,1260619001010,12606190010001C213,TRUE
2026-08-04 01:30:20.056,CPP-Patternplating-01-UL,1260711011000,226051807300400082,TRUE
2026-08-04 01:30:15.993,WIR-Decoatbake-01-UL,1260630180010,12606301800003A166,TRUE
2026-08-04 01:30:06.349,SMK-TUN-01-UL,1260630300000,126070803400001002,TRUE
2026-08-04 01:13:14.561,GLD-IR-01-L,,126063030000001015,TRUE
2026-08-04 00:53:24.184,LAM-BOP-02-UL,1260731017000,126073101700012015,TRUE
2026-08-04 00:44:08.674,ELC-RED-01-UL,1260706054000,126070605400001036,TRUE
2026-08-04 01:30:34.303,ELC-PUL-01-L,1260630342000,126063034200001030,TRUE
2026-08-04 01:30:34.402,AOI-PEP-01-L,1260801022000,126080102700002032,TRUE
2026-08-04 01:30:34.184,AOI-PEP-01-UL,1260801027000,126080102700002028,TRUE
2026-08-04 01:30:33.181,WIR-Pretreatment-01-L,1260714001003,126071400100358616,TRUE
2026-08-04 01:30:31.272,SMK-TUN-01-UL,1260630300000,126070803400001007,TRUE
2026-08-04 00:44:08.674,ELC-RED-01-UL,1260706054000,126070605400001036,TRUE
2026-08-04 01:30:45.481,AOI-PEP-01-L,1260801022000,126080102700002034,TRUE
2026-08-04 01:30:45.419,AOI-PEP-01-UL,1260801027000,126080102700002030,TRUE
2026-08-04 01:30:35.822,LIN-OUTTRE-01-UL,1260710007000,126063031800001036,TRUE
2026-08-04 01:31:00.151,WIR-Decoatbake-01-UL,1260630180010,12606301800003A164,TRUE
2026-08-04 01:31:00.151,LIN-OUTTRE-01-UL,1260710007000,126063031800001080,TRUE
2026-08-04 01:30:56.764,AOI-PEP-01-L,1260801022000,126080102700002038,TRUE
2026-08-04 01:30:56.420,AOI-PEP-01-UL,1260801027000,126080102700002032,TRUE
2026-08-04 01:31:19.217,AOI-PEP-01-UL,1260801027000,126080102700002038,TRUE
2026-08-04 01:31:19.405,AOI-PEP-01-L,1260801022000,126080102700002042,TRUE
2026-08-04 01:31:14.542,CPP-Patternplating-01-L,1260619001010,12606190010001C204,TRUE
2026-08-04 01:31:13.448,CPP-Patternplating-01-UL,1260711011000,226051807300400097,TRUE
2026-08-04 01:31:11.948,WIR-Pretreatment-01-L,1260714001003,126071400100358623,TRUE
2026-08-04 01:31:10.352,SMK-TUN-01-UL,1260630300000,126070803400001079,TRUE
2026-08-04 01:31:06.761,CPP-Horizontalplating-01-UL,1260606004010,126072501300400081,TRUE
2026-08-04 01:31:45.105,WIR-Decoatbake-01-UL,1260630180010,12606301800003A163,TRUE
2026-08-04 01:31:41.859,AOI-PEP-01-UL,1260801027000,126080102700002042,TRUE
2026-08-04 01:31:41.781,AOI-PEP-01-L,1260801022000,126080102700002046,TRUE
2026-08-04 01:31:35.199,SMK-TUN-01-UL,1260630300000,126070803400001003,TRUE
2026-08-04 01:31:30.433,CPP-Horizontalplating-01-UL,1260606004010,126072501300400092,TRUE
2026-08-04 01:01:16.408,LIN-OUTTRE-01-L,1260630318050,126063031800001019,TRUE
2026-08-04 01:31:30.136,ELC-PUL-01-L,1260630342000,126063034200001034,TRUE
2026-08-04 01:32:00.719,ELC-PUL-02-UL,1260626078030,126062607800001050,TRUE
2026-08-04 01:31:53.017,AOI-PEP-01-L,1260801022000,126080102700002048,TRUE
2026-08-04 01:31:52.767,AOI-PEP-01-UL,1260801027000,126080102700002044,TRUE
2026-08-04 01:31:50.480,WIR-Pretreatment-01-L,1260714001003,126071400100358601,TRUE
2026-08-04 01:32:08.513,CPP-Patternplating-01-L,1260619001010,12606190010001C203,TRUE
2026-08-04 01:32:07.074,CPP-Patternplating-01-UL,1260711011000,126071100800400035,TRUE
2026-08-04 01:32:04.408,AOI-PEP-01-L,1260801022000,126080102700002050,TRUE
2026-08-04 01:32:04.111,AOI-PEP-01-UL,1260801027000,126080102700002046,TRUE
2026-08-04 01:32:29.012,WIR-Pretreatment-01-L,1260714001003,126071400100358622,TRUE
2026-08-04 01:32:30.200,WIR-Decoatbake-01-UL,1260630180010,12606301800003A161,TRUE
2026-08-04 01:32:27.113,AOI-PEP-01-L,1260801022000,126080102700002054,TRUE
2026-08-04 01:32:26.910,AOI-PEP-01-UL,1260801027000,126080102700002050,TRUE
2026-08-04 01:32:25.890,ELC-PUL-01-L,1260630342000,126063034200001080,TRUE
2026-08-04 01:32:19.296,ELC-PUL-02-UL,1260626078030,126062607800001051,TRUE
2026-08-04 01:32:17.109,SMK-TUN-01-UL,1260630300000,126070803400001011,TRUE
2026-08-04 01:32:15.515,LIN-OUTTRE-01-UL,1260710007000,126063031800001062,TRUE
2026-08-04 01:32:14.387,WIR-Vdevelop-01-UL,1260710001010,"126062209100400017,BD",TRUE
2026-08-04 01:32:49.614,AOI-PEP-01-L,1260801022000,126080102700002058,TRUE
2026-08-04 01:32:49.270,AOI-PEP-01-UL,1260801027000,126080102700002054,TRUE
2026-08-04 01:32:40.673,SMK-TUN-01-UL,1260630300000,126070803400001078,TRUE
2026-08-04 01:32:39.767,LIN-OUTTRE-01-UL,1260710007000,126063031800001004,TRUE
2026-08-04 01:32:37.830,ELC-PUL-02-UL,1260626078030,126062607800001042,TRUE
2026-08-04 01:30:03.975,WIR-Pretreatment-01-UL,1260714001003,Error_202608040830039759,FALSE
2026-08-04 01:27:47.042,LIN-INNTRE-02-UL-1,,Error_202608040827470420,FALSE
2026-08-04 01:13:14.561,GLD-IR-01-L,,126063030000001015,TRUE
2026-08-04 01:33:16.775,GLD-IR-01-L,,126070804000001003,TRUE
2026-08-04 01:33:15.106,WIR-Decoatbake-01-UL,1260630180010,12606301800003A172,TRUE
2026-08-04 01:33:12.320,AOI-PEP-01-L,1260801022000,126080102700002062,TRUE
2026-08-04 01:33:12.133,AOI-PEP-01-UL,1260801027000,126080102700002058,TRUE
2026-08-04 01:33:07.731,WIR-Pretreatment-01-L,1260714001003,126071400100358605,TRUE
2026-08-04 01:33:02.122,CPP-Patternplating-01-UL,1260711011000,126072501100400100,TRUE
2026-08-04 01:33:01.794,CPP-Patternplating-01-L,1260619001010,12606190010001C206,TRUE
2026-08-04 01:32:59.894,LIN-OUTTRE-01-UL,1260710007000,126063031800001078,TRUE
2026-08-04 01:32:37.830,ELC-PUL-02-UL,1260626078030,126062607800001042,TRUE
2026-08-04 01:33:34.588,AOI-PEP-01-UL,1260801027000,126080102700002062,TRUE
2026-08-04 01:33:23.911,SMK-TUN-01-UL,1260630300000,126070803400001012,TRUE
2026-08-04 01:33:34.963,AOI-PEP-01-L,1260801022000,126080102700002066,TRUE
2026-08-04 01:33:21.625,ELC-PUL-01-L,1260630342000,126063034200001039,TRUE
2026-08-04 01:32:59.894,LIN-OUTTRE-01-UL,1260710007000,126063031800001078,TRUE
2026-08-04 01:34:03.406,GLD-Pretreatment-01-L,2260523331010,22605233310001C103,TRUE
2026-08-04 01:33:57.513,AOI-PEP-01-L,1260801022000,126080102700002070,TRUE
2026-08-04 01:34:00.247,WIR-Decoatbake-01-UL,1260630180010,12606301800003A169,TRUE
2026-08-04 01:33:57.247,AOI-PEP-01-UL,1260801027000,126080102700002066,TRUE
2026-08-04 01:33:56.372,CPP-Patternplating-01-L,1260619001010,12606190010001C205,TRUE
2026-08-04 01:33:52.763,CPP-Patternplating-01-UL,1260711011000,12606190010001C207,TRUE
2026-08-04 01:33:51.999,GLD-IR-01-L,,126070804000001072,TRUE
2026-08-04 01:33:47.819,SMK-TUN-01-UL,1260630300000,126070803400001014,TRUE
2026-08-04 01:33:47.302,ELC-PUL-02-UL,1260626078030,126062607800001065,TRUE
2026-08-04 01:33:44.216,WIR-Pretreatment-01-L,1260714001003,126071400100358609,TRUE
2026-08-04 01:28:50.502,LIN-INNTRE-02-UL-2,,126080109800012077,TRUE
2026-08-04 01:34:19.860,AOI-PEP-01-L,1260801022000,126080102700002074,TRUE
2026-08-04 01:34:19.766,AOI-PEP-01-UL,1260801027000,126080102700002070,TRUE
2026-08-04 01:34:17.238,ELC-PUL-01-L,1260630342000,126063034200001048,TRUE
2026-08-04 01:34:00.247,WIR-Decoatbake-01-UL,1260630180010,12606301800003A169,TRUE
2026-08-04 01:34:42.766,AOI-PEP-01-L,1260801022000,126080102700002078,TRUE
2026-08-04 01:34:42.328,AOI-PEP-01-UL,1260801027000,126080102700002074,TRUE
2026-08-04 01:34:41.351,ELC-PUL-02-UL,1260626078030,126062607800001034,TRUE
2026-08-04 01:34:29.782,GLD-Pretreatment-01-L,2260523331010,22605233310001C200,TRUE
2026-08-04 01:34:28.383,SMK-TUN-01-UL,1260630300000,126070803400001068,TRUE
2026-08-04 01:34:27.774,GLD-IR-01-L,,126070804000001019,TRUE
2026-08-04 01:34:25.063,WIR-Pretreatment-01-L,1260714001003,126071400100358621,TRUE
2026-08-04 01:35:06.063,GLD-Pretreatment-01-L,2260523331010,22605233310001C230,TRUE
2026-08-04 01:35:05.432,GLD-IR-01-L,,126070804000001060,TRUE
2026-08-04 01:35:05.049,AOI-PEP-01-UL,1260801027000,126080102700002078,TRUE
2026-08-04 01:35:02.928,ELC-PUL-01-UL,1260721066000,126072106600001038,TRUE
2026-08-04 01:35:03.270,WIR-Pretreatment-01-L,1260714001003,126071400100358615,TRUE
2026-08-04 01:35:00.962,ELC-PUL-02-UL,1260626078030,126062607800001077,TRUE
2026-08-04 01:35:05.052,AOI-PEP-01-L,1260801022000,126080102700002001,TRUE
2026-08-04 01:34:49.862,CPP-Patternplating-01-L,1260619001010,12606190010001C210,TRUE
2026-08-04 01:34:54.227,SMK-TUN-01-UL,1260630300000,126070803400001074,TRUE
2026-08-04 01:34:44.971,WIR-Decoatbake-01-UL,1260630180010,12606301800003A173,TRUE
2026-08-04 01:34:47.627,CPP-Patternplating-01-UL,1260711011000,12606190010001C208,TRUE
2026-08-04 01:35:16.344,AOI-PEP-01-UL,1260801027000,126080102700002080,TRUE
2026-08-04 01:35:16.281,AOI-PEP-01-L,1260801022000,126080102700002003,TRUE
2026-08-04 01:35:14.351,ELC-PUL-01-L,1260630342000,126063034200001052,TRUE
2026-08-04 00:53:24.184,LAM-BOP-02-UL,1260731017000,126073101700012015,TRUE
2026-08-04 01:35:35.152,SMK-TUN-01-UL,1260630300000,126070803400001064,TRUE
2026-08-04 01:35:29.958,WIR-Decoatbake-01-UL,1260630180010,12606301800003A170,TRUE
2026-08-04 01:35:27.736,AOI-PEP-01-UL,1260801027000,126080102700002001,TRUE
2026-08-04 01:35:27.689,AOI-PEP-01-L,1260801022000,126080102700002005,TRUE
2026-08-04 01:35:19.307,ELC-PUL-02-UL,1260626078030,126062607800001059,TRUE
2026-08-04 01:35:50.580,AOI-PEP-01-L,1260801022000,126080102700002019,TRUE
2026-08-04 01:35:50.034,AOI-PEP-01-UL,1260801027000,126080102700002005,TRUE
2026-08-04 01:35:43.068,CPP-Patternplating-01-L,1260619001010,12606190010001C198,TRUE
2026-08-04 01:35:42.485,GLD-Pretreatment-01-L,2260523331010,22605233310001C225,TRUE
2026-08-04 01:35:41.927,WIR-Pretreatment-01-L,1260714001003,126071400100358619,TRUE
2026-08-04 01:35:40.224,CPP-Patternplating-01-UL,1260711011000,12606190010001C089,TRUE
2026-08-04 01:35:39.201,ELC-PUL-02-UL,1260626078030,126062607800001072,TRUE
2026-08-04 01:35:39.450,GLD-IR-01-L,,126070804000001049,TRUE
2026-08-04 01:35:14.351,ELC-PUL-01-L,1260630342000,126063034200001052,TRUE
2026-08-04 01:36:12.701,AOI-PEP-01-L,1260801022000,126080102700002017,TRUE
2026-08-04 01:36:08.542,ELC-PUL-01-L,1260630342000,126063034200001027,TRUE
2026-08-04 01:36:01.690,AOI-PEP-01-UL,1260801027000,126080102700002007,TRUE
2026-08-04 01:35:58.103,ELC-PUL-01-UL,1260721066000,126072106600001037,TRUE
2026-08-04 01:35:57.967,SMK-TUN-01-UL,1260630300000,126070803400001037,TRUE
2026-08-04 01:35:56.468,ELC-PUL-02-UL,1260626078030,126062607800001043,TRUE
2026-08-04 01:35:40.224,CPP-Patternplating-01-UL,1260711011000,12606190010001C089,TRUE
2026-08-04 01:36:36.616,CPP-Patternplating-01-L,1260619001010,12606190010001C199,TRUE
2026-08-04 01:36:36.095,AOI-PEP-01-L,1260801022000,126080102700002013,TRUE
2026-08-04 01:36:35.658,AOI-PEP-01-UL,1260801027000,126080102700002017,TRUE
2026-08-04 01:36:34.390,ELC-PUL-02-UL,1260626078030,126062607800001075,TRUE
2026-08-04 01:36:20.225,WIR-Pretreatment-01-L,1260714001003,126071400100358603,TRUE
2026-08-04 01:36:18.439,GLD-Pretreatment-01-L,2260523331010,22605233310001C221,TRUE
2026-08-04 01:36:15.100,WIR-Decoatbake-01-UL,1260630180010,12606301800003A168,TRUE
2026-08-04 01:36:14.392,GLD-IR-01-L,,126070804000001015,TRUE
2026-08-04 01:36:34.428,CPP-Patternplating-01-UL,1260711011000,12606190010001C110,TRUE
2026-08-04 01:36:08.542,ELC-PUL-01-L,1260630342000,126063034200001027,TRUE
2026-08-04 01:28:07.048,GLD-RinseENEPIG-01-UL,,22605280750001C080,TRUE
2026-08-04 01:36:54.409,GLD-Pretreatment-01-L,2260523331010,22605233310001C224,TRUE
2026-08-04 01:36:53.605,ELC-PUL-01-UL,1260721066000,126072106600001053,TRUE
2026-08-04 01:36:52.938,ELC-PUL-02-UL,1260626078030,126062607800001032,TRUE
2026-08-04 01:36:50.553,GLD-IR-01-L,,126070804000001017,TRUE
2026-08-04 01:36:46.971,AOI-PEP-01-L,1260801022000,126080102700002015,TRUE
2026-08-04 01:36:40.753,SMK-TUN-01-UL,1260630300000,126070803400001042,TRUE
2026-08-04 01:36:46.596,AOI-PEP-01-UL,1260801027000,126080102700002021,TRUE
2026-08-04 01:37:06.608,LIN-OUTTRE-01-UL,1260710007000,126063031800001019,TRUE
2026-08-04 01:37:05.551,SMK-TUN-01-UL,1260630300000,126070803400001009,TRUE
2026-08-04 01:37:04.355,ELC-PUL-01-L,1260630342000,126063034200001001,TRUE
2026-08-04 01:37:00.309,WIR-Decoatbake-01-UL,1260630180010,12606301800003A155,TRUE
2026-08-04 01:36:59.153,WIR-Pretreatment-01-L,1260714001003,126071400100358624,TRUE
2026-08-04 01:36:58.409,AOI-PEP-01-L,1260801022000,126080102700002025,TRUE
2026-08-04 01:36:57.877,AOI-PEP-01-UL,1260801027000,126080102700002013,TRUE
2026-08-04 01:37:25.274,GLD-IR-01-L,,126070804000001062,TRUE
2026-08-04 01:37:20.868,AOI-PEP-01-UL,1260801027000,126080102700002025,TRUE
2026-08-04 01:37:11.481,ELC-PUL-02-UL,1260626078030,126062607800001062,TRUE
2026-08-04 01:37:04.355,ELC-PUL-01-L,1260630342000,126063034200001001,TRUE
2026-08-04 01:37:20.884,AOI-PEP-01-L,1260801022000,126080102700002029,TRUE
2026-08-04 01:37:00.309,WIR-Decoatbake-01-UL,1260630180010,12606301800003A155,TRUE
2026-08-04 00:53:24.184,LAM-BOP-02-UL,1260731017000,126073101700012015,TRUE
2026-08-04 01:37:37.765,WIR-Pretreatment-01-L,1260714001003,126071400100358607,TRUE
2026-08-04 01:37:32.245,AOI-PEP-01-L,1260801022000,126080102700002031,TRUE
2026-08-04 01:37:31.807,AOI-PEP-01-UL,1260801027000,126080102700002027,TRUE
2026-08-04 01:37:30.431,GLD-Pretreatment-01-L,2260523331010,22605233310001C195,TRUE
2026-08-04 01:37:27.999,CPP-Patternplating-01-UL,1260711011000,12606190010001C111,TRUE
2026-08-04 01:37:06.608,LIN-OUTTRE-01-UL,1260710007000,126063031800001019,TRUE
2026-08-04 01:37:30.374,CPP-Patternplating-01-L,1260619001010,12606190010001C216,TRUE
2026-08-04 01:37:29.919,ELC-PUL-02-UL,1260626078030,126062607800001009,TRUE
2026-08-04 00:53:24.184,LAM-BOP-02-UL,1260731017000,126073101700012015,TRUE
2026-08-04 01:38:00.401,GLD-IR-01-L,,126070804000001011,TRUE
2026-08-04 01:37:59.985,ELC-PUL-01-L,1260630342000,126063034200001049,TRUE
2026-08-04 01:37:54.405,AOI-PEP-01-UL,1260801027000,126080102700002031,TRUE
2026-08-04 01:37:48.609,ELC-PUL-01-UL,1260721066000,126072106600001045,TRUE
2026-08-04 01:37:46.162,SMK-TUN-01-UL,1260630300000,126070803400001062,TRUE
2026-08-04 01:37:55.171,AOI-PEP-01-L,1260801022000,126080102700002009,TRUE
2026-08-04 01:37:48.468,ELC-PUL-02-UL,1260626078030,126062607800001064,TRUE
2026-08-04 01:37:45.250,WIR-Decoatbake-01-UL,1260630180010,12606301800003A156,TRUE
2026-08-04 01:06:57.661,LSR-Debrowning-01-L,1260714071000,126071407100029002,TRUE
2026-08-04 00:29:55.277,SMK-DIX-01-L,1260709025000,126070902500001062,TRUE
2026-08-04 01:38:26.487,ELC-PUL-02-UL,1260626078030,126062607800001005,TRUE
2026-08-04 01:38:23.987,CPP-Patternplating-01-L,1260619001010,12606190010001C215,TRUE
2026-08-04 01:38:21.548,CPP-Patternplating-01-UL,1260711011000,12606190010001C108,TRUE
2026-08-04 01:38:18.282,AOI-PEP-01-UL,1260801027000,126080102700002009,TRUE
2026-08-04 01:38:17.876,LIN-INNLDI-01-L,1260801079000,126080107900010013,TRUE
2026-08-04 01:38:14.454,WIR-Pretreatment-01-L,1260714001003,126071400100358620,TRUE
2026-08-04 01:38:10.961,LIN-OUTTRE-01-UL,1260710007000,126063031800001009,TRUE
2026-08-04 01:38:09.820,SMK-TUN-01-UL,1260707008000,126070803400001016,TRUE
2026-08-04 01:37:59.985,ELC-PUL-01-L,1260630342000,126063034200001049,TRUE
2026-08-04 01:38:07.027,GLD-Pretreatment-01-L,2260523331010,22605233310001C215,TRUE
2026-08-04 01:00:55.289,LIN-INNTRE-01-UL,1260801095000,126080109500006080,TRUE
2026-08-04 01:38:17.579,AOI-PEP-01-L,1260801022000,126080102700002006,TRUE
2026-08-04 00:43:54.941,WIR-LDI-01-UL,,126070700200049122,TRUE
2026-08-04 01:38:37.295,GLD-IR-01-L,,126070804000001033,TRUE
2026-08-04 01:38:34.830,LIN-INNLDI-01-L,1260801079000,126080107900010011,TRUE
2026-08-04 01:38:30.520,AOI-PEP-01-UL,1260801027000,126080102700002036,TRUE
2026-08-04 01:38:30.222,WIR-Decoatbake-01-UL,1260630180010,12606301800003A153,TRUE
2026-08-04 01:38:55.693,ELC-PUL-01-L,1260630342000,126063034200001044,TRUE
2026-08-04 01:38:55.134,WIR-Pretreatment-01-L,1260714001003,126071400100358614,TRUE
2026-08-04 01:38:53.166,SMK-TUN-01-UL,1260707008000,126070803400001059,TRUE
2026-08-04 01:38:51.710,LIN-INNLDI-01-L,1260801079000,126080107900010009,TRUE
2026-08-04 01:38:45.086,ELC-PUL-02-UL,1260626078030,126062607800001060,TRUE
2026-08-04 01:38:42.923,GLD-Pretreatment-01-L,2260523331010,22605233310001C074,TRUE
2026-08-04 01:38:42.709,ELC-PUL-01-UL,1260721066000,126072106600001049,TRUE
2026-08-04 01:38:40.801,AOI-PEP-01-UL,1260801027000,126080102700002006,TRUE
2026-08-04 01:00:55.289,LIN-INNTRE-01-UL,1260801095000,126080109500006080,TRUE
2026-08-04 01:39:04.104,ELC-PUL-02-UL,1260626078030,126062607800001033,TRUE
2026-08-04 01:39:07.708,LIN-INNLDI-01-L,1260801079000,126080107900010007,TRUE
2026-08-04 01:38:55.693,ELC-PUL-01-L,1260630342000,126063034200001044,TRUE
2026-08-04 00:53:41.990,SMK-SPR-01-L,1260708052000,126070805200001068,TRUE
2026-08-04 01:39:31.506,LIN-INNLDI-01-L,1260801079000,126080107900010013,TRUE
2026-08-04 01:39:33.839,WIR-Pretreatment-01-L,1260714001003,126071400100358612,TRUE
2026-08-04 01:39:22.652,ELC-PUL-02-UL,1260626078030,126062607800001067,TRUE
2026-08-04 01:39:19.487,GLD-Pretreatment-01-L,2260523331010,22605233310001C065,TRUE
2026-08-04 01:39:17.932,CPP-Patternplating-01-L,1260619001010,12606190010001C217,TRUE
2026-08-04 01:39:16.965,SMK-TUN-01-UL,1260707008000,126070803400001030,TRUE
2026-08-04 01:39:15.275,WIR-Decoatbake-01-UL,1260630180010,12606301800003A151,TRUE
2026-08-04 01:39:16.181,CPP-Patternplating-01-UL,1260711011000,12606190010001C109,TRUE
2026-08-04 01:39:15.244,LIN-OUTTRE-01-UL,1260710007000,126063031800001032,TRUE
2026-08-04 01:39:14.064,GLD-IR-01-L,,126070804000001020,TRUE
2026-08-04 01:38:17.579,AOI-PEP-01-L,1260801022000,126080102700002006,TRUE
2026-08-04 01:08:24.795,WIR-Decoatbake-01-L,1260702011000,12607020110003A132,TRUE
2026-08-04 01:39:50.991,LIN-INNLDI-01-L,1260801079000,126080107900010011,TRUE
2026-08-04 01:39:51.495,ELC-PUL-01-L,1260630342000,126063034200001014,TRUE
2026-08-04 01:39:50.201,SMK-SPR-01-L,1260708052000,0,TRUE
2026-08-04 01:39:48.443,GLD-IR-01-L,,126070804000001005,TRUE
2026-08-04 01:39:40.667,ELC-PUL-01-UL,1260721066000,126072106600001069,TRUE
2026-08-04 01:39:16.965,SMK-TUN-01-UL,1260707008000,126070803400001030,TRUE
2026-08-04 01:40:02.272,LIN-INNLDI-01-L,1260801079000,126080107900010001,TRUE
2026-08-04 01:40:00.030,WIR-Decoatbake-01-UL,1260630180010,12606301800003A154,TRUE
2026-08-04 01:39:55.580,GLD-Pretreatment-01-L,2260523331010,22605233310001C071,TRUE
2026-08-04 01:39:55.436,SMK-TUN-01-UL,1260707008000,126070803400001039,TRUE
2026-08-04 01:39:51.495,ELC-PUL-01-L,1260630342000,126063034200001014,TRUE
2026-08-04 01:40:21.595,SMK-TUN-01-UL,1260707008000,126070803400001025,TRUE
2026-08-04 01:40:19.814,LIN-OUTTRE-01-UL,1260710007000,126063031800001034,TRUE
2026-08-04 01:40:17.204,LIN-OUTDES-01-UL,1260709031020,126062013900001047,TRUE
2026-08-04 01:40:16.226,LIN-INNLDI-01-L,1260801079000,126080107900010047,TRUE
2026-08-04 01:40:12.141,WIR-Pretreatment-01-L,1260714001003,126071400100358610,TRUE
2026-08-04 01:40:11.453,CPP-Patternplating-01-L,1260619001010,12606190010001C218,TRUE
2026-08-04 01:40:09.656,CPP-Patternplating-01-UL,1260711011000,12606190010001C106,TRUE
2026-08-04 01:40:36.649,LIN-INNLDI-01-L,1260801079000,126080107900010045,TRUE
2026-08-04 01:40:34.686,ELC-PUL-01-UL,1260721066000,126072106600001029,TRUE
2026-08-04 01:40:31.379,GLD-Pretreatment-01-L,2260523331010,22605233310001C076,TRUE
2026-08-04 01:40:24.910,GLD-IR-01-L,,126070804000001080,TRUE
2026-08-04 01:40:23.893,GLD-Pretreatment-01-UL,2260523331010,22605233310001C103,TRUE
2026-08-04 01:40:22.893,SMK-SPR-01-L,1260708052000,126070805200001072/0,TRUE
2026-08-04 00:57:39.364,ELC-TRE-01-UL,1260720086000,126072008600001027,TRUE
2026-08-04 00:34:19.627,ELC-RED-01-L,1260706054020,126070605400001036,TRUE
2026-08-04 01:41:02.955,CPP-Patternplating-01-UL,1260711011000,12606190010001C115,TRUE
2026-08-04 01:41:02.758,SMK-TUN-01-UL,1260707008000,126070803400001018,TRUE
2026-08-04 01:41:01.153,LIN-INNLDI-01-L,1260801079000,126080107900010003,TRUE
2026-08-04 01:41:00.240,GLD-IR-01-L,,126070804000001028,TRUE
2026-08-04 01:41:00.208,GLD-Pretreatment-01-UL,2260523331010,22605233310001C200,TRUE
2026-08-04 01:40:55.521,SMK-SPR-01-L,1260708052000,126070805200001046/0,TRUE
2026-08-04 01:40:50.674,WIR-Pretreatment-01-L,1260714001003,126071400100358608,TRUE
2026-08-04 01:40:47.254,ELC-PUL-01-L,1260630342000,126063034200001022,TRUE
2026-08-04 01:40:45.204,WIR-Decoatbake-01-UL,1260630180010,12606301800003A162,TRUE
2026-08-04 01:41:25.579,LIN-INNLDI-01-L,1260801079000,126080107900010039,TRUE
2026-08-04 01:41:24.020,LIN-OUTTRE-01-UL,1260710007000,126063031800001045,TRUE
2026-08-04 01:41:07.865,GLD-Pretreatment-01-L,2260523331010,22605233310001C109,TRUE
2026-08-04 01:41:05.252,CPP-Patternplating-01-L,1260619001010,12606190010001C219,TRUE
2026-08-04 01:30:03.975,WIR-Pretreatment-01-UL,1260714001003,Error_202608040830039759,FALSE
2026-08-04 02:10:35.505,CPP-Patternplating-01-UL,1260711011000,12606190010001C075,TRUE
2026-08-04 02:10:34.660,WIR-LDI-01-L,,126071400100058053,TRUE
2026-08-04 02:10:33.445,ELC-INS-01-L,1260715060000,126071506000001065,TRUE
2026-08-04 02:10:31.453,GLD-Pretreatment-01-UL,2260523331010,22605233310002B128,TRUE
2026-08-04 02:10:21.884,GLD-IR-01-L,,126070804000001052,TRUE
2026-08-04 02:10:21.794,LIN-INNTRE-01-UL,1260801096000,126080109600008023,TRUE
2026-08-04 02:10:30.198,GLD-IR-01-UL,,Error_202608040910301984,FALSE
2026-08-04 02:10:24.693,ELC-TRE-01-UL,1260711024020,126071102400001019,TRUE
2026-08-04 02:10:19.124,ELC-PUL-01-UL,1260721066000,126072106600001080,TRUE
2026-08-04 02:10:21.554,ELC-INS-01-UL,1260715060000,126071506000001048,TRUE
2026-08-04 02:10:21.790,LIN-OUTTRE-01-UL,1260710007000,126063031800001054,TRUE
2026-08-04 02:10:20.848,WIR-Vdevelop-01-L,1260618003000,12606180030001C067,TRUE
2026-08-04 02:10:12.783,SMK-SPR-01-L,1260708064000,126070806400001016,TRUE
2026-08-04 02:10:13.844,GLD-Pretreatment-01-L,2260523331010,22605233310002B024,TRUE
2026-08-04 02:10:11.174,SUR-FLM-01-UL,,12606040020001C115,TRUE
2026-08-04 02:10:11.001,WIR-Vdevelop-01-UL,1260618003000,"12606180030001C084,BC",TRUE
2026-08-04 02:09:58.595,SMK-DIX-01-L,1260710031000,126071003100001045,TRUE
2026-08-04 02:10:08.379,GLD-RinseENEPIG-01-UL,,22605280750001C120,TRUE
2026-08-04 02:10:05.700,ELC-PUL-01-L,1260630342000,126063034200001010,TRUE
2026-08-04 02:09:54.671,CPP-Patternplating-01-L,1260710001000,126072501100400067,TRUE
2026-08-04 02:07:51.838,LAM-BOP-02-L,1260731017000,126073100100100335,TRUE
2026-08-04 02:09:14.968,WIR-LDI-01-UL,,126071400100058029,TRUE
2026-08-04 02:08:26.982,WIR-Pretreatment-01-L,1260606004000,12606060040001C091,TRUE
2026-08-04 02:09:16.159,ELC-TRE-01-L,1260711024020,126071102400001062,TRUE
2026-08-04 02:03:06.551,WIR-Decoatbake-01-UL,1260630180010,12606301800003A157,TRUE
2026-08-04 02:04:19.152,AOI-PEP-01-UL,1260801025000,Error_202608040904191527,FALSE
2026-08-04 02:03:47.788,AOI-PEP-01-L,1260801025000,126080102500010001,TRUE
2026-08-04 02:05:24.655,LIN-INNLDI-01-L,1260801079000,126080107900010054,TRUE
2026-08-04 02:00:37.073,LSR-Debrowning-01-UL,1260714071000,126070300300400076,TRUE
2026-08-04 02:00:49.871,LSR-Debrowning-01-L,1260714071000,Error_202608040900498718,FALSE
2026-08-04 01:58:58.693,SMK-TUN-01-UL,1260707008000,126070803400001034,TRUE
2026-08-04 01:59:37.904,WIR-Pretreatment-01-UL,1260714001003,126071400100358604,TRUE
2026-08-04 01:31:30.433,CPP-Horizontalplating-01-UL,1260606004010,126072501300400092,TRUE
2026-08-04 01:40:17.204,LIN-OUTDES-01-UL,1260709031020,126062013900001047,TRUE
2026-08-04 01:39:22.652,ELC-PUL-02-UL,1260626078030,126062607800001067,TRUE
2026-08-04 01:28:50.502,LIN-INNTRE-02-UL-2,,126080109800012077,TRUE
2026-08-04 01:27:47.042,LIN-INNTRE-02-UL-1,,Error_202608040827470420,FALSE
2026-08-04 01:08:24.795,WIR-Decoatbake-01-L,1260702011000,12607020110003A132,TRUE
2026-08-04 00:57:46.438,WIR-TrayCleaning-01-L,,,FALSE
2026-08-04 01:01:16.408,LIN-OUTTRE-01-L,1260630318050,126063031800001019,TRUE
2026-08-04 00:53:24.184,LAM-BOP-02-UL,1260731017000,126073101700012015,TRUE
2026-08-04 00:50:31.194,ROU-RIN-01-UL,,Error_202608040750311949,FALSE
2026-08-04 00:55:19.405,ELC-DEP-01-UL,1260630306000,126063030600001043,TRUE
2026-08-04 00:45:37.154,LIN-OUTDES-01-L,1260709031020,126070903100001034,TRUE
2026-08-04 00:34:19.627,ELC-RED-01-L,1260706054020,126070605400001036,TRUE
2026-08-04 00:44:03.020,CPP-Horizontalplating-01-L,1260716011010,126072501300400081,TRUE
2026-08-04 00:40:57.168,SMK-BRU-02-UL,1260709043020,126071106600001073,TRUE
2026-08-04 00:44:08.674,ELC-RED-01-UL,1260706054000,126070605400001036,TRUE
2026-08-04 00:28:26.987,SMK-BRU-02-L,1260711066020,126071106600001073,TRUE
2026-08-04 00:14:00.527,LIN-INNDES-02-UL,,126080105300006006,TRUE
2026-08-04 00:17:30.467,LAM-BOP-01-L,1260730040000,Error_202608040717304676,FALSE
2026-08-04 00:07:06.545,ELC-DEP-01-L,1260630306000,126063030600001043,TRUE
2026-08-04 00:00:50.248,LIN-INNDES-02-L,,126080105300006001,TRUE
2026-08-04 00:05:18.953,ELC-PUL-02-L,1260626078030,126062607800001059,TRUE
2026-08-04 02:10:53.411,SMK-DIX-01-L,1260710031000,126071003100001035,TRUE
2026-08-04 02:10:50.069,AOI-PEP-01-UL,1260801025000,126080102500010001,TRUE
2026-08-04 02:10:47.224,WIR-Vdevelop-01-UL,1260618003000,"12606180030001C081,BD",TRUE
2026-08-04 02:10:48.772,WIR-LDI-01-UL,,126071400100058034,TRUE
2026-08-04 02:10:53.180,ELC-INS-01-L,1260715060000,126071506000001074,TRUE
2026-08-04 02:10:48.491,CPP-Patternplating-01-L,1260710001000,126072501100400023,TRUE
2026-08-04 02:10:49.735,GLD-Pretreatment-01-L,2260523331010,22605233310001C207,TRUE
2026-08-04 02:10:49.896,SMK-SPR-01-L,1260708064000,126070806400001054/0,TRUE
2026-08-04 02:10:40.491,ELC-TRE-01-UL,1260711024020,126071102400001048,TRUE
2026-08-04 02:10:40.204,GLD-RinseENEPIG-01-UL,,22605280750001C089,TRUE
2026-08-04 02:10:39.280,LIN-INNTRE-01-UL,1260801096000,126080109600008024,TRUE
2026-08-04 02:10:41.070,ELC-INS-01-UL,1260715060000,126071506000001057,TRUE
2026-08-04 02:11:13.103,ELC-INS-01-L,1260715060000,126071506000001029,TRUE
2026-08-04 02:11:12.383,ELC-TRE-01-UL,1260711024020,126071102400001033,TRUE
2026-08-04 02:11:05.373,GLD-IR-01-UL,,Error_202608040911053736,FALSE
2026-08-04 02:11:01.583,ELC-PUL-01-L,1260630342000,126063034200001023,TRUE
2026-08-04 02:11:08.490,SMK-SPR-01-L,1260708064000,126070806400001047,TRUE
2026-08-04 02:11:07.455,GLD-Pretreatment-01-UL,2260523331010,22605233310001C226,TRUE
2026-08-04 02:11:03.474,SUR-FLM-01-UL,,12606040020001C072,TRUE
2026-08-04 02:11:06.287,SMK-DIX-01-L,1260710031000,126071003100001010,TRUE
2026-08-04 02:11:01.273,WIR-LDI-01-L,,126071400100058056,TRUE
2026-08-04 02:10:56.585,WIR-Vdevelop-01-L,1260618003000,12606180030001C077,TRUE
2026-08-04 02:11:00.993,ELC-INS-01-UL,1260715060000,126071506000001021,TRUE
2026-08-04 02:10:58.128,LIN-INNTRE-01-UL,1260801096000,126080109600008025,TRUE
2026-08-04 02:10:55.022,LIN-OUTTRE-01-UL,1260710007000,126063031800001050,TRUE
2026-08-04 02:10:56.497,GLD-IR-01-L,,126070804000001054,TRUE
2026-08-04 02:10:49.735,GLD-Pretreatment-01-L,2260523331010,22605233310001C207,TRUE
2026-08-04 02:11:32.477,WIR-Vdevelop-01-L,1260618003000,12606180030001C078,TRUE
2026-08-04 02:11:32.839,ELC-INS-01-L,1260715060000,126071506000001009,TRUE
2026-08-04 02:11:32.474,LIN-INNTRE-01-UL,1260801096000,126080109600008027,TRUE
2026-08-04 02:11:31.049,LIN-OUTTRE-01-UL,1260710007000,126063031800001056,TRUE
2026-08-04 02:11:29.305,WIR-LDI-01-L,,126071400100058005,TRUE
2026-08-04 02:11:33.765,GLD-IR-01-L,,126070804000001002,TRUE
2026-08-04 02:11:29.040,CPP-Patternplating-01-UL,1260711011000,12606190010001C076,TRUE
2026-08-04 02:11:24.631,SMK-SPR-01-L,1260708064000,126070806400001064/0,TRUE
2026-08-04 02:11:26.471,GLD-Pretreatment-01-L,2260523331010,22605233310001C187,TRUE
2026-08-04 02:11:29.056,ELC-TRE-01-UL,1260711024020,126071102400001028,TRUE
2026-08-04 02:11:21.495,ELC-INS-01-UL,1260715060000,126071506000001012,TRUE
2026-08-04 02:11:23.664,WIR-Vdevelop-01-UL,1260618003000,"12606180030001C082,BC",TRUE
2026-08-04 02:11:15.474,ELC-PUL-01-UL,1260721066000,126072106600001078,TRUE
2026-08-04 02:11:18.487,GLD-RinseENEPIG-01-UL,,22605280750001C078,TRUE
2026-08-04 02:11:18.618,WIR-LDI-01-UL,,126071400100058033,TRUE
2026-08-04 02:11:52.716,ELC-INS-01-L,1260715060000,126071506000001051,TRUE
2026-08-04 02:11:50.021,LIN-INNTRE-01-UL,1260801096000,126080109600008028,TRUE
2026-08-04 02:11:54.268,GLD-RinseENEPIG-01-UL,,22605280750001C092,TRUE
2026-08-04 02:11:51.424,LIN-OUTTRE-01-UL,1260710007000,126063031800001041,TRUE
2026-08-04 02:11:49.378,AOI-RESAOI-01-L,1260711066000,126071106600001026,TRUE
2026-08-04 02:11:44.337,ELC-TRE-01-UL,1260711024020,126071102400001080,TRUE
2026-08-04 02:11:43.069,SMK-SPR-01-L,1260708064000,126070806400001045,TRUE
2026-08-04 02:11:42.245,CPP-Patternplating-01-L,1260710001000,126072501100400120,TRUE
2026-08-04 02:11:41.297,GLD-IR-01-UL,,Error_202608040911412976,FALSE
2026-08-04 02:11:41.184,ELC-INS-01-UL,1260715060000,126071506000001065,TRUE
2026-08-04 02:12:12.366,SMK-DIX-01-L,1260710031000,126071003100001032,TRUE
2026-08-04 02:12:10.013,WIR-LDI-01-UL,,126071400100058035,TRUE
2026-08-04 02:12:12.876,ELC-INS-01-L,1260715060000,126071506000001069,TRUE
2026-08-04 02:12:08.680,ELC-PUL-01-UL,1260721066010,126072106600001014,TRUE
2026-08-04 02:12:08.833,GLD-IR-01-L,,126070804000001048,TRUE
2026-08-04 02:12:08.091,WIR-Vdevelop-01-L,1260618003000,12606180030001C075,TRUE
2026-08-04 02:12:09.802,LIN-INNTRE-01-UL,1260801096000,126080109600008029,TRUE
2026-08-04 02:11:58.964,WIR-Vdevelop-01-UL,1260618003000,"12606180030001C079,BC",TRUE
2026-08-04 02:12:10.491,SUR-FLM-01-UL,,12606040020001C070,TRUE
2026-08-04 02:12:01.545,ELC-INS-01-UL,1260715060000,126071506000001074,TRUE
2026-08-04 02:12:02.784,LIN-OUTTRE-01-UL,1260710007000,126063031800001048,TRUE
2026-08-04 02:12:03.581,AOI-RESAOI-01-L,1260711066000,126071106600001025,TRUE
2026-08-04 02:11:55.855,WIR-LDI-01-L,,126071400100058010,TRUE
2026-08-04 02:11:57.195,ELC-PUL-01-L,1260630342000,126063034200001005,TRUE
2026-08-04 02:11:58.944,SMK-SPR-01-L,1260708064000,126070806400001062/0,TRUE
2026-08-04 02:11:58.026,ELC-TRE-01-UL,1260711024020,126071102400001034,TRUE
2026-08-04 02:11:26.471,GLD-Pretreatment-01-L,2260523331010,22605233310001C187,TRUE
2026-08-04 02:12:25.858,WIR-Pretreatment-01-L,1260606004000,12606060040001C092,TRUE
2026-08-04 02:12:22.576,CPP-Patternplating-01-UL,1260711011000,12606190010001C077,TRUE
2026-08-04 02:12:22.011,AOI-RESAOI-01-L,1260711066000,126071106600001024,TRUE
2026-08-04 02:12:24.014,WIR-LDI-01-L,,126071400100058007,TRUE
2026-08-04 02:12:17.270,GLD-IR-01-UL,,Error_202608040912172705,FALSE
2026-08-04 02:12:21.000,ELC-INS-01-UL,1260715060000,126071506000001029,TRUE
2026-08-04 02:12:17.616,SMK-SPR-01-L,1260708064000,126070806400001054,TRUE
2026-08-04 02:12:20.597,GLD-Pretreatment-01-UL,2260523331010,22605233310001C108,TRUE
2026-08-04 02:12:08.091,WIR-Vdevelop-01-L,1260618003000,12606180030001C075,TRUE
2026-08-04 02:12:14.959,LIN-OUTTRE-01-UL,1260710007000,126063031800001024,TRUE
2026-08-04 02:12:14.856,ELC-TRE-01-UL,1260711024020,126071102400001069,TRUE
2026-08-04 02:12:44.570,LIN-INNTRE-01-UL,1260801096000,126080109600008031,TRUE
2026-08-04 02:12:44.658,ELC-TRE-01-UL,1260711024020,126071102400001006,TRUE
2026-08-04 02:12:43.735,WIR-Vdevelop-01-L,1260618003000,12606180030001C076,TRUE
2026-08-04 02:12:44.423,WIR-Pretreatment-01-L,1260606004000,12606060040001C089,TRUE
2026-08-04 02:12:43.709,GLD-IR-01-L,,126070804000001037,TRUE
2026-08-04 02:12:43.423,CPP-Patternplating-01-L,1260710001000,126071000100049009,TRUE
2026-08-04 02:12:40.021,GLD-Pretreatment-01-UL,2260523331010,22605233310001C222,TRUE
2026-08-04 02:12:40.546,ELC-INS-01-UL,1260715060000,126071506000001009,TRUE
2026-08-04 02:12:32.859,ELC-INS-01-L,1260715060000,126071506000001006,TRUE
2026-08-04 02:12:39.766,WIR-LDI-01-UL,,126071400100058052,TRUE
2026-08-04 02:12:33.758,SMK-SPR-01-L,1260708064000,126070806400001065/0,TRUE
2026-08-04 02:12:34.704,WIR-Vdevelop-01-UL,1260618003000,"12606180030001C080,BC",TRUE
2026-08-04 02:12:29.964,AOI-RESAOI-01-UL,1260711066000,126071106600001026,TRUE
2026-08-04 02:12:31.051,GLD-RinseENEPIG-01-UL,,22605280750001C082,TRUE
2026-08-04 02:12:29.199,LIN-OUTTRE-01-UL,1260710007000,126063031800001040,TRUE
2026-08-04 02:13:00.707,ELC-INS-01-UL,1260715060000,126071506000001051,TRUE
2026-08-04 02:13:01.992,LIN-INNTRE-01-UL,1260801096000,126080109600008032,TRUE
2026-08-04 02:13:04.719,ELC-PUL-01-UL,1260721066010,126072106600001043,TRUE
2026-08-04 02:12:52.933,ELC-PUL-01-L,1260630342000,126063034200001006,TRUE
2026-08-04 02:13:00.472,ELC-TRE-01-UL,1260711024020,126071102400001062,TRUE
2026-08-04 02:12:50.955,WIR-LDI-01-L,,126071400100058008,TRUE
2026-08-04 02:03:47.788,AOI-PEP-01-L,1260801025000,126080102500010001,TRUE
2026-08-04 02:12:56.165,SUR-FLM-01-UL,,12606040020001C090,TRUE
2026-08-04 02:12:52.797,ELC-INS-01-L,1260715060000,126071506000001072,TRUE
2026-08-04 02:12:53.122,AOI-RESAOI-01-UL,1260711066000,126071106600001025,TRUE
2026-08-04 02:12:52.430,GLD-IR-01-UL,,Error_202608040912524309,FALSE
2026-08-04 02:12:44.887,AOI-RESAOI-01-L,1260711066000,126071106600001031,TRUE
2026-08-04 02:13:23.033,WIR-Pretreatment-01-L,1260606004000,12606060040001C090,TRUE
2026-08-04 02:13:22.478,LIN-INNTRE-01-UL,1260801096000,126080109600008033,TRUE
2026-08-04 02:13:20.121,SMK-DIX-01-L,1260710031000,126071003100001067,TRUE
2026-08-04 02:13:20.832,ELC-INS-01-UL,1260715060000,126071506000001069,TRUE
2026-08-04 02:13:18.233,GLD-IR-01-L,,126070804000001029,TRUE
2026-08-04 02:13:19.017,CPP-Patternplating-01-L,1260710001000,126071000100049051,TRUE
2026-08-04 02:13:17.673,WIR-LDI-01-L,,126071400100058009,TRUE
2026-08-04 02:13:19.658,WIR-Vdevelop-01-L,1260618003000,12606180030001C062,TRUE
2026-08-04 02:13:16.220,CPP-Patternplating-01-UL,1260711011000,12606190010001C078,TRUE
2026-08-04 02:13:10.814,WIR-Vdevelop-01-UL,1260618003000,"12606180030001C087,BC",TRUE
2026-08-04 02:13:12.426,ELC-INS-01-L,1260715060000,126071506000001076,TRUE
2026-08-04 02:13:16.169,AOI-RESAOI-01-UL,1260711066000,126071106600001024,TRUE
2026-08-04 02:13:09.553,GLD-Pretreatment-01-UL,2260523331010,22605233310001C085,TRUE
2026-08-04 02:13:09.673,WIR-LDI-01-UL,,126071400100058054,TRUE
2026-08-04 02:13:07.716,AOI-RESAOI-01-L,1260711066000,126071106600001014,TRUE
2026-08-04 02:13:08.335,GLD-RinseENEPIG-01-UL,,22605280750001C098,TRUE
2026-08-04 01:31:30.433,CPP-Horizontalplating-01-UL,1260606004010,126072501300400092,TRUE
2026-08-04 02:13:00.472,ELC-TRE-01-UL,1260711024020,126071102400001062,TRUE
2026-08-04 02:03:47.788,AOI-PEP-01-L,1260801025000,126080102500010001,TRUE
2026-08-04 02:13:41.099,ELC-INS-01-UL,1260715060000,126071506000001006,TRUE
2026-08-04 02:13:44.111,WIR-LDI-01-L,,126071400100058012,TRUE
2026-08-04 02:13:44.526,GLD-RinseENEPIG-01-UL,,22605280750001C093,TRUE
2026-08-04 02:13:40.478,LIN-INNTRE-01-UL,1260801096000,126080109600008034,TRUE
2026-08-04 02:13:39.030,AOI-RESAOI-01-UL,1260711066000,126071106600001031,TRUE
2026-08-04 02:13:31.608,LIN-OUTTRE-01-UL,1260710007000,126063031800001007,TRUE
2026-08-04 02:13:39.544,SUR-FLM-01-UL,,12606040020001C113,TRUE
2026-08-04 02:13:32.755,ELC-INS-01-L,1260715060000,126071506000001041,TRUE
2026-08-04 02:13:30.671,AOI-RESAOI-01-L,1260711066000,126071106600001063,TRUE
2026-08-04 02:13:26.361,GLD-IR-01-UL,,Error_202608040913263612,FALSE
2026-08-04 02:13:53.765,AOI-RESAOI-01-L,1260711066000,126071106600001049,TRUE
2026-08-04 02:13:54.218,LIN-OUTTRE-01-UL,1260710007000,126063031800001066,TRUE
2026-08-04 02:13:55.096,WIR-Vdevelop-01-L,1260618003000,12606180030001C110,TRUE
2026-08-04 02:13:53.488,GLD-IR-01-L,,126070804000001008,TRUE
2026-08-04 02:13:46.783,WIR-Vdevelop-01-UL,1260618003000,"12606180030001C088,BC",TRUE
2026-08-04 02:13:52.708,ELC-INS-01-L,1260715060000,126071506000001024,TRUE
2026-08-04 02:13:48.718,ELC-PUL-01-L,1260630342000,126063034200001002,TRUE
2026-08-04 02:14:16.642,AOI-RESAOI-01-L,1260711066000,126071106600001012,TRUE
2026-08-04 02:14:14.907,LIN-OUTTRE-01-UL,1260710007000,126063031800001013,TRUE
2026-08-04 02:14:16.982,LIN-INNTRE-01-UL,1260801096000,126080109600008036,TRUE
2026-08-04 02:14:14.998,SMK-SPR-01-L,1260708064000,126070806400001030/0,TRUE
2026-08-04 02:14:14.405,SMK-DIX-01-L,1260710031000,126071003100001017,TRUE
2026-08-04 02:14:12.582,WIR-LDI-01-L,,126071400100058011,TRUE
2026-08-04 02:14:14.885,LSR-Debrowning-01-L,1260704001140,12607040010003A060,TRUE
2026-08-04 02:14:12.988,CPP-Patternplating-01-L,1260710001000,126071000100049042,TRUE
2026-08-04 02:14:02.016,AOI-RESAOI-01-UL,1260711066000,126071106600001014,TRUE
2026-08-04 02:14:12.443,ELC-INS-01-L,1260715060000,126071506000001053,TRUE
2026-08-04 02:14:09.847,CPP-Patternplating-01-UL,1260711011000,12606190010001C069,TRUE
2026-08-04 02:14:01.504,WIR-Pretreatment-01-L,1260606004000,12606060040001C087,TRUE
2026-08-04 02:14:01.238,GLD-IR-01-UL,,Error_202608040914012381,FALSE
2026-08-04 02:14:07.963,GLD-Pretreatment-01-UL,2260523331010,22605233310001C199,TRUE
2026-08-04 02:14:00.998,ELC-PUL-01-UL,1260721066010,126072106600001044,TRUE
2026-08-04 02:14:01.112,WIR-LDI-01-UL,,126071400100058055,TRUE
2026-08-04 02:14:00.395,ELC-INS-01-UL,1260715060000,126071506000001072,TRUE
2026-08-04 02:03:47.788,AOI-PEP-01-L,1260801025000,126080102500010001,TRUE
2026-08-04 02:14:25.750,SMK-DIX-01-L,1260710031000,126071003100001064,TRUE
2026-08-04 02:14:25.034,AOI-RESAOI-01-UL,1260711066000,126071106600001063,TRUE
2026-08-04 02:14:22.864,WIR-Vdevelop-01-UL,1260618003000,"12606180030001C085,BC",TRUE
2026-08-04 02:14:27.797,SUR-FLM-01-UL,,12606040020001C179,TRUE
2026-08-04 02:14:20.257,ELC-INS-01-UL,1260715060000,126071506000001076,TRUE
2026-08-04 01:39:22.652,ELC-PUL-02-UL,1260626078030,126062607800001067,TRUE
2026-08-04 02:14:20.479,GLD-RinseENEPIG-01-UL,,22605280750001C077,TRUE
2026-08-04 02:14:57.156,ELC-PUL-01-UL,1260721066010,126072106600001002,TRUE
2026-08-04 02:14:55.153,GLD-Pretreatment-01-UL,2260523331010,22605233310001C213,TRUE
2026-08-04 02:14:49.707,SMK-SPR-01-L,1260708064000,126070806400001079/0,TRUE
2026-08-04 02:14:52.996,LSR-Debrowning-01-L,1260704001140,12607040010003A058,TRUE
2026-08-04 02:14:57.262,GLD-RinseENEPIG-01-UL,,22605280750001C107,TRUE
2026-08-04 02:14:51.141,LIN-INNTRE-01-UL,1260801096000,126080109600008038,TRUE
2026-08-04 02:14:52.646,WIR-LDI-01-UL,,126071400100058053,TRUE
2026-08-04 02:14:51.823,ELC-INS-01-L,1260715060000,126071506000001018,TRUE
2026-08-04 02:14:40.290,ELC-INS-01-UL,1260715060000,126071506000001041,TRUE
2026-08-04 02:14:40.709,WIR-LDI-01-L,,126071400100058014,TRUE
2026-08-04 02:14:44.608,ELC-PUL-01-L,1260630342000,126063034200001018,TRUE
2026-08-04 02:14:47.991,AOI-RESAOI-01-UL,1260711066000,126071106600001049,TRUE
2026-08-04 02:14:38.053,GLD-IR-01-UL,,Error_202608040914380534,FALSE
2026-08-04 02:14:37.100,LIN-OUTTRE-01-UL,1260710007000,126063031800001047,TRUE
2026-08-04 02:14:31.020,WIR-Vdevelop-01-L,1260618003000,12606180030001C109,TRUE
2026-08-04 02:14:39.741,AOI-RESAOI-01-L,1260711066000,126071106600001071,TRUE
2026-08-04 02:03:47.788,AOI-PEP-01-L,1260801025000,126080102500010001,TRUE
2026-08-04 02:09:16.159,ELC-TRE-01-L,1260711024020,126071102400001062,TRUE
2026-08-04 02:14:30.053,GLD-IR-01-L,,126070804000001036,TRUE
2026-08-04 02:15:11.788,GLD-IR-01-UL,,Error_202608040915117882,FALSE
2026-08-04 02:15:11.038,AOI-RESAOI-01-UL,1260711066000,126071106600001012,TRUE
2026-08-04 02:15:11.496,ELC-INS-01-L,1260715060000,126071506000001010,TRUE
2026-08-04 02:15:11.342,LSR-Debrowning-01-L,1260704001140,12607040010003A057,TRUE
2026-08-04 02:15:07.987,SMK-SPR-01-L,1260708064000,126070806400001065,TRUE
2026-08-04 02:15:08.646,WIR-LDI-01-L,,126071400100058013,TRUE
2026-08-04 02:15:08.752,LIN-INNTRE-01-UL,1260801096000,126080109600008039,TRUE
2026-08-04 02:15:06.912,CPP-Patternplating-01-L,1260710001000,126071000100049038,TRUE
2026-08-04 02:15:03.427,CPP-Patternplating-01-UL,1260711011000,12606190010001C095,TRUE
2026-08-04 02:15:06.630,WIR-Vdevelop-01-L,1260618003000,12606180030001C068,TRUE
2026-08-04 02:15:06.194,GLD-IR-01-L,,126070804000001023,TRUE
2026-08-04 02:15:02.850,AOI-RESAOI-01-L,1260711066000,126071106600001002,TRUE
2026-08-04 02:14:58.380,WIR-Vdevelop-01-UL,1260618003000,"12606180030001C086,BD",TRUE
2026-08-04 02:14:59.745,ELC-INS-01-UL,1260715060000,126071506000001024,TRUE
2026-08-04 02:15:21.191,SMK-DIX-01-L,1260710031000,126071003100001007,TRUE
2026-08-04 02:15:20.075,ELC-INS-01-UL,1260715060000,126071506000001053,TRUE
2026-08-04 02:15:25.632,AOI-RESAOI-01-L,1260711066000,126071106600001030,TRUE
2026-08-04 02:15:24.098,SMK-SPR-01-L,1260708064000,126070806400001022/0,TRUE
2026-08-04 02:15:17.112,SUR-FLM-01-UL,,12606040020001C096,TRUE
2026-08-04 06:06:32.805,LAM-BOP-02-L,1260731055000,126073105500004013,TRUE
2026-08-04 06:06:35.858,WIR-Vdevelop-01-L,1260714001003,126071400100358607,TRUE
2026-08-04 06:06:30.896,GLD-RinseENEPIG-01-UL,,22605233310001C096,TRUE
2026-08-04 06:06:28.800,LIN-INNDES-02-L,,126080105900006076,TRUE
2026-08-04 06:06:25.806,SMK-BRU-01-UL,1260711060020,Error_202608041306258060,FALSE
2026-08-04 06:06:26.944,LAM-BOP-02-UL,1260731055000,126073105500004014,TRUE
2026-08-04 06:06:25.826,LIN-INNTRE-01-UL,1260801119000,126080111900006003,TRUE
2026-08-04 06:06:27.370,GLD-IR-01-UL,,Error_202608041306273702,FALSE
2026-08-04 06:06:17.435,WIR-Vdevelop-01-UL,1260714001003,"126071400100358614,BD",TRUE
2026-08-04 06:06:16.138,WIR-Decoatbake-01-UL,1260703002000,12607030020003A023,TRUE
2026-08-04 06:06:24.709,LIN-OUTDEV-01-UL,1260630330020,126070408500001053,TRUE
2026-08-04 06:06:14.950,CPP-Horizontalplating-01-UL,1260606004010,12606230980002B017,TRUE
2026-08-04 06:05:59.747,SMK-BRU-02-L,1260716017020,126071601700001039,TRUE
2026-08-04 06:05:54.793,CPP-Patternplating-01-L,1260707002000,126070700200049049,TRUE
2026-08-04 06:05:50.761,CPP-Patternplating-01-UL,1260711011000,12606180030001C120,TRUE
2026-08-04 06:06:09.153,WIR-Pretreatment-01-L,1260619002000,12606190020002B011,TRUE
2026-08-04 06:05:50.539,LIN-INNLDI-01-L,1260801093000,126080109300002039,TRUE
2026-08-04 06:05:48.147,AOI-PEP-01-UL,1260801032000,126080103200012059,TRUE
2026-08-04 06:05:42.661,LIN-INNDES-01-L,,Error_202608041305426616,FALSE
2026-08-04 06:05:44.703,LSR-Debrowning-01-UL,1260729063000,126072906300078010,TRUE
2026-08-04 06:05:37.886,WIR-LDI-01-L,,126071601100058031,TRUE
2026-08-04 06:05:29.723,AOI-PEP-01-L,1260801032000,126080103200012059,TRUE
2026-08-04 06:05:13.003,GLD-IR-01-L,,126070700800001043,TRUE
2026-08-04 06:05:07.564,LIN-OUTDEV-01-L,1260704085000,126070408500001031,TRUE
2026-08-04 06:03:27.623,ROU-RIN-01-UL,,Error_202608041303276234,FALSE
2026-08-04 06:04:34.981,ELC-INS-01-UL,1260716023000,126071602300001010,TRUE
2026-08-04 06:02:42.145,ELC-INS-01-L,1260716023000,126071602300001010,TRUE
2026-08-04 06:01:59.561,WIR-Decoatbake-01-L,1260619001000,12606190010001C110,TRUE
2026-08-04 05:59:20.789,LIN-OUTTRE-01-UL,1260710007000,126071005500001058,TRUE
2026-08-04 05:52:29.045,LIN-INNDES-02-UL,,126080106600008080,TRUE
2026-08-04 06:00:43.064,LIN-INNTRE-02-UL-2,,126080111500010027,TRUE
2026-08-04 05:58:39.446,LIN-INNTRE-02-UL-1,,Error_202608041258394469,FALSE
2026-08-04 05:45:26.957,ELC-PUL-01-UL,1260630342000,126063030600001022,TRUE
2026-08-04 05:52:12.378,WIR-DES-01-UL,1260709062110,M0NV0066A200XA-1617,TRUE
2026-08-04 05:50:01.832,LSR-Debrowning-01-L,1260729063000,126072906300078012,TRUE
2026-08-04 05:49:56.190,WIR-SE-01-UL,1260803074010,Error_202608041249561902,FALSE
2026-08-04 05:37:44.395,WIR-SE-01-L,1260803074010,Error_202608041237443953,FALSE
2026-08-04 05:42:54.760,CPP-Horizontalplating-01-L,1260623098000,Error_202608041242547609,FALSE
2026-08-04 05:36:12.774,SMK-BRU-02-UL,1260716017000,126071601700001007,TRUE
2026-08-04 05:38:26.651,WIR-Pretreatment-01-UL,1260716011010,Error_202608041238266519,FALSE
2026-08-04 05:21:40.136,AOI-RESAOI-01-UL,1260711060020,126071106000001076,TRUE
2026-08-04 05:31:41.868,LIN-OUTTRE-01-L,1260710055000,126071005500001017,TRUE
2026-08-04 05:17:24.325,GLD-Pretreatment-01-UL,2260529002000,12607030120001E006,TRUE
2026-08-04 04:58:58.660,WIR-LDI-01-UL,,12606060040001C182,TRUE
2026-08-04 05:31:29.313,WIR-DES-01-L,1260709062120,12607090620001I001,TRUE
2026-08-04 05:10:53.883,GLD-Pretreatment-01-L,1260703012000,12607030120001E006,TRUE
2026-08-04 05:10:04.834,AOI-RESAOI-01-L,1260711060020,126071106000001073,TRUE
2026-08-04 04:45:08.971,SDM-Develop-01-UL,,12606160910001C096,TRUE
2026-08-04 04:35:48.264,LAM-BOP-01-L,1260730041000,126073004100010003,TRUE
2026-08-04 04:27:00.051,SMK-TRE-01-L,1260722003000,126072200300001003,TRUE
2026-08-04 05:07:44.395,ELC-RED-01-UL,1260718173000,Error_202608041207443954,FALSE
2026-08-04 04:34:32.464,SMK-TRE-01-UL,1260722003000,126072200300001003,TRUE
2026-08-04 04:26:20.417,ELC-PUL-01-L,1260630306000,Error_202608041126204171,FALSE
2026-08-04 04:20:06.271,SMK-BRU-01-L,1260711060020,126071106000001036,TRUE
2026-08-04 04:20:59.506,ELC-RED-01-L,1260718173000,12607181730004F057,TRUE
2026-08-04 04:05:26.730,CPP-VCP-01-L,1260723001010,126072700200400114,TRUE
2026-08-04 04:22:02.402,SMK-SPR-01-L,1260709007000,ERROR_202608041122024026,TRUE
2026-08-04 04:02:22.231,LIN-OUTDES-01-UL,1260709031020,126070903100001034,TRUE
2026-08-04 03:56:34.312,LIN-OUTVAP-01-UL,,Error_202608041056343123,FALSE
2026-08-04 03:53:24.894,SDM-DI-01-UL,,12606160910001C098,TRUE
2026-08-04 02:52:28.688,SMK-DIX-01-L,1260710031000,126071003100001023,TRUE
2026-08-04 03:31:23.996,SUR-FLM-01-UL,,126062715200001020,TRUE
2026-08-04 03:48:38.190,SMK-TUN-01-UL,1260708022000,126070804600001068,TRUE
2026-08-04 02:13:00.472,ELC-TRE-01-UL,1260711024020,126071102400001062,TRUE
2026-08-04 00:57:46.438,WIR-TrayCleaning-01-L,,,FALSE
2026-08-04 02:09:16.159,ELC-TRE-01-L,1260711024020,126071102400001062,TRUE
2026-08-04 06:07:12.585,LIN-INNDES-01-UL,,,FALSE
2026-08-04 06:06:53.557,LSR-Debrowning-01-UL,1260729063000,126072906300078011,TRUE
2026-08-04 06:06:52.920,WIR-Vdevelop-01-UL,1260714001003,"126071400100358612,BB",TRUE
2026-08-04 06:06:47.748,WIR-Pretreatment-01-L,1260619002000,12606190020002B012,TRUE
2026-08-04 06:06:48.358,CPP-Patternplating-01-L,1260707002000,126070700200049050,TRUE
2026-08-04 06:06:44.514,CPP-Patternplating-01-UL,1260711011000,12606180030001C103,TRUE
2026-08-04 06:06:45.072,LAM-BOP-02-L,1260731055000,126073105500004011,TRUE
2026-08-04 06:06:42.910,LIN-INNDES-02-L,,126080105900006075,TRUE
2026-08-04 06:06:43.711,LIN-OUTDEV-01-UL,1260630330020,126070408500001010,TRUE
2026-08-04 06:06:39.934,SMK-BRU-01-UL,1260711060020,126071106000001012,TRUE
2026-08-04 06:06:42.217,LIN-INNTRE-01-UL,1260801119000,126080111900006004,TRUE
2026-08-04 06:06:39.571,LAM-BOP-02-UL,1260731055000,126073105500004012,TRUE
2026-08-04 06:06:39.452,SMK-BRU-02-L,1260716017020,Error_202608041306394526,FALSE
2026-08-04 06:06:38.123,WIR-LDI-01-L,,126071601100058034,TRUE
2026-08-04 06:06:38.795,CPP-Horizontalplating-01-UL,1260606004010,12606230980002B020,TRUE
2026-08-04 06:07:11.647,LIN-INNDES-02-L,,126080105900006073,TRUE
2026-08-04 06:07:09.870,LAM-BOP-02-L,1260731055000,126073105500004007,TRUE
2026-08-04 06:07:11.986,WIR-Vdevelop-01-L,1260714001003,126071400100358611,TRUE
2026-08-04 06:07:08.761,LAM-BOP-02-UL,1260731055000,126073105500004010,TRUE
2026-08-04 06:07:05.433,SMK-BRU-01-UL,1260711060020,126071106000001056,TRUE
2026-08-04 06:07:04.839,GLD-RinseENEPIG-01-UL,,22605233310001C086,TRUE
2026-08-04 06:07:04.418,GLD-IR-01-UL,,Error_202608041307044181,FALSE
2026-08-04 06:07:03.766,SMK-BRU-02-L,1260716017020,126071601700001047,TRUE
2026-08-04 06:07:00.516,WIR-Decoatbake-01-UL,1260703002000,12607030020003A035,TRUE
2026-08-04 06:06:59.859,LIN-INNTRE-01-UL,1260801119000,126080111900006005,TRUE
2026-08-04 03:56:34.312,LIN-OUTVAP-01-UL,,Error_202608041056343123,FALSE
2026-08-04 06:07:02.891,CPP-Horizontalplating-01-UL,1260606004010,12606230980002B019,TRUE
2026-08-04 06:07:35.530,LAM-BOP-02-L,1260731055000,126073105500004001,TRUE
2026-08-04 06:07:33.660,SMK-BRU-02-L,1260716017020,126071601700001011,TRUE
2026-08-04 06:07:33.106,SMK-BRU-01-UL,1260711060020,126071106000001033,TRUE
2026-08-04 06:07:32.952,LAM-BOP-02-UL,1260731055000,126073105500004006,TRUE
2026-08-04 06:07:31.441,WIR-LDI-01-L,,126071601100058033,TRUE
2026-08-04 06:07:30.758,LIN-OUTVAP-01-UL,,Error_202608041307307580,FALSE
2026-08-04 06:07:26.269,WIR-Pretreatment-01-L,1260619002000,12606190020002B009,TRUE
2026-08-04 06:07:26.831,WIR-Vdevelop-01-UL,1260714001003,"126071400100358610,BD",TRUE
2026-08-04 06:07:26.242,LIN-INNDES-02-L,,126080105900006072,TRUE
2026-08-04 06:07:26.236,SMK-SPR-01-L,1260611096000,0,TRUE
2026-08-04 06:07:25.940,CPP-Horizontalplating-01-UL,1260606004010,12606230980002B022,TRUE
2026-08-04 06:07:22.558,LIN-OUTDEV-01-UL,1260630330020,126070408500001041,TRUE
2026-08-04 06:07:18.111,LIN-INNTRE-01-UL,1260801119000,126080111900006006,TRUE
2026-08-04 06:05:42.661,LIN-INNDES-01-L,,Error_202608041305426616,FALSE
2026-08-04 04:20:06.271,SMK-BRU-01-L,1260711060020,126071106000001036,TRUE
2026-08-04 06:07:55.050,LIN-INNTRE-01-UL,1260801119000,126080111900006008,TRUE
2026-08-04 06:07:55.041,LIN-INNDES-02-L,,126080105900006070,TRUE
2026-08-04 06:07:53.734,AOI-PEP-01-L,1260801030000,126080103600008075,TRUE
2026-08-04 06:07:49.989,CPP-Horizontalplating-01-UL,1260606004010,12606230980002B021,TRUE
2026-08-04 06:07:48.140,LAM-BOP-02-L,1260731055000,126073105500004080,TRUE
2026-08-04 06:07:47.676,WIR-Vdevelop-01-L,1260714001003,126071400100358613,TRUE
2026-08-04 06:07:46.359,LAM-BOP-02-UL,1260731055000,126073105500004004,TRUE
2026-08-04 06:07:45.348,WIR-Decoatbake-01-UL,1260703002000,12607030020003A059,TRUE
2026-08-04 06:07:43.073,LIN-OUTDEV-01-UL,1260630330020,126070408500001045,TRUE
2026-08-04 06:07:42.484,GLD-IR-01-UL,,Error_202608041307424847,FALSE
2026-08-04 06:07:41.832,CPP-Patternplating-01-L,1260707002000,126070700200049047,TRUE
2026-08-04 06:07:40.608,GLD-RinseENEPIG-01-UL,,22605233310001C205,TRUE
2026-08-04 06:07:38.395,CPP-Patternplating-01-UL,1260711011000,12606180030001C106,TRUE
2026-08-04 06:07:26.831,WIR-Vdevelop-01-UL,1260714001003,"126071400100358610,BD",TRUE
2026-08-04 06:05:42.661,LIN-INNDES-01-L,,Error_202608041305426616,FALSE
2026-08-04 06:04:34.981,ELC-INS-01-UL,1260716023000,126071602300001010,TRUE
2026-08-04 02:09:16.159,ELC-TRE-01-L,1260711024020,126071102400001062,TRUE
2026-08-04 06:08:09.621,LIN-INNDES-02-L,,126080105900006069,TRUE
2026-08-04 06:08:10.802,LAM-BOP-02-UL,1260731055000,126073105500004079,TRUE
2026-08-04 06:08:00.516,LAM-BOP-02-L,1260731055000,126073105500004078,TRUE
2026-08-04 06:08:07.772,WIR-Vdevelop-01-UL,1260714001003,"126071400100358608,BB",TRUE
2026-08-04 06:08:03.134,SMK-BRU-02-L,1260716017020,126071601700001009,TRUE
2026-08-04 06:08:04.709,WIR-Pretreatment-01-L,1260619002000,12606190020002B010,TRUE
2026-08-04 06:07:58.297,LSR-Debrowning-01-UL,1260729063000,126072906300078006,TRUE
2026-08-04 06:08:00.501,SMK-SPR-01-L,1260611096000,12606110960001C182/0,TRUE
2026-08-04 05:49:56.190,WIR-SE-01-UL,1260803074010,Error_202608041249561902,FALSE
2026-08-04 06:07:59.048,SMK-BRU-01-UL,1260711060020,126071106000001002,TRUE
2026-08-04 06:08:02.669,LIN-OUTDEV-01-UL,1260630330020,126070408500001043,TRUE
2026-08-04 06:07:45.348,WIR-Decoatbake-01-UL,1260703002000,12607030020003A059,TRUE
2026-08-04 06:08:25.601,LAM-BOP-02-L,1260731055000,126073105500004055,TRUE
2026-08-04 06:08:24.878,SMK-BRU-01-UL,1260711060020,126071106000001026,TRUE
2026-08-04 06:08:24.435,LIN-INNDES-02-L,,126080105900006068,TRUE
2026-08-04 06:08:23.601,LAM-BOP-02-UL,1260731055000,126073105500004077,TRUE
2026-08-04 06:08:19.569,GLD-IR-01-UL,,Error_202608041308195694,FALSE
2026-08-04 06:08:23.382,WIR-Vdevelop-01-L,1260714001003,126071400100358616,TRUE
2026-08-04 06:08:18.991,WIR-Pretreatment-01-UL,1260619002000,12606190020002B045,TRUE
2026-08-04 06:08:16.268,GLD-RinseENEPIG-01-UL,,22605233310001C236,TRUE
2026-08-04 06:08:14.457,LIN-INNTRE-01-UL,1260801119000,126080111900006009,TRUE
2026-08-04 06:08:13.679,CPP-Horizontalplating-01-UL,1260606004010,12606230980002B024,TRUE
2026-08-04 05:45:26.957,ELC-PUL-01-UL,1260630342000,126063030600001022,TRUE
2026-08-04 06:08:41.218,LIN-OUTDEV-01-UL,1260630330020,126070408500001063,TRUE
2026-08-04 06:08:38.749,LIN-INNDES-02-L,,126080105900006067,TRUE
2026-08-04 06:08:43.227,WIR-Pretreatment-01-L,1260619002000,12606190020002B007,TRUE
2026-08-04 06:08:38.634,LAM-BOP-02-L,1260731055000,126073105500004053,TRUE
2026-08-04 06:08:37.383,CPP-Horizontalplating-01-UL,1260606004010,12606230980002B023,TRUE
2026-08-04 06:08:35.586,CPP-Patternplating-01-L,1260707002000,126070700200049058,TRUE
2026-08-04 06:08:33.987,SMK-SPR-01-L,1260611096000,12606110960001C186/0,TRUE
2026-08-04 06:08:36.071,LAM-BOP-02-UL,1260731055000,126073105500004075,TRUE
2026-08-04 06:08:32.291,SMK-BRU-02-L,1260716017020,126071601700001042,TRUE
2026-08-04 06:08:31.101,WIR-Decoatbake-01-UL,1260703002000,12607030020003A045,TRUE
2026-08-04 06:08:32.039,CPP-Patternplating-01-UL,1260711011000,12606180030001C105,TRUE
2026-08-04 06:08:29.991,LIN-INNTRE-01-UL,1260801119000,126080111900006010,TRUE
2026-08-04 06:08:18.991,WIR-Pretreatment-01-UL,1260619002000,12606190020002B045,TRUE
2026-08-04 06:04:34.981,ELC-INS-01-UL,1260716023000,126071602300001010,TRUE
2026-08-04 06:09:03.760,LAM-BOP-02-L,1260731055000,126073105500004049,TRUE
2026-08-04 06:09:04.885,LIN-INNDES-01-L,,Error_202608041309048852,FALSE
2026-08-04 06:09:01.454,LIN-OUTDEV-01-UL,1260630330020,126070408500001049,TRUE
2026-08-04 06:09:02.322,WIR-Vdevelop-01-L,1260714001003,126071400100358623,TRUE
2026-08-04 06:09:01.243,CPP-Horizontalplating-01-UL,1260606004010,12606230980002B026,TRUE
2026-08-04 06:09:00.760,LAM-BOP-02-UL,1260731055000,126073105500004071,TRUE
2026-08-04 06:08:58.118,WIR-Pretreatment-01-UL,1260619002000,12606190020002B051,TRUE
2026-08-04 06:09:01.237,SMK-BRU-02-L,1260716017020,126071601700001059,TRUE
2026-08-04 06:08:53.586,GLD-IR-01-UL,,Error_202608041308535869,FALSE
2026-08-04 06:08:50.056,LIN-INNTRE-01-UL,1260801119000,126080111900006011,TRUE
2026-08-04 06:08:51.254,SMK-BRU-01-UL,1260711060020,126071106000001015,TRUE
2026-08-04 06:08:53.094,LIN-INNDES-02-L,,126080105900006066,TRUE
2026-08-04 06:08:50.036,GLD-RinseENEPIG-01-UL,,22605233310001C192,TRUE
2026-08-04 06:08:48.868,AOI-PEP-01-L,1260801030000,126080103000008027,TRUE
2026-08-04 06:08:47.765,SMK-SPR-01-L,1260611096000,12606110960001C230,TRUE
2026-08-04 06:08:31.101,WIR-Decoatbake-01-UL,1260703002000,12607030020003A045,TRUE
2026-08-04 06:09:27.228,GLD-IR-01-UL,,Error_202608041309272281,FALSE
2026-08-04 06:09:26.292,LAM-BOP-02-UL,1260731055000,126073105500004057,TRUE
2026-08-04 06:09:25.785,SMK-SPR-01-L,1260611096000,12606110960001C182,TRUE
2026-08-04 06:09:25.120,CPP-Patternplating-01-UL,1260711011000,12606180030001C116,TRUE
2026-08-04 06:09:24.980,CPP-Horizontalplating-01-UL,1260606004010,12606230980002B025,TRUE
2026-08-04 06:09:24.744,LIN-INNTRE-01-UL,1260801119000,126080111900006013,TRUE
2026-08-04 06:09:21.926,LIN-OUTDEV-01-UL,1260630330020,126070408500001026,TRUE
2026-08-04 06:09:22.395,LIN-INNDES-02-L,,126080105900006064,TRUE
2026-08-04 06:09:21.714,WIR-Pretreatment-01-L,1260619002000,12606190020002B008,TRUE
2026-08-04 06:09:20.017,LIN-INNDES-01-L,,Error_202608041309200174,FALSE
2026-08-04 06:09:15.679,SMK-BRU-01-UL,1260711060020,126071106000001053,TRUE
2026-08-04 06:09:16.245,LAM-BOP-02-L,1260731055000,126073105500004047,TRUE
2026-08-04 06:09:15.401,WIR-Decoatbake-01-UL,1260703002000,12607030020003A048,TRUE
2026-08-04 06:09:11.136,WIR-Vdevelop-01-UL,1260714001003,"126071400100358617,BD",TRUE
2026-08-04 06:09:07.072,AOI-PEP-01-UL,1260801030000,126080103000008027,TRUE
2026-08-04 06:08:50.036,GLD-RinseENEPIG-01-UL,,22605233310001C192,TRUE
2026-08-04 06:02:42.145,ELC-INS-01-L,1260716023000,126071602300001010,TRUE
2026-08-04 06:09:06.270,LSR-Debrowning-01-UL,1260729063000,126072906300078012,TRUE
2026-08-04 06:09:47.652,LIN-INNLDI-01-L,1260801093000,126080109300002035,TRUE
2026-08-04 06:09:45.467,WIR-Vdevelop-01-UL,1260714001003,"126071400100358602,BB",TRUE
2026-08-04 06:09:43.762,LIN-INNTRE-01-UL,1260801119000,126080111900006014,TRUE
2026-08-04 06:09:41.404,LAM-BOP-02-L,1260731055000,126073105500004043,TRUE
2026-08-04 06:09:41.272,LIN-OUTDEV-01-UL,1260630330020,126070408500001048,TRUE
2026-08-04 06:09:39.139,LAM-BOP-02-UL,1260731055000,126073105500004059,TRUE
2026-08-04 06:09:37.981,WIR-Vdevelop-01-L,1260714001003,126071400100358601,TRUE
2026-08-04 06:09:40.538,SMK-BRU-01-UL,1260711060020,126071106000001059,TRUE
2026-08-04 06:09:36.646,LIN-INNDES-02-L,,126080105900006063,TRUE
2026-08-04 06:09:30.725,SMK-BRU-02-L,1260716017020,126071601700001014,TRUE
2026-08-04 06:09:35.981,WIR-Pretreatment-01-UL,1260619002000,12606190020002B056,TRUE
2026-08-04 06:09:34.794,LIN-INNDES-01-L,,Error_202608041309347943,FALSE
2026-08-04 06:09:25.120,CPP-Patternplating-01-UL,1260711011000,12606180030001C116,TRUE
2026-08-04 06:05:13.003,GLD-IR-01-L,,126070700800001043,TRUE
2026-08-04 06:09:29.339,CPP-Patternplating-01-L,1260707002000,126070700200049055,TRUE
2026-08-04 06:09:28.223,LIN-OUTVAP-01-UL,,Error_202608041309282233,FALSE
2026-08-04 02:09:16.159,ELC-TRE-01-L,1260711024020,126071102400001062,TRUE
2026-08-04 06:05:07.564,LIN-OUTDEV-01-L,1260704085000,126070408500001031,TRUE
2026-08-04 06:09:57.108,AOI-PEP-01-L,1260801030000,126080103000008024,TRUE
2026-08-04 06:09:54.139,LAM-BOP-02-L,1260731055000,126073105500004041,TRUE
2026-08-04 06:09:51.005,LIN-INNDES-02-L,,126080105900006062,TRUE
2026-08-04 06:09:51.170,LAM-BOP-02-UL,1260731055000,126073105500004067,TRUE
2026-08-04 06:09:49.186,LIN-INNDES-01-L,,Error_202608041309491862,FALSE
2026-08-04 06:09:25.120,CPP-Patternplating-01-UL,1260711011000,12606180030001C116,TRUE
2026-08-04 06:09:48.638,CPP-Horizontalplating-01-UL,1260606004010,12606230980002B028,TRUE
2026-08-04 06:10:16.005,AOI-PEP-01-L,1260801030000,126080103000008022,TRUE
2026-08-04 06:10:16.815,AOI-PEP-01-UL,1260801030000,126080103000008024,TRUE
2026-08-04 06:10:15.612,LAM-BOP-02-UL,1260731055000,126073105500004063,TRUE
2026-08-04 06:10:15.448,ROU-RIN-01-UL,,Error_202608041310154485,FALSE
2026-08-04 06:10:13.592,WIR-Vdevelop-01-L,1260714001003,126071400100358622,TRUE
2026-08-04 06:10:14.092,WIR-Pretreatment-01-UL,1260619002000,12606190020002B059,TRUE
2026-08-04 06:10:11.561,SMK-SPR-01-L,1260611096000,12606110960001C183/0,TRUE
2026-08-04 06:10:12.232,CPP-Horizontalplating-01-UL,1260606004010,126072501300400014,TRUE
2026-08-04 06:10:07.497,LIN-INNLDI-01-L,1260801093000,126080109300002033,TRUE
2026-08-04 06:10:07.034,LAM-BOP-02-L,1260731055000,126073105500004039,TRUE
2026-08-04 06:10:05.590,SMK-BRU-01-UL,1260711060020,126071106000001028,TRUE
2026-08-04 06:10:05.758,LIN-INNDES-02-L,,126080105900006061,TRUE
2026-08-04 06:10:03.859,LIN-INNDES-01-L,,Error_202608041310038595,FALSE
2026-08-04 06:10:01.996,LIN-INNTRE-01-UL,1260801119000,126080111900006015,TRUE
2026-08-04 06:10:05.229,GLD-IR-01-UL,,Error_202608041310052297,FALSE
2026-08-04 06:10:00.586,LIN-OUTDEV-01-UL,1260630330020,126070408500001033,TRUE
2026-08-04 06:10:00.154,WIR-Pretreatment-01-L,1260619002000,12606190020002B005,TRUE
2026-08-04 06:10:00.131,SMK-BRU-02-L,1260716017020,126071601700001074,TRUE
2026-08-04 06:10:00.420,WIR-Decoatbake-01-UL,1260703002000,12607030020003A053,TRUE
2026-08-04 06:10:34.619,LIN-INNDES-02-L,,126080105900006058,TRUE
2026-08-04 06:10:34.434,ROU-RIN-01-UL,,Error_202608041310344346,FALSE
2026-08-04 06:10:33.405,LIN-INNLDI-01-L,1260801093000,126080109300002039,TRUE
2026-08-04 06:10:33.644,LIN-INNDES-01-L,,Error_202608041310336441,FALSE
2026-08-04 06:10:32.237,LAM-BOP-02-L,1260731055000,126073105500004035,TRUE
2026-08-04 06:10:32.015,SMK-SPR-01-L,1260611096000,12606110960001C186,TRUE
2026-08-04 06:10:29.680,SMK-BRU-02-L,1260716017020,126071601700001078,TRUE
2026-08-04 06:10:30.152,SMK-BRU-01-UL,1260711060020,126071106000001006,TRUE
2026-08-04 06:10:28.690,LAM-BOP-02-UL,1260731055000,126073105500004061,TRUE
2026-08-04 06:10:26.394,AOI-PEP-01-UL,1260801030000,126080103000008023,TRUE
2026-08-04 06:10:26.081,AOI-PEP-01-L,1260801030000,126080103000008021,TRUE
2026-08-04 06:10:23.029,CPP-Patternplating-01-L,1260707002000,126070700200049056,TRUE
2026-08-04 06:10:20.492,LIN-OUTDEV-01-UL,1260630330020,126070408500001079,TRUE
2026-08-04 06:10:20.123,WIR-Vdevelop-01-UL,1260714001003,"126071400100358606,BD",TRUE
2026-08-04 06:10:19.373,LIN-INNTRE-01-UL,1260801119000,126080111900006016,TRUE
2026-08-04 06:10:18.920,CPP-Patternplating-01-UL,1260711011000,12606180030001C118,TRUE
2026-08-04 06:10:55.778,ROU-RIN-01-UL,,Error_202608041310557783,FALSE
2026-08-04 06:10:55.173,LIN-INNTRE-01-UL,1260801119000,126080111900006018,TRUE
2026-08-04 06:10:54.688,WIR-Vdevelop-01-UL,1260714001003,"126071400100358604,BD",TRUE
2026-08-04 06:10:53.661,LAM-BOP-02-UL,1260731055000,126073105500004072,TRUE
2026-08-04 06:10:49.406,WIR-Vdevelop-01-L,1260714001003,126071400100358605,TRUE
2026-08-04 06:10:52.970,WIR-Pretreatment-01-UL,1260619002000,12606190020002B060,TRUE
2026-08-04 06:10:49.026,LIN-INNDES-02-L,,126080105900006057,TRUE
2026-08-04 06:10:49.474,AOI-PEP-01-L,1260801030000,126080103000008019,TRUE
2026-08-04 06:10:48.610,SMK-SPR-01-L,1260611096000,12606110960001C198/0,TRUE
2026-08-04 06:10:48.092,LIN-INNLDI-01-L,1260801093000,126080109300002037,TRUE
2026-08-04 06:10:46.192,AOI-PEP-01-UL,1260801030000,126080103000008021,TRUE
2026-08-04 06:10:45.578,WIR-Decoatbake-01-UL,1260703002000,12607030020003A056,TRUE
2026-08-04 06:10:48.427,LIN-INNDES-01-L,,Error_202608041310484271,FALSE
2026-08-04 06:10:44.769,LAM-BOP-02-L,1260731055000,126073105500004033,TRUE
2026-08-04 06:10:43.461,LIN-OUTDEV-01-UL,1260630330020,126070408500001058,TRUE
2026-08-04 06:10:41.497,GLD-IR-01-UL,,Error_202608041310414971,FALSE
2026-08-04 06:10:40.953,WIR-Pretreatment-01-L,1260619002000,12606190020002B006,TRUE
2026-08-04 06:10:35.750,CPP-Horizontalplating-01-UL,1260606004010,126072501300400044,TRUE
2026-08-04 06:11:15.316,LIN-INNTRE-01-UL,1260801119000,126080111900006019,TRUE
2026-08-04 06:11:13.360,CPP-Patternplating-01-UL,1260711011000,12606180030001C117,TRUE
2026-08-04 06:11:13.514,AOI-PEP-01-L,1260801030000,126080103000008017,TRUE
2026-08-04 06:11:13.092,AOI-PEP-01-UL,1260801030000,126080103000008019,TRUE
2026-08-04 06:11:12.875,ROU-RIN-01-UL,,Error_202608041311128751,FALSE
2026-08-04 06:11:10.174,SMK-SPR-01-L,1260611096000,12606110960001C181,TRUE
2026-08-04 06:11:09.999,LAM-BOP-02-L,1260731055000,126073105500004029,TRUE
2026-08-04 06:11:12.150,ELC-TRE-01-L,1260711096020,126071109600001037,TRUE
2026-08-04 06:11:06.157,LIN-INNLDI-01-L,1260801093000,126080109300002035,TRUE
2026-08-04 06:11:03.825,LIN-INNDES-02-L,,126080105900006056,TRUE
2026-08-04 06:11:06.139,LAM-BOP-02-UL,1260731055000,126073105500004070,TRUE
2026-08-04 06:11:02.819,LIN-INNDES-01-L,,Error_202608041311028195,FALSE
2026-08-04 06:10:59.790,LIN-OUTDEV-01-UL,1260630330020,126070408500001054,TRUE
2026-08-04 06:10:57.169,SMK-BRU-01-UL,1260711060020,126071106000001036,TRUE
2026-08-04 06:10:58.978,SMK-BRU-02-L,1260716017020,126071601700001069,TRUE
2026-08-04 06:11:28.777,ELC-TRE-01-L,1260711096020,126071109600001020,TRUE
2026-08-04 06:11:29.173,WIR-Vdevelop-01-UL,1260714001003,"126071400100358609,BD",TRUE
2026-08-04 06:11:26.301,SMK-SPR-01-L,1260611096000,12606110960001C240/0,TRUE
2026-08-04 06:11:25.392,WIR-Vdevelop-01-L,1260714001003,126071400100358618,TRUE
2026-08-04 06:11:23.954,AOI-PEP-01-L,1260801030000,126080103000008016,TRUE
2026-08-04 06:11:25.126,AOI-PEP-01-UL,1260801030000,126080103000008018,TRUE
2026-08-04 06:11:25.142,ROU-RIN-01-UL,,Error_202608041311251421,FALSE
2026-08-04 06:11:23.516,LAM-BOP-02-L,1260731055000,126073105500004027,TRUE
2026-08-04 06:11:23.151,LIN-OUTDEV-01-UL,1260630330020,126070408500001031,TRUE
2026-08-04 06:11:22.033,LIN-INNLDI-01-L,1260801093000,126080109300002033,TRUE
2026-08-04 06:11:18.874,LAM-BOP-02-UL,1260731055000,126073105500004068,TRUE
2026-08-04 06:11:17.731,LIN-INNDES-02-L,,126080105900006055,TRUE
2026-08-04 06:11:21.764,SMK-BRU-01-UL,1260711060020,126071106000001037,TRUE
2026-08-04 06:11:17.685,LIN-OUTVAP-01-UL,,12606130040001C120,TRUE
2026-08-04 06:11:17.345,WIR-Pretreatment-01-L,1260619002000,12606190020002B003,TRUE
2026-08-04 06:11:17.593,LIN-INNDES-01-L,,Error_202608041311175936,FALSE
2026-08-04 06:11:16.751,GLD-IR-01-UL,,Error_202608041311167515,FALSE
2026-08-04 06:05:07.564,LIN-OUTDEV-01-L,1260704085000,126070408500001031,TRUE
2026-08-04 06:11:16.657,CPP-Patternplating-01-L,1260707002000,126070700200049053,TRUE
2026-08-04 06:11:44.470,LAM-BOP-02-UL,1260731055000,126073105500004064,TRUE
2026-08-04 06:11:44.392,AOI-PEP-01-L,1260801030000,126080103000008014,TRUE
2026-08-04 06:11:44.048,AOI-PEP-01-UL,1260801030000,126080103000008016,TRUE
2026-08-04 06:11:43.251,ROU-RIN-01-UL,,Error_202608041311432515,FALSE
2026-08-04 06:11:38.620,SMK-BRU-02-L,1260716017020,Error_202608041311386209,FALSE
2026-08-04 06:11:33.349,LIN-INNTRE-01-UL,1260801119000,126080111900006020,TRUE
2026-08-04 06:11:40.285,LIN-INNLDI-01-L,1260801093000,126080109300002031,TRUE
2026-08-04 06:11:32.611,LIN-INNDES-01-L,,Error_202608041311326111,FALSE
2026-08-04 06:11:31.752,WIR-Pretreatment-01-UL,1260619002000,12606190020002B050,TRUE
2026-08-04 06:11:30.658,WIR-Decoatbake-01-UL,1260703002000,12607030020003A055,TRUE
2026-08-04 06:11:32.264,LIN-INNDES-02-L,,126080105900006054,TRUE
2026-08-04 06:11:23.516,LAM-BOP-02-L,1260731055000,126073105500004027,TRUE
2026-08-04 06:12:04.680,SMK-SPR-01-L,1260611096000,12606110960001C191/0,TRUE
2026-08-04 06:12:04.893,AOI-PEP-01-L,1260801030000,126080103000008012,TRUE
2026-08-04 06:12:06.191,CPP-Patternplating-01-UL,1260711011000,12606180030001C119,TRUE
2026-08-04 06:12:04.612,AOI-PEP-01-UL,1260801030000,126080103000008014,TRUE
2026-08-04 06:12:02.636,SMK-BRU-02-L,1260716017020,126071601700001032,TRUE
2026-08-04 06:12:04.003,WIR-Vdevelop-01-UL,1260714001003,"126071400100358621,BD",TRUE
2026-08-04 06:12:02.752,ROU-RIN-01-UL,,Error_202608041312027525,FALSE
2026-08-04 06:12:02.487,LAM-BOP-02-L,1260731055000,126073105500004025,TRUE
2026-08-04 06:12:01.511,ELC-TRE-01-L,1260711096020,126071109600001038,TRUE
2026-08-04 06:12:01.799,LIN-INNDES-01-L,,Error_202608041312017999,FALSE
2026-08-04 06:12:01.140,LIN-INNDES-02-L,,126080105900006052,TRUE
2026-08-04 06:11:56.831,LAM-BOP-02-UL,1260731055000,126073105500004062,TRUE
2026-08-04 06:11:56.489,LIN-INNLDI-01-L,1260801093000,126080109300002029,TRUE
2026-08-04 06:11:55.768,WIR-Pretreatment-01-L,1260619002000,12606190020002B004,TRUE
2026-08-04 06:11:50.974,LIN-INNTRE-01-UL,1260801119000,126080111900006021,TRUE
2026-08-04 06:11:51.658,GLD-IR-01-UL,,Error_202608041311516587,FALSE
2026-08-04 06:11:50.818,LIN-INNTRE-02-UL-2,,126080111500010029,TRUE
2026-08-04 06:11:49.521,SMK-BRU-01-UL,1260711060020,126071106000001034,TRUE
2026-08-04 06:12:26.816,GLD-IR-01-UL,,Error_202608041312268164,FALSE
2026-08-04 06:12:26.287,SMK-SPR-01-L,1260611096000,12606110960001C198,TRUE
2026-08-04 06:12:25.755,LIN-INNLDI-01-L,1260801093000,126080109300002017,TRUE
2026-08-04 06:12:21.757,LAM-BOP-02-UL,1260731055000,126073105500004056,TRUE
2026-08-04 06:12:25.789,AOI-PEP-01-UL,1260801030000,126080103000008012,TRUE
2026-08-04 06:12:23.571,ROU-RIN-01-UL,,Error_202608041312235718,FALSE
2026-08-04 06:12:17.834,LIN-INNDES-01-L,,Error_202608041312178345,FALSE
2026-08-04 06:12:25.492,AOI-PEP-01-L,1260801030000,126080103000008010,TRUE
2026-08-04 06:12:15.521,LAM-BOP-02-L,1260731055000,126073105500004023,TRUE
2026-08-04 06:12:17.430,SMK-BRU-01-UL,1260711060020,126071106000001045,TRUE
2026-08-04 06:12:15.597,WIR-Decoatbake-01-UL,1260703002000,12607030020003A058,TRUE
2026-08-04 06:12:17.421,ELC-TRE-01-L,1260711096020,126071109600001032,TRUE
2026-08-04 06:12:15.241,LIN-INNTRE-02-UL-2,,126080111500010031,TRUE
2026-08-04 06:12:10.113,WIR-Pretreatment-01-UL,1260619002000,12606190020002B047,TRUE
2026-08-04 06:12:14.438,LIN-INNDES-02-L,,126080105900006051,TRUE
2026-08-04 06:12:10.441,CPP-Patternplating-01-L,1260707002000,126070700200049054,TRUE
2026-08-04 06:12:09.116,LIN-INNTRE-01-UL,1260801119000,126080111900006022,TRUE
2026-08-04 06:11:23.151,LIN-OUTDEV-01-UL,1260630330020,126070408500001031,TRUE
2026-08-04 06:12:43.773,LIN-INNDES-02-L,,126080105900006049,TRUE
2026-08-04 06:12:43.224,WIR-Vdevelop-01-UL,1260714001003,"126071400100358615,BB",TRUE
2026-08-04 06:12:42.838,SMK-BRU-01-UL,1260711060020,126071106000001038,TRUE
2026-08-04 06:12:42.601,SMK-SPR-01-L,1260611096000,12606110960001C190/0,TRUE
2026-08-04 06:12:42.489,ROU-RIN-01-UL,,Error_202608041312424891,FALSE
2026-08-04 06:12:41.256,LIN-INNLDI-01-L,1260801093000,126080109300002015,TRUE
2026-08-04 06:12:39.231,LIN-INNTRE-02-UL-2,,126080111500010033,TRUE
2026-08-04 06:12:35.759,AOI-PEP-01-L,1260801030000,126080103000008009,TRUE
2026-08-04 06:12:35.712,AOI-PEP-01-UL,1260801030000,126080103000008011,TRUE
2026-08-04 06:12:34.286,WIR-Pretreatment-01-L,1260619002000,12606190020002B001,TRUE
2026-08-04 06:12:34.150,LAM-BOP-02-UL,1260731055000,126073105500004054,TRUE
2026-08-04 06:12:34.056,LAM-BOP-02-L,1260731055000,126073105500004021,TRUE
2026-08-04 06:12:33.984,ELC-TRE-01-L,1260711096020,126071109600001039,TRUE
2026-08-04 06:12:32.577,SMK-BRU-02-L,1260716017020,126071601700001004,TRUE
2026-08-04 06:12:31.415,LIN-INNDES-01-L,,Error_202608041312314157,FALSE
2026-08-04 06:12:27.727,LIN-INNTRE-01-UL,1260801119000,126080111900006023,TRUE
2026-08-04 06:12:56.478,AOI-PEP-01-L,1260801030000,126080103000008007,TRUE
2026-08-04 06:12:58.054,LIN-INNDES-02-L,,126080105900006048,TRUE
2026-08-04 06:12:56.306,AOI-PEP-01-UL,1260801030000,126080103000008009,TRUE
2026-08-04 06:12:56.443,ROU-RIN-01-UL,,Error_202608041312564437,FALSE
2026-08-04 06:12:49.975,LIN-INNLDI-01-L,1260801093000,126080109300002023,TRUE
2026-08-04 06:12:50.814,ELC-TRE-01-L,1260711096020,126071109600001025,TRUE
2026-08-04 06:12:48.319,LIN-OUTVAP-01-UL,,Error_202608041312483193,FALSE
2026-08-04 06:12:48.224,WIR-Pretreatment-01-UL,1260619002000,12606190020002B057,TRUE
2026-08-04 06:12:46.681,LAM-BOP-02-UL,1260731055000,126073105500004050,TRUE
2026-08-04 06:12:46.587,LAM-BOP-02-L,1260731055000,126073103700004057,TRUE
2026-08-04 06:12:46.290,LIN-INNDES-01-L,,Error_202608041312462908,FALSE
2026-08-04 06:12:44.540,LIN-INNTRE-01-UL,1260801119000,126080111900006024,TRUE
2026-08-04 06:13:10.772,ROU-RIN-01-UL,,Error_202608041313107728,FALSE
2026-08-04 06:13:12.214,LAM-BOP-02-L,1260731055000,126073103700004067,TRUE
2026-08-04 06:13:07.236,ELC-TRE-01-L,1260711096020,126071109600001016,TRUE
2026-08-04 06:13:06.824,AOI-PEP-01-L,1260801030000,126080103000008006,TRUE
2026-08-04 06:13:05.741,LIN-INNLDI-01-L,1260801093000,126080109300002021,TRUE
2026-08-04 06:13:06.592,SMK-BRU-01-UL,1260711060020,126071106000001058,TRUE
2026-08-04 06:13:04.179,SMK-SPR-01-L,1260611096000,12606110960001C240,TRUE
2026-08-04 06:13:04.178,CPP-Patternplating-01-L,1260707002000,126070700200049013,TRUE
2026-08-04 06:13:03.369,LIN-INNTRE-01-UL,1260801119000,126080111900006025,TRUE
2026-08-04 06:13:02.983,LIN-INNTRE-02-UL-2,,126080111500010035,TRUE
2026-08-04 06:13:03.396,GLD-IR-01-UL,,Error_202608041313033968,FALSE
2026-08-04 06:13:06.199,AOI-PEP-01-UL,1260801030000,126080103000008008,TRUE
2026-08-04 06:13:00.177,CPP-Patternplating-01-UL,1260711011000,12606180030001C093,TRUE
2026-08-04 06:13:02.330,SMK-BRU-02-L,1260716017020,126071601700001003,TRUE
2026-08-04 06:13:01.255,WIR-Decoatbake-01-UL,1260703002000,12607030020003A005,TRUE
2026-08-04 06:13:01.167,LIN-INNDES-01-L,,Error_202608041313011670,FALSE
2026-08-04 06:12:59.103,LAM-BOP-02-UL,1260731055000,126073105500004048,TRUE
2026-08-04 06:13:33.930,LIN-INNLDI-01-L,1260801093000,126080109300002009,TRUE
2026-08-04 06:13:32.052,SMK-BRU-02-L,1260716017020,126071601700001053,TRUE
2026-08-04 06:13:31.555,ROU-RIN-01-UL,,Error_202608041313315557,FALSE
2026-08-04 06:13:31.030,SMK-BRU-01-UL,1260711060020,126071106000001011,TRUE
2026-08-04 06:13:30.355,LIN-INNDES-01-L,,Error_202608041313303554,FALSE
2026-08-04 06:13:27.136,AOI-PEP-01-L,1260801030000,126080103000008004,TRUE
2026-08-04 06:13:27.530,LIN-INNTRE-02-UL-2,,126080111500010037,TRUE
2026-08-04 06:13:26.978,LIN-INNDES-02-L,,126080105900006046,TRUE
2026-08-04 06:13:26.554,WIR-Pretreatment-01-UL,1260619002000,12606190020002B046,TRUE
2026-08-04 06:13:26.792,AOI-PEP-01-UL,1260801030000,126080103000008006,TRUE
2026-08-04 06:13:24.667,LAM-BOP-02-L,1260731055000,126073103700004071,TRUE
2026-08-04 06:13:24.080,ELC-TRE-01-L,1260711096020,126071109600001018,TRUE
2026-08-04 06:13:26.343,LIN-OUTDEV-01-L,1260704085020,126070408500001035,TRUE
2026-08-04 06:13:24.636,LAM-BOP-02-UL,1260731055000,126073105500004019,TRUE
2026-08-04 06:13:20.839,LIN-INNTRE-01-UL,1260801119000,126080111900006026,TRUE
2026-08-04 06:13:20.759,SMK-SPR-01-L,1260611096000,12606110960001C189/0,TRUE
2026-08-04 06:13:21.194,WIR-Vdevelop-01-UL,1260714001003,"126071400100358619,BD",TRUE
2026-08-04 06:13:12.616,WIR-Pretreatment-01-L,1260619002000,12606190020002B002,TRUE
2026-08-04 05:45:26.957,ELC-PUL-01-UL,1260630342000,126063030600001022,TRUE
2026-08-04 06:13:55.773,WIR-Vdevelop-01-UL,1260714001003,"126071400100358603,BD",TRUE
2026-08-04 06:13:55.807,LIN-INNDES-02-L,,126080105900006044,TRUE
2026-08-04 06:13:55.665,ELC-TRE-01-L,1260711096020,126071109600001021,TRUE
2026-08-04 06:13:55.637,ROU-RIN-01-UL,,Error_202608041313556377,FALSE
2026-08-04 06:13:51.134,LIN-INNLDI-01-L,1260801093000,126080109300002007,TRUE
2026-08-04 06:13:54.664,CPP-Patternplating-01-UL,1260711011000,12606180030001C099,TRUE
2026-08-04 06:13:50.736,LIN-INNTRE-02-UL-2,,126080111500010039,TRUE
2026-08-04 06:13:51.211,WIR-Pretreatment-01-L,1260619002000,12606190020002B037,TRUE
2026-08-04 06:13:49.747,LAM-BOP-02-UL,1260731055000,126073105500004013,TRUE
2026-08-04 06:13:47.700,AOI-PEP-01-L,1260801030000,126080103000008002,TRUE
2026-08-04 06:13:45.467,WIR-Decoatbake-01-UL,1260703002000,12607030020003A004,TRUE
2026-08-04 06:13:47.465,AOI-PEP-01-UL,1260801030000,126080103000008004,TRUE
2026-08-04 06:13:44.919,LIN-INNDES-01-L,,Error_202608041313449190,FALSE
2026-08-04 06:13:43.813,LIN-OUTDEV-01-L,1260704085020,126070408500001052,TRUE
2026-08-04 06:13:40.978,GLD-IR-01-UL,,Error_202608041313409783,FALSE
2026-08-04 06:13:42.369,SMK-SPR-01-L,1260611096000,12606110960001C191,TRUE
2026-08-04 06:13:38.058,LIN-INNTRE-01-UL,1260801119000,126080111900006027,TRUE
2026-08-04 06:08:50.036,GLD-RinseENEPIG-01-UL,,22605233310001C192,TRUE
2026-08-04 06:13:37.419,LAM-BOP-02-L,1260731055000,126073103700004023,TRUE
2026-08-04 06:14:14.745,LAM-BOP-02-UL,1260731055000,126073105500004009,TRUE
2026-08-04 06:14:14.480,LIN-INNDES-01-L,,Error_202608041314144802,FALSE
2026-08-04 06:14:13.518,LIN-INNTRE-02-UL-2,,126080111500010041,TRUE
2026-08-04 06:14:11.886,LIN-OUTVAP-01-UL,,Error_202608041314118860,FALSE
2026-08-04 06:14:11.869,ELC-TRE-01-L,1260711096020,126071109600001026,TRUE
2026-08-04 06:14:10.182,LIN-INNDES-02-L,,126080105900006043,TRUE
2026-08-04 06:14:12.326,ROU-RIN-01-UL,,Error_202608041314123262,FALSE
2026-08-04 06:14:08.573,LIN-INNLDI-01-L,1260801093000,126080109300002005,TRUE
2026-08-04 06:14:07.667,AOI-PEP-01-UL,1260801030000,126080103000008002,TRUE
2026-08-04 06:14:08.012,AOI-PEP-01-L,1260801030000,126080103000008051,TRUE
2026-08-04 06:14:05.900,WIR-Pretreatment-01-UL,1260619002000,12606190020002B048,TRUE
2026-08-04 06:14:00.727,SMK-BRU-02-L,1260716017020,126071601700001001,TRUE
2026-08-04 06:13:58.199,SMK-SPR-01-L,1260611096000,12606110960001C185/0,TRUE
2026-08-04 06:14:03.519,LIN-OUTDEV-01-L,1260704085020,126070408500001013,TRUE
2026-08-04 06:13:57.695,CPP-Patternplating-01-L,1260707002000,126070700200049016,TRUE
2026-08-04 06:13:56.469,SMK-BRU-01-UL,1260711060020,126071106000001039,TRUE
2026-08-04 06:13:56.215,LIN-INNTRE-01-UL,1260801119000,126080111900006028,TRUE
2026-08-04 06:14:36.314,SMK-SPR-01-L,1260611096000,12606110960001C187/0,TRUE
2026-08-04 06:14:35.937,LIN-INNTRE-01-UL,1260801119000,126080111900006030,TRUE
2026-08-04 06:14:33.948,SMK-BRU-02-UL,1260716017020,126071601700001073,TRUE
2026-08-04 06:14:32.231,LIN-INNLDI-01-L,1260801093000,126080109300002011,TRUE
2026-08-04 06:14:31.518,SMK-BRU-01-UL,1260711060020,126071106000001078,TRUE
2026-08-04 06:14:29.604,WIR-Pretreatment-01-L,1260619002000,12606190020002B038,TRUE
2026-08-04 06:14:30.525,WIR-Decoatbake-01-UL,1260703002000,12607030020003A003,TRUE
2026-08-04 06:14:30.369,WIR-Vdevelop-01-UL,1260714001003,"126071400100358624,BD",TRUE
2026-08-04 06:14:28.418,AOI-PEP-01-UL,1260801030000,126080103000008051,TRUE
2026-08-04 06:14:29.168,LIN-INNDES-01-L,,Error_202608041314291681,FALSE
2026-08-04 06:14:28.621,AOI-PEP-01-L,1260801030000,126080103000008049,TRUE
2026-08-04 06:14:28.718,ROU-RIN-01-UL,,Error_202608041314287185,FALSE
2026-08-04 06:14:27.916,ELC-TRE-01-L,1260711096020,126071109600001033,TRUE
2026-08-04 06:14:26.496,LAM-BOP-02-UL,1260731055000,126073105500004007,TRUE
2026-08-04 06:14:22.739,LIN-OUTDEV-01-L,1260704085020,126070408500001050,TRUE
2026-08-04 06:14:24.874,LIN-INNDES-02-L,,126080105900006042,TRUE
2026-08-04 06:14:46.359,ROU-RIN-01-UL,,Error_202608041314463597,FALSE
2026-08-04 06:14:44.901,ELC-TRE-01-L,1260711096020,126071109600001005,TRUE
2026-08-04 06:14:47.729,CPP-Patternplating-01-UL,1260711011000,12606180030001C112,TRUE
2026-08-04 06:14:44.229,WIR-Pretreatment-01-UL,1260619002000,12606190020002B049,TRUE
2026-08-04 06:14:44.183,LIN-INNDES-01-L,,Error_202608041314441838,FALSE
2026-08-04 06:14:42.255,LIN-OUTDEV-01-L,1260704085020,126070408500001056,TRUE
2026-08-04 06:14:40.307,ELC-TRE-01-UL,1260711096020,126071109600001015,TRUE
2026-08-04 06:14:43.247,LIN-INNLDI-01-L,1260801093000,126080109300002001,TRUE
2026-08-04 06:14:39.453,LIN-INNDES-02-L,,126080105900006041,TRUE
2026-08-04 06:14:39.933,LAM-BOP-02-UL,1260731055000,126073105500004005,TRUE
2026-08-04 06:14:38.777,AOI-PEP-01-L,1260801030000,126080103000008048,TRUE
2026-08-04 06:14:39.041,SMK-BRU-02-L,1260716017020,Error_202608041314390418,FALSE
2026-08-04 06:14:38.746,AOI-PEP-01-UL,1260801030000,126080103000008050,TRUE
2026-08-04 06:14:38.019,LIN-INNTRE-02-UL-2,,126080111500010043,TRUE
2026-08-04 06:14:36.433,LAM-BOP-02-L,1260731056000,126073105600006080,TRUE
2026-08-04 00:57:46.438,WIR-TrayCleaning-01-L,,,FALSE
2026-08-04 06:15:02.165,LIN-OUTDEV-01-L,1260704085020,126070408500001044,TRUE
2026-08-04 06:15:02.332,LIN-INNTRE-02-UL-2,,126080111500010045,TRUE
2026-08-04 06:14:59.153,AOI-PEP-01-L,1260801030000,126080103000008046,TRUE
2026-08-04 06:14:59.153,AOI-PEP-01-UL,1260801030000,126080103000008048,TRUE
2026-08-04 06:14:58.392,SMK-SPR-01-L,1260611096000,12606110960001C189,TRUE
2026-08-04 06:14:55.683,ELC-TRE-01-UL,1260711096020,126071109600001037,TRUE
2026-08-04 06:14:54.144,LIN-INNDES-02-L,,126080105900006040,TRUE
2026-08-04 06:14:53.660,LIN-INNTRE-01-UL,1260801119000,126080111900006031,TRUE
2026-08-04 06:14:52.372,LAM-BOP-02-UL,1260731055000,126073105500004001,TRUE
2026-08-04 06:14:51.573,CPP-Patternplating-01-L,1260707002000,126070700200049015,TRUE
2026-08-04 06:14:49.747,LAM-BOP-02-L,1260731056000,126073105600006079,TRUE
2026-08-04 06:14:59.043,LIN-INNDES-01-L,,Error_202608041314590439,FALSE
2026-08-04 06:15:00.404,LIN-INNLDI-01-L,1260801093000,126080109300002079,TRUE
2026-08-04 06:15:00.808,ELC-TRE-01-L,1260711096020,126071109600001003,TRUE
2026-08-04 06:15:25.594,LIN-INNLDI-01-L,1260801093000,126080109300002005,TRUE
2026-08-04 06:15:25.412,LIN-INNTRE-02-UL-2,,126080111500010047,TRUE
2026-08-04 06:15:22.768,LIN-INNDES-02-L,,126080105900006038,TRUE
2026-08-04 06:15:22.263,WIR-Pretreatment-01-UL,1260619002000,12606190020002B054,TRUE
2026-08-04 06:15:21.853,LIN-OUTDEV-01-L,1260704085020,126070408500001022,TRUE
2026-08-04 06:15:20.169,AOI-PEP-01-UL,1260801030000,126080103000008046,TRUE
2026-08-04 06:15:21.325,AOI-PEP-01-L,1260801030000,126080103000008044,TRUE
2026-08-04 06:15:16.014,LAM-BOP-02-L,1260731056000,126073105600006062,TRUE
2026-08-04 06:15:17.745,ELC-TRE-01-L,1260711096020,126071109600001057,TRUE
2026-08-04 06:15:15.435,WIR-Decoatbake-01-UL,1260703002000,12607030020003A001,TRUE
2026-08-04 06:15:17.481,LAM-BOP-02-UL,1260731055000,126073105500004078,TRUE
2026-08-04 06:15:14.487,SMK-SPR-01-L,1260611096000,12606110960001C184/0,TRUE
2026-08-04 06:15:13.481,LIN-INNDES-01-L,,Error_202608041315134815,FALSE
2026-08-04 06:15:09.467,WIR-Decoatbake-01-L,1260619001010,12606190010001C228,TRUE
2026-08-04 06:15:12.605,ELC-TRE-01-UL,1260711096020,126071109600001020,TRUE
2026-08-04 06:15:10.606,WIR-Pretreatment-01-L,1260619002000,12606190020002B039,TRUE
2026-08-04 06:15:08.059,WIR-Vdevelop-01-UL,1260714001003,"126071400100358607,BD",TRUE
2026-08-04 06:15:09.380,LIN-INNTRE-01-UL,1260801119000,126080111900006032,TRUE
2026-08-04 06:15:04.058,SMK-BRU-02-UL,1260716017020,126071601700001024,TRUE
2026-08-04 06:15:07.070,WIR-SE-01-L,1260720093070,Error_202608041315070709,FALSE
2026-08-04 06:15:03.995,SMK-BRU-02-L,1260716017020,126071601700001063,TRUE
2026-08-04 06:15:47.149,LIN-INNTRE-01-UL,1260801119000,126080111900006034,TRUE
2026-08-04 06:15:45.491,ELC-TRE-01-UL,1260711096020,126071109600001038,TRUE
2026-08-04 06:15:46.625,WIR-Pretreatment-01-L,1260619002000,12606190020002B041,TRUE
2026-08-04 06:15:45.218,CPP-Patternplating-01-L,1260707002000,126070700200049059,TRUE
2026-08-04 06:15:42.653,AOI-PEP-01-UL,1260801030000,126080103000008044,TRUE
2026-08-04 06:15:42.606,LAM-BOP-02-UL,1260731055000,126073105500004055,TRUE
2026-08-04 06:15:43.310,LIN-INNDES-01-L,,Error_202608041315433100,FALSE
2026-08-04 06:15:41.791,LIN-OUTDEV-01-L,1260704085020,126070408500001014,TRUE
2026-08-04 06:15:42.622,AOI-PEP-01-L,1260801030000,126080103000008042,TRUE
2026-08-04 06:15:42.562,WIR-Vdevelop-01-UL,1260714001003,"126071400100358611,BD",TRUE
2026-08-04 06:15:40.953,CPP-Patternplating-01-UL,1260711011000,12606180030001C114,TRUE
2026-08-04 06:15:41.500,LIN-INNLDI-01-L,1260801093000,126080109300002003,TRUE
2026-08-04 06:15:36.065,SMK-SPR-01-L,1260611096000,12606110960001C185,TRUE
2026-08-04 06:15:36.300,LIN-INNDES-02-L,,126080105900006037,TRUE
2026-08-04 06:15:34.084,ELC-TRE-01-L,1260711096020,126071109600001012,TRUE
2026-08-04 06:15:33.459,SMK-BRU-02-UL,1260716017020,126071601700001030,TRUE
2026-08-04 06:15:29.466,LAM-BOP-02-L,1260731056000,126073105600006063,TRUE
2026-08-04 06:15:33.897,SMK-BRU-02-L,1260716017020,126071601700001057,TRUE
2026-08-04 06:15:30.139,WIR-Decoatbake-01-L,1260619001010,12606190010001C225,TRUE
2026-08-04 06:15:07.070,WIR-SE-01-L,1260720093070,Error_202608041315070709,FALSE
2026-08-04 06:15:58.969,LIN-INNLDI-01-L,1260801093000,126080109300002001,TRUE
2026-08-04 06:15:56.075,AOI-PEP-01-UL,1260801030000,126080103000008043,TRUE
2026-08-04 06:15:57.685,LIN-INNDES-01-L,,Error_202608041315576851,FALSE
2026-08-04 06:15:56.008,SMK-BRU-01-UL,1260711060020,126071106000001008,TRUE
2026-08-04 06:15:55.867,LIN-OUTVAP-01-UL,,Error_202608041315558679,FALSE
2026-08-04 06:15:54.200,AOI-PEP-01-L,1260801030000,126080103000008041,TRUE
2026-08-04 06:15:52.428,SMK-SPR-01-L,1260611096000,12606110960001C193/0,TRUE
2026-08-04 06:15:55.653,LAM-BOP-02-UL,1260731055000,126073105500004053,TRUE
2026-08-04 06:15:50.397,LIN-INNTRE-02-UL-2,,126080111500010049,TRUE
2026-08-04 06:15:50.087,ELC-TRE-01-L,1260711096020,126071109600001002,TRUE
2026-08-04 06:15:50.367,LIN-INNDES-02-L,,126080105900006036,TRUE
2026-08-04 06:16:15.175,LIN-INNLDI-01-L,1260801093000,126080109300002079,TRUE
2026-08-04 06:16:12.763,LIN-INNDES-01-L,,Error_202608041316127637,FALSE
2026-08-04 06:16:14.069,SMK-SPR-01-L,1260611096000,12606110960001C187,TRUE
2026-08-04 06:16:07.998,LAM-BOP-02-UL,1260731055000,126073105500004051,TRUE
2026-08-04 06:16:07.813,WIR-Decoatbake-01-L,1260619001010,12606190010001C226,TRUE
2026-08-04 06:16:07.716,LAM-BOP-02-L,1260731056000,126073105600006064,TRUE
2026-08-04 06:16:07.962,ELC-TRE-01-UL,1260711096020,Error_202608041316079629,FALSE
2026-08-04 06:16:07.275,ELC-TRE-01-L,1260711096020,126071109600001041,TRUE
2026-08-04 06:16:04.806,LIN-INNDES-02-L,,126080105900006035,TRUE
2026-08-04 06:16:02.697,SMK-BRU-02-L,1260716017020,126071601700001016,TRUE
2026-08-04 06:16:05.198,LIN-INNTRE-01-UL,1260801119000,126080111900006035,TRUE
2026-08-04 06:16:03.322,SMK-BRU-02-UL,1260716017020,126071601700001033,TRUE
2026-08-04 06:16:01.230,LIN-OUTDEV-01-L,1260704085020,126070408500001019,TRUE
2026-08-04 06:16:00.359,WIR-Decoatbake-01-UL,1260703002000,12607030020003A010,TRUE
2026-08-04 06:16:00.343,WIR-Pretreatment-01-UL,1260619002000,12606190020002B055,TRUE
2026-08-04 06:16:34.792,ELC-TRE-01-UL,1260711096020,126071109600001025,TRUE
2026-08-04 06:16:35.142,CPP-Patternplating-01-UL,1260711011000,12606180030001C113,TRUE
2026-08-04 06:16:34.043,LIN-INNDES-02-L,,126080105900006033,TRUE
2026-08-04 06:16:34.249,LAM-BOP-02-L,1260731056000,126073105600006066,TRUE
2026-08-04 06:16:33.268,LIN-INNLDI-01-L,1260801093000,126080109300002077,TRUE
2026-08-04 06:16:33.358,LAM-BOP-02-UL,1260731055000,126073105500004047,TRUE
2026-08-04 06:16:32.870,SMK-BRU-02-UL,1260716017020,126071601700001036,TRUE
2026-08-04 06:16:31.558,SMK-BRU-02-L,1260716017020,126071601700001056,TRUE
2026-08-04 06:16:30.681,SMK-SPR-01-L,1260611096000,12606110960001C196/0,TRUE
2026-08-04 06:16:26.938,WIR-Pretreatment-01-L,1260619002000,12606190020002B042,TRUE
2026-08-04 06:16:24.620,ELC-TRE-01-L,1260711096020,126071109600001023,TRUE
2026-08-04 06:16:23.497,LIN-INNTRE-01-UL,1260801119000,126080111900006036,TRUE
2026-08-04 06:16:20.888,LIN-OUTDEV-01-L,1260704085020,126070408500001020,TRUE
2026-08-04 06:16:17.360,WIR-Vdevelop-01-UL,1260714001003,"126071400100358613,BD",TRUE
2026-08-04 06:16:18.338,SMK-BRU-01-UL,1260711060020,126071106000001013,TRUE
2026-08-04 06:16:17.025,LIN-INNTRE-02-UL-2,,126080111500010051,TRUE
2026-08-04 06:10:35.750,CPP-Horizontalplating-01-UL,1260606004010,126072501300400044,TRUE
2026-08-04 06:16:51.995,SMK-SPR-01-L,1260611096000,12606110960001C184,TRUE
2026-08-04 06:16:51.627,WIR-Vdevelop-01-UL,1260714001003,"126071400100358616,BD",TRUE
2026-08-04 06:16:50.935,ELC-TRE-01-UL,1260711096020,126071109600001016,TRUE
2026-08-04 06:16:49.973,LIN-INNLDI-01-L,1260801093000,126080109300002075,TRUE
2026-08-04 06:16:45.827,LAM-BOP-02-UL,1260731055000,126073105500004045,TRUE
2026-08-04 06:16:46.999,AOI-PEP-01-UL,1260801030000,126080103000008042,TRUE
2026-08-04 06:16:47.202,LAM-BOP-02-L,1260731056000,126073105600006067,TRUE
2026-08-04 06:16:45.314,WIR-Decoatbake-01-UL,1260703002000,12607030020003A029,TRUE
2026-08-04 06:16:48.231,LIN-INNDES-02-L,,126080105900006032,TRUE
2026-08-04 06:16:42.075,ELC-TRE-01-L,1260711096020,126071109600001024,TRUE
2026-08-04 06:16:43.972,SMK-BRU-01-UL,1260711060020,126071106000001025,TRUE
2026-08-04 06:16:44.564,WIR-Decoatbake-01-L,1260619001010,12606190010001C235,TRUE
2026-08-04 06:16:40.796,LIN-OUTDEV-01-L,1260704085020,126070408500001030,TRUE
2026-08-04 06:16:41.283,LIN-INNTRE-01-UL,1260801119000,126080111900006037,TRUE
2026-08-04 06:16:38.876,CPP-Patternplating-01-L,1260707002000,126070700200049057,TRUE
2026-08-04 06:16:39.564,WIR-Pretreatment-01-UL,1260619002000,12606190020002B052,TRUE
2026-08-04 06:10:35.750,CPP-Horizontalplating-01-UL,1260606004010,126072501300400044,TRUE
2026-08-04 06:17:15.942,LIN-INNTRE-01-UL,1260801119000,126080111900006039,TRUE
2026-08-04 06:17:13.237,ROU-RIN-01-UL,,Error_202608041317132371,FALSE
2026-08-04 06:17:13.860,LAM-BOP-02-L,1260731056000,126073105600006068,TRUE
2026-08-04 06:17:13.233,ELC-TRE-01-L,1260711096020,126071109600001019,TRUE
2026-08-04 06:17:11.110,LAM-BOP-02-UL,1260731055000,126073105500004041,TRUE
2026-08-04 06:17:08.530,ELC-TRE-01-UL,1260711096020,126071109600001018,TRUE
2026-08-04 06:17:08.245,SMK-SPR-01-L,1260611096000,12606110960001C195/0,TRUE
2026-08-04 06:17:08.128,LIN-INNLDI-01-L,1260801093000,126080109300002073,TRUE
2026-08-04 06:17:02.904,SMK-BRU-02-UL,1260716017020,126071601700001049,TRUE
2026-08-04 06:17:05.723,SMK-BRU-01-UL,1260711060020,126071106000001001,TRUE
2026-08-04 06:17:05.723,WIR-Pretreatment-01-L,1260619002000,12606190020002B043,TRUE
2026-08-04 06:17:00.358,SMK-BRU-02-L,1260716017020,126071601700001038,TRUE
2026-08-04 06:17:02.591,LIN-INNDES-02-L,,126080105900006031,TRUE
2026-08-04 06:16:38.876,CPP-Patternplating-01-L,1260707002000,126070700200049057,TRUE
2026-08-04 06:17:00.108,LIN-OUTDEV-01-L,1260704085020,126070408500001067,TRUE
2026-08-04 06:17:35.844,LIN-INNTRE-02-UL-2,,126080111500010055,TRUE
2026-08-04 06:17:36.361,LAM-BOP-02-UL,1260731055000,126073105500004037,TRUE
2026-08-04 06:17:36.830,AOI-PEP-01-UL,1260801030000,126080103000008041,TRUE
2026-08-04 06:17:34.539,ROU-RIN-01-UL,,Error_202608041317345392,FALSE
2026-08-04 06:17:33.748,LIN-INNLDI-01-L,1260801093000,126080109300002061,TRUE
2026-08-04 06:17:33.725,LIN-INNTRE-01-UL,1260801119000,126080111900006040,TRUE
2026-08-04 06:17:32.046,SMK-BRU-02-UL,1260716017020,126071601700001002,TRUE
2026-08-04 06:17:32.555,CPP-Patternplating-01-L,1260707002000,126070700200049038,TRUE
2026-08-04 06:17:31.641,LIN-INNDES-02-L,,126080105900006029,TRUE
2026-08-04 06:17:30.671,ELC-TRE-01-L,1260711096020,126071109600001010,TRUE
2026-08-04 06:17:30.571,WIR-Decoatbake-01-UL,1260703002000,12607030020003A028,TRUE
2026-08-04 06:17:30.073,SMK-SPR-01-L,1260611096000,12606110960001C193,TRUE
2026-08-04 06:17:29.040,CPP-Patternplating-01-UL,1260711011000,12606180030001C111,TRUE
2026-08-04 06:17:29.030,SMK-BRU-02-L,1260716017020,126071601700001008,TRUE
2026-08-04 06:17:26.741,WIR-Vdevelop-01-UL,1260714001003,"126071400100358623,BD",TRUE
2026-08-04 06:17:23.827,ELC-TRE-01-UL,1260711096020,126071109600001022,TRUE
2026-08-04 06:17:20.077,LIN-OUTDEV-01-L,1260704085020,126070408500001055,TRUE
2026-08-04 06:17:20.004,WIR-Decoatbake-01-L,1260619001010,12606190010001C236,TRUE
2026-08-04 06:17:17.610,AOI-PEP-01-L,1260801030000,Error_202608041317176102,FALSE
2026-08-04 06:17:17.848,WIR-Pretreatment-01-UL,1260619002000,12606190020002B035,TRUE
2026-08-04 06:17:05.723,WIR-Pretreatment-01-L,1260619002000,12606190020002B043,TRUE
2026-08-04 06:16:12.763,LIN-INNDES-01-L,,Error_202608041316127637,FALSE
2026-08-04 04:35:48.264,LAM-BOP-01-L,1260730041000,126073004100010003,TRUE
2026-08-04 06:17:43.591,LIN-INNLDI-01-L,1260801093000,126080109300002069,TRUE
2026-08-04 06:17:39.609,LIN-OUTDEV-01-L,1260704085020,126070408500001027,TRUE
2026-08-04 06:17:42.055,WIR-Pretreatment-01-L,1260619002000,12606190020002B044,TRUE
2026-08-04 06:17:40.375,ELC-TRE-01-UL,1260711096020,126071109600001021,TRUE
2026-08-04 06:17:37.173,LIN-OUTVAP-01-UL,,Error_202608041317371731,FALSE
2026-08-04 06:17:59.547,LIN-OUTDEV-01-L,1260704085020,126070408500001066,TRUE
2026-08-04 06:17:57.577,LIN-INNLDI-01-L,1260801093000,126080109300002067,TRUE
2026-08-04 06:17:58.644,SMK-BRU-02-L,1260716017020,126071601700001048,TRUE
2026-08-04 06:17:57.275,WIR-Decoatbake-01-L,1260619001010,12606190010001C233,TRUE
2026-08-04 06:17:57.243,WIR-Pretreatment-01-UL,1260619002000,12606190020002B032,TRUE
2026-08-04 06:17:56.190,AOI-PEP-01-L,1260801030000,126080103000008038,TRUE
2026-08-04 06:17:55.494,ROU-RIN-01-UL,,Error_202608041317554948,FALSE
2026-08-04 06:17:54.180,LIN-INNTRE-01-UL,1260801119000,126080111900006041,TRUE
2026-08-04 06:17:49.128,LAM-BOP-02-UL,1260731055000,126073105500004035,TRUE
2026-08-04 06:17:50.065,AOI-PEP-01-UL,1260801030000,126080103000008040,TRUE
2026-08-04 06:17:46.355,SMK-SPR-01-L,1260611096000,12606110960001C192/0,TRUE
2026-08-04 06:17:47.578,ELC-TRE-01-L,1260711096020,126071109600001006,TRUE
2026-08-04 06:16:12.763,LIN-INNDES-01-L,,Error_202608041316127637,FALSE
2026-08-04 06:17:46.205,LIN-INNDES-02-L,,126080105900006028,TRUE
2026-08-04 06:18:20.606,WIR-Pretreatment-01-L,1260619002000,12606190020002B058,TRUE
2026-08-04 06:18:19.113,LIN-OUTDEV-01-L,1260704085020,126070408500001057,TRUE
2026-08-04 06:18:18.279,ROU-RIN-01-UL,,Error_202608041318182799,FALSE
2026-08-04 06:18:19.912,ELC-TRE-01-L,1260711096020,126071109600001013,TRUE
2026-08-04 06:18:15.466,WIR-Decoatbake-01-UL,1260703002000,12607030020003A027,TRUE
2026-08-04 06:18:17.917,SMK-BRU-01-UL,1260711060020,126071106000001072,TRUE
2026-08-04 06:18:15.393,LIN-INNDES-02-L,,126080105900006026,TRUE
2026-08-04 06:18:18.188,LIN-INNLDI-01-L,1260801093000,126080109300002065,TRUE
2026-08-04 06:18:14.628,LAM-BOP-02-UL,1260731055000,126073105500004031,TRUE
2026-08-04 06:18:12.723,LIN-INNTRE-02-UL-1,,126080111500010044,TRUE
2026-08-04 06:18:10.151,LIN-INNTRE-01-UL,1260801119000,126080111900006042,TRUE
2026-08-04 06:18:11.519,ELC-TRE-01-UL,1260711096020,126071109600001033,TRUE
2026-08-04 06:18:05.487,AOI-PEP-01-L,1260801030000,126080103000008037,TRUE
2026-08-04 06:18:06.542,WIR-LDI-01-UL,,12606190020002B033,TRUE
2026-08-04 06:18:08.168,SMK-SPR-01-L,1260611096000,12606110960001C196,TRUE
2026-08-04 06:18:06.237,AOI-PEP-01-UL,1260801030000,126080103000008039,TRUE
2026-08-04 06:18:02.534,SMK-BRU-02-UL,1260716017020,126071601700001027,TRUE
2026-08-04 06:17:13.860,LAM-BOP-02-L,1260731056000,126073105600006068,TRUE
2026-08-04 06:18:01.306,WIR-Vdevelop-01-UL,1260714001003,"126071400100358601,BD",TRUE
2026-08-04 06:18:46.290,LIN-INNTRE-01-UL,1260801119000,126080111900006044,TRUE
2026-08-04 06:18:46.290,SMK-SPR-01-L,1260611096000,12606110960001C195,TRUE
2026-08-04 06:18:45.225,LIN-INNTRE-02-UL-1,,Error_202608041318452251,FALSE
2026-08-04 06:18:45.351,ELC-TRE-01-UL,1260711096020,126071109600001003,TRUE
2026-08-04 06:18:44.089,LIN-INNDES-02-L,,126080105900006024,TRUE
2026-08-04 06:18:43.911,LAM-BOP-02-L,1260731056000,126073105600006069,TRUE
2026-08-04 06:18:42.111,LIN-INNLDI-01-L,1260801093000,126080109300002053,TRUE
2026-08-04 06:18:42.172,ROU-RIN-01-UL,,Error_202608041318421727,FALSE
2026-08-04 06:18:39.631,LIN-INNTRE-02-UL-2,,126080111500010057,TRUE
2026-08-04 06:18:40.489,LAM-BOP-02-UL,1260731055000,126073105500004027,TRUE
2026-08-04 06:18:38.803,LIN-OUTDEV-01-L,1260704085020,126070408500001032,TRUE
2026-08-04 06:18:36.825,WIR-LDI-01-L,,126071601100058036,TRUE
2026-08-04 06:18:36.069,ELC-TRE-01-L,1260711096020,126071109600001017,TRUE
2026-08-04 06:18:33.638,WIR-Decoatbake-01-L,1260619001010,12606190010001C234,TRUE
2026-08-04 06:18:34.560,WIR-Pretreatment-01-UL,1260619002000,12606190020002B031,TRUE
2026-08-04 06:18:35.653,WIR-Vdevelop-01-UL,1260714001003,"126071400100358622,BD",TRUE
2026-08-04 06:18:32.960,SMK-BRU-02-UL,1260716017020,126071601700001039,TRUE
2026-08-04 06:18:27.491,SMK-BRU-02-L,1260716017020,126071601700001029,TRUE
2026-08-04 06:18:29.778,CPP-Horizontalplating-01-UL,1260606004010,Error_202608041318297784,FALSE
2026-08-04 06:18:26.215,CPP-Patternplating-01-L,1260707002000,126070700200049180,TRUE
2026-08-04 06:18:22.309,CPP-Patternplating-01-UL,1260711011000,12606180030001C108,TRUE
2026-08-04 06:31:30.295,SMK-BRU-02-UL,1260716017020,126071601700001040,TRUE
2026-08-04 06:31:29.673,LAM-BOP-02-L,1260731056000,126073105600006025,TRUE
2026-08-04 06:31:28.079,LAM-BOP-02-UL,1260731056000,126073105600006052,TRUE
2026-08-04 06:31:27.915,ELC-INS-01-L,1260711030000,126071103000001057,TRUE
2026-08-04 06:31:28.198,LIN-INNDES-02-L,,126080109500006074,TRUE
2026-08-04 06:31:26.541,LIN-INNDES-02-UL,,126080105900006035,TRUE
2026-08-04 06:31:25.120,LIN-OUTDEV-01-UL,1260704085000,126070408500001011,TRUE
2026-08-04 06:31:24.324,LIN-INNTRE-02-UL-2,,126080111600012003,TRUE
2026-08-04 06:31:25.152,LIN-INNTRE-02-UL-1,,Error_202608041331251525,FALSE
2026-08-04 06:31:22.392,WIR-LDI-01-UL,,126071601100058010,TRUE
2026-08-04 06:31:21.241,LIN-INNLDI-01-L,1260801093000,126080109300002056,TRUE
2026-08-04 06:31:15.771,SMK-BRU-01-UL,1260711060020,126071106000001009,TRUE
2026-08-04 06:31:17.165,SMK-SPR-01-L,1260611096000,12606110960001C111,TRUE
2026-08-04 06:31:15.254,LIN-INNTRE-01-UL,1260801119000,126080111900006078,TRUE
2026-08-04 06:31:15.220,WIR-Decoatbake-01-L,1260619001010,12606190010001C198,TRUE
2026-08-04 06:31:15.209,ELC-INS-01-UL,1260711030000,126071103000001052,TRUE
2026-08-04 06:31:12.111,WIR-Vdevelop-01-L,1260606004000,12606060040001C087,TRUE
2026-08-04 06:31:11.330,WIR-Pretreatment-01-UL,1260619002000,12606190020002B007,TRUE
2026-08-04 06:31:09.255,ELC-RED-01-L,1260704073000,126070407300001071,TRUE
2026-08-04 06:31:01.079,WIR-Decoatbake-01-UL,1260703002000,12607030020003A042,TRUE
2026-08-04 06:31:05.251,WIR-Pretreatment-01-L,1260619002010,12606190020002B167,TRUE
2026-08-04 06:30:58.313,CPP-Patternplating-01-L,1260707002000,126070700200049022,TRUE
2026-08-04 06:30:54.766,CPP-Patternplating-01-UL,1260711011000,12606180030001C183,TRUE
2026-08-04 06:30:11.608,LIN-INNDES-01-L,,Error_202608041330116089,FALSE
2026-08-04 06:29:58.194,LIN-OUTVAP-01-UL,,12606130040001C194,TRUE
2026-08-04 06:29:10.450,ROU-RIN-01-UL,,Error_202608041329104508,FALSE
2026-08-04 06:31:13.439,WIR-LDI-01-L,,126071601100058056,TRUE
2026-08-04 06:27:47.200,ELC-TRE-01-UL,1260711096020,126071109600001030,TRUE
2026-08-04 06:26:11.544,LIN-OUTDEV-01-L,1260704085020,126070408500001039,TRUE
2026-08-04 06:25:57.108,AOI-PEP-01-UL,1260801030000,126080103000008026,TRUE
2026-08-04 06:26:01.875,WIR-SE-01-UL,1260720093070,Error_202608041326018754,FALSE
2026-08-04 06:25:20.169,AOI-PEP-01-L,1260801030000,126080103000008026,TRUE
2026-08-04 06:22:35.994,CPP-Horizontalplating-01-L,1260623098000,126072501300400119,TRUE
2026-08-04 06:21:35.893,ELC-TRE-01-L,1260711096020,126071109600001030,TRUE
2026-08-04 06:21:22.845,SMK-BRU-02-L,1260716017020,126071601700001060,TRUE
2026-08-04 06:21:21.226,ELC-RED-01-UL,1260704073030,126070407300001012,TRUE
2026-08-04 06:19:44.655,WIR-Vdevelop-01-UL,1260714001003,"126071400100358618,BD",TRUE
2026-08-04 05:59:20.789,LIN-OUTTRE-01-UL,1260710007000,126071005500001058,TRUE
2026-08-04 05:50:01.832,LSR-Debrowning-01-L,1260729063000,126072906300078012,TRUE
2026-08-04 05:52:12.378,WIR-DES-01-UL,1260709062110,M0NV0066A200XA-1617,TRUE
2026-08-04 05:31:29.313,WIR-DES-01-L,1260709062120,12607090620001I001,TRUE
2026-08-04 05:45:26.957,ELC-PUL-01-UL,1260630342000,126063030600001022,TRUE
2026-08-04 05:10:04.834,AOI-RESAOI-01-L,1260711060020,126071106000001073,TRUE
2026-08-04 04:35:48.264,LAM-BOP-01-L,1260730041000,126073004100010003,TRUE
2026-08-04 02:52:28.688,SMK-DIX-01-L,1260710031000,126071003100001023,TRUE
2026-08-04 06:31:55.526,LIN-INNLDI-01-L,1260801093000,126080109300002052,TRUE
2026-08-04 06:31:55.248,LIN-INNDES-02-UL,,126080105900006037,TRUE
2026-08-04 06:31:55.151,ELC-INS-01-UL,1260711030000,126071103000001055,TRUE
2026-08-04 06:31:55.104,SMK-SPR-01-L,1260611096000,12606110960001C117,TRUE
2026-08-04 06:31:54.423,LAM-BOP-02-UL,1260731056000,126073105600006054,TRUE
2026-08-04 06:31:52.763,LIN-OUTVAP-01-UL,,Error_202608041331527638,FALSE
2026-08-04 06:31:52.095,WIR-LDI-01-UL,,126071601100058011,TRUE
2026-08-04 06:31:51.517,CPP-Patternplating-01-L,1260707002000,126070700200049019,TRUE
2026-08-04 06:31:51.502,CPP-Horizontalplating-01-L,1260623098000,126072501300400026,TRUE
2026-08-04 06:31:51.142,WIR-Decoatbake-01-L,1260619001010,12606190010001C210,TRUE
2026-08-04 06:31:51.632,LIN-INNTRE-01-UL,1260801119000,126080111900006080,TRUE
2026-08-04 06:31:50.330,WIR-Pretreatment-01-UL,1260619002000,12606190020002B008,TRUE
2026-08-04 06:31:48.877,CPP-Patternplating-01-UL,1260711011000,12606180030001C197,TRUE
2026-08-04 06:31:48.345,WIR-Vdevelop-01-L,1260606004000,12606060040001C088,TRUE
2026-08-04 06:31:48.326,LIN-INNTRE-02-UL-2,,126080111600012005,TRUE
2026-08-04 06:31:47.635,ELC-INS-01-L,1260711030000,126071103000001030,TRUE
2026-08-04 06:31:48.091,LIN-INNTRE-02-UL-1,,126080111600012006,TRUE
2026-08-04 06:31:45.970,WIR-Decoatbake-01-UL,1260703002000,12607030020003A011,TRUE
2026-08-04 06:31:44.595,LAM-BOP-02-L,1260731056000,126073105600006026,TRUE
2026-08-04 06:31:43.232,LIN-OUTDEV-01-UL,1260704085000,126070408500001025,TRUE
2026-08-04 06:31:42.824,LIN-INNDES-02-L,,126080109500006073,TRUE
2026-08-04 06:31:40.939,WIR-LDI-01-L,,126071601100058002,TRUE
2026-08-04 06:31:37.040,ELC-RED-01-L,1260704073000,126070407300001004,TRUE
2026-08-04 06:31:38.540,SMK-BRU-01-UL,1260711060020,126071106000001018,TRUE
2026-08-04 06:32:11.453,LIN-INNDES-02-L,,126080109500006071,TRUE
2026-08-04 06:32:11.557,SMK-SPR-01-L,1260611096000,12606110960001C096/0,TRUE
2026-08-04 06:32:12.172,LIN-INNTRE-02-UL-1,,126080111600012008,TRUE
2026-08-04 06:32:10.203,LIN-INNDES-02-UL,,126080105900006038,TRUE
2026-08-04 06:32:10.080,LAM-BOP-02-L,1260731056000,126073105600006028,TRUE
2026-08-04 06:32:08.629,WIR-LDI-01-L,,126071601100058001,TRUE
2026-08-04 06:32:08.252,LAM-BOP-02-UL,1260731056000,126073105600006055,TRUE
2026-08-04 06:32:07.873,ELC-INS-01-L,1260711030000,126071103000001013,TRUE
2026-08-04 06:32:07.645,LIN-OUTDEV-01-UL,1260704085000,126070408500001039,TRUE
2026-08-04 06:32:05.434,LIN-INNLDI-01-L,1260801093000,126080109300002042,TRUE
2026-08-04 06:32:05.198,ELC-RED-01-L,1260704073000,126070407300001020,TRUE
2026-08-04 06:32:02.056,SMK-BRU-01-UL,1260711060020,126071106000001010,TRUE
2026-08-04 06:32:00.354,ELC-RED-01-UL,1260704073030,126070407300001041,TRUE
2026-08-04 06:32:07.161,WIR-Pretreatment-01-UL,1260619002000,12606190020002B005,TRUE
2026-08-04 06:31:58.281,SMK-BRU-02-UL,1260716017020,126071601700001034,TRUE
2026-08-04 06:31:51.632,LIN-INNTRE-01-UL,1260801119000,126080111900006080,TRUE
2026-08-04 06:49:52.748,WIR-Vdevelop-01-L,1260606004000,12606060040001C116,TRUE
2026-08-04 06:49:55.292,LIN-OUTVAP-01-UL,,12606130040001C208,TRUE
2026-08-04 06:49:51.581,ELC-RED-01-L,1260704073010,126070407300001069,TRUE
2026-08-04 06:49:50.033,LIN-OUTDEV-01-UL,1260704085000,126071605300001041,TRUE
2026-08-04 06:49:51.951,CPP-Horizontalplating-01-L,1260623098010,12606230980002B149,TRUE
2026-08-04 06:49:49.304,LIN-INNLDI-01-L,1260801104000,126080110400012053,TRUE
2026-08-04 06:49:49.232,WIR-LDI-01-UL,,126071601100058028,TRUE
2026-08-04 06:49:49.175,ELC-RED-01-UL,1260704073030,126070407300001027,TRUE
2026-08-04 06:49:48.846,LAM-BOP-02-L,1260731057000,126073105700008050,TRUE
2026-08-04 06:49:47.637,LIN-INNTRE-02-UL-2,,126080111700002005,TRUE
2026-08-04 06:49:47.918,LIN-INNTRE-02-UL-1,,126080111700002006,TRUE
2026-08-04 06:49:47.128,SMK-BRU-01-UL,1260711060020,126071106000001060,TRUE
2026-08-04 06:49:46.362,LIN-OUTDEV-01-L,1260716053000,126071605300001053,TRUE
2026-08-04 06:49:45.370,LIN-INNDES-02-UL,,126080109500006001,TRUE
2026-08-04 06:49:45.465,WIR-Decoatbake-01-UL,1260703002010,12607030020003A163,TRUE
2026-08-04 06:49:43.997,ROU-RIN-01-UL,,Error_202608041349439970,FALSE
2026-08-04 06:49:43.512,CPP-Patternplating-01-L,1260707002000,126070700200049031,TRUE
2026-08-04 06:49:43.430,WIR-SE-01-UL,1260720093000,Error_202608041349434307,FALSE
2026-08-04 06:49:45.581,LIN-INNDES-01-L,,Error_202608041349455812,FALSE
2026-08-04 06:49:43.264,SMK-SPR-01-L,1260611096000,12606110960001C061,TRUE
2026-08-04 06:49:41.246,CPP-Patternplating-01-UL,1260711011000,12606180030001C223,TRUE
2026-08-04 06:49:28.986,LAM-BOP-02-UL,1260731057000,126073103300008018,TRUE
2026-08-04 06:49:33.527,WIR-Vdevelop-01-UL,1260606004000,"12606060040001C109,BC",TRUE
2026-08-04 06:49:15.422,AOI-PEP-01-UL,1260801028000,126080104000004002,TRUE
2026-08-04 06:49:38.520,SMK-BRU-02-L,1260711114000,126071111400001023,TRUE
2026-08-04 06:49:02.589,WIR-LDI-01-L,,12606190020002B053,TRUE
2026-08-04 06:48:59.995,CPP-VCP-01-L,1260723001010,126072700200400117,TRUE
2026-08-04 06:48:56.780,AOI-PEP-01-L,1260801028000,126080104000004002,TRUE
2026-08-04 06:48:36.637,LIN-OUTTRE-01-UL,1260710007000,126070306600001064,TRUE
2026-08-04 06:47:16.301,WIR-Decoatbake-01-L,1260619001010,12606190010001C178,TRUE
2026-08-04 06:48:47.224,LIN-INNDES-02-L,,126080109500006001,TRUE
2026-08-04 06:42:03.868,WIR-SE-01-L,1260720093000,Error_202608041342038686,FALSE
2026-08-04 06:44:51.049,LIN-OUTDES-01-UL,1260709031020,126071500500001011,TRUE
2026-08-04 06:41:15.704,ELC-INS-01-UL,1260711030000,126071103000001041,TRUE
2026-08-04 06:40:04.306,ELC-INS-01-L,1260711030000,126071103000001041,TRUE
2026-08-04 06:38:01.249,WIR-Pretreatment-01-UL,1260619002000,12606190020002B041,TRUE
2026-08-04 06:38:46.877,LIN-INNTRE-01-UL,1260801120000,126080112000008030,TRUE
2026-08-04 06:33:54.591,SMK-BRU-02-UL,1260716017020,126071601700001060,TRUE
2026-08-04 06:33:33.443,CPP-Horizontalplating-01-UL,1260606004010,126072501300400103,TRUE
2026-08-04 06:31:05.251,WIR-Pretreatment-01-L,1260619002010,12606190020002B167,TRUE
2026-08-04 06:27:47.200,ELC-TRE-01-UL,1260711096020,126071109600001030,TRUE
2026-08-04 06:08:50.036,GLD-RinseENEPIG-01-UL,,22605233310001C192,TRUE
2026-08-04 06:05:13.003,GLD-IR-01-L,,126070700800001043,TRUE
2026-08-04 05:21:40.136,AOI-RESAOI-01-UL,1260711060020,126071106000001076,TRUE
2026-08-04 04:35:48.264,LAM-BOP-01-L,1260730041000,126073004100010003,TRUE
2026-08-04 04:20:06.271,SMK-BRU-01-L,1260711060020,126071106000001036,TRUE
2026-08-04 03:53:24.894,SDM-DI-01-UL,,12606160910001C098,TRUE
2026-08-04 02:52:28.688,SMK-DIX-01-L,1260710031000,126071003100001023,TRUE
2026-08-04 06:50:15.473,LIN-INNDES-01-L,,Error_202608041350154734,FALSE
2026-08-04 06:50:15.128,CPP-Horizontalplating-01-L,1260623098010,12606230980002B150,TRUE
2026-08-04 06:50:14.645,LAM-BOP-02-L,1260731057000,126073105700008053,TRUE
2026-08-04 06:50:14.496,LIN-INNDES-02-UL,,126080109500006003,TRUE
2026-08-04 06:50:12.875,LIN-INNTRE-02-UL-2,,126080111700002007,TRUE
2026-08-04 06:50:12.812,LIN-INNTRE-02-UL-1,,126080111700002008,TRUE
2026-08-04 06:50:11.155,ROU-RIN-01-UL,,Error_202608041350111550,FALSE
2026-08-04 06:50:09.703,WIR-Vdevelop-01-UL,1260606004000,"12606060040001C063,BD",TRUE
2026-08-04 06:50:09.143,LIN-OUTDEV-01-UL,1260704085000,126071605300001014,TRUE
2026-08-04 06:50:08.069,SMK-BRU-02-L,1260711114000,126071111400001016,TRUE
2026-08-04 06:50:07.495,LIN-INNLDI-01-L,1260801104000,126080110400012051,TRUE
2026-08-04 06:50:06.049,LIN-OUTDEV-01-L,1260716053000,126071605300001031,TRUE
2026-08-04 06:50:05.378,LAM-BOP-02-UL,1260731057000,126073103900008054,TRUE
2026-08-04 06:50:05.009,WIR-SE-01-UL,1260720093000,Error_202608041350050091,FALSE
2026-08-04 06:50:05.437,CPP-VCP-01-L,1260723001010,126072700200400071,TRUE
2026-08-04 06:50:03.827,WIR-Decoatbake-01-UL,1260703002010,12607030020003A172,TRUE
2026-08-04 06:50:03.186,WIR-Decoatbake-01-L,1260619001010,12606190010001C187,TRUE
2026-08-04 06:49:59.562,SMK-SPR-01-L,1260611096000,12606110960001C226/0,TRUE
2026-08-04 06:44:51.049,LIN-OUTDES-01-UL,1260709031020,126071500500001011,TRUE
2026-08-04 06:50:30.945,ELC-RED-01-UL,1260704073000,126070407300001075,TRUE
2026-08-04 06:50:30.504,LIN-INNDES-01-L,,Error_202608041350305048,FALSE
2026-08-04 06:50:30.378,WIR-Decoatbake-01-UL,1260703002010,12607030020003A164,TRUE
2026-08-04 06:50:30.223,LAM-BOP-02-UL,1260731057000,126073105700008014,TRUE
2026-08-04 06:50:29.294,LIN-INNDES-02-UL,,126080109500006004,TRUE
2026-08-04 06:50:28.613,WIR-Vdevelop-01-L,1260606004000,12606060040001C111,TRUE
2026-08-04 06:50:26.567,LAM-BOP-02-L,1260731057000,126073105700008054,TRUE
2026-08-04 06:50:26.168,WIR-SE-01-UL,1260720093000,Error_202608041350261685,FALSE
2026-08-04 06:50:25.941,LIN-OUTDEV-01-L,1260716053000,126071605300001043,TRUE
2026-08-04 06:50:24.388,LIN-INNLDI-01-L,1260801104000,126080110400012049,TRUE
2026-08-04 06:50:21.594,SMK-SPR-01-L,1260611096000,12606110960001C236,TRUE
2026-08-04 06:50:24.191,WIR-Decoatbake-01-L,1260619001010,12606190010001C186,TRUE
2026-08-04 06:50:18.785,WIR-LDI-01-UL,,126071601100058027,TRUE
2026-08-04 06:50:17.382,ELC-RED-01-L,1260704073010,126070407300001035,TRUE
2026-08-04 06:50:16.676,SMK-BRU-01-UL,1260711060020,126071106000001062,TRUE
2026-08-04 06:50:45.130,WIR-Vdevelop-01-UL,1260606004000,"12606060040001C064,BD",TRUE
2026-08-04 06:50:44.928,LIN-INNDES-01-L,,Error_202608041350449287,FALSE
2026-08-04 06:50:43.655,LIN-INNDES-02-UL,,126080109500006005,TRUE
2026-08-04 06:50:43.191,ELC-RED-01-L,1260704073010,126070407300001010,TRUE
2026-08-04 06:50:43.005,LAM-BOP-02-UL,1260731057000,126073105700008039,TRUE
2026-08-04 06:50:42.110,LIN-INNLDI-01-L,1260801104000,126080110400012047,TRUE
2026-08-04 06:50:45.536,LIN-OUTDEV-01-L,1260716053000,126071605300001006,TRUE
2026-08-04 06:50:39.115,LAM-BOP-02-L,1260731057000,126073105700008055,TRUE
2026-08-04 06:50:38.379,WIR-LDI-01-L,,12606190020002B036,TRUE
2026-08-04 06:50:38.692,CPP-Horizontalplating-01-L,1260623098010,12606230980002B151,TRUE
2026-08-04 06:50:37.666,SMK-BRU-02-L,1260711114000,126071111400001025,TRUE
2026-08-04 06:50:37.533,SMK-SPR-01-L,1260611096000,12606110960001C232/0,TRUE
2026-08-04 06:50:37.329,LIN-INNTRE-02-UL-2,,126080111700002009,TRUE
2026-08-04 06:50:37.348,CPP-Patternplating-01-L,1260707002000,126070700200049034,TRUE
2026-08-04 06:50:37.283,ROU-RIN-01-UL,,Error_202608041350372830,FALSE
2026-08-04 06:50:36.798,LIN-INNTRE-02-UL-1,,126080111700002010,TRUE
2026-08-04 06:50:35.957,CPP-Patternplating-01-UL,1260711011000,12606180030001C215,TRUE
2026-08-04 06:51:05.116,LIN-OUTDEV-01-L,1260716053000,126071605300001004,TRUE
2026-08-04 06:51:04.522,SMK-BRU-01-UL,1260711060020,126071106000001080,TRUE
2026-08-04 06:51:04.288,WIR-Vdevelop-01-L,1260606004000,12606060040001C061,TRUE
2026-08-04 06:51:04.070,LAM-BOP-02-L,1260731057000,126073105700008057,TRUE
2026-08-04 06:51:02.460,CPP-Horizontalplating-01-L,1260623098010,12606230980002B152,TRUE
2026-08-04 06:51:00.910,LIN-INNTRE-02-UL-1,,126080111700002012,TRUE
2026-08-04 06:51:01.504,LIN-INNTRE-02-UL-2,,126080111700002011,TRUE
2026-08-04 06:51:00.633,LIN-INNDES-01-L,,Error_202608041351006330,FALSE
2026-08-04 06:51:00.132,WIR-Decoatbake-01-L,1260619001010,12606190010001C185,TRUE
2026-08-04 06:50:59.396,SMK-SPR-01-L,1260611096000,12606110960001C203,TRUE
2026-08-04 06:50:58.328,LIN-INNDES-02-UL,,126080109500006006,TRUE
2026-08-04 06:50:58.438,LIN-INNLDI-01-L,1260801104000,126080110400012045,TRUE
2026-08-04 06:50:54.929,LAM-BOP-02-UL,1260731057000,126073105700008038,TRUE
2026-08-04 06:50:49.286,LIN-OUTDEV-01-UL,1260704085000,126071605300001051,TRUE
2026-08-04 06:50:48.177,WIR-LDI-01-UL,,126071601100058026,TRUE
2026-08-04 06:50:48.389,WIR-SE-01-UL,1260720093000,Error_202608041350483891,FALSE
2026-08-04 06:50:30.945,ELC-RED-01-UL,1260704073000,126070407300001075,TRUE
2026-08-04 06:31:05.251,WIR-Pretreatment-01-L,1260619002010,12606190020002B167,TRUE
2026-08-04 06:51:25.262,LIN-INNTRE-02-UL-1,,126080111700002014,TRUE
2026-08-04 06:51:25.043,LIN-INNTRE-02-UL-2,,126080111700002013,TRUE
2026-08-04 06:51:24.898,LIN-OUTDEV-01-L,1260716053000,126071605300001015,TRUE
2026-08-04 06:51:22.023,WIR-Vdevelop-01-UL,1260606004000,"12606060040001C110,BC",TRUE
2026-08-04 06:51:21.495,GLD-RinseENEPIG-01-UL,,Error_202608041351214955,FALSE
2026-08-04 06:51:19.946,LAM-BOP-02-UL,1260731057000,126073105700008036,TRUE
2026-08-04 06:51:17.710,WIR-LDI-01-UL,,126071601100058044,TRUE
2026-08-04 06:51:17.282,LIN-INNLDI-01-L,1260801104000,126080110400012043,TRUE
2026-08-04 06:51:16.930,LAM-BOP-02-L,1260731057000,126073105700008058,TRUE
2026-08-04 06:51:15.616,WIR-Decoatbake-01-UL,1260703002010,12607030020003A161,TRUE
2026-08-04 06:51:14.618,LIN-INNDES-01-L,,Error_202608041351146181,FALSE
2026-08-04 06:51:13.641,LIN-INNDES-02-UL,,126080109500006007,TRUE
2026-08-04 06:51:11.085,CPP-VCP-01-L,1260723001010,126072700200400118,TRUE
2026-08-04 06:51:10.210,WIR-Pretreatment-01-L,1260619002010,126060621000400092,TRUE
2026-08-04 06:51:09.530,WIR-SE-01-UL,1260720093000,Error_202608041351095309,FALSE
2026-08-04 06:51:09.070,ELC-RED-01-L,1260704073010,126070407300001060,TRUE
2026-08-04 06:51:07.136,SMK-BRU-02-L,1260711114000,126071111400001010,TRUE
2026-08-04 06:51:07.725,LIN-OUTDEV-01-UL,1260704085000,126071605300001051,TRUE
2026-08-04 05:21:40.136,AOI-RESAOI-01-UL,1260711060020,126071106000001076,TRUE
2026-08-04 06:51:42.693,SMK-SPR-01-L,1260611096000,12606110960001C226,TRUE
2026-08-04 06:51:41.728,LAM-BOP-02-L,1260731057000,126073105700008005,TRUE
2026-08-04 06:51:41.598,LIN-INNDES-02-UL,,126080109500006009,TRUE
2026-08-04 06:51:40.118,WIR-Vdevelop-01-L,1260606004000,12606060040001C113,TRUE
2026-08-04 06:51:37.946,WIR-LDI-01-L,,126071601100058158,TRUE
2026-08-04 06:51:37.388,SMK-BRU-02-L,1260711114000,126071111400001030,TRUE
2026-08-04 06:51:37.587,LAM-BOP-02-UL,1260731057000,126073105700008035,TRUE
2026-08-04 06:51:35.239,LIN-OUTVAP-01-UL,,Error_202608041351352391,FALSE
2026-08-04 06:51:35.211,WIR-Decoatbake-01-L,1260619001010,12606190010001C183,TRUE
2026-08-04 06:51:35.072,ELC-RED-01-L,1260704073010,126070407300001015,TRUE
2026-08-04 06:51:34.768,LIN-INNLDI-01-L,1260801104000,126080110400012041,TRUE
2026-08-04 06:51:32.117,WIR-Decoatbake-01-UL,1260703002010,12607030020003A171,TRUE
2026-08-04 06:51:31.033,WIR-SE-01-UL,1260720093000,Error_202608041351310331,FALSE
2026-08-04 06:51:30.835,CPP-Patternplating-01-L,1260707002000,126070700200049033,TRUE
2026-08-04 06:51:29.134,LIN-INNDES-01-L,,Error_202608041351291347,FALSE
2026-08-04 06:51:30.335,WIR-Pretreatment-01-L,1260619002010,12606190020002B166,TRUE
2026-08-04 06:51:29.007,CPP-Patternplating-01-UL,1260711011000,12606180030001C216,TRUE
2026-08-04 06:51:28.478,SMK-BRU-01-UL,1260711060020,126071106000001074,TRUE
2026-08-04 06:51:24.898,LIN-OUTDEV-01-L,1260716053000,126071605300001015,TRUE
2026-08-04 06:51:26.132,CPP-Horizontalplating-01-L,1260623098010,12606230980002B153,TRUE
2026-08-04 06:51:07.725,LIN-OUTDEV-01-UL,1260704085000,126071605300001051,TRUE
2026-08-04 06:52:03.792,LAM-BOP-02-UL,1260731057000,126073105700008033,TRUE
2026-08-04 06:52:00.905,ELC-RED-01-L,1260704073010,126070407300001058,TRUE
2026-08-04 06:52:00.563,WIR-Decoatbake-01-UL,1260703002010,12607030020003A169,TRUE
2026-08-04 06:51:59.169,GLD-RinseENEPIG-01-UL,,Error_202608041351591690,FALSE
2026-08-04 06:51:57.961,LIN-INNDES-02-UL,,126080109500006010,TRUE
2026-08-04 06:51:57.891,WIR-Vdevelop-01-UL,1260606004000,"12606060040001C068,BC",TRUE
2026-08-04 06:51:54.854,LAM-BOP-02-L,1260731057000,126073105700008060,TRUE
2026-08-04 06:51:53.412,WIR-SE-01-UL,1260720093000,Error_202608041351534126,FALSE
2026-08-04 06:51:53.113,LIN-INNLDI-01-L,1260801104000,126080110400012039,TRUE
2026-08-04 06:51:51.281,LIN-INNTRE-02-UL-1,,Error_202608041351512810,FALSE
2026-08-04 06:51:49.829,CPP-Horizontalplating-01-L,1260623098010,12606230980002B154,TRUE
2026-08-04 06:51:49.825,SMK-BRU-01-UL,1260711060020,126071106000001079,TRUE
2026-08-04 06:51:47.305,WIR-LDI-01-UL,,126071601100058048,TRUE
2026-08-04 06:51:48.984,LIN-INNTRE-02-UL-2,,126080111700002015,TRUE
2026-08-04 06:51:43.527,SDM-DI-01-L,,12606040010001C079,TRUE
2026-08-04 06:51:44.618,LIN-OUTDEV-01-L,1260716053000,126071605300001068,TRUE
2026-08-04 06:27:47.200,ELC-TRE-01-UL,1260711096020,126071109600001030,TRUE
2026-08-04 06:52:08.392,WIR-Pretreatment-01-L,1260619002010,12606190020002B165,TRUE
2026-08-04 06:52:06.996,LAM-BOP-02-L,1260731057000,126073105700008001,TRUE
2026-08-04 06:52:05.653,SDM-DI-01-L,,12606040010001C118,TRUE
2026-08-04 06:52:06.325,SMK-BRU-02-L,1260711114000,126071111400001059,TRUE
2026-08-04 06:52:04.443,LIN-INNLDI-01-L,1260801104000,126080110400012029,TRUE
2026-08-04 06:52:04.150,LIN-OUTDEV-01-L,1260716053000,126071605300001003,TRUE
2026-08-04 06:51:49.825,SMK-BRU-01-UL,1260711060020,126071106000001079,TRUE
2026-08-04 05:31:29.313,WIR-DES-01-L,1260709062120,12607090620001I001,TRUE
2026-08-04 06:52:30.481,SDM-DI-01-L,,12606040010001C080,TRUE
2026-08-04 06:52:29.163,LIN-INNLDI-01-L,1260801104000,126080110400012035,TRUE
2026-08-04 06:52:29.059,LAM-BOP-02-UL,1260731057000,126073105700008030,TRUE
2026-08-04 06:52:26.876,ELC-RED-01-L,1260704073010,126070407300001016,TRUE
2026-08-04 06:52:24.626,CPP-Patternplating-01-L,1260707002000,126070700200049030,TRUE
2026-08-04 06:52:24.901,LIN-INNDES-02-UL,,126080109500006012,TRUE
2026-08-04 06:52:23.917,LIN-OUTDEV-01-L,1260716053000,126071605300001065,TRUE
2026-08-04 06:52:23.142,CPP-Patternplating-01-UL,1260711011000,12606180030001C217,TRUE
2026-08-04 06:52:19.903,LAM-BOP-02-L,1260731057000,126073105700008002,TRUE
2026-08-04 06:52:17.807,LIN-OUTDEV-01-UL,1260704085020,126071605300001075,TRUE
2026-08-04 06:52:16.720,WIR-LDI-01-UL,,126071601100058045,TRUE
2026-08-04 06:52:16.908,CPP-VCP-01-L,1260723001010,126072700200400108,TRUE
2026-08-04 06:52:16.580,WIR-Vdevelop-01-L,1260606004000,12606060040001C107,TRUE
2026-08-04 06:52:16.256,WIR-SE-01-UL,1260720093000,Error_202608041352162568,FALSE
2026-08-04 06:52:13.924,LIN-INNTRE-02-UL-1,,126080111700002018,TRUE
2026-08-04 06:52:13.517,CPP-Horizontalplating-01-L,1260623098010,12606230980002B156,TRUE
2026-08-04 06:52:12.389,SMK-BRU-02-UL,1260716017020,126071111400001068,TRUE
2026-08-04 06:52:13.830,LIN-INNTRE-02-UL-2,,126080111700002017,TRUE
2026-08-04 06:52:12.158,WIR-Decoatbake-01-L,1260619001010,12606190010001C232,TRUE
2026-08-04 06:51:57.891,WIR-Vdevelop-01-UL,1260606004000,"12606060040001C068,BC",TRUE
2026-08-04 06:51:49.825,SMK-BRU-01-UL,1260711060020,126071106000001079,TRUE
2026-08-04 06:52:54.844,LIN-INNDES-02-UL,,126080109500006054,TRUE
2026-08-04 06:52:54.280,LAM-BOP-02-UL,1260731057000,126073105700008028,TRUE
2026-08-04 06:52:54.181,LIN-INNLDI-01-L,1260801104000,126080110400012023,TRUE
2026-08-04 06:52:52.361,WIR-Vdevelop-01-L,1260606004000,12606060040001C112,TRUE
2026-08-04 06:52:52.719,ELC-RED-01-L,1260704073010,126070407300001003,TRUE
2026-08-04 06:52:49.314,WIR-Pretreatment-01-L,1260619002010,12606190020002B164,TRUE
2026-08-04 06:52:47.044,LIN-OUTVAP-01-UL,,12606130040001C195,TRUE
2026-08-04 06:52:47.533,WIR-Decoatbake-01-L,1260619001010,12606190010001C903,TRUE
2026-08-04 06:52:46.543,SMK-SPR-01-L,1260611096000,12606110960001C232,TRUE
2026-08-04 06:52:46.221,WIR-LDI-01-UL,,126071601100058046,TRUE
2026-08-04 06:52:45.808,ROU-RIN-01-UL,,12606100560000104901,TRUE
2026-08-04 06:52:45.591,LAM-BOP-02-L,1260731057000,126073105700008004,TRUE
2026-08-04 06:52:45.377,WIR-Decoatbake-01-UL,1260703002010,12607030020003A170,TRUE
2026-08-04 06:52:43.654,LIN-OUTDEV-01-L,1260716053000,126071605300001022,TRUE
2026-08-04 06:52:43.407,SMK-BRU-02-UL,1260716017020,126071111400001007,TRUE
2026-08-04 06:52:41.591,GLD-RinseENEPIG-01-UL,,22605233310001C189,TRUE
2026-08-04 06:52:38.238,LIN-INNTRE-02-UL-1,,126080111700002020,TRUE
2026-08-04 06:52:38.473,LIN-INNTRE-02-UL-2,,126080111700002019,TRUE
2026-08-04 06:52:37.064,CPP-Horizontalplating-01-L,1260623098010,12606230980002B155,TRUE
2026-08-04 06:52:37.397,WIR-SE-01-UL,1260720093000,Error_202608041352373979,FALSE
2026-08-04 06:52:33.408,WIR-Vdevelop-01-UL,1260606004000,"12606060040001C065,BD",TRUE
2026-08-04 06:52:36.079,SMK-BRU-02-L,1260711114000,126071111400001029,TRUE
2026-08-04 06:52:30.481,SDM-DI-01-L,,12606040010001C080,TRUE
2026-08-04 06:52:24.626,CPP-Patternplating-01-L,1260707002000,126070700200049030,TRUE
2026-08-04 06:53:13.469,SDM-DI-01-L,,12606040010001C117,TRUE
2026-08-04 06:53:11.769,SMK-BRU-02-UL,1260716017020,126071111400001026,TRUE
2026-08-04 06:53:11.190,ELC-RED-01-UL,1260704073010,126070407300001067,TRUE
2026-08-04 06:53:10.690,LAM-BOP-02-L,1260731057000,126073105700008007,TRUE
2026-08-04 06:53:08.782,LIN-INNDES-02-UL,,126080109500006055,TRUE
2026-08-04 06:53:08.202,ROU-RIN-01-UL,,Error_202608041353082025,FALSE
2026-08-04 06:53:07.470,LAM-BOP-02-UL,1260731057000,126073105700008027,TRUE
2026-08-04 06:53:05.472,SMK-BRU-02-L,1260711114000,126071111400001032,TRUE
2026-08-04 06:53:05.370,LIN-INNLDI-01-L,1260801104000,126080110400012031,TRUE
2026-08-04 06:53:01.709,LIN-INNTRE-02-UL-1,,126080111700002022,TRUE
2026-08-04 06:53:00.752,CPP-Horizontalplating-01-L,1260623098010,12606230980002B158,TRUE
2026-08-04 06:53:02.850,LIN-INNTRE-02-UL-2,,126080111700002021,TRUE
2026-08-04 06:52:58.744,WIR-SE-01-UL,1260720093000,Error_202608041352587449,FALSE
2026-08-04 06:52:47.533,WIR-Decoatbake-01-L,1260619001010,12606190010001C903,TRUE
2026-08-04 06:52:43.654,LIN-OUTDEV-01-L,1260716053000,126071605300001022,TRUE
2026-08-04 06:52:16.908,CPP-VCP-01-L,1260723001010,126072700200400108,TRUE
2026-08-04 06:53:37.751,LIN-INNDES-02-UL,,126080109500006057,TRUE
2026-08-04 06:53:36.759,ELC-RED-01-UL,1260704073010,126070407300001021,TRUE
2026-08-04 06:53:35.051,SMK-BRU-02-L,1260711114000,126071111400001003,TRUE
2026-08-04 06:53:32.508,LIN-INNTRE-02-UL-2,,126080111700002025,TRUE
2026-08-04 06:53:31.380,LAM-BOP-02-UL,1260731057000,126073105700008025,TRUE
2026-08-04 06:53:30.939,WIR-Decoatbake-01-UL,1260703002010,12607030020003A167,TRUE
2026-08-04 06:53:29.934,LIN-INNLDI-01-L,1260801104000,126080110400012019,TRUE
2026-08-04 06:53:27.908,WIR-Vdevelop-01-L,1260606004000,12606060040001C108,TRUE
2026-08-04 06:53:27.830,WIR-Pretreatment-01-L,1260619002010,12606190020002B163,TRUE
2026-08-04 06:53:27.226,LIN-INNTRE-02-UL-1,,126080111700002026,TRUE
2026-08-04 06:53:24.408,WIR-Decoatbake-01-L,1260619001010,12606190010001C904,TRUE
2026-08-04 06:53:35.958,LAM-BOP-02-L,1260731057000,126073105700008009,TRUE
2026-08-04 06:53:24.205,CPP-Horizontalplating-01-L,1260623098010,12606230980002B157,TRUE
2026-08-04 06:53:22.236,CPP-VCP-01-L,1260723001010,126072700200400116,TRUE
2026-08-04 06:53:19.006,ELC-RED-01-L,1260704073010,126070407300001065,TRUE
2026-08-04 06:53:18.688,GLD-RinseENEPIG-01-UL,,22605233310001C237,TRUE
2026-08-04 06:53:16.346,CPP-Patternplating-01-UL,1260711011000,12606180030001C218,TRUE
2026-08-04 06:53:15.674,WIR-LDI-01-UL,,126071601100058043,TRUE
2026-08-04 06:53:18.127,CPP-Patternplating-01-L,1260707002000,126070700200049020,TRUE
2026-08-04 06:52:46.543,SMK-SPR-01-L,1260611096000,12606110960001C232,TRUE
2026-08-04 06:52:58.744,WIR-SE-01-UL,1260720093000,Error_202608041352587449,FALSE
2026-08-04 06:53:45.237,WIR-LDI-01-UL,,126071601100058034,TRUE
2026-08-04 06:53:44.821,LIN-INNTRE-02-UL-2,,126080111700002027,TRUE
2026-08-04 06:53:44.588,ELC-RED-01-L,1260704073010,126070407300001011,TRUE
2026-08-04 06:53:43.709,LAM-BOP-02-UL,1260731057000,126073105700008064,TRUE
2026-08-04 06:53:42.706,WIR-Vdevelop-01-UL,1260606004000,"12606060040001C066,BD",TRUE
2026-08-04 06:53:42.254,SMK-BRU-02-UL,1260716017020,126071111400001009,TRUE
2026-08-04 06:53:40.743,LIN-INNTRE-02-UL-1,,126080111700002028,TRUE
2026-08-04 06:53:39.498,LIN-INNLDI-01-L,1260801104000,126080110400012027,TRUE
2026-08-04 06:54:06.362,LIN-INNDES-02-UL,,126080109500006059,TRUE
2026-08-04 06:54:08.647,LAM-BOP-02-UL,1260731057000,126073105700008062,TRUE
2026-08-04 06:54:05.358,LIN-INNLDI-01-L,1260801104000,126080110400012015,TRUE
2026-08-04 06:54:04.721,LIN-OUTVAP-01-UL,,12606130040001C219,TRUE
2026-08-04 06:54:04.540,SMK-BRU-02-L,1260711114000,126071111400001072,TRUE
2026-08-04 06:54:04.155,WIR-Pretreatment-01-L,1260619002010,12606190020002B162,TRUE
2026-08-04 06:54:02.823,ELC-RED-01-UL,1260704073010,126070407300001056,TRUE
2026-08-04 06:54:03.718,WIR-Vdevelop-01-L,1260606004000,12606060040001C120,TRUE
2026-08-04 06:53:59.495,LIN-INNTRE-02-UL-1,,126080111700002030,TRUE
2026-08-04 06:53:57.924,GLD-RinseENEPIG-01-UL,,22605233310001C182,TRUE
2026-08-04 06:53:56.729,LIN-INNTRE-02-UL-2,,126080111700002029,TRUE
2026-08-04 06:53:47.826,CPP-Horizontalplating-01-L,1260623098010,12606230980002B159,TRUE
2026-08-04 06:53:48.850,LAM-BOP-02-L,1260731057000,126073105700008010,TRUE
2026-08-04 06:53:45.237,WIR-LDI-01-UL,,126071601100058034,TRUE
2026-08-04 06:52:58.744,WIR-SE-01-UL,1260720093000,Error_202608041352587449,FALSE
2026-08-04 06:54:26.997,LIN-INNTRE-02-UL-1,,126080111700002034,TRUE
2026-08-04 06:54:25.655,WIR-Pretreatment-01-UL,1260619002000,12606190020002B042,TRUE
2026-08-04 06:54:25.345,LIN-INNLDI-01-L,1260801104000,126080110400012013,TRUE
2026-08-04 06:54:25.274,ROU-RIN-01-UL,,Error_202608041354252740,FALSE
2026-08-04 06:54:21.790,LAM-BOP-02-UL,1260731057000,126073105700008061,TRUE
2026-08-04 06:54:21.581,LIN-INNDES-02-UL,,126080109500006060,TRUE
2026-08-04 06:54:17.702,WIR-Vdevelop-01-UL,1260606004000,"12606060040001C069,BD",TRUE
2026-08-04 06:54:18.660,LIN-OUTDEV-01-UL,1260704085020,126071605300001058,TRUE
2026-08-04 06:54:15.187,WIR-Decoatbake-01-UL,1260703002010,12607030020003A168,TRUE
2026-08-04 06:54:14.765,WIR-LDI-01-UL,,126071601100058033,TRUE
2026-08-04 06:54:11.765,CPP-Patternplating-01-L,1260707002000,126070700200049014,TRUE
2026-08-04 06:54:11.390,CPP-Horizontalplating-01-L,1260623098010,12606230980002B160,TRUE
2026-08-04 06:54:11.277,LIN-INNTRE-02-UL-2,,126080111700002031,TRUE
2026-08-04 06:54:10.386,ELC-RED-01-L,1260704073010,126070407300001006,TRUE
2026-08-04 06:54:10.665,SMK-BRU-02-UL,1260716017020,126071111400001008,TRUE
2026-08-04 06:54:10.358,CPP-Patternplating-01-UL,1260711011000,12606180030001C219,TRUE
2026-08-04 06:42:03.868,WIR-SE-01-L,1260720093000,Error_202608041342038686,FALSE
2026-08-04 02:52:28.688,SMK-DIX-01-L,1260710031000,126071003100001023,TRUE
2026-08-04 06:54:42.546,WIR-Pretreatment-01-L,1260619002010,12606190020002B161,TRUE
2026-08-04 06:54:42.386,SMK-BRU-02-UL,1260716017020,126071111400001015,TRUE
2026-08-04 06:54:41.036,SDM-DI-01-L,,12606040010001C113,TRUE
2026-08-04 06:54:40.910,LIN-INNLDI-01-L,1260801104000,126080110400012011,TRUE
2026-08-04 06:54:39.577,WIR-Vdevelop-01-L,1260606004000,12606060040001C119,TRUE
2026-08-04 06:54:39.179,LIN-OUTDEV-01-UL,1260704085020,126071605300001039,TRUE
2026-08-04 06:54:36.512,ELC-RED-01-L,1260704073010,126070407300001049,TRUE
2026-08-04 06:54:35.093,CPP-Horizontalplating-01-L,1260623098010,12606230980002B161,TRUE
2026-08-04 06:54:34.988,LIN-INNDES-02-UL,,126080109500006061,TRUE
2026-08-04 06:54:34.136,SMK-BRU-02-L,1260711114000,126071111400001039,TRUE
2026-08-04 06:54:34.260,LAM-BOP-02-UL,1260731057000,126073105700008060,TRUE
2026-08-04 06:54:32.848,GLD-RinseENEPIG-01-UL,,22605233310001C183,TRUE
2026-08-04 06:54:30.794,LIN-INNTRE-02-UL-2,,126080111700002033,TRUE
2026-08-04 06:54:29.277,ELC-RED-01-UL,1260704073010,126070407300001063,TRUE
2026-08-04 06:52:43.654,LIN-OUTDEV-01-L,1260716053000,126071605300001022,TRUE
2026-08-04 06:52:46.543,SMK-SPR-01-L,1260611096000,12606110960001C232,TRUE
2026-08-04 06:55:07.036,LIN-INNLDI-01-L,1260801104000,126080110400012017,TRUE
2026-08-04 06:55:05.674,WIR-LDI-01-L,,126071601100058159,TRUE
2026-08-04 06:55:05.642,CPP-Patternplating-01-L,1260707002000,126070700200049026,TRUE
2026-08-04 06:55:03.090,SMK-BRU-02-L,1260711114000,126071111400001056,TRUE
2026-08-04 06:55:04.910,LIN-INNDES-02-UL,,126080109500006063,TRUE
2026-08-04 06:55:02.858,ELC-RED-01-L,1260704073010,126070407300001042,TRUE
2026-08-04 06:55:02.196,LIN-OUTDEV-01-UL,1260704085020,126071605300001001,TRUE
2026-08-04 06:55:01.173,WIR-Decoatbake-01-UL,1260703002010,12607030020003A156,TRUE
2026-08-04 06:54:59.479,LAM-BOP-02-UL,1260731057000,126073105700008058,TRUE
2026-08-04 06:54:58.689,CPP-Horizontalplating-01-L,1260623098010,12606230980002B162,TRUE
2026-08-04 06:54:52.267,WIR-Vdevelop-01-UL,1260606004000,"12606060040001C070,BC",TRUE
2026-08-04 06:54:55.092,ELC-RED-01-UL,1260704073010,126070407300001047,TRUE
2026-08-04 06:54:25.655,WIR-Pretreatment-01-UL,1260619002000,12606190020002B042,TRUE
2026-08-04 06:55:04.579,CPP-Patternplating-01-UL,1260711011000,12606180030001C211,TRUE
2026-08-04 06:52:43.654,LIN-OUTDEV-01-L,1260716053000,126071605300001022,TRUE
2026-08-04 06:55:15.268,WIR-Vdevelop-01-L,1260606004000,12606060040001C103,TRUE
2026-08-04 06:55:14.843,SMK-BRU-02-UL,1260716017020,126071111400001018,TRUE
2026-08-04 06:55:14.834,LIN-INNDES-02-UL,,Error_202608041355148341,FALSE
2026-08-04 06:55:12.011,LAM-BOP-02-UL,1260731057000,126073105700008042,TRUE
2026-08-04 06:55:11.100,GLD-RinseENEPIG-01-UL,,22605233310001C216,TRUE
2026-08-04 06:05:13.003,GLD-IR-01-L,,126070700800001043,TRUE
2026-08-04 05:45:26.957,ELC-PUL-01-UL,1260630342000,126063030600001022,TRUE
2026-08-04 06:55:37.575,LIN-OUTDEV-01-UL,1260704085020,126071605300001049,TRUE
2026-08-04 06:55:36.621,LAM-BOP-02-UL,1260731057000,126073105700008008,TRUE
2026-08-04 06:55:36.075,LIN-INNLDI-01-L,1260801104000,126080110400012076,TRUE
2026-08-04 06:55:33.055,LIN-INNDES-02-UL,,126080109500006065,TRUE
2026-08-04 06:55:32.846,SMK-BRU-02-L,1260711114000,126071111400001065,TRUE
2026-08-04 06:55:32.051,WIR-LDI-01-L,,126071601100058160,TRUE
2026-08-04 06:55:29.925,LIN-INNTRE-02-UL-1,,Error_202608041355299253,FALSE
2026-08-04 06:55:29.086,LIN-OUTVAP-01-UL,,12606130040001C212,TRUE
2026-08-04 06:55:27.953,ELC-RED-01-L,1260704073010,126070407300001029,TRUE
2026-08-04 06:55:26.752,WIR-Vdevelop-01-UL,1260606004000,"12606060040001C067,BD",TRUE
2026-08-04 06:55:22.159,CPP-Horizontalplating-01-L,1260623098010,12606230980002B163,TRUE
2026-08-04 06:55:21.327,ELC-RED-01-UL,1260704073010,126070407300001026,TRUE
2026-08-04 06:55:21.174,WIR-Pretreatment-01-L,1260619002010,12606190020002B159,TRUE
2026-08-04 06:55:17.862,WIR-LDI-01-UL,,126071601100058031,TRUE
2026-08-04 06:55:05.642,CPP-Patternplating-01-L,1260707002000,126070700200049026,TRUE
2026-08-04 06:52:43.654,LIN-OUTDEV-01-L,1260716053000,126071605300001022,TRUE
2026-08-04 06:55:29.361,LIN-INNTRE-02-UL-2,,126080111700002035,TRUE
2026-08-04 06:42:03.868,WIR-SE-01-L,1260720093000,Error_202608041342038686,FALSE
2026-08-04 06:38:46.877,LIN-INNTRE-01-UL,1260801120000,126080112000008030,TRUE
2026-08-04 06:55:53.767,ELC-RED-01-L,1260704073010,126070407300001032,TRUE
2026-08-04 06:55:51.060,LAM-BOP-02-UL,1260731057000,126073105700008007,TRUE
2026-08-04 06:55:50.866,WIR-Vdevelop-01-L,1260606004000,12606060040001C104,TRUE
2026-08-04 06:55:47.878,ELC-RED-01-UL,1260704073010,126070407300001072,TRUE
2026-08-04 06:55:50.811,LIN-INNLDI-01-L,1260801104000,126080110400012074,TRUE
2026-08-04 06:55:47.634,LIN-INNDES-02-UL,,126080109500006066,TRUE
2026-08-04 06:55:46.120,GLD-RinseENEPIG-01-UL,,22605233310001C190,TRUE
2026-08-04 06:55:45.631,CPP-Horizontalplating-01-L,1260623098010,12606230980002B164,TRUE
2026-08-04 06:55:45.334,WIR-Decoatbake-01-UL,1260703002010,12607030020003A153,TRUE
2026-08-04 06:55:44.149,ROU-RIN-01-UL,,Error_202608041355441494,FALSE
2026-08-04 06:55:43.737,SMK-BRU-02-UL,1260716017020,126071111400001024,TRUE
2026-08-04 06:55:43.127,SMK-SPR-01-L,1260611096010,12606110960001C239/0,TRUE
2026-08-04 06:52:43.654,LIN-OUTDEV-01-L,1260716053000,126071605300001022,TRUE
2026-08-04 06:05:13.003,GLD-IR-01-L,,126070700800001043,TRUE
2026-08-04 06:56:15.042,GLD-IR-01-L,,126070803400001062,TRUE
2026-08-04 06:56:14.639,LAM-BOP-02-UL,1260731057000,126073105700008005,TRUE
2026-08-04 06:56:13.799,LIN-INNDES-02-UL,,Error_202608041356137996,FALSE
2026-08-04 06:56:13.283,ELC-RED-01-UL,1260704073010,126070407300001066,TRUE
2026-08-04 06:56:13.341,SDM-DI-01-L,,12606040010001C062,TRUE
2026-08-04 06:56:12.199,ROU-RIN-01-UL,,12606100560000105401,TRUE
2026-08-04 06:56:11.140,LIN-INNLDI-01-L,1260801104000,126080110400012072,TRUE
2026-08-04 06:56:09.274,CPP-Horizontalplating-01-L,1260623098010,12606230980002B165,TRUE
2026-08-04 06:56:02.346,SMK-BRU-02-L,1260711114000,126071111400001061,TRUE
2026-08-04 06:56:01.133,WIR-Vdevelop-01-UL,1260606004000,"12606060040001C118,BC",TRUE
2026-08-04 06:55:59.695,WIR-Pretreatment-01-L,1260619002010,12606190020002B158,TRUE
2026-08-04 06:55:59.258,CPP-Patternplating-01-L,1260707002000,126070700200049025,TRUE
2026-08-04 06:55:58.232,LIN-OUTDEV-01-UL,1260704085020,126071605300001053,TRUE
2026-08-04 06:55:58.180,CPP-Patternplating-01-UL,1260711011000,12606180030001C212,TRUE
2026-08-04 06:56:35.423,LIN-INNLDI-01-L,1260801104000,126080110400012078,TRUE
2026-08-04 06:56:33.242,CPP-Horizontalplating-01-L,1260623098010,12606230980002B166,TRUE
2026-08-04 06:56:32.828,LIN-OUTDEV-01-L,1260716053020,126071605300001050,TRUE
2026-08-04 06:56:30.985,LIN-INNDES-02-UL,,126080109500006069,TRUE
2026-08-04 06:56:30.320,WIR-Decoatbake-01-UL,1260703002010,12607030020003A154,TRUE
2026-08-04 06:56:27.596,LAM-BOP-02-UL,1260731057000,126073105700008024,TRUE
2026-08-04 06:56:26.539,WIR-Vdevelop-01-L,1260606004000,12606060040001C105,TRUE
2026-08-04 06:56:23.483,GLD-RinseENEPIG-01-UL,,22605233310001C117,TRUE
2026-08-04 06:56:23.480,ROU-RIN-01-UL,,Error_202608041356234809,FALSE
2026-08-04 06:56:19.612,ELC-RED-01-L,1260704073010,126070407300001045,TRUE
2026-08-04 06:56:18.785,SMK-BRU-02-UL,1260716017020,126071111400001017,TRUE
2026-08-04 06:56:17.889,LIN-OUTDEV-01-UL,1260704085020,126071605300001031,TRUE
2026-08-04 06:56:17.663,LIN-INNTRE-02-UL-1,,126080111700002038,TRUE
2026-08-04 06:56:02.346,SMK-BRU-02-L,1260711114000,126071111400001061,TRUE
2026-08-04 06:56:17.476,LIN-INNTRE-02-UL-2,,126080111700002037,TRUE
2026-08-04 06:56:42.356,ROU-RIN-01-UL,,12606100560000100601,TRUE
2026-08-04 06:56:41.370,LIN-INNTRE-02-UL-2,,126080111700002039,TRUE
2026-08-04 06:56:40.050,LAM-BOP-02-UL,1260731057000,126073105700008004,TRUE
2026-08-04 06:56:39.832,ELC-RED-01-UL,1260704073010,126070407300001007,TRUE
2026-08-04 06:56:38.180,WIR-Pretreatment-01-L,1260619002010,12606190020002B157,TRUE
2026-08-04 06:56:37.439,LIN-OUTDEV-01-UL,1260704085020,126071605300001043,TRUE
2026-08-04 06:56:36.992,WIR-Vdevelop-01-UL,1260606004000,"12606060040001C099,BC",TRUE
2026-08-04 06:21:35.893,ELC-TRE-01-L,1260711096020,126071109600001030,TRUE
2026-08-04 06:57:02.618,WIR-Vdevelop-01-L,1260606004000,12606060040001C100,TRUE
2026-08-04 06:57:00.988,GLD-RinseENEPIG-01-UL,,22605233310001C201,TRUE
2026-08-04 06:57:00.755,SMK-SPR-01-L,1260611096010,12606110960001C215/0,TRUE
2026-08-04 06:57:00.681,LIN-OUTDEV-01-UL,1260704085020,126071605300001006,TRUE
2026-08-04 06:57:00.552,LIN-INNDES-02-UL,,126080109500006071,TRUE
2026-08-04 06:57:00.379,LIN-INNLDI-01-L,1260801104000,126080110400012064,TRUE
2026-08-04 06:56:56.431,CPP-Horizontalplating-01-L,1260623098010,12606230980002B167,TRUE
2026-08-04 06:56:53.779,ROU-RIN-01-UL,,Error_202608041356537794,FALSE
2026-08-04 06:56:53.629,LIN-OUTVAP-01-UL,,Error_202608041356536293,FALSE
2026-08-04 06:56:53.259,CPP-Patternplating-01-L,1260707002000,126070700200049028,TRUE
2026-08-04 06:56:52.442,LAM-BOP-02-UL,1260731057000,126073105700008003,TRUE
2026-08-04 06:56:51.404,GLD-IR-01-L,,126070803400001034,TRUE
2026-08-04 06:56:51.212,CPP-Patternplating-01-UL,1260711011000,12606180030001C213,TRUE
2026-08-04 06:56:50.159,LIN-OUTDEV-01-L,1260716053020,126071605300001029,TRUE
2026-08-04 06:56:48.911,SMK-BRU-02-UL,1260716017020,126071111400001001,TRUE
2026-08-04 06:56:45.488,ELC-RED-01-L,1260704073010,126070407300001037,TRUE
2026-08-04 06:56:42.901,LIN-INNTRE-02-UL-1,,Error_202608041356429013,FALSE
2026-08-04 06:57:20.176,LIN-INNLDI-01-L,1260801104000,126080110400012062,TRUE
2026-08-04 06:57:25.061,GLD-IR-01-L,,126070803400001024,TRUE
2026-08-04 06:57:20.149,CPP-Horizontalplating-01-L,1260623098010,12606230980002B168,TRUE
2026-08-04 06:57:17.679,SMK-BRU-02-UL,1260716017020,126071111400001021,TRUE
2026-08-04 06:57:18.787,LAM-BOP-02-UL,1260731057000,126073105700008001,TRUE
2026-08-04 06:57:16.676,LIN-OUTDEV-01-UL,1260704085020,126071605300001004,TRUE
2026-08-04 06:57:16.509,WIR-Pretreatment-01-L,1260619002010,12606190020002B156,TRUE
2026-08-04 06:57:15.446,WIR-Decoatbake-01-UL,1260703002010,12607030020003A151,TRUE
2026-08-04 06:57:14.412,LIN-INNDES-02-UL,,126080109500006072,TRUE
2026-08-04 06:57:14.514,ROU-RIN-01-UL,,Error_202608041357145145,FALSE
2026-08-04 06:57:11.741,SMK-BRU-02-L,1260711114000,126071111400001006,TRUE
2026-08-04 06:57:11.665,WIR-Vdevelop-01-UL,1260606004000,"12606060040001C114,BC",TRUE
2026-08-04 06:57:11.553,ELC-RED-01-L,1260704073010,126070407300001054,TRUE
2026-08-04 06:57:09.425,LIN-OUTDEV-01-L,1260716053020,126071605300001071,TRUE
2026-08-04 06:57:06.837,WIR-LDI-01-UL,,12606190020002B053,TRUE
2026-08-04 06:57:06.553,ELC-RED-01-UL,1260704073010,126070407300001053,TRUE
2026-08-04 06:57:05.983,LIN-INNTRE-02-UL-2,,126080111700002041,TRUE
2026-08-04 06:57:05.421,LIN-INNTRE-02-UL-1,,126080111700002042,TRUE
2026-08-04 06:51:49.825,SMK-BRU-01-UL,1260711060020,126071106000001079,TRUE
2026-08-04 06:57:44.709,LIN-INNLDI-01-L,1260801104000,126080110400012068,TRUE
2026-08-04 06:57:44.645,WIR-LDI-01-L,,126071601100058161,TRUE
2026-08-04 06:57:43.692,CPP-Horizontalplating-01-L,1260623098010,12606230980002B169,TRUE
2026-08-04 06:57:43.508,LIN-INNDES-02-UL,,126080109500006034,TRUE
2026-08-04 06:57:41.229,SMK-BRU-02-L,1260711114000,126071111400001073,TRUE
2026-08-04 06:57:43.102,LAM-BOP-02-UL,1260731057000,126073105700008022,TRUE
2026-08-04 06:57:38.285,WIR-Vdevelop-01-L,1260606004000,12606060040001C101,TRUE
2026-08-04 06:57:37.370,ELC-RED-01-L,1260704073010,126070407300001030,TRUE
2026-08-04 06:57:36.320,GLD-RinseENEPIG-01-UL,,22605233310001C120,TRUE
2026-08-04 06:57:36.285,WIR-LDI-01-UL,,12606190020002B036,TRUE
2026-08-04 06:57:35.787,LIN-OUTDEV-01-UL,1260704085020,126071605300001015,TRUE
2026-08-04 06:57:34.812,ROU-RIN-01-UL,,Error_202608041357348127,FALSE
2026-08-04 06:57:34.435,SMK-SPR-01-L,1260611096010,12606110960001C221/0,TRUE
2026-08-04 06:57:30.160,LIN-INNTRE-02-UL-2,,126080111700002043,TRUE
2026-08-04 06:57:32.040,ELC-RED-01-UL,1260704073010,126070407300001073,TRUE
2026-08-04 06:57:29.253,LIN-INNTRE-02-UL-1,,126080111700002044,TRUE
2026-08-04 06:57:29.129,LIN-OUTDEV-01-L,1260716053020,126071605300001036,TRUE
2026-08-04 06:38:46.877,LIN-INNTRE-01-UL,1260801120000,126080112000008030,TRUE
2026-08-04 06:58:03.042,ELC-RED-01-L,1260704073010,126070407300001005,TRUE
2026-08-04 06:58:01.017,GLD-IR-01-L,,126070803400001050,TRUE
2026-08-04 06:58:00.693,LIN-INNLDI-01-L,1260801104000,126080110400012066,TRUE
2026-08-04 06:58:00.475,WIR-Decoatbake-01-UL,1260703002010,12607030020003A159,TRUE
2026-08-04 06:57:59.963,LIN-OUTDEV-01-UL,1260704085020,126071605300001003,TRUE
2026-08-04 06:57:57.430,LIN-INNDES-02-UL,,126080109500006035,TRUE
2026-08-04 06:57:57.355,ELC-RED-01-UL,1260704073010,126070407300001038,TRUE
2026-08-04 06:57:57.286,WIR-Pretreatment-01-L,1260619002010,12606190020002B155,TRUE
2026-08-04 06:57:55.711,LAM-BOP-02-UL,1260731057000,126073105700008021,TRUE
2026-08-04 06:57:55.158,ROU-RIN-01-UL,,Error_202608041357551585,FALSE
2026-08-04 06:57:53.973,LIN-INNTRE-02-UL-2,,126080111700002045,TRUE
2026-08-04 06:57:53.083,LIN-INNTRE-02-UL-1,,126080111700002046,TRUE
2026-08-04 06:57:50.218,SMK-SPR-01-L,1260611096010,12606110960001C239,TRUE
2026-08-04 06:57:48.363,WIR-Vdevelop-01-UL,1260606004000,"12606060040001C115,BC",TRUE
2026-08-04 06:57:47.821,SMK-BRU-02-UL,1260716017020,126071111400001042,TRUE
2026-08-04 06:57:48.602,LIN-OUTDEV-01-L,1260716053020,126071605300001026,TRUE
2026-08-04 06:57:45.801,CPP-Patternplating-01-UL,1260711011000,12606180030001C214,TRUE
2026-08-04 06:57:45.727,SDM-DI-01-L,,12606040010001C114,TRUE
2026-08-04 06:58:11.619,AOI-PEP-01-L,1260801033000,126080100900002001,TRUE
2026-08-04 06:58:11.177,WIR-LDI-01-L,,126071601100058162,TRUE
2026-08-04 06:58:11.087,LIN-INNDES-02-UL,,126080109500006036,TRUE
2026-08-04 06:58:09.507,LIN-INNLDI-01-L,1260801104000,126080110400012056,TRUE
2026-08-04 06:58:08.802,CPP-Patternplating-01-L,1260707002010,126070700200049160,TRUE
2026-08-04 06:58:08.657,SMK-SPR-01-L,1260611096010,12606110960001C209/0,TRUE
2026-08-04 06:58:08.526,LIN-OUTDEV-01-L,1260716053020,126071605300001074,TRUE
2026-08-04 06:58:08.259,LAM-BOP-02-UL,1260731057000,126073105700008020,TRUE
2026-08-04 06:58:07.552,CPP-Horizontalplating-01-L,1260623098010,12606230980002B170,TRUE
2026-08-04 06:58:31.416,AOI-PEP-01-UL,1260801033000,126080100900002001,TRUE
2026-08-04 06:58:31.135,AOI-PEP-01-L,1260801033000,126080101500002044,TRUE
2026-08-04 06:58:30.928,CPP-Horizontalplating-01-L,1260623098010,12606230980002B171,TRUE
2026-08-04 06:58:29.508,LIN-INNLDI-01-L,1260801104000,126080110400012054,TRUE
2026-08-04 06:58:29.153,ELC-RED-01-L,1260704073010,126070407300001036,TRUE
2026-08-04 06:58:28.371,LIN-OUTDEV-01-L,1260716053020,126071605300001061,TRUE
2026-08-04 06:58:27.752,SMK-SPR-01-L,1260611096010,12606110960001C215,TRUE
2026-08-04 06:58:26.214,LIN-INNDES-02-UL,,126080109500006037,TRUE
2026-08-04 06:58:23.872,ELC-RED-01-UL,1260704073010,126070407300001018,TRUE
2026-08-04 06:58:22.834,WIR-Vdevelop-01-UL,1260606004000,"12606060040001C116,BD",TRUE
2026-08-04 06:58:20.603,LAM-BOP-02-UL,1260731057000,126073105700008019,TRUE
2026-08-04 06:58:18.692,LIN-INNTRE-02-UL-2,,126080111700002047,TRUE
2026-08-04 06:58:17.817,LIN-INNTRE-02-UL-1,,126080111700002048,TRUE
2026-08-04 06:58:17.354,SMK-BRU-02-UL,1260716017020,126071111400001028,TRUE
2026-08-04 06:58:14.838,GLD-RinseENEPIG-01-UL,,22605233310001C087,TRUE
2026-08-04 06:58:14.256,WIR-Vdevelop-01-L,1260606004000,12606060040001C102,TRUE
2026-08-04 06:58:13.618,LIN-OUTVAP-01-UL,,Error_202608041358136189,FALSE
2026-08-04 06:58:00.475,WIR-Decoatbake-01-UL,1260703002010,12607030020003A159,TRUE
2026-08-04 06:58:55.106,LIN-OUTDEV-01-UL,1260704085020,126071605300001022,TRUE
2026-08-04 06:58:54.983,ELC-RED-01-L,1260704073010,126070407300001059,TRUE
2026-08-04 06:58:54.530,AOI-PEP-01-L,1260801033000,126080101500002003,TRUE
2026-08-04 06:58:54.509,CPP-Horizontalplating-01-L,1260623098010,12606230980002B172,TRUE
2026-08-04 06:58:54.399,LIN-INNLDI-01-L,1260801104000,126080110400012060,TRUE
2026-08-04 06:58:53.355,LIN-INNDES-02-UL,,126080109500006039,TRUE
2026-08-04 06:58:51.715,GLD-RinseENEPIG-01-UL,,22605233310001C093,TRUE
2026-08-04 06:58:49.789,WIR-Vdevelop-01-L,1260606004000,12606060040001C117,TRUE
2026-08-04 06:58:48.811,ELC-RED-01-UL,1260704073010,126070407300001024,TRUE
2026-08-04 06:58:47.934,LIN-OUTDEV-01-L,1260716053020,126071605300001076,TRUE
2026-08-04 06:58:46.418,SMK-BRU-02-UL,1260716017020,126071111400001080,TRUE
2026-08-04 06:58:45.543,LAM-BOP-02-UL,1260731057000,126073105700008017,TRUE
2026-08-04 06:58:45.257,WIR-Decoatbake-01-UL,1260703002010,12607030020003A160,TRUE
2026-08-04 06:58:44.080,SMK-SPR-01-L,1260611096010,12606110960001C199/0,TRUE
2026-08-04 06:58:42.102,LIN-INNTRE-02-UL-1,,126080111700002050,TRUE
2026-08-04 06:58:40.668,AOI-PEP-01-UL,1260801033000,126080100900002069,TRUE
2026-08-04 06:58:40.481,CPP-Patternplating-01-L,1260707002010,126070700200049137,TRUE
2026-08-04 06:58:37.819,WIR-LDI-01-L,,126071601100058163,TRUE
2026-08-04 06:58:39.163,CPP-Patternplating-01-UL,1260711011000,12606180030001C230,TRUE
2026-08-04 06:58:36.959,ROU-RIN-01-UL,,Error_202608041358369592,FALSE
2026-08-04 06:58:36.771,GLD-IR-01-L,,126070803400001035,TRUE
2026-08-04 06:58:33.522,WIR-Pretreatment-01-L,1260619002010,12606190020002B154,TRUE
2026-08-04 00:57:46.438,WIR-TrayCleaning-01-L,,,FALSE
2026-08-04 06:59:16.422,AOI-PEP-01-UL,1260801033000,126080101500002003,TRUE
2026-08-04 06:59:12.389,SMK-BRU-02-UL,1260716017020,126071111400001057,TRUE
2026-08-04 06:59:12.158,WIR-Pretreatment-01-L,1260619002010,12606190020002B153,TRUE
2026-08-04 06:59:11.563,LAM-BOP-02-UL,1260731057000,126073105700008016,TRUE
2026-08-04 06:59:11.228,LIN-INNLDI-01-L,1260801104000,126080110400012058,TRUE
2026-08-04 06:59:10.557,GLD-IR-01-L,,126070803400001056,TRUE
2026-08-04 06:59:09.324,LIN-INNTRE-02-UL-2,,126080111700002049,TRUE
2026-08-04 06:59:08.978,ROU-RIN-01-UL,,Error_202608041359089789,FALSE
2026-08-04 06:59:08.014,LIN-OUTDEV-01-L,1260716053020,126071605300001028,TRUE
2026-08-04 06:59:07.215,LIN-INNDES-02-UL,,126080109500006040,TRUE
2026-08-04 06:59:05.949,LIN-INNTRE-02-UL-1,,126080111700002052,TRUE
2026-08-04 06:59:05.719,AOI-PEP-01-L,1260801033000,126080101500002013,TRUE
2026-08-04 06:59:14.391,ELC-RED-01-UL,1260704073010,126070407300001014,TRUE
2026-08-04 06:59:04.548,WIR-LDI-01-L,,126071601100058164,TRUE
2026-08-04 06:58:59.251,WIR-Vdevelop-01-UL,1260606004000,"12606060040001C111,BD",TRUE
2026-08-04 06:58:54.983,ELC-RED-01-L,1260704073010,126070407300001059,TRUE
2026-08-04 06:58:45.257,WIR-Decoatbake-01-UL,1260703002010,12607030020003A160,TRUE
2026-08-04 06:59:05.596,SMK-SPR-01-L,1260611096010,12606110960001C221,TRUE
2026-08-04 06:57:41.229,SMK-BRU-02-L,1260711114000,126071111400001073,TRUE
2026-08-04 00:57:46.438,WIR-TrayCleaning-01-L,,,FALSE
2026-08-04 07:29:43.557,LAM-BOP-02-L,1260731058000,126073105800010079,TRUE
2026-08-04 07:29:42.307,LIN-INNLDI-01-L,1260801105000,126080110500002042,TRUE
2026-08-04 07:29:41.626,CPP-Horizontalplating-01-L,1260611097000,12606110970001C117,TRUE
2026-08-04 07:29:40.536,ROU-RIN-01-UL,,12606061850000105801,TRUE
2026-08-04 07:29:36.114,LIN-INNTRE-02-UL-2,,126080112100010017,TRUE
2026-08-04 07:29:35.782,WIR-Pretreatment-01-L,1260715022001,126071502200158277,TRUE
2026-08-04 07:29:34.973,LIN-INNTRE-02-UL-1,,126080112100010018,TRUE
2026-08-04 07:29:33.001,CPP-Horizontalplating-01-UL,1260606004010,12606230980002B159,TRUE
2026-08-04 07:29:20.186,WIR-Vdevelop-01-UL,1260606004010,"12606060040001C205,BD",TRUE
2026-08-04 07:29:34.032,WIR-Decoatbake-01-L,1260710001000,126071000100049017,TRUE
2026-08-04 07:29:19.191,GLD-IR-01-L,,126070803400001074,TRUE
2026-08-04 07:29:15.499,WIR-LDI-01-UL,,126071601100058179,TRUE
2026-08-04 07:29:15.155,WIR-Vdevelop-01-L,1260606004010,12606060040001C203,TRUE
2026-08-04 07:29:14.043,SDM-DI-01-UL,,12606040010001C095,TRUE
2026-08-04 07:29:14.615,SMK-SPR-01-L,1260611096010,12606110960001C084/0,TRUE
2026-08-04 07:29:13.537,SMK-BRU-02-UL,1260711114020,126071111400001077,TRUE
2026-08-04 07:29:12.780,WIR-Pretreatment-01-UL,1260619002010,12606190020002B143,TRUE
2026-08-04 07:29:07.394,ELC-RED-01-UL,1260706036000,126070603600001060,TRUE
2026-08-04 07:29:00.978,AOI-PEP-01-L,1260801029000,126080102900006013,TRUE
2026-08-04 07:29:03.888,CPP-Patternplating-01-UL,1260711011000,126070700200049058,TRUE
2026-08-04 07:29:06.107,CPP-Patternplating-01-L,1260707002010,126070700200049140,TRUE
2026-08-04 07:28:45.617,SDM-DI-01-L,,12606040010001C103,TRUE
2026-08-04 07:28:19.555,AOI-PEP-01-UL,1260801029000,126080102900006014,TRUE
2026-08-04 07:27:44.424,WIR-SE-01-UL,1260703002110,12607030020003A018,TRUE
2026-08-04 07:27:34.480,GLD-IR-01-UL,,Error_202608041427344808,FALSE
2026-08-04 07:25:45.562,WIR-Decoatbake-01-UL,1260703002010,12607030020003A139,TRUE
2026-08-04 07:25:18.474,ELC-INS-01-L,1260711030020,126071103000001020,TRUE
2026-08-04 07:25:22.349,LIN-OUTVAP-01-UL,,12606130040001C189,TRUE
2026-08-04 07:25:04.690,LSR-Debrowning-01-L,1260729063000,126070300400400011,TRUE
2026-08-04 07:23:05.983,SMK-BRU-02-L,1260711114020,126071111400001058,TRUE
2026-08-04 07:25:02.155,WIR-LDI-01-L,,126073106100078003,TRUE
2026-08-04 07:17:35.816,LAM-BOP-02-UL,1260731058000,126073105800010001,TRUE
2026-08-04 07:22:46.415,ELC-RED-01-L,1260706036000,126070603600001004,TRUE
2026-08-04 07:15:28.933,LIN-OUTDEV-01-UL,1260716053000,126071605300001046,TRUE
2026-08-04 07:14:47.921,LIN-INNTRE-01-UL,1260801120000,126080112000008077,TRUE
2026-08-04 07:14:17.291,WIR-SE-01-L,1260703002110,12607030020003A018,TRUE
2026-08-04 07:09:17.444,LIN-OUTDEV-01-L,1260716053020,126071605300001046,TRUE
2026-08-04 07:02:00.016,SMK-BRU-01-UL,1260711060020,Error_202608041402000163,FALSE
2026-08-04 07:00:08.628,GLD-RinseENEPIG-01-UL,,22605233310001C080,TRUE
2026-08-04 07:01:23.559,WIR-TrayCleaning-01-L,,,FALSE
2026-08-04 07:01:57.319,LIN-INNDES-02-UL,,126080109500006052,TRUE
2026-08-04 06:53:22.236,CPP-VCP-01-L,1260723001010,126072700200400116,TRUE
2026-08-04 06:51:29.134,LIN-INNDES-01-L,,Error_202608041351291347,FALSE
2026-08-04 06:48:36.637,LIN-OUTTRE-01-UL,1260710007000,126070306600001064,TRUE
2026-08-04 06:48:47.224,LIN-INNDES-02-L,,126080109500006001,TRUE
2026-08-04 06:44:51.049,LIN-OUTDES-01-UL,1260709031020,126071500500001011,TRUE
2026-08-04 06:09:06.270,LSR-Debrowning-01-UL,1260729063000,126072906300078012,TRUE
2026-08-04 06:41:15.704,ELC-INS-01-UL,1260711030000,126071103000001041,TRUE
2026-08-04 06:27:47.200,ELC-TRE-01-UL,1260711096020,126071109600001030,TRUE
2026-08-04 06:21:35.893,ELC-TRE-01-L,1260711096020,126071109600001030,TRUE
2026-08-04 05:52:12.378,WIR-DES-01-UL,1260709062110,M0NV0066A200XA-1617,TRUE
2026-08-04 05:45:26.957,ELC-PUL-01-UL,1260630342000,126063030600001022,TRUE
2026-08-04 05:31:41.868,LIN-OUTTRE-01-L,1260710055000,126071005500001017,TRUE
2026-08-04 05:21:40.136,AOI-RESAOI-01-UL,1260711060020,126071106000001076,TRUE
2026-08-04 05:31:29.313,WIR-DES-01-L,1260709062120,12607090620001I001,TRUE
2026-08-04 05:17:24.325,GLD-Pretreatment-01-UL,2260529002000,12607030120001E006,TRUE
2026-08-04 05:10:53.883,GLD-Pretreatment-01-L,1260703012000,12607030120001E006,TRUE
2026-08-04 04:45:08.971,SDM-Develop-01-UL,,12606160910001C096,TRUE
2026-08-04 04:35:48.264,LAM-BOP-01-L,1260730041000,126073004100010003,TRUE
2026-08-04 05:10:04.834,AOI-RESAOI-01-L,1260711060020,126071106000001073,TRUE
2026-08-04 04:34:32.464,SMK-TRE-01-UL,1260722003000,126072200300001003,TRUE
2026-08-04 04:27:00.051,SMK-TRE-01-L,1260722003000,126072200300001003,TRUE
2026-08-04 04:26:20.417,ELC-PUL-01-L,1260630306000,Error_202608041126204171,FALSE
2026-08-04 03:48:38.190,SMK-TUN-01-UL,1260708022000,126070804600001068,TRUE
2026-08-04 04:20:06.271,SMK-BRU-01-L,1260711060020,126071106000001036,TRUE
2026-08-04 03:31:23.996,SUR-FLM-01-UL,,126062715200001020,TRUE
2026-08-04 01:39:22.652,ELC-PUL-02-UL,1260626078030,126062607800001067,TRUE
2026-08-04 00:07:06.545,ELC-DEP-01-L,1260630306000,126063030600001043,TRUE
2026-08-04 02:52:28.688,SMK-DIX-01-L,1260710031000,126071003100001023,TRUE
2026-08-04 00:45:37.154,LIN-OUTDES-01-L,1260709031020,126070903100001034,TRUE
2026-08-04 00:55:19.405,ELC-DEP-01-UL,1260630306000,126063030600001043,TRUE
2026-08-04 00:05:18.953,ELC-PUL-02-L,1260626078030,126062607800001059,TRUE
2026-08-04 07:30:05.579,CPP-Horizontalplating-01-L,1260611097000,12606110970001C114,TRUE
2026-08-04 07:30:03.271,ROU-RIN-01-UL,,Error_202608041430032712,FALSE
2026-08-04 07:30:02.120,AOI-PEP-01-UL,1260801029000,126080102900006013,TRUE
2026-08-04 07:30:01.917,AOI-PEP-01-L,1260801029000,126080102900006011,TRUE
2026-08-04 07:29:59.735,CPP-Patternplating-01-L,1260707002010,126070700200049143,TRUE
2026-08-04 07:30:01.038,LIN-INNTRE-02-UL-1,,126080112100010020,TRUE
2026-08-04 07:30:01.013,LIN-INNTRE-02-UL-2,,126080112100010019,TRUE
2026-08-04 07:29:58.639,LIN-INNLDI-01-L,1260801105000,126080110500002040,TRUE
2026-08-04 07:29:56.766,CPP-Horizontalplating-01-UL,1260606004010,12606230980002B160,TRUE
2026-08-04 07:29:56.938,CPP-Patternplating-01-UL,1260711011000,126070700200049055,TRUE
2026-08-04 07:29:58.571,LIN-OUTVAP-01-UL,,12606130040001C209,TRUE
2026-08-04 07:29:56.510,LAM-BOP-02-L,1260731058000,126073105800010077,TRUE
2026-08-04 07:29:55.376,WIR-Vdevelop-01-UL,1260606004010,"12606060040001C212,BD",TRUE
2026-08-04 07:29:53.240,GLD-IR-01-L,,126070803400001068,TRUE
2026-08-04 07:29:54.688,WIR-LDI-01-UL,,126071601100058180,TRUE
2026-08-04 07:29:50.688,WIR-Vdevelop-01-L,1260606004010,12606060040001C204,TRUE
2026-08-04 07:29:44.900,ELC-RED-01-UL,1260706036000,126070603600001025,TRUE
2026-08-04 07:29:50.485,WIR-Pretreatment-01-UL,1260619002010,12606190020002B144,TRUE
2026-08-04 07:29:44.383,SMK-BRU-02-UL,1260711114020,126071111400001053,TRUE
2026-08-04 07:29:14.615,SMK-SPR-01-L,1260611096010,12606110960001C084/0,TRUE
2026-08-04 05:21:40.136,AOI-RESAOI-01-UL,1260711060020,126071106000001076,TRUE
2026-08-04 07:30:18.247,LIN-INNLDI-01-L,1260801105000,126080110500002038,TRUE
2026-08-04 07:30:18.075,SDM-DI-01-L,,12606040010001C101,TRUE
2026-08-04 07:30:13.901,SMK-BRU-02-UL,1260711114020,126071111400001041,TRUE
2026-08-04 07:30:14.641,WIR-Pretreatment-01-L,1260715022001,126071502200158274,TRUE
2026-08-04 07:30:10.870,AOI-PEP-01-UL,1260801029000,126080102900006012,TRUE
2026-08-04 07:30:09.854,AOI-PEP-01-L,1260801029000,126080102900006010,TRUE
2026-08-04 07:30:10.204,WIR-Decoatbake-01-L,1260710001000,126071000100049041,TRUE
2026-08-04 07:30:09.682,LAM-BOP-02-L,1260731058000,126073105800010075,TRUE
2026-08-04 05:21:40.136,AOI-RESAOI-01-UL,1260711060020,126071106000001076,TRUE
2026-08-04 07:30:30.171,AOI-PEP-01-L,1260801029000,126080102900006008,TRUE
2026-08-04 07:30:30.016,WIR-Vdevelop-01-UL,1260606004010,"12606060040001C209,BD",TRUE
2026-08-04 07:30:33.106,LIN-INNLDI-01-L,1260801105000,126080110500002030,TRUE
2026-08-04 07:30:28.686,AOI-PEP-01-UL,1260801029000,126080102900006010,TRUE
2026-08-04 07:30:27.126,WIR-Pretreatment-01-UL,1260619002010,12606190020002B141,TRUE
2026-08-04 07:30:25.390,LIN-INNTRE-02-UL-2,,126080112100010021,TRUE
2026-08-04 07:30:24.296,LIN-INNTRE-02-UL-1,,126080112100010022,TRUE
2026-08-04 07:30:23.748,LAM-BOP-02-L,1260731058000,126073105800010073,TRUE
2026-08-04 07:30:22.522,ROU-RIN-01-UL,,Error_202608041430225221,FALSE
2026-08-04 07:30:26.782,WIR-Vdevelop-01-L,1260606004010,12606060040001C207,TRUE
2026-08-04 07:30:29.079,CPP-Horizontalplating-01-L,1260611097000,12606110970001C115,TRUE
2026-08-04 06:27:47.200,ELC-TRE-01-UL,1260711096020,126071109600001030,TRUE
2026-08-04 07:30:21.427,ELC-RED-01-UL,1260706036000,126070603600001036,TRUE
2026-08-04 07:02:00.016,SMK-BRU-01-UL,1260711060020,Error_202608041402000163,FALSE
2026-08-04 07:30:29.694,GLD-IR-01-L,,126070803400001014,TRUE
2026-08-04 07:30:20.282,CPP-Horizontalplating-01-UL,1260606004010,12606230980002B161,TRUE
2026-08-04 07:30:56.556,SMK-SPR-01-L,1260611096010,12606110960001C069,TRUE
2026-08-04 07:30:53.550,CPP-Patternplating-01-L,1260707002010,126070700200049142,TRUE
2026-08-04 07:30:53.237,WIR-Pretreatment-01-L,1260715022001,126071502200158261,TRUE
2026-08-04 07:30:52.594,AOI-PEP-01-UL,1260801029000,126080102900006008,TRUE
2026-08-04 07:30:52.464,LSR-Debrowning-01-L,1260729063000,126070300300400076,TRUE
2026-08-04 07:30:52.495,CPP-Horizontalplating-01-L,1260611097000,12606110970001C112,TRUE
2026-08-04 07:30:52.387,LIN-INNLDI-01-L,1260801105000,126080110500002028,TRUE
2026-08-04 07:30:52.281,AOI-PEP-01-L,1260801029000,126080102900006006,TRUE
2026-08-04 07:30:51.706,CPP-Patternplating-01-UL,1260711011000,126070700200049056,TRUE
2026-08-04 07:30:50.453,LAM-BOP-02-L,1260731058000,126073105800010069,TRUE
2026-08-04 07:30:50.226,ROU-RIN-01-UL,,12606061850000100901,TRUE
2026-08-04 07:30:46.578,SDM-DI-01-UL,,12606040010001C107,TRUE
2026-08-04 07:30:44.142,CPP-Horizontalplating-01-UL,1260606004010,12606230980002B162,TRUE
2026-08-04 07:30:46.439,WIR-Decoatbake-01-L,1260710001000,126071000100049044,TRUE
2026-08-04 07:30:43.528,SMK-BRU-02-UL,1260711114020,126071111400001069,TRUE
2026-08-04 07:30:26.782,WIR-Vdevelop-01-L,1260606004010,12606060040001C207,TRUE
2026-08-04 05:10:04.834,AOI-RESAOI-01-L,1260711060020,126071106000001073,TRUE
2026-08-04 07:22:46.415,ELC-RED-01-L,1260706036000,126070603600001004,TRUE
2026-08-04 07:31:13.855,SMK-SPR-01-L,1260611096010,12606110960001C083/0,TRUE
2026-08-04 07:31:13.502,AOI-PEP-01-UL,1260801029000,126080102900006006,TRUE
2026-08-04 07:31:12.452,SMK-BRU-02-UL,1260711114020,126071111400001014,TRUE
2026-08-04 07:31:10.978,ELC-INS-01-L,1260711030020,126071103000001079,TRUE
2026-08-04 07:31:07.685,LIN-INNLDI-01-L,1260801105000,126080110500002020,TRUE
2026-08-04 07:31:07.520,CPP-Horizontalplating-01-UL,1260606004010,12606230980002B163,TRUE
2026-08-04 07:31:05.770,WIR-Pretreatment-01-UL,1260619002010,12606190020002B142,TRUE
2026-08-04 07:31:04.426,WIR-Vdevelop-01-UL,1260606004010,"12606060040001C210,BD",TRUE
2026-08-04 07:31:04.182,GLD-IR-01-L,,126070803400001012,TRUE
2026-08-04 07:31:03.314,LAM-BOP-02-L,1260731058000,126073105800010067,TRUE
2026-08-04 07:31:03.267,AOI-PEP-01-L,1260801029000,126080102900006005,TRUE
2026-08-04 07:31:02.628,WIR-Vdevelop-01-L,1260606004010,12606060040001C208,TRUE
2026-08-04 07:31:01.868,ROU-RIN-01-UL,,Error_202608041431018681,FALSE
2026-08-04 07:31:00.821,ELC-RED-01-UL,1260706036000,126070603600001075,TRUE
2026-08-04 06:41:15.704,ELC-INS-01-UL,1260711030000,126071103000001041,TRUE
2026-08-04 06:27:47.200,ELC-TRE-01-UL,1260711096020,126071109600001030,TRUE
2026-08-04 07:31:35.162,AOI-PEP-01-UL,1260801029000,126080102900006004,TRUE
2026-08-04 07:31:32.035,LIN-INNTRE-02-UL-2,,126080112100010023,TRUE
2026-08-04 07:31:31.754,WIR-Pretreatment-01-L,1260715022001,126071502200158247,TRUE
2026-08-04 07:31:31.457,CPP-Horizontalplating-01-UL,1260606004010,12606230980002B164,TRUE
2026-08-04 07:31:30.643,LIN-INNTRE-02-UL-1,,126080112100010024,TRUE
2026-08-04 07:31:28.073,SMK-SPR-01-L,1260611096010,12606110960001C100,TRUE
2026-08-04 07:31:30.287,LAM-BOP-02-L,1260731058000,126073105800010061,TRUE
2026-08-04 07:31:27.203,LIN-INNLDI-01-L,1260801105000,126080110500002026,TRUE
2026-08-04 07:31:22.395,WIR-Decoatbake-01-L,1260710001000,126071000100049057,TRUE
2026-08-04 07:31:25.276,ELC-INS-01-L,1260711030020,126071103000001059,TRUE
2026-08-04 07:31:25.443,AOI-PEP-01-L,1260801029000,126080102900006003,TRUE
2026-08-04 07:14:47.921,LIN-INNTRE-01-UL,1260801120000,126080112000008077,TRUE
2026-08-04 07:31:16.285,CPP-Horizontalplating-01-L,1260611097000,12606110970001C102,TRUE
2026-08-04 07:22:46.415,ELC-RED-01-L,1260706036000,126070603600001004,TRUE
2026-08-04 07:31:55.039,LIN-INNTRE-02-UL-2,,126080112100010027,TRUE
2026-08-04 07:31:52.644,LIN-INNLDI-01-L,1260801105000,126080110500002012,TRUE
2026-08-04 07:31:51.085,LIN-INNTRE-02-UL-1,,126080112100010028,TRUE
2026-08-04 07:31:51.184,SDM-DI-01-L,,12606040010001C071,TRUE
2026-08-04 07:31:49.745,AOI-RESAOI-01-L,1260629073030,126062907300001071,TRUE
2026-08-04 07:31:47.772,AOI-PEP-01-L,1260801029000,126080102900006001,TRUE
2026-08-04 07:31:47.303,AOI-PEP-01-UL,1260801029000,126080102900006003,TRUE
2026-08-04 07:31:47.128,SMK-SPR-01-L,1260611096010,12606110960001C079/0,TRUE
2026-08-04 07:31:47.544,ELC-INS-01-UL,1260711030000,126071103000001020,TRUE
2026-08-04 07:31:47.208,CPP-Patternplating-01-L,1260707002010,126070700200049145,TRUE
2026-08-04 07:31:45.318,WIR-Pretreatment-01-UL,1260619002010,12606190020002B139,TRUE
2026-08-04 07:31:44.255,CPP-Patternplating-01-UL,1260711011000,126070700200049053,TRUE
2026-08-04 07:31:41.559,ELC-RED-01-UL,1260706036000,126070603600001010,TRUE
2026-08-04 07:31:42.485,SMK-BRU-02-UL,1260711114020,126071111400001022,TRUE
2026-08-04 07:31:40.435,GLD-IR-01-L,,126070803400001078,TRUE
2026-08-04 07:31:40.130,CPP-Horizontalplating-01-L,1260611097000,12606110970001C101,TRUE
2026-08-04 07:31:43.265,LIN-OUTVAP-01-UL,,12606130040001C239,TRUE
2026-08-04 07:31:43.740,LAM-BOP-02-L,1260731058000,126073105800010059,TRUE
2026-08-04 07:31:39.700,ELC-INS-01-L,1260711030020,126071103000001028,TRUE
2026-08-04 07:31:38.879,WIR-Vdevelop-01-UL,1260606004010,"12606060040001C216,BC",TRUE
2026-08-04 07:31:38.379,WIR-Vdevelop-01-L,1260606004010,12606060040001C187,TRUE
2026-08-04 05:31:41.868,LIN-OUTTRE-01-L,1260710055000,126071005500001017,TRUE
2026-08-04 07:30:52.464,LSR-Debrowning-01-L,1260729063000,126070300300400076,TRUE
2026-08-04 07:32:01.878,LIN-INNLDI-01-L,1260801105000,126080110500002024,TRUE
2026-08-04 07:32:00.976,LIN-INNTRE-02-UL-1,,126080112100010030,TRUE
2026-08-04 07:31:59.193,WIR-Decoatbake-01-L,1260710001000,126071000100049060,TRUE
2026-08-04 07:31:58.950,ELC-INS-01-L,1260711030020,126071103000001032,TRUE
2026-08-04 07:31:58.883,AOI-PEP-01-L,1260801029000,126080102900006051,TRUE
2026-08-04 07:31:58.555,LAM-BOP-02-L,1260731058000,126073105800010055,TRUE
2026-08-04 07:31:57.617,AOI-PEP-01-UL,1260801029000,126080102900006002,TRUE
2026-08-04 07:31:55.412,CPP-Horizontalplating-01-UL,1260606004010,12606230980002B165,TRUE
2026-08-04 04:45:08.971,SDM-Develop-01-UL,,12606160910001C096,TRUE
2026-08-04 07:31:47.544,ELC-INS-01-UL,1260711030000,126071103000001020,TRUE
2026-08-04 07:46:26.284,LIN-INNLDI-01-L,1260801106000,126080110600004011,TRUE
2026-08-04 07:46:26.958,LAM-BOP-02-L,1260731059000,126073105900012015,TRUE
2026-08-04 07:46:23.442,AOI-PEP-01-L,1260801031000,126080103100010003,TRUE
2026-08-04 07:46:24.302,LIN-INNDES-01-L,,Error_202608041446243023,FALSE
2026-08-04 07:46:25.192,AOI-PEP-01-UL,1260801031000,126080103100010080,TRUE
2026-08-04 07:46:22.911,WIR-Vdevelop-01-UL,1260606004010,"12606060040001C202,BC",TRUE
2026-08-04 07:46:22.301,LIN-INNTRE-01-UL,1260801071000,126080107100006021,TRUE
2026-08-04 07:46:21.927,LAM-BOP-02-UL,1260731058000,126073105800010028,TRUE
2026-08-04 07:46:20.771,SDM-DI-01-UL,,12606040010001C106,TRUE
2026-08-04 07:46:18.884,ELC-RED-01-L,1260706036040,126070603600001033,TRUE
2026-08-04 07:46:18.028,AOI-RESAOI-01-UL,1260629073030,126062907300001079,TRUE
2026-08-04 07:46:13.019,CPP-Horizontalplating-01-L,1260611097000,12606110970001C090,TRUE
2026-08-04 07:46:12.253,LIN-INNTRE-02-UL-2,,126080112200012009,TRUE
2026-08-04 07:46:11.539,ELC-RED-01-UL,1260706036040,126070603600001074,TRUE
2026-08-04 07:46:11.832,LIN-INNTRE-02-UL-1,,126080112200012010,TRUE
2026-08-04 07:46:09.449,AOI-RESAOI-01-L,1260629073030,126062907300001049,TRUE
2026-08-04 07:46:07.361,GLD-IR-01-UL,,Error_202608041446073616,FALSE
2026-08-04 07:46:06.332,CPP-Patternplating-01-L,1260707002010,126070700200049153,TRUE
2026-08-04 07:46:00.738,WIR-Decoatbake-01-UL,1260619001000,12606190010001C078,TRUE
2026-08-04 07:46:02.207,CPP-Patternplating-01-UL,1260711011000,126070700200049037,TRUE
2026-08-04 07:46:00.376,GLD-IR-01-L,,126070803400001080,TRUE
2026-08-04 07:45:59.785,WIR-Pretreatment-01-L,1260623098000,12606230980002B032,TRUE
2026-08-04 07:45:56.410,WIR-Vdevelop-01-L,1260606004010,12606060040001C240,TRUE
2026-08-04 07:45:46.473,LIN-OUTVAP-01-UL,,12606130040001C210,TRUE
2026-08-04 07:45:08.543,ROU-RIN-01-UL,,Error_202608041445085432,FALSE
2026-08-04 07:45:46.020,SDM-DI-01-L,,12606040010001C111,TRUE
2026-08-04 07:44:12.363,LIN-OUTDES-01-UL,1260709031020,126071406300001023,TRUE
2026-08-04 07:44:54.834,ELC-INS-01-UL,1260711030020,126071103000001061,TRUE
2026-08-04 07:43:53.533,LIN-OUTTRE-01-L,1260711066000,126071106600001008,TRUE
2026-08-04 07:43:32.249,WIR-LDI-01-UL,,126073106100078911,TRUE
2026-08-04 07:43:34.954,ELC-INS-01-L,1260711030020,126071103000001061,TRUE
2026-08-04 07:43:43.000,GLD-RinseENEPIG-01-UL,,22605233310001C095,TRUE
2026-08-04 07:42:32.339,WIR-Pretreatment-01-UL,1260619002010,Error_202608041442323391,FALSE
2026-08-04 07:42:57.857,WIR-LDI-01-L,,12606190020002B059,TRUE
2026-08-04 07:42:11.644,SMK-SPR-01-L,1260611096010,12606110960001C217,TRUE
2026-08-04 07:40:12.907,CPP-Horizontalplating-01-UL,1260606004010,126072501300400118,TRUE
2026-08-04 07:41:02.436,LSR-Debrowning-01-UL,1260729063000,126070300300400076,TRUE
2026-08-04 07:30:52.464,LSR-Debrowning-01-L,1260729063000,126070300300400076,TRUE
2026-08-04 07:39:52.061,WIR-Decoatbake-01-L,1260710001000,126071000100049038,TRUE
2026-08-04 07:37:33.936,SMK-BRU-02-UL,1260711114020,126071111400001070,TRUE
2026-08-04 07:09:17.444,LIN-OUTDEV-01-L,1260716053020,126071605300001046,TRUE
2026-08-04 07:14:17.291,WIR-SE-01-L,1260703002110,12607030020003A018,TRUE
2026-08-04 07:01:57.319,LIN-INNDES-02-UL,,126080109500006052,TRUE
2026-08-04 06:48:47.224,LIN-INNDES-02-L,,126080109500006001,TRUE
2026-08-04 06:27:47.200,ELC-TRE-01-UL,1260711096020,126071109600001030,TRUE
2026-08-04 04:20:06.271,SMK-BRU-01-L,1260711060020,126071106000001036,TRUE
2026-08-04 05:52:12.378,WIR-DES-01-UL,1260709062110,M0NV0066A200XA-1617,TRUE
2026-08-04 02:52:28.688,SMK-DIX-01-L,1260710031000,126071003100001023,TRUE
2026-08-04 06:21:35.893,ELC-TRE-01-L,1260711096020,126071109600001030,TRUE
2026-08-04 07:46:36.131,LIN-INNTRE-02-UL-1,,126080112200012012,TRUE
2026-08-04 07:46:34.771,LAM-BOP-02-UL,1260731058000,126073105800010026,TRUE
2026-08-04 07:46:34.598,GLD-IR-01-L,,126070803400001058,TRUE
2026-08-04 07:46:34.534,LIN-INNLDI-01-L,1260801106000,126080110600004019,TRUE
2026-08-04 07:46:33.693,AOI-PEP-01-UL,1260801031000,126080103100010001,TRUE
2026-08-04 07:46:32.481,AOI-RESAOI-01-L,1260629073030,126062907300001021,TRUE
2026-08-04 07:46:32.084,WIR-Vdevelop-01-L,1260606004010,12606060040001C231,TRUE
2026-08-04 07:46:33.568,AOI-PEP-01-L,1260801031000,126080103100010005,TRUE
2026-08-04 07:43:53.533,LIN-OUTTRE-01-L,1260711066000,126071106600001008,TRUE
2026-08-04 07:37:33.936,SMK-BRU-02-UL,1260711114020,126071111400001070,TRUE
2026-08-04 08:59:25.669,CPP-Patternplating-01-UL,1260711011000,126070700200049172,TRUE
2026-08-04 08:59:26.466,WIR-Vdevelop-01-L,1260716011010,126071601100058164,TRUE
2026-08-04 08:59:25.650,ELC-RED-01-UL,1260706036040,l?$,TRUE
2026-08-04 08:59:24.630,LIN-INNTRE-01-UL,1260803003000,126080300300006038,TRUE
2026-08-04 08:59:22.167,ELC-TRE-01-L,1260725010000,Error_202608041559221670,FALSE
2026-08-04 08:59:21.907,LAM-BOP-02-L,1260731051000,126073105100008038,TRUE
2026-08-04 08:59:20.985,AOI-PEP-01-UL,1260801052000,126080105200004058,TRUE
2026-08-04 08:59:20.532,AOI-PEP-01-L,1260801052000,126080105200004056,TRUE
2026-08-04 08:59:19.883,AOI-RESAOI-01-L,1260716017020,126071601700001022,TRUE
2026-08-04 08:59:17.704,LIN-INNDES-01-L,,126080108700002078,TRUE
2026-08-04 08:59:18.960,LIN-INNLDI-01-L,1260801110000,126080111000012010,TRUE
2026-08-04 08:59:15.516,LAM-BOP-02-UL,1260731050000,126073105000006025,TRUE
2026-08-04 08:59:16.705,WIR-SE-01-UL,1260627002010,12606270020003A140,TRUE
2026-08-04 08:59:13.700,WIR-Pretreatment-01-UL,1260623098010,12606230980002B173,TRUE
2026-08-04 08:59:12.550,LSR-Debrowning-01-L,1260626079010,12606260790002B133,TRUE
2026-08-04 08:59:11.291,LIN-INNDES-02-L,,126080106600008032,TRUE
2026-08-04 08:59:12.229,SMK-BRU-02-UL,1260715036020,126071503600001017,TRUE
2026-08-04 08:59:09.210,GLD-IR-01-UL,,Error_202608041559092109,FALSE
2026-08-04 08:59:06.573,SMK-BRU-02-L,1260715036020,126071503600001025,TRUE
2026-08-04 08:59:06.212,ELC-RED-01-L,1260716053020,126071605300001071,TRUE
2026-08-04 08:59:05.075,CPP-Horizontalplating-01-UL,1260606004010,12607210780004B003,TRUE
2026-08-04 08:59:05.101,AOI-RESAOI-01-UL,1260716017020,126071601700001062,TRUE
2026-08-04 08:59:05.050,LSR-Debrowning-01-UL,1260626079010,12606260790002B147,TRUE
2026-08-04 08:59:00.847,GLD-RinseENEPIG-01-UL,,12607030120001E002,TRUE
2026-08-04 08:59:01.075,WIR-LDI-01-L,,12606190020002B170,TRUE
2026-08-04 08:58:45.615,WIR-Decoatbake-01-UL,1260619001010,12606190010001C181,TRUE
2026-08-04 08:59:00.653,WIR-Pretreatment-01-L,1260623098010,12606230980002B131,TRUE
2026-08-04 08:58:44.961,LIN-INNTRE-02-UL-2,,126080107400012079,TRUE
2026-08-04 08:58:43.914,LIN-OUTVAP-01-UL,,Error_202608041558439143,FALSE
2026-08-04 08:58:41.382,ELC-INS-01-UL,1260711096000,126071109600001059,TRUE
2026-08-04 08:58:35.036,CPP-Patternplating-01-L,1260714001000,126071400100058046,TRUE
2026-08-04 08:58:34.221,SDM-DI-01-UL,,12606040010001C219,TRUE
2026-08-04 08:58:15.644,WIR-SE-01-L,1260627002010,12606270020003A121,TRUE
2026-08-04 08:57:56.898,ELC-TRE-01-UL,1260725010000,Error_202608041557568982,FALSE
2026-08-04 08:57:41.299,SMK-SPR-01-L,1260606001010,12606060010001C188,TRUE
2026-08-04 08:57:47.330,LIN-INNDES-02-UL,,126080106600008013,TRUE
2026-08-04 08:56:42.689,LIN-INNTRE-02-UL-1,,Error_202608041556426892,FALSE
2026-08-04 08:55:48.075,SMK-BRU-01-UL,1260718173000,Error_202608041555480756,FALSE
2026-08-04 08:55:32.848,WIR-DES-01-UL,1260709062110,126073106100078901,TRUE
2026-08-04 08:53:01.255,WIR-Vdevelop-01-UL,1260716011000,Error_202608041553012555,FALSE
2026-08-04 08:53:03.317,GLD-IR-01-L,,126070804600001078,TRUE
2026-08-04 08:51:52.563,SDM-DI-01-L,,12606040010001C208,TRUE
2026-08-04 08:46:19.007,SMK-BRU-01-L,1260718173000,Error_202608041546190076,FALSE
2026-08-04 08:46:00.525,WIR-LDI-01-UL,,12606230980002B023,TRUE
2026-08-04 08:34:49.330,CPP-Horizontalplating-01-L,1260714071000,126072501300400095,TRUE
2026-08-04 08:56:36.837,ELC-INS-01-L,1260711096000,126071109600001059,TRUE
2026-08-04 08:31:48.983,WIR-Decoatbake-01-L,1260710001010,126071000100049123,TRUE
2026-08-04 08:19:01.685,LIN-OUTTRE-01-UL,1260710007000,126071106600001057,TRUE
2026-08-04 08:55:54.981,ROU-RIN-01-UL,,Error_202608041555549813,FALSE
2026-08-04 08:12:52.569,WIR-DES-01-L,1260731061000,126073106100078005,TRUE
2026-08-04 08:11:14.202,LIN-OUTDEV-01-UL,1260617027000,ERROR_202608041511142029,TRUE
2026-08-04 08:09:01.973,FVI-OSP-01-UL,1260605148000,Error_202608041509019735,FALSE
2026-08-04 08:07:43.009,LIN-OUTDEV-01-L,1260617027000,126061702700001009,TRUE
2026-08-04 07:59:16.531,LIN-OUTTRE-01-L,1260711066020,126071106600001032,TRUE
2026-08-04 07:44:12.363,LIN-OUTDES-01-UL,1260709031020,126071406300001023,TRUE
2026-08-04 07:01:23.559,WIR-TrayCleaning-01-L,,,FALSE
2026-08-04 08:59:41.238,AOI-PEP-01-UL,1260801052000,126080105200004056,TRUE
2026-08-04 08:59:41.291,ELC-RED-01-L,1260716053020,126071605300001029,TRUE
2026-08-04 08:59:41.043,SMK-BRU-02-UL,1260715036020,126071503600001044,TRUE
2026-08-04 08:59:40.863,AOI-PEP-01-L,1260801052000,126080105200004054,TRUE
2026-08-04 08:59:39.232,WIR-Pretreatment-01-L,1260623098010,12606230980002B132,TRUE
2026-08-04 08:59:39.117,LIN-INNLDI-01-L,1260801110000,126080111000012008,TRUE
2026-08-04 08:59:38.380,LSR-Debrowning-01-L,1260626079010,12606260790002B132,TRUE
2026-08-04 08:59:37.505,GLD-RinseENEPIG-01-UL,,12607030120001E003,TRUE
2026-08-04 08:59:35.699,SMK-BRU-02-L,1260715036020,126071503600001035,TRUE
2026-08-04 08:59:32.659,LIN-INNDES-01-L,,126080108700002077,TRUE
2026-08-04 08:59:32.643,LAM-BOP-02-L,1260731051000,126073105100008039,TRUE
2026-08-04 08:59:31.786,LSR-Debrowning-01-UL,1260626079010,12606260790002B146,TRUE
2026-08-04 08:59:30.607,WIR-Decoatbake-01-UL,1260619001010,12606190010001C179,TRUE
2026-08-04 08:59:28.476,AOI-RESAOI-01-UL,1260716017020,126071601700001028,TRUE
2026-08-04 08:59:28.544,CPP-Patternplating-01-L,1260714001000,126071400100058045,TRUE
2026-08-04 08:59:28.267,LAM-BOP-02-UL,1260731050000,126073105000006026,TRUE
2026-08-04 08:59:27.513,WIR-LDI-01-L,,12606190020002B171,TRUE
2026-08-04 08:59:11.291,LIN-INNDES-02-L,,126080106600008032,TRUE
2026-08-04 08:59:53.622,LIN-INNLDI-01-L,1260801110000,126080111000012006,TRUE
2026-08-04 08:59:52.779,WIR-Pretreatment-01-UL,1260623098010,12606230980002B172,TRUE
2026-08-04 08:59:52.441,LAM-BOP-02-UL,1260731050000,126073105000006028,TRUE
2026-08-04 08:59:51.399,AOI-RESAOI-01-UL,1260716017020,126071601700001065,TRUE
2026-08-04 08:59:51.254,AOI-PEP-01-UL,1260801052000,126080105200004055,TRUE
2026-08-04 08:59:51.019,AOI-PEP-01-L,1260801052000,126080105200004053,TRUE
2026-08-04 08:59:47.269,LIN-INNDES-01-L,,126080108700002076,TRUE
2026-08-04 08:59:44.927,LIN-INNTRE-01-UL,1260803003000,126080300300006039,TRUE
2026-08-04 08:59:43.676,LAM-BOP-02-L,1260731051000,126073105100008040,TRUE
2026-08-04 08:59:43.191,WIR-SE-01-UL,1260627002010,12606270020003A136,TRUE
2026-08-04 08:59:43.102,AOI-RESAOI-01-L,1260716017020,126071601700001061,TRUE
2026-08-04 08:58:15.644,WIR-SE-01-L,1260627002010,12606270020003A121,TRUE
2026-08-04 08:57:41.299,SMK-SPR-01-L,1260606001010,12606060010001C188,TRUE
2026-08-04 02:52:28.688,SMK-DIX-01-L,1260710031000,126071003100001023,TRUE
2026-08-04 09:00:16.105,ELC-RED-01-L,1260716053020,126071605300001050,TRUE
2026-08-04 09:00:16.209,LIN-INNDES-01-L,,126080108700002074,TRUE
2026-08-04 09:00:15.022,GLD-RinseENEPIG-01-UL,,12607030120001E008,TRUE
2026-08-04 09:00:14.585,AOI-RESAOI-01-UL,1260716017020,126071601700001022,TRUE
2026-08-04 09:00:12.935,LIN-INNLDI-01-L,1260801110000,126080111000012004,TRUE
2026-08-04 09:00:12.161,AOI-PEP-01-UL,1260801052000,126080105200004053,TRUE
2026-08-04 09:00:15.654,WIR-Decoatbake-01-UL,1260619001010,12606190010001C180,TRUE
2026-08-04 09:00:11.397,SDM-DI-01-UL,,12606040010002B176,TRUE
2026-08-04 09:00:11.583,AOI-PEP-01-L,1260801052000,126080105200004050,TRUE
2026-08-04 09:00:10.857,SMK-BRU-02-UL,1260715036020,126071503600001036,TRUE
2026-08-04 09:00:10.832,WIR-SE-01-UL,1260627002010,12606270020003A139,TRUE
2026-08-04 09:00:08.974,LAM-BOP-02-UL,1260731050000,126073105000006027,TRUE
2026-08-04 09:00:08.386,ELC-RED-01-UL,1260706036040,126071605300001045,TRUE
2026-08-04 09:00:06.366,AOI-RESAOI-01-L,1260716017020,126071601700001021,TRUE
2026-08-04 09:00:05.849,LAM-BOP-02-L,1260731051000,126073105100008042,TRUE
2026-08-04 09:00:05.341,SMK-BRU-02-L,1260715036020,126071503600001002,TRUE
2026-08-04 09:00:05.072,ROU-RIN-01-UL,,Error_202608041600050726,FALSE
2026-08-04 09:00:04.912,LSR-Debrowning-01-L,1260626079010,12606260790002B131,TRUE
2026-08-04 09:00:10.887,LIN-INNDES-02-L,,126080106600008030,TRUE
2026-08-04 09:00:04.136,LIN-OUTVAP-01-UL,,12606130040001C095,TRUE
2026-08-04 09:00:02.929,LIN-INNTRE-01-UL,1260803003000,126080300300006040,TRUE
2026-08-04 09:00:02.138,WIR-Vdevelop-01-L,1260716011010,126071601100058163,TRUE
2026-08-04 08:59:58.396,LSR-Debrowning-01-UL,1260626079010,12606260790002B145,TRUE
2026-08-04 08:57:41.299,SMK-SPR-01-L,1260606001010,12606060010001C188,TRUE
2026-08-04 02:52:28.688,SMK-DIX-01-L,1260710031000,126071003100001023,TRUE
2026-08-04 08:11:14.202,LIN-OUTDEV-01-UL,1260617027000,ERROR_202608041511142029,TRUE
2026-08-04 09:00:37.398,LAM-BOP-02-UL,1260731050000,126073105000006024,TRUE
2026-08-04 09:00:37.275,AOI-RESAOI-01-UL,1260716017020,126071601700001061,TRUE
2026-08-04 09:00:36.683,ROU-RIN-01-UL,,Error_202608041600366838,FALSE
2026-08-04 09:00:36.147,WIR-SE-01-UL,1260627002010,12606270020003A175,TRUE
2026-08-04 09:00:34.794,SMK-BRU-02-L,1260715036020,126071503600001049,TRUE
2026-08-04 09:00:33.382,AOI-PEP-01-UL,1260801052000,126080105200004050,TRUE
2026-08-04 09:00:32.935,ELC-TRE-01-UL,1260725010000,Error_202608041600329352,FALSE
2026-08-04 09:00:32.163,AOI-PEP-01-L,1260801052000,126080105200004048,TRUE
2026-08-04 09:00:31.554,LSR-Debrowning-01-L,1260626079010,12606260790002B130,TRUE
2026-08-04 09:00:31.967,LIN-INNLDI-01-L,1260801110000,126080111000012002,TRUE
2026-08-04 09:00:30.882,LIN-INNDES-01-L,,126080108700002073,TRUE
2026-08-04 09:00:30.765,WIR-Pretreatment-01-UL,1260623098010,12606230980002B171,TRUE
2026-08-04 09:00:29.119,AOI-RESAOI-01-L,1260716017020,126071601700001012,TRUE
2026-08-04 09:00:28.288,LAM-BOP-02-L,1260731051000,126073105100008044,TRUE
2026-08-04 09:00:25.247,LIN-INNDES-02-UL,,126080106600008012,TRUE
2026-08-04 09:00:25.154,LIN-INNDES-02-L,,126080106600008029,TRUE
2026-08-04 09:00:24.976,LSR-Debrowning-01-UL,1260626079010,12606260790002B144,TRUE
2026-08-04 09:00:22.264,CPP-Patternplating-01-L,1260714001000,126071400100058048,TRUE
2026-08-04 09:00:21.684,LIN-INNTRE-02-UL-1,,126080107500002001,TRUE
2026-08-04 09:00:20.201,WIR-Pretreatment-01-L,1260623098010,12606230980002B129,TRUE
2026-08-04 09:00:21.648,LIN-INNTRE-01-UL,1260803003000,126080300300006041,TRUE
2026-08-04 09:00:19.514,CPP-Patternplating-01-UL,1260711011000,126070700200049174,TRUE
2026-08-04 08:11:14.202,LIN-OUTDEV-01-UL,1260617027000,ERROR_202608041511142029,TRUE
2026-08-04 09:00:52.601,AOI-PEP-01-L,1260801052000,126080105200004045,TRUE
2026-08-04 09:00:52.211,GLD-RinseENEPIG-01-UL,,12607030120001E005,TRUE
2026-08-04 09:00:51.947,AOI-RESAOI-01-L,1260716017020,126071601700001020,TRUE
2026-08-04 09:00:51.586,LSR-Debrowning-01-UL,1260626079010,12606260790002B143,TRUE
2026-08-04 09:00:50.704,ELC-RED-01-L,1260716053020,126071605300001077,TRUE
2026-08-04 09:00:50.679,LAM-BOP-02-L,1260731051000,126073105100008046,TRUE
2026-08-04 09:00:47.976,LAM-BOP-02-UL,1260731050000,126073105000006018,TRUE
2026-08-04 09:00:47.811,LIN-INNTRE-02-UL-2,,126080107500002002,TRUE
2026-08-04 09:00:46.702,LIN-INNTRE-02-UL-1,,126080107500002003,TRUE
2026-08-04 09:00:45.460,LIN-INNDES-01-L,,126080108700002072,TRUE
2026-08-04 09:00:44.593,ELC-RED-01-UL,1260706036040,126071605300001021,TRUE
2026-08-04 09:00:43.398,AOI-PEP-01-UL,1260801052000,126080105200004049,TRUE
2026-08-04 09:00:41.279,SMK-BRU-02-UL,1260715036020,126071503600001029,TRUE
2026-08-04 09:00:39.859,LIN-INNDES-02-L,,126080106600008028,TRUE
2026-08-04 09:00:39.492,LIN-INNTRE-01-UL,1260803003000,126080300300006042,TRUE
2026-08-04 09:00:37.812,WIR-Vdevelop-01-L,1260716011010,126071601100058162,TRUE
2026-08-04 09:00:31.967,LIN-INNLDI-01-L,1260801110000,126080111000012002,TRUE
2026-08-04 08:31:48.983,WIR-Decoatbake-01-L,1260710001010,126071000100049123,TRUE
2026-08-04 09:01:08.985,LIN-INNDES-02-L,,126080106600008026,TRUE
2026-08-04 09:01:03.388,SMK-BRU-02-L,1260715036020,126071503600001072,TRUE
2026-08-04 09:01:03.273,AOI-PEP-01-UL,1260801052000,126080105200004046,TRUE
2026-08-04 09:01:02.632,AOI-PEP-01-L,1260801052000,126080105200004044,TRUE
2026-08-04 09:01:02.569,WIR-SE-01-UL,1260627002010,12606270020003A176,TRUE
2026-08-04 09:01:01.898,LAM-BOP-02-L,1260731051000,126073105100008047,TRUE
2026-08-04 09:01:00.563,WIR-Decoatbake-01-UL,1260619001010,12606190010001C177,TRUE
2026-08-04 09:01:00.245,AOI-RESAOI-01-UL,1260716017020,126071601700001021,TRUE
2026-08-04 09:01:00.007,LIN-INNDES-01-L,,126080108700002071,TRUE
2026-08-04 09:00:59.547,LIN-INNDES-02-UL,,126080106600008011,TRUE
2026-08-04 09:00:58.697,LIN-INNTRE-01-UL,1260803003000,126080300300006043,TRUE
2026-08-04 09:00:58.563,WIR-Pretreatment-01-L,1260623098010,12606230980002B130,TRUE
2026-08-04 09:00:58.195,LSR-Debrowning-01-L,1260626079010,12606260790002B129,TRUE
2026-08-04 09:00:56.143,SMK-SPR-01-L,1260606001010,0,TRUE
2026-08-04 09:00:53.044,ELC-TRE-01-UL,1260725010000,Error_202608041600530446,FALSE
2026-08-04 09:01:24.726,LSR-Debrowning-01-L,1260626079010,12606260790002B128,TRUE
2026-08-04 09:01:23.181,AOI-PEP-01-UL,1260801052000,126080105200004044,TRUE
2026-08-04 09:01:24.541,LAM-BOP-02-L,1260731051000,126073105100008049,TRUE
2026-08-04 09:01:23.119,AOI-PEP-01-L,1260801052000,126080105200004040,TRUE
2026-08-04 09:01:22.592,AOI-RESAOI-01-UL,1260716017020,126071601700001012,TRUE
2026-08-04 09:01:22.009,ELC-RED-01-UL,1260706036040,126071605300001019,TRUE
2026-08-04 09:01:21.768,LIN-INNDES-02-L,,126080106600008025,TRUE
2026-08-04 09:01:18.924,LIN-OUTVAP-01-UL,,12606130040001C092,TRUE
2026-08-04 09:01:19.681,WIR-SE-01-L,1260620160210,12606201600002B032,TRUE
2026-08-04 09:01:17.976,LSR-Debrowning-01-UL,1260626079010,12606260790002B142,TRUE
2026-08-04 09:01:16.258,CPP-Patternplating-01-L,1260714001000,126071400100058047,TRUE
2026-08-04 09:01:14.857,AOI-RESAOI-01-L,1260716017020,126071601700001015,TRUE
2026-08-04 09:01:14.572,LIN-INNDES-01-L,,126080108700002070,TRUE
2026-08-04 09:01:14.373,LIN-INNTRE-01-UL,1260803003000,126080300300006044,TRUE
2026-08-04 09:01:13.571,WIR-Vdevelop-01-L,1260716011010,126071601100058161,TRUE
2026-08-04 09:01:12.586,CPP-Patternplating-01-UL,1260711011000,126070700200049176,TRUE
2026-08-04 09:01:12.439,LIN-INNTRE-02-UL-2,,126080107500002004,TRUE
2026-08-04 09:01:11.045,SMK-BRU-02-UL,1260715036020,126071503600001070,TRUE
2026-08-04 09:01:10.789,WIR-Pretreatment-01-UL,1260623098010,12606230980002B170,TRUE
2026-08-04 09:01:13.361,LIN-INNTRE-02-UL-1,,Error_202608041601133613,FALSE
2026-08-04 09:00:56.143,SMK-SPR-01-L,1260606001010,0,TRUE
2026-08-04 09:00:31.967,LIN-INNLDI-01-L,1260801110000,126080111000012002,TRUE
2026-08-04 09:01:44.617,LSR-Debrowning-01-UL,1260626079010,12606260790002B141,TRUE
2026-08-04 09:01:43.620,AOI-PEP-01-L,1260801052000,126080105200004038,TRUE
2026-08-04 09:01:43.917,LIN-INNDES-01-L,,126080108700002068,TRUE
2026-08-04 09:01:43.588,AOI-PEP-01-UL,1260801052000,126080105200004040,TRUE
2026-08-04 09:01:41.655,SMK-BRU-02-UL,1260715036020,126071503600001023,TRUE
2026-08-04 09:01:41.523,SDM-DI-01-UL,,12606040010001C195,TRUE
2026-08-04 09:01:39.995,LAM-BOP-02-L,1260731051000,126073105100008050,TRUE
2026-08-04 09:01:38.015,AOI-RESAOI-01-L,1260716017020,126071601700001055,TRUE
2026-08-04 09:01:36.846,LIN-INNTRE-02-UL-2,,126080107500002006,TRUE
2026-08-04 09:01:40.651,WIR-SE-01-L,1260620160210,12606201600002B044,TRUE
2026-08-04 09:01:36.361,LIN-INNDES-02-L,,126080106600008024,TRUE
2026-08-04 09:01:35.986,LIN-INNTRE-02-UL-1,,126080107500002007,TRUE
2026-08-04 09:01:34.544,LIN-INNTRE-01-UL,1260803003000,126080300300006045,TRUE
2026-08-04 09:01:34.727,WIR-Pretreatment-01-L,1260623098010,12606230980002B128,TRUE
2026-08-04 09:01:33.029,SMK-BRU-02-L,1260715036020,126071503600001047,TRUE
2026-08-04 09:01:29.587,WIR-SE-01-UL,1260627002010,12606270020003A171,TRUE
2026-08-04 09:01:28.242,GLD-RinseENEPIG-01-UL,,12607030120001E901,TRUE
2026-08-04 09:01:29.015,GLD-IR-01-UL,,Error_202608041601290155,FALSE
2026-08-04 09:01:26.541,ELC-RED-01-L,1260716053020,126071605300001016,TRUE
2026-08-04 08:07:43.009,LIN-OUTDEV-01-L,1260617027000,126061702700001009,TRUE
2026-08-04 09:02:00.482,ELC-RED-01-UL,1260706036040,126071605300001018,TRUE
2026-08-04 09:02:01.236,LIN-INNTRE-02-UL-2,,126080107500002008,TRUE
2026-08-04 09:02:00.205,LIN-INNTRE-02-UL-1,,126080107500002009,TRUE
2026-08-04 09:01:59.763,ELC-RED-01-L,1260716053020,126071605300001066,TRUE
2026-08-04 09:01:56.120,WIR-SE-01-UL,1260627002010,12606270020003A172,TRUE
2026-08-04 09:01:58.823,LIN-INNDES-01-L,,126080108700002067,TRUE
2026-08-04 09:01:55.027,AOI-PEP-01-UL,1260801052000,126080105200004039,TRUE
2026-08-04 09:01:51.227,LSR-Debrowning-01-L,1260626079010,12606260790002B127,TRUE
2026-08-04 09:01:53.917,AOI-PEP-01-L,1260801052000,126080105200004037,TRUE
2026-08-04 09:01:51.077,LIN-INNTRE-01-UL,1260803003000,126080300300006046,TRUE
2026-08-04 09:01:50.893,LIN-INNDES-02-L,,126080106600008023,TRUE
2026-08-04 09:01:49.400,WIR-Vdevelop-01-L,1260716011010,126071601100058160,TRUE
2026-08-04 09:01:50.854,LAM-BOP-02-L,1260731051000,126073105100008051,TRUE
2026-08-04 09:01:47.994,WIR-Pretreatment-01-UL,1260623098010,12606230980002B169,TRUE
2026-08-04 09:01:46.344,AOI-RESAOI-01-UL,1260716017020,126071601700001020,TRUE
2026-08-04 09:01:45.989,SMK-SPR-01-L,1260606001010,12606110960001C220,TRUE
2026-08-04 09:00:53.044,ELC-TRE-01-UL,1260725010000,Error_202608041600530446,FALSE
2026-08-04 08:56:36.837,ELC-INS-01-L,1260711096000,126071109600001059,TRUE
2026-08-04 09:01:45.697,WIR-Decoatbake-01-UL,1260619001010,12606190010001C188,TRUE
2026-08-04 08:55:48.075,SMK-BRU-01-UL,1260718173000,Error_202608041555480756,FALSE
2026-08-04 08:46:19.007,SMK-BRU-01-L,1260718173000,Error_202608041546190076,FALSE
2026-08-04 02:52:28.688,SMK-DIX-01-L,1260710031000,126071003100001023,TRUE
2026-08-04 09:02:26.916,WIR-Pretreatment-01-UL,1260623098010,12606230980002B168,TRUE
2026-08-04 09:02:25.895,LIN-INNTRE-02-UL-2,,126080107500002010,TRUE
2026-08-04 09:02:25.705,GLD-IR-01-UL,,126070804600001047,TRUE
2026-08-04 09:02:25.229,WIR-Vdevelop-01-L,1260716011010,126071601100058159,TRUE
2026-08-04 09:02:24.966,AOI-PEP-01-UL,1260801052000,126080105200004035,TRUE
2026-08-04 09:02:24.450,AOI-PEP-01-L,1260801052000,126080105200004033,TRUE
2026-08-04 09:02:24.395,LIN-INNTRE-02-UL-1,,126080107500002011,TRUE
2026-08-04 09:02:24.392,AOI-RESAOI-01-L,1260716017020,126071601700001051,TRUE
2026-08-04 09:02:22.656,WIR-SE-01-UL,1260627002010,12606270020003A173,TRUE
2026-08-04 09:02:20.685,LAM-BOP-02-UL,1260731050000,126073105000006002,TRUE
2026-08-04 09:02:19.255,LIN-INNDES-02-L,,126080106600008021,TRUE
2026-08-04 09:02:18.010,LSR-Debrowning-01-L,1260626079010,12606260790002B126,TRUE
2026-08-04 09:02:14.328,SMK-BRU-02-UL,1260715036020,126071503600001012,TRUE
2026-08-04 09:02:13.656,LIN-INNTRE-01-UL,1260803003000,126080300300006047,TRUE
2026-08-04 09:02:13.369,WIR-Pretreatment-01-L,1260623098010,12606230980002B127,TRUE
2026-08-04 09:02:13.059,LIN-INNDES-01-L,,126080108700002066,TRUE
2026-08-04 09:02:13.031,LAM-BOP-02-L,1260731051000,126073105100008053,TRUE
2026-08-04 09:02:11.166,LSR-Debrowning-01-UL,1260626079010,12606260790002B140,TRUE
2026-08-04 09:02:10.932,CPP-Horizontalplating-01-UL,1260606004010,126072501300400040,TRUE
2026-08-04 09:02:09.876,AOI-RESAOI-01-UL,1260716017020,126071601700001015,TRUE
2026-08-04 09:02:09.791,CPP-Patternplating-01-L,1260714001000,126071400100058003,TRUE
2026-08-04 09:02:06.525,CPP-Patternplating-01-UL,1260711011000,126070700200049177,TRUE
2026-08-04 09:02:05.306,GLD-RinseENEPIG-01-UL,,12607030120001E007,TRUE
2026-08-04 09:02:04.017,LIN-OUTDEV-01-L,1260703066030,126070306600001039,TRUE
2026-08-04 09:01:45.989,SMK-SPR-01-L,1260606001010,12606110960001C220,TRUE
2026-08-04 09:02:03.171,SMK-BRU-02-L,1260715036020,126071503600001073,TRUE
2026-08-04 09:02:35.048,ELC-RED-01-UL,1260706036040,126071605300001057,TRUE
2026-08-04 09:02:38.356,LSR-Debrowning-01-UL,1260626079010,12606260790002B139,TRUE
2026-08-04 09:02:34.795,AOI-PEP-01-L,1260801052000,126080105200004032,TRUE
2026-08-04 09:02:34.720,ELC-RED-01-L,1260716053020,126071605300001038,TRUE
2026-08-04 09:02:34.416,CPP-Horizontalplating-01-UL,1260606004010,126072501300400117,TRUE
2026-08-04 09:02:34.271,LIN-INNDES-02-L,,126080106600008057,TRUE
2026-08-04 09:02:34.592,AOI-PEP-01-UL,1260801052000,126080105200004034,TRUE
2026-08-04 09:02:33.061,LAM-BOP-02-UL,1260731050000,126073105000006003,TRUE
2026-08-04 09:02:32.800,AOI-RESAOI-01-UL,1260716017020,126071601700001055,TRUE
2026-08-04 09:02:30.354,WIR-Decoatbake-01-UL,1260619001010,12606190010001C184,TRUE
2026-08-04 09:02:32.673,SMK-BRU-02-L,1260715036020,126071503600001080,TRUE
2026-08-04 09:02:30.093,LIN-INNTRE-01-UL,1260803003000,126080300300006048,TRUE
2026-08-04 09:02:27.888,LIN-INNDES-01-L,,126080108700002065,TRUE
2026-08-04 09:02:05.306,GLD-RinseENEPIG-01-UL,,12607030120001E007,TRUE
2026-08-04 09:00:53.044,ELC-TRE-01-UL,1260725010000,Error_202608041600530446,FALSE
2026-08-04 08:46:19.007,SMK-BRU-01-L,1260718173000,Error_202608041546190076,FALSE
2026-08-04 09:02:56.344,AOI-PEP-01-L,1260801052000,126080105200004030,TRUE
2026-08-04 09:02:55.972,AOI-RESAOI-01-UL,1260716017020,126071601700001045,TRUE
2026-08-04 09:02:52.938,LAM-BOP-02-L,1260731051000,126073105100008055,TRUE
2026-08-04 09:02:51.823,WIR-Pretreatment-01-L,1260623098010,12606230980002B125,TRUE
2026-08-04 09:02:50.584,LIN-INNTRE-02-UL-2,,126080107500002012,TRUE
2026-08-04 09:02:50.115,LIN-INNTRE-02-UL-1,,126080107500002013,TRUE
2026-08-04 09:02:49.735,WIR-SE-01-UL,1260627002010,12606270020003A168,TRUE
2026-08-04 09:02:48.678,LIN-INNDES-02-L,,126080106600008056,TRUE
2026-08-04 09:02:47.799,AOI-RESAOI-01-L,1260716017020,126071601700001072,TRUE
2026-08-04 09:02:47.111,LIN-INNTRE-01-UL,1260803003000,126080300300006049,TRUE
2026-08-04 09:02:46.514,LAM-BOP-02-UL,1260731050000,126073105000006004,TRUE
2026-08-04 09:02:44.685,LSR-Debrowning-01-L,1260626079010,12606260790002B125,TRUE
2026-08-04 09:02:43.548,SMK-BRU-02-UL,1260715036020,126071503600001034,TRUE
2026-08-04 09:02:42.279,LIN-INNDES-01-L,,126080108700002064,TRUE
2026-08-04 09:02:55.625,AOI-PEP-01-UL,1260801052000,126080105200004032,TRUE
2026-08-04 09:02:42.115,LIN-OUTVAP-01-UL,,12606130040002B053,TRUE
2026-08-04 09:00:53.044,ELC-TRE-01-UL,1260725010000,Error_202608041600530446,FALSE
2026-08-04 09:03:15.823,WIR-Decoatbake-01-UL,1260619001010,12606190010001C193,TRUE
2026-08-04 09:03:15.672,AOI-PEP-01-UL,1260801052000,126080105200004030,TRUE
2026-08-04 09:03:15.516,AOI-PEP-01-L,1260801052000,126080105200004028,TRUE
2026-08-04 09:03:15.407,LAM-BOP-02-L,1260731051000,126073105100008057,TRUE
2026-08-04 09:03:15.163,LIN-INNTRE-02-UL-2,,126080107500002014,TRUE
2026-08-04 09:03:13.944,LIN-INNTRE-02-UL-1,,126080107500002015,TRUE
2026-08-04 09:03:13.544,SDM-DI-01-UL,,12606040010002B148,TRUE
2026-08-04 09:03:12.550,SMK-BRU-02-UL,1260715036020,126071503600001004,TRUE
2026-08-04 09:03:11.451,LSR-Debrowning-01-L,1260626079010,12606260790002B124,TRUE
2026-08-04 09:03:11.407,LIN-INNDES-01-L,,126080108700002062,TRUE
2026-08-04 09:03:10.753,ELC-RED-01-L,1260716053020,126071605300001055,TRUE
2026-08-04 09:03:10.489,AOI-RESAOI-01-L,1260716017020,126071601700001077,TRUE
2026-08-04 09:03:10.094,LAM-BOP-02-UL,1260731050000,126073105000006006,TRUE
2026-08-04 09:03:08.988,ELC-RED-01-UL,1260706036040,126071605300001035,TRUE
2026-08-04 09:03:06.002,LIN-INNTRE-01-UL,1260803003000,126080300300006050,TRUE
2026-08-04 09:03:04.839,WIR-Pretreatment-01-UL,1260623098010,12606230980002B167,TRUE
2026-08-04 09:03:04.466,LSR-Debrowning-01-UL,1260626079010,12606260790002B138,TRUE
2026-08-04 09:03:03.729,CPP-Patternplating-01-L,1260714001000,126071400100058006,TRUE
2026-08-04 09:03:01.596,SMK-BRU-02-L,1260715036020,126071503600001054,TRUE
2026-08-04 09:03:00.167,CPP-Patternplating-01-UL,1260711011000,126070700200049167,TRUE
2026-08-04 09:03:01.010,WIR-Vdevelop-01-L,1260716011010,126071601100058158,TRUE
2026-08-04 09:02:58.167,CPP-Horizontalplating-01-UL,1260606004010,126072501300400116,TRUE
2026-08-04 09:02:55.972,AOI-RESAOI-01-UL,1260716017020,126071601700001045,TRUE
2026-08-04 09:01:45.989,SMK-SPR-01-L,1260606001010,12606110960001C220,TRUE
2026-08-04 09:01:40.651,WIR-SE-01-L,1260620160210,12606201600002B044,TRUE
2026-08-04 08:58:41.382,ELC-INS-01-UL,1260711096000,126071109600001059,TRUE
2026-08-04 08:55:48.075,SMK-BRU-01-UL,1260718173000,Error_202608041555480756,FALSE
2026-08-04 01:39:22.652,ELC-PUL-02-UL,1260626078030,126062607800001067,TRUE
2026-08-04 09:03:35.986,AOI-PEP-01-L,1260801052000,126080105200004026,TRUE
2026-08-04 09:03:36.689,WIR-Vdevelop-01-L,1260716011010,126071601100058153,TRUE
2026-08-04 09:03:35.752,AOI-PEP-01-UL,1260801052000,126080105200004028,TRUE
2026-08-04 09:03:35.517,LAM-BOP-02-UL,1260731050000,126073105000006008,TRUE
2026-08-04 09:03:33.819,AOI-RESAOI-01-L,1260716017020,126071601700001037,TRUE
2026-08-04 09:03:31.250,LSR-Debrowning-01-UL,1260626079010,12606260790002B137,TRUE
2026-08-04 09:03:31.182,LIN-INNDES-02-L,,126080106600008053,TRUE
2026-08-04 09:03:31.146,SMK-BRU-02-L,1260715036020,126071503600001014,TRUE
2026-08-04 09:03:30.345,WIR-Pretreatment-01-L,1260623098010,12606230980002B126,TRUE
2026-08-04 09:03:26.973,ELC-TRE-01-UL,1260725010000,Error_202608041603269738,FALSE
2026-08-04 09:03:26.297,LAM-BOP-02-L,1260731051000,126073105100008059,TRUE
2026-08-04 09:03:26.110,LIN-INNDES-01-L,,126080108700002061,TRUE
2026-08-04 09:03:24.218,WIR-LDI-01-L,,12606190020002B172,TRUE
2026-08-04 09:03:23.457,LIN-INNTRE-01-UL,1260803003000,126080300300006051,TRUE
2026-08-04 09:03:22.218,CPP-Horizontalplating-01-UL,1260606004010,126072501300400003,TRUE
2026-08-04 09:03:19.052,AOI-RESAOI-01-UL,1260716017020,126071601700001051,TRUE
2026-08-04 09:03:16.236,WIR-SE-01-UL,1260627002010,12606270020003A128,TRUE
2026-08-04 09:03:55.925,WIR-Vdevelop-01-UL,1260716011010,"126071601100058171,BD",TRUE
2026-08-04 09:03:55.470,LIN-INNDES-01-L,,126080108700002059,TRUE
2026-08-04 09:03:53.489,CPP-Patternplating-01-UL,1260711011000,126070700200049168,TRUE
2026-08-04 09:03:50.767,WIR-LDI-01-L,,12606190020002B173,TRUE
2026-08-04 09:03:48.642,LAM-BOP-02-L,1260731051000,126073105100008001,TRUE
2026-08-04 09:03:47.064,AOI-PEP-01-UL,1260801052000,126080105200004027,TRUE
2026-08-04 09:03:46.837,ELC-RED-01-L,1260716053020,126071605300001032,TRUE
2026-08-04 09:03:46.189,LAM-BOP-02-UL,1260731050000,126073105000006009,TRUE
2026-08-04 09:03:46.314,AOI-PEP-01-L,1260801052000,126080105200004025,TRUE
2026-08-04 09:03:45.408,CPP-Horizontalplating-01-UL,1260606004010,126071407100029901,TRUE
2026-08-04 09:03:44.068,SMK-BRU-02-UL,1260715036020,126071503600001069,TRUE
2026-08-04 09:03:43.945,ELC-RED-01-UL,1260706036040,126071605300001048,TRUE
2026-08-04 09:03:43.111,WIR-Pretreatment-01-UL,1260623098010,12606230980002B166,TRUE
2026-08-04 09:03:42.567,WIR-SE-01-UL,1260627002010,12606270020003A164,TRUE
2026-08-04 09:03:42.429,AOI-RESAOI-01-UL,1260716017020,126071601700001072,TRUE
2026-08-04 09:03:40.195,LIN-INNTRE-02-UL-2,,126080107500002016,TRUE
2026-08-04 09:03:37.956,LSR-Debrowning-01-L,1260626079010,12606260790002B123,TRUE
2026-08-04 09:03:38.617,LIN-INNTRE-02-UL-1,,126080107500002017,TRUE
2026-08-04 09:04:11.856,LIN-INNDES-02-L,,126080106600008051,TRUE
2026-08-04 09:04:11.722,LAM-BOP-02-L,1260731051000,126073105100008003,TRUE
2026-08-04 09:04:11.190,LAM-BOP-02-UL,1260731050000,126073105000006011,TRUE
2026-08-04 09:04:10.003,LIN-INNDES-01-L,,126080108700002058,TRUE
2026-08-04 09:04:09.740,WIR-SE-01-UL,1260627002010,12606270020003A122,TRUE
2026-08-04 09:04:09.285,CPP-Horizontalplating-01-UL,1260606004010,126071407100029902,TRUE
2026-08-04 09:04:08.816,WIR-Pretreatment-01-L,1260623098010,12606230980002B123,TRUE
2026-08-04 09:04:07.628,AOI-PEP-01-UL,1260801052000,126080105200004025,TRUE
2026-08-04 09:04:06.721,AOI-PEP-01-L,1260801052000,126080105200004023,TRUE
2026-08-04 09:04:05.351,AOI-RESAOI-01-UL,1260716017020,126071601700001077,TRUE
2026-08-04 09:04:04.537,LSR-Debrowning-01-L,1260626079010,12606260790002B122,TRUE
2026-08-04 09:04:04.274,LIN-INNTRE-02-UL-2,,126080107500002018,TRUE
2026-08-04 09:04:00.472,WIR-Decoatbake-01-UL,1260619001010,12606190010001C178,TRUE
2026-08-04 09:03:59.944,SMK-BRU-02-L,1260715036020,126071503600001074,TRUE
2026-08-04 09:03:57.363,CPP-Patternplating-01-L,1260714001000,126071400100058039,TRUE
2026-08-04 09:03:57.646,LSR-Debrowning-01-UL,1260626079010,12606260790002B136,TRUE
2026-08-04 09:03:56.601,AOI-RESAOI-01-L,1260716017020,126071601700001064,TRUE
2026-08-04 09:03:46.837,ELC-RED-01-L,1260716053020,126071605300001032,TRUE
2026-08-04 09:03:43.111,WIR-Pretreatment-01-UL,1260623098010,12606230980002B166,TRUE
2026-08-04 09:04:24.847,LIN-INNDES-01-L,,126080108700002057,TRUE
2026-08-04 09:04:24.893,LAM-BOP-02-UL,1260731050000,126073105000006012,TRUE
2026-08-04 09:04:24.693,LSR-Debrowning-01-UL,1260626079010,12606260790002B135,TRUE
2026-08-04 09:04:22.284,LAM-BOP-02-L,1260731051000,126073105100008004,TRUE
2026-08-04 09:04:22.312,ELC-RED-01-UL,1260706036040,126071605300001040,TRUE
2026-08-04 09:04:22.176,WIR-Pretreatment-01-UL,1260623098010,12606230980002B165,TRUE
2026-08-04 09:04:18.129,WIR-LDI-01-L,,12606190020002B174,TRUE
2026-08-04 09:04:17.737,AOI-PEP-01-UL,1260801052000,126080105200004024,TRUE
2026-08-04 09:04:16.847,AOI-PEP-01-L,1260801052000,126080105200004022,TRUE
2026-08-04 09:04:19.914,AOI-RESAOI-01-L,1260716017020,126071601700001080,TRUE
2026-08-04 09:04:12.692,WIR-Vdevelop-01-L,1260716011010,126071601100058152,TRUE
2026-08-04 09:04:14.210,SMK-BRU-02-UL,1260715036020,126071503600001041,TRUE
2026-08-04 09:04:19.468,ELC-RED-01-L,1260716053020,126071605300001011,TRUE
2026-08-04 09:01:45.989,SMK-SPR-01-L,1260606001010,12606110960001C220,TRUE
2026-08-04 09:04:12.606,LIN-OUTVAP-01-UL,,12606130040001C086,TRUE
2026-08-04 09:04:42.368,SMK-BRU-02-UL,1260715036020,126071503600001003,TRUE
2026-08-04 09:04:41.185,LIN-INNDES-02-L,,126080106600008049,TRUE
2026-08-04 09:04:39.425,LIN-INNDES-01-L,,126080108700002056,TRUE
2026-08-04 09:04:39.318,CPP-Horizontalplating-01-UL,1260606004010,126071407100029008,TRUE
2026-08-04 09:04:38.784,AOI-PEP-01-UL,1260801052000,126080105200004022,TRUE
2026-08-04 09:04:37.378,AOI-PEP-01-L,1260801052000,126080105200004020,TRUE
2026-08-04 09:04:35.691,WIR-SE-01-UL,1260627002010,12606270020003A161,TRUE
2026-08-04 09:04:34.534,LAM-BOP-02-UL,1260731050000,126073103200006062,TRUE
2026-08-04 09:04:34.339,LIN-INNTRE-02-UL-2,,126080107500002020,TRUE
2026-08-04 09:04:33.112,LAM-BOP-02-L,1260731051000,126073105100008005,TRUE
2026-08-04 09:04:32.199,LIN-INNTRE-01-UL,1260803003000,126080300300006052,TRUE
2026-08-04 09:04:32.600,LSR-Debrowning-01-L,1260626079010,12606260790002B121,TRUE
2026-08-04 09:04:30.073,LIN-INNTRE-02-UL-1,,126080107500002019,TRUE
2026-08-04 09:04:29.633,SMK-BRU-02-L,1260715036020,126071503600001059,TRUE
2026-08-04 09:04:28.118,AOI-RESAOI-01-UL,1260716017020,126071601700001037,TRUE
2026-08-04 09:04:28.958,WIR-Vdevelop-01-UL,1260716011010,"126071601100058170,BB",TRUE
2026-08-04 09:04:26.258,SMK-BRU-01-L,1260709049020,126070904900001047,TRUE
2026-08-04 09:04:12.606,LIN-OUTVAP-01-UL,,12606130040001C086,TRUE
2026-08-04 02:52:28.688,SMK-DIX-01-L,1260710031000,126071003100001023,TRUE
2026-08-04 09:04:59.992,WIR-Pretreatment-01-UL,1260623098010,12606230980002B164,TRUE
2026-08-04 09:04:59.229,SMK-BRU-02-L,1260715036020,126071503600001010,TRUE
2026-08-04 09:04:59.222,LAM-BOP-02-UL,1260731050000,126073105000006047,TRUE
2026-08-04 09:04:58.847,AOI-PEP-01-UL,1260801052000,126080105200004020,TRUE
2026-08-04 09:04:58.175,AOI-PEP-01-L,1260801052000,126080105200004018,TRUE
2026-08-04 09:04:57.187,ELC-RED-01-UL,1260706036040,126071605300001005,TRUE
2026-08-04 09:04:55.831,LAM-BOP-02-L,1260731051000,126073105100008007,TRUE
2026-08-04 09:04:55.544,LIN-INNDES-02-L,,126080106600008048,TRUE
2026-08-04 09:04:55.325,LIN-INNTRE-01-UL,1260803003000,126080300300006054,TRUE
2026-08-04 09:04:54.765,ELC-RED-01-L,1260716053020,126071605300001007,TRUE
2026-08-04 09:04:53.972,LIN-INNDES-01-L,,126080108700002055,TRUE
2026-08-04 09:04:50.977,LSR-Debrowning-01-UL,1260626079010,12606260790002B134,TRUE
2026-08-04 09:04:53.796,LIN-INNLDI-01-L,1260801111000,126080111100002023,TRUE
2026-08-04 09:04:51.074,AOI-RESAOI-01-UL,1260716017020,126071601700001064,TRUE
2026-08-04 09:04:50.803,CPP-Patternplating-01-L,1260714001000,126071400100058001,TRUE
2026-08-04 09:04:49.732,SMK-BRU-01-L,1260709049020,126070904900001005,TRUE
2026-08-04 09:04:49.600,WIR-Pretreatment-01-L,1260623098010,12606230980002B124,TRUE
2026-08-04 09:04:48.709,WIR-Vdevelop-01-L,1260716011010,126071601100058151,TRUE
2026-08-04 09:04:47.459,CPP-Patternplating-01-UL,1260711011000,126070700200049169,TRUE
2026-08-04 09:04:46.138,LIN-INNTRE-02-UL-1,,126080107500002021,TRUE
2026-08-04 09:04:45.792,SMK-SPR-01-L,1260606001010,12606110960001C220/0,TRUE
2026-08-04 09:04:45.929,SDM-DI-01-UL,,12606040010001C204,TRUE
2026-08-04 09:04:46.600,WIR-LDI-01-L,,12606190020002B175,TRUE
2026-08-04 09:04:45.584,WIR-Decoatbake-01-UL,1260619001010,12606190010001C187,TRUE
2026-08-04 08:59:22.167,ELC-TRE-01-L,1260725010000,Error_202608041559221670,FALSE
2026-08-04 09:05:23.161,LIN-INNDES-01-L,,126080108700002053,TRUE
2026-08-04 09:05:19.145,AOI-PEP-01-UL,1260801052000,126080105200004018,TRUE
2026-08-04 09:05:18.544,LIN-INNTRE-01-UL,1260803003000,126080300300006056,TRUE
2026-08-04 09:05:18.879,AOI-PEP-01-L,1260801052000,126080105200004016,TRUE
2026-08-04 09:05:18.004,LAM-BOP-02-L,1260731051000,126073105100008009,TRUE
2026-08-04 09:05:17.683,LSR-Debrowning-01-UL,1260626079010,12606260790002B133,TRUE
2026-08-04 09:05:15.590,SMK-BRU-01-L,1260709049020,126070904900001003,TRUE
2026-08-04 09:05:15.290,WIR-LDI-01-L,,12606190020002B176,TRUE
2026-08-04 09:05:12.371,SMK-BRU-02-UL,1260715036020,126071503600001058,TRUE
2026-08-04 09:05:11.801,LIN-INNTRE-02-UL-2,,126080107500002022,TRUE
2026-08-04 09:05:11.458,LIN-INNTRE-02-UL-1,,126080107500002023,TRUE
2026-08-04 09:05:09.875,LIN-INNDES-02-L,,126080106600008047,TRUE
2026-08-04 09:05:07.999,LIN-INNLDI-01-L,1260801111000,126080111100002021,TRUE
2026-08-04 09:05:03.523,WIR-Vdevelop-01-UL,1260716011010,"126071601100058169,BD",TRUE
2026-08-04 09:05:02.788,WIR-SE-01-UL,1260627002010,12606270020003A125,TRUE
2026-08-04 09:04:59.229,SMK-BRU-02-L,1260715036020,126071503600001010,TRUE
2026-08-04 09:04:59.222,LAM-BOP-02-UL,1260731050000,126073105000006047,TRUE
2026-08-04 09:04:49.600,WIR-Pretreatment-01-L,1260623098010,12606230980002B124,TRUE
2026-08-04 09:04:45.792,SMK-SPR-01-L,1260606001010,12606110960001C220/0,TRUE
2026-08-04 08:59:22.167,ELC-TRE-01-L,1260725010000,Error_202608041559221670,FALSE
2026-08-04 08:56:36.837,ELC-INS-01-L,1260711096000,126071109600001059,TRUE
2026-08-04 09:05:44.496,CPP-Patternplating-01-L,1260714001000,126071400100058049,TRUE
2026-08-04 09:05:43.525,WIR-LDI-01-L,,12606190020002B177,TRUE
2026-08-04 09:05:44.343,LSR-Debrowning-01-UL,1260626079010,12606260790002B132,TRUE
2026-08-04 09:05:41.655,SMK-BRU-02-UL,1260715036020,126071503600001024,TRUE
2026-08-04 09:05:41.631,LIN-INNLDI-01-L,1260801111000,126080111100002017,TRUE
2026-08-04 09:05:41.580,LIN-INNTRE-01-UL,1260803003000,126080300300006058,TRUE
2026-08-04 09:05:41.590,SMK-BRU-01-L,1260709049020,126070904900001038,TRUE
2026-08-04 09:05:41.322,CPP-Patternplating-01-UL,1260711011000,126070700200049170,TRUE
2026-08-04 09:05:40.568,AOI-PEP-01-UL,1260801052000,126080105200004016,TRUE
2026-08-04 09:05:39.411,AOI-PEP-01-L,1260801052000,126080105200004014,TRUE
2026-08-04 09:05:40.224,LAM-BOP-02-L,1260731051000,126073105100008061,TRUE
2026-08-04 09:05:39.096,LIN-INNDES-02-L,,126080106600008045,TRUE
2026-08-04 09:05:39.197,WIR-Pretreatment-01-UL,1260623098010,12606230980002B163,TRUE
2026-08-04 09:05:38.353,WIR-Vdevelop-01-UL,1260716011010,"126071601100058168,BD",TRUE
2026-08-04 09:05:38.224,LIN-INNDES-01-L,,126080108700002052,TRUE
2026-08-04 09:05:32.625,ELC-RED-01-UL,1260706036040,126071605300001080,TRUE
2026-08-04 09:05:35.845,LIN-OUTVAP-01-UL,,12606130040001C102,TRUE
2026-08-04 09:05:30.759,WIR-Decoatbake-01-UL,1260619001010,12606190010001C186,TRUE
2026-08-04 09:05:29.477,WIR-SE-01-UL,1260627002010,12606270020003A126,TRUE
2026-08-04 09:05:25.447,CPP-Horizontalplating-01-UL,1260606004010,126071407100029006,TRUE
2026-08-04 09:05:26.400,WIR-Pretreatment-01-L,1260623098010,12606230980002B122,TRUE
2026-08-04 09:05:24.586,WIR-SE-01-L,1260620160000,12606201600002B020,TRUE
2026-08-04 09:05:24.462,WIR-Vdevelop-01-L,1260716011010,126071601100058150,TRUE
2026-08-04 09:06:00.180,AOI-PEP-01-UL,1260801052000,126080105200004014,TRUE
2026-08-04 09:06:00.231,WIR-Vdevelop-01-L,1260716011010,126071601100058149,TRUE
2026-08-04 09:06:00.133,AOI-PEP-01-L,1260801052000,126080105200004012,TRUE
2026-08-04 09:05:58.843,LIN-INNLDI-01-L,1260801111000,126080111100002015,TRUE
2026-08-04 09:05:55.838,WIR-SE-01-UL,1260627002010,12606270020003A162,TRUE
2026-08-04 09:05:53.414,LAM-BOP-02-UL,1260731051000,126073105100008056,TRUE
2026-08-04 09:05:53.581,LIN-INNDES-02-L,,126080106600008044,TRUE
2026-08-04 09:05:53.236,LIN-INNTRE-01-UL,1260803003000,126080300300006059,TRUE
2026-08-04 09:05:52.804,LIN-INNDES-01-L,,126080108700002051,TRUE
2026-08-04 09:05:47.103,CPP-Horizontalplating-01-UL,1260606004010,126071407100029004,TRUE
2026-08-04 09:05:51.211,LAM-BOP-02-L,1260731051000,126073105100008062,TRUE
2026-08-04 09:04:32.600,LSR-Debrowning-01-L,1260626079010,12606260790002B121,TRUE
2026-08-04 09:05:45.432,WIR-SE-01-L,1260620160000,12606201600002B008,TRUE
2026-08-04 09:04:19.914,AOI-RESAOI-01-L,1260716017020,126071601700001080,TRUE
2026-08-04 09:06:10.523,AOI-PEP-01-L,1260801052000,126080105200004011,TRUE
2026-08-04 09:06:08.607,CPP-Horizontalplating-01-UL,1260606004010,126071407100029002,TRUE
2026-08-04 09:06:07.794,SMK-BRU-01-L,1260709049020,126070904900001050,TRUE
2026-08-04 09:06:07.629,ELC-RED-01-UL,1260706036040,126071605300001078,TRUE
2026-08-04 09:06:07.599,LIN-INNDES-02-L,,126080106600008043,TRUE
2026-08-04 09:06:06.992,LIN-INNDES-01-L,,126080108700002050,TRUE
2026-08-04 09:06:07.355,WIR-SE-01-L,1260620160000,12606201600002B019,TRUE
2026-08-04 09:06:05.421,LIN-INNLDI-01-L,1260801111000,126080111100002023,TRUE
2026-08-04 09:06:05.065,LIN-INNTRE-01-UL,1260803003000,126080300300006060,TRUE
2026-08-04 09:06:04.805,LAM-BOP-02-UL,1260731051000,126073105100008046,TRUE
2026-08-04 09:06:04.279,WIR-Pretreatment-01-L,1260623098010,12606230980002B121,TRUE
2026-08-04 09:06:02.164,LAM-BOP-02-L,1260731051000,126073105100008063,TRUE
2026-08-04 09:06:31.337,AOI-PEP-01-L,1260801052000,126080105200004009,TRUE
2026-08-04 09:06:31.302,ELC-INS-01-L,1260703072000,126070307200001076,TRUE
2026-08-04 09:06:30.124,CPP-Horizontalplating-01-UL,1260606004010,126071407100029014,TRUE
2026-08-04 09:06:28.307,LIN-INNTRE-01-UL,1260803003000,126080300300006062,TRUE
2026-08-04 09:06:28.133,LIN-INNTRE-02-UL-1,,126080107500002027,TRUE
2026-08-04 09:06:26.711,LAM-BOP-02-UL,1260731051000,126073105100008044,TRUE
2026-08-04 09:06:24.446,LAM-BOP-02-L,1260731051000,126073105100008065,TRUE
2026-08-04 09:06:27.466,WIR-SE-01-L,1260620160000,12606201600002B013,TRUE
2026-08-04 09:06:22.768,LIN-INNLDI-01-L,1260801111000,126080111100002021,TRUE
2026-08-04 09:06:22.396,LIN-INNDES-02-L,,126080106600008042,TRUE
2026-08-04 09:06:21.883,AOI-PEP-01-UL,1260801052000,126080105200004012,TRUE
2026-08-04 09:06:22.237,SDM-DI-01-UL,,12606040010001C197,TRUE
2026-08-04 09:06:21.779,WIR-SE-01-UL,1260627002010,12606270020003A163,TRUE
2026-08-04 09:06:21.680,LIN-INNDES-01-L,,126080108700002049,TRUE
2026-08-04 09:06:21.585,LIN-INNTRE-02-UL-2,,126080107500002024,TRUE
2026-08-04 09:06:15.748,WIR-Decoatbake-01-UL,1260619001010,12606190010001C185,TRUE
2026-08-04 09:06:17.092,WIR-Pretreatment-01-UL,1260623098010,12606230980002B162,TRUE
2026-08-04 09:06:12.795,WIR-Vdevelop-01-UL,1260716011010,"126071601100058167,BD",TRUE
2026-08-04 09:06:12.670,WIR-LDI-01-L,,12606190020002B178,TRUE
2026-08-04 09:06:11.609,SMK-BRU-02-UL,1260715036020,126071503600001056,TRUE
2026-08-04 09:06:11.221,LSR-Debrowning-01-UL,1260626079010,12606260790002B131,TRUE
2026-08-04 09:04:54.765,ELC-RED-01-L,1260716053020,126071605300001007,TRUE
2026-08-04 09:06:56.093,WIR-Pretreatment-01-UL,1260623098010,12606230980002B161,TRUE
2026-08-04 09:06:52.523,WIR-SE-01-L,1260620160000,12606201600002B027,TRUE
2026-08-04 09:06:52.213,AOI-PEP-01-UL,1260801052000,126080105200004009,TRUE
2026-08-04 09:06:52.369,AOI-PEP-01-L,1260801052000,126080105200004007,TRUE
2026-08-04 09:06:51.649,LIN-INNDES-02-L,,126080106600008079,TRUE
2026-08-04 09:06:51.468,CPP-Horizontalplating-01-UL,1260606004010,126071407100029013,TRUE
2026-08-04 09:06:51.308,LIN-INNTRE-01-UL,1260803003000,126080300300006064,TRUE
2026-08-04 09:06:51.322,LIN-INNDES-01-L,,126080108700002047,TRUE
2026-08-04 09:06:50.145,LIN-INNLDI-01-L,1260801111000,126080111100002009,TRUE
2026-08-04 09:06:50.221,AOI-RESAOI-01-UL,1260716017020,126071601700001080,TRUE
2026-08-04 09:06:49.385,LAM-BOP-02-UL,1260731051000,126073105100008042,TRUE
2026-08-04 09:06:49.993,LIN-INNTRE-02-UL-2,,126080107500002028,TRUE
2026-08-04 09:06:48.914,WIR-SE-01-UL,1260627002010,12606270020003A165,TRUE
2026-08-04 09:06:47.187,WIR-Vdevelop-01-UL,1260716011010,"126071601100058166,BD",TRUE
2026-08-04 09:06:47.900,LIN-INNTRE-02-UL-1,,126080107500002031,TRUE
2026-08-04 09:06:47.072,LAM-BOP-02-L,1260731051000,126073105100008067,TRUE
2026-08-04 09:06:45.678,ELC-INS-01-L,1260703072000,126070307200001070,TRUE
2026-08-04 09:06:41.616,ELC-RED-01-UL,1260706036040,126071605300001047,TRUE
2026-08-04 09:06:41.032,SMK-BRU-02-UL,1260715036020,126071503600001064,TRUE
2026-08-04 09:06:40.954,LIN-OUTDEV-01-L,1260703066000,126070306600001030,TRUE
2026-08-04 09:06:37.937,CPP-Patternplating-01-L,1260714001000,126071400100058024,TRUE
2026-08-04 09:06:40.859,WIR-LDI-01-L,,12606190020002B179,TRUE
2026-08-04 09:06:36.030,WIR-Vdevelop-01-L,1260716011010,126071601100058148,TRUE
2026-08-04 09:06:37.534,LSR-Debrowning-01-UL,1260626079010,12606260790002B130,TRUE
2026-08-04 09:06:34.952,CPP-Patternplating-01-UL,1260711011000,126070700200049153,TRUE
2026-08-04 09:04:59.229,SMK-BRU-02-L,1260715036020,126071503600001010,TRUE
2026-08-04 09:06:32.628,ROU-RIN-01-UL,,Error_202608041606326281,FALSE
2026-08-04 09:06:33.783,SMK-BRU-01-L,1260709049020,126070904900001013,TRUE
2026-08-04 07:01:23.559,WIR-TrayCleaning-01-L,,,FALSE
2026-08-04 09:07:15.039,ELC-INS-01-L,1260703072000,126070307200001075,TRUE
2026-08-04 09:07:15.024,WIR-SE-01-UL,1260627002010,12606270020003A178,TRUE
2026-08-04 09:07:14.621,AOI-PEP-01-UL,1260801052000,126080105200004007,TRUE
2026-08-04 09:07:14.422,WIR-LDI-01-L,,12606190020002B180,TRUE
2026-08-04 09:07:13.850,LIN-INNLDI-01-L,1260801111000,126080111100002015,TRUE
2026-08-04 09:07:13.684,AOI-PEP-01-L,1260801052000,126080105200004005,TRUE
2026-08-04 09:07:13.391,CPP-Horizontalplating-01-UL,1260606004010,126071407100029011,TRUE
2026-08-04 09:07:13.231,LIN-INNTRE-01-UL,1260803003000,126080300300006066,TRUE
2026-08-04 09:07:11.828,WIR-Vdevelop-01-L,1260716011010,126071601100058147,TRUE
2026-08-04 09:07:11.731,LAM-BOP-02-UL,1260731051000,126073105100008040,TRUE
2026-08-04 09:07:11.299,SMK-BRU-02-UL,1260715036020,126071503600001046,TRUE
2026-08-04 09:07:09.667,LAM-BOP-02-L,1260731051000,126073105100008069,TRUE
2026-08-04 09:07:07.665,LIN-INNTRE-02-UL-1,,126080107500002035,TRUE
2026-08-04 09:07:05.979,LIN-INNDES-01-L,,126080108700002046,TRUE
2026-08-04 09:07:05.961,LIN-INNDES-02-L,,126080106600008078,TRUE
2026-08-04 09:07:04.680,SMK-SPR-01-L,1260606001010,12606110960001C220,TRUE
2026-08-04 09:07:04.100,LSR-Debrowning-01-UL,1260626079010,12606260790002B129,TRUE
2026-08-04 09:07:04.368,LIN-INNTRE-02-UL-2,,126080107500002030,TRUE
2026-08-04 09:07:00.546,WIR-Decoatbake-01-UL,1260619001010,12606190010001C232,TRUE
2026-08-04 09:06:59.771,SMK-BRU-01-L,1260709049020,126070904900001045,TRUE
2026-08-04 09:06:59.617,LIN-OUTVAP-01-UL,,12606130040001C109,TRUE
2026-08-04 09:06:58.097,LIN-OUTDEV-01-L,1260703066000,126070306600001013,TRUE
2026-08-04 09:06:50.221,AOI-RESAOI-01-UL,1260716017020,126071601700001080,TRUE
2026-08-04 09:04:54.765,ELC-RED-01-L,1260716053020,126071605300001007,TRUE
2026-08-04 09:02:05.306,GLD-RinseENEPIG-01-UL,,12607030120001E007,TRUE
2026-08-04 09:07:28.058,LIN-INNTRE-02-UL-1,,126080107500002039,TRUE
2026-08-04 09:07:28.985,CPP-Patternplating-01-UL,1260711011000,126070700200049161,TRUE
2026-08-04 09:07:27.150,LIN-INNDES-02-UL,,126080106600008009,TRUE
2026-08-04 09:07:27.148,SMK-BRU-01-L,1260709049020,126070904900001035,TRUE
2026-08-04 09:07:24.069,LIN-INNLDI-01-L,1260801111000,126080111100002005,TRUE
2026-08-04 09:07:23.778,AOI-PEP-01-L,1260801052000,126080105200004004,TRUE
2026-08-04 09:07:22.106,LAM-BOP-02-UL,1260731051000,126073105100008039,TRUE
2026-08-04 09:07:23.309,AOI-PEP-01-UL,1260801052000,126080105200004006,TRUE
2026-08-04 09:07:22.094,WIR-Vdevelop-01-UL,1260716011010,"126071601100058165,BD",TRUE
2026-08-04 09:07:21.586,ELC-INS-01-UL,1260703072000,126070307200001076,TRUE
2026-08-04 09:07:20.293,LIN-INNDES-01-L,,126080108700002045,TRUE
2026-08-04 09:07:20.887,LAM-BOP-02-L,1260731051000,126073105100008070,TRUE
2026-08-04 09:07:19.072,WIR-SE-01-L,1260620160000,12606201600002B047,TRUE
2026-08-04 09:07:18.964,LIN-INNTRE-02-UL-2,,126080107500002032,TRUE
2026-08-04 09:07:18.183,LIN-OUTDEV-01-L,1260703066000,126070306600001071,TRUE
2026-08-04 09:07:16.804,ELC-RED-01-UL,1260706036040,126071605300001063,TRUE
2026-08-04 09:07:43.107,LAM-BOP-02-L,1260731051000,126073105100008072,TRUE
2026-08-04 09:07:42.510,LIN-INNLDI-01-L,1260801111000,126080111100002003,TRUE
2026-08-04 09:07:41.712,ELC-INS-01-UL,1260703072000,126070307200001070,TRUE
2026-08-04 09:07:41.400,LIN-INNDES-02-UL,,126080106600008008,TRUE
2026-08-04 09:07:40.808,WIR-SE-01-UL,1260627002010,12606270020003A179,TRUE
2026-08-04 09:07:40.690,SMK-BRU-02-UL,1260715036020,126071503600001038,TRUE
2026-08-04 09:07:37.543,LIN-OUTDEV-01-L,1260703066000,126070306600001064,TRUE
2026-08-04 09:07:40.464,LIN-INNTRE-02-UL-1,,Error_202608041607404647,FALSE
2026-08-04 09:07:37.391,CPP-Horizontalplating-01-UL,1260606004010,126071407100029012,TRUE
2026-08-04 09:07:34.918,LIN-INNDES-01-L,,126080108700002044,TRUE
2026-08-04 09:07:34.547,WIR-Pretreatment-01-UL,1260623098010,12606230980002B160,TRUE
2026-08-04 09:07:33.903,LAM-BOP-02-UL,1260731051000,126073105100008038,TRUE
2026-08-04 09:07:34.590,AOI-PEP-01-L,1260801052000,126080105200004003,TRUE
2026-08-04 09:07:33.903,AOI-PEP-01-UL,1260801052000,126080105200004005,TRUE
2026-08-04 09:07:33.461,ELC-INS-01-L,1260703072000,126070307200001009,TRUE
2026-08-04 09:07:32.855,LIN-INNTRE-02-UL-2,,126080107500002034,TRUE
2026-08-04 09:07:32.450,LIN-INNTRE-01-UL,1260803003000,126080300300006067,TRUE
2026-08-04 09:07:31.625,CPP-Patternplating-01-L,1260714001000,126071400100058023,TRUE
2026-08-04 09:07:31.741,LSR-Debrowning-01-UL,1260626079010,12606260790002B128,TRUE
2026-08-04 09:07:04.680,SMK-SPR-01-L,1260606001010,12606110960001C220,TRUE
2026-08-04 09:04:59.229,SMK-BRU-02-L,1260715036020,126071503600001010,TRUE
2026-08-04 09:08:02.775,ELC-INS-01-UL,1260703072000,126070307200001003,TRUE
2026-08-04 09:08:04.794,LAM-BOP-02-L,1260731051000,126073105100008074,TRUE
2026-08-04 09:08:04.529,LIN-INNDES-01-L,,126080108700002042,TRUE
2026-08-04 09:08:01.918,LIN-INNTRE-02-UL-2,,126080107500002038,TRUE
2026-08-04 09:07:58.527,LIN-INNTRE-02-UL-1,,126080107500002045,TRUE
2026-08-04 09:08:00.814,CPP-Horizontalplating-01-UL,1260606004010,126071407100029010,TRUE
2026-08-04 09:07:57.887,LIN-INNLDI-01-L,1260801111000,126080111100002001,TRUE
2026-08-04 09:07:57.307,LSR-Debrowning-01-UL,1260626079010,12606260790002B127,TRUE
2026-08-04 09:07:56.611,WIR-Vdevelop-01-UL,1260716011010,"126071601100058164,BD",TRUE
2026-08-04 09:07:57.091,LIN-OUTDEV-01-L,1260703066000,126070306600001048,TRUE
2026-08-04 09:07:55.810,LAM-BOP-02-UL,1260731051000,126073105100008036,TRUE
2026-08-04 09:07:55.498,AOI-PEP-01-UL,1260801052000,126080105200004003,TRUE
2026-08-04 09:07:55.419,AOI-PEP-01-L,1260801052000,126080105200004001,TRUE
2026-08-04 09:07:52.789,SMK-BRU-01-L,1260709049020,126070904900001041,TRUE
2026-08-04 09:07:52.571,ELC-RED-01-UL,1260706036040,126071605300001059,TRUE
2026-08-04 09:07:51.556,SDM-DI-01-UL,,12606040010001C200,TRUE
2026-08-04 09:07:49.853,ELC-INS-01-L,1260703072000,126070307200001027,TRUE
2026-08-04 09:07:49.575,LIN-INNTRE-01-UL,1260803003000,126080300300006068,TRUE
2026-08-04 09:07:48.469,WIR-LDI-01-UL,,12606190020002B169,TRUE
2026-08-04 09:07:45.953,WIR-Decoatbake-01-UL,1260619001010,12606190010001C903,TRUE
2026-08-04 09:07:45.933,WIR-SE-01-L,1260620160000,12606201600002B042,TRUE
2026-08-04 09:07:47.923,WIR-Vdevelop-01-L,1260716011010,126071601100058146,TRUE
2026-08-04 09:06:50.221,AOI-RESAOI-01-UL,1260716017020,126071601700001080,TRUE
2026-08-04 09:07:04.680,SMK-SPR-01-L,1260606001010,12606110960001C220,TRUE
2026-08-04 08:55:48.075,SMK-BRU-01-UL,1260718173000,Error_202608041555480756,FALSE
2026-08-04 09:08:25.281,CPP-Horizontalplating-01-UL,1260606004010,126071407100029009,TRUE
2026-08-04 09:08:25.266,CPP-Patternplating-01-L,1260714001000,126071400100058026,TRUE
2026-08-04 09:08:24.414,ROU-RIN-01-UL,,Error_202608041608244140,FALSE
2026-08-04 09:08:24.436,AOI-PEP-01-UL,1260801052000,126080105200004041,TRUE
2026-08-04 09:08:24.148,LIN-INNDES-02-UL,,126080106600008006,TRUE
2026-08-04 09:08:23.797,WIR-Vdevelop-01-L,1260716011010,126071601100058145,TRUE
2026-08-04 09:08:24.121,LSR-Debrowning-01-UL,1260626079010,12606260790002B126,TRUE
2026-08-04 09:08:22.760,LIN-INNLDI-01-L,1260801111000,126080111100002007,TRUE
2026-08-04 09:08:20.980,ELC-INS-01-UL,1260703072000,126070307200001075,TRUE
2026-08-04 09:08:22.063,CPP-Patternplating-01-UL,1260711011000,126070700200049162,TRUE
2026-08-04 09:08:18.873,LIN-INNDES-01-L,,126080108700002041,TRUE
2026-08-04 09:08:20.796,LIN-OUTDEV-01-UL,1260617027000,126070306600001039,TRUE
2026-08-04 09:08:19.226,LIN-OUTVAP-01-UL,,12606130040001C083,TRUE
2026-08-04 09:08:18.748,LAM-BOP-02-UL,1260731051000,126073105100008034,TRUE
2026-08-04 09:08:18.383,SMK-BRU-01-L,1260709049020,126070904900001055,TRUE
2026-08-04 09:08:18.285,WIR-LDI-01-UL,,12606190020002B170,TRUE
2026-08-04 09:08:16.608,LIN-OUTDEV-01-L,1260703066000,126070306600001038,TRUE
2026-08-04 09:08:13.675,WIR-LDI-01-L,,12606190020002B160,TRUE
2026-08-04 09:08:13.644,WIR-Pretreatment-01-UL,1260623098010,12606230980002B159,TRUE
2026-08-04 09:08:16.217,LAM-BOP-02-L,1260731051000,126073105100008075,TRUE
2026-08-04 09:08:12.872,LIN-INNTRE-02-UL-1,,Error_202608041608128728,FALSE
2026-08-04 09:08:12.594,WIR-SE-01-L,1260620160000,12606201600002B051,TRUE
2026-08-04 09:08:12.051,SMK-BRU-02-UL,1260715036020,126071503600001009,TRUE
2026-08-04 09:08:12.138,LIN-INNTRE-02-UL-2,,126080107500002040,TRUE
2026-08-04 09:08:10.341,LIN-INNTRE-01-UL,1260803003000,126080300300006069,TRUE
2026-08-04 09:08:10.150,ELC-INS-01-L,1260703072000,126070307200001078,TRUE
2026-08-04 09:08:08.344,WIR-SE-01-UL,1260627002010,12606270020003A180,TRUE
2026-08-04 09:08:05.936,AOI-PEP-01-L,1260801052000,126080105200004041,TRUE
2026-08-04 09:07:51.556,SDM-DI-01-UL,,12606040010001C200,TRUE
2026-08-04 09:06:50.221,AOI-RESAOI-01-UL,1260716017020,126071601700001080,TRUE
2026-08-04 09:04:19.914,AOI-RESAOI-01-L,1260716017020,126071601700001080,TRUE
2026-08-04 09:08:45.196,SMK-BRU-01-L,1260709049020,126070904900001011,TRUE
2026-08-04 09:08:44.968,LIN-INNTRE-01-UL,1260803003000,126080300300006071,TRUE
2026-08-04 09:08:42.298,WIR-LDI-01-L,,12606190020002B158,TRUE
2026-08-04 09:08:40.717,LAM-BOP-02-UL,1260731051000,126073105100008032,TRUE
2026-08-04 09:08:40.712,SMK-BRU-02-UL,1260715036020,126071503600001051,TRUE
2026-08-04 09:08:40.560,LIN-INNLDI-01-L,1260801111000,126080111100002005,TRUE
2026-08-04 09:08:38.982,ELC-INS-01-UL,1260703072000,126070307200001009,TRUE
2026-08-04 09:08:38.686,LAM-BOP-02-L,1260731051000,126073105100008077,TRUE
2026-08-04 09:08:36.437,LIN-OUTDEV-01-L,1260703066000,126070306600001068,TRUE
2026-08-04 09:08:38.181,LIN-INNDES-02-UL,,126080106600008005,TRUE
2026-08-04 09:08:35.065,WIR-SE-01-UL,1260627002010,12606270020003A160,TRUE
2026-08-04 09:08:35.468,LIN-INNTRE-02-UL-2,,126080107500002042,TRUE
2026-08-04 09:08:33.498,LIN-INNDES-01-L,,126080108700002040,TRUE
2026-08-04 09:08:34.233,LIN-INNTRE-02-UL-1,,126080107500002049,TRUE
2026-08-04 09:08:31.173,WIR-Vdevelop-01-UL,1260716011010,"126071601100058163,BD",TRUE
2026-08-04 09:08:30.782,WIR-Decoatbake-01-UL,1260619001010,12606190010001C904,TRUE
2026-08-04 09:08:29.638,ELC-INS-01-L,1260703072000,126070307200001062,TRUE
2026-08-04 09:08:25.266,CPP-Patternplating-01-L,1260714001000,126071400100058026,TRUE
2026-08-04 09:08:26.748,ELC-RED-01-UL,1260706036040,126071605300001044,TRUE
2026-08-04 09:08:22.063,CPP-Patternplating-01-UL,1260711011000,126070700200049162,TRUE
2026-08-04 09:08:18.285,WIR-LDI-01-UL,,12606190020002B170,TRUE
2026-08-04 09:08:12.594,WIR-SE-01-L,1260620160000,12606201600002B051,TRUE
2026-08-04 09:03:26.973,ELC-TRE-01-UL,1260725010000,Error_202608041603269738,FALSE
2026-08-04 09:09:00.422,LAM-BOP-02-L,1260731051000,126073105100008011,TRUE
2026-08-04 09:08:59.829,LIN-INNTRE-02-UL-2,,126080107500002044,TRUE
2026-08-04 09:08:59.673,WIR-Vdevelop-01-L,1260716011010,126071601100058144,TRUE
2026-08-04 09:08:58.452,LIN-INNLDI-01-L,1260801111000,126080111100002003,TRUE
2026-08-04 09:08:57.594,ELC-INS-01-UL,1260703072000,126070307200001027,TRUE
2026-08-04 09:08:57.516,LIN-INNTRE-02-UL-1,,126080107500002051,TRUE
2026-08-04 09:08:57.161,WIR-SE-01-L,1260620160000,12606201600002B050,TRUE
2026-08-04 09:08:56.203,LIN-OUTDEV-01-L,1260703066000,126070306600001017,TRUE
2026-08-04 09:08:56.157,WIR-LDI-01-UL,,12606190020002B171,TRUE
2026-08-04 09:08:52.719,LIN-INNDES-02-UL,,126080106600008004,TRUE
2026-08-04 09:08:56.094,LAM-BOP-02-UL,1260731051000,126073105100008031,TRUE
2026-08-04 09:08:51.798,WIR-Pretreatment-01-UL,1260623098010,12606230980002B157,TRUE
2026-08-04 09:08:51.619,SMK-BRU-02-L,1260715036020,126071503600001001,TRUE
2026-08-04 09:08:50.888,LSR-Debrowning-01-UL,1260626079010,12606260790002B125,TRUE
2026-08-04 09:08:49.467,ELC-INS-01-L,1260703072000,126070307200001002,TRUE
2026-08-04 09:08:48.517,CPP-Horizontalplating-01-UL,1260606004010,126071407100029005,TRUE
2026-08-04 09:08:48.124,LIN-INNDES-01-L,,126080108700002039,TRUE
2026-08-04 09:07:04.680,SMK-SPR-01-L,1260606001010,12606110960001C220,TRUE
2026-08-04 08:59:22.167,ELC-TRE-01-L,1260725010000,Error_202608041559221670,FALSE
2026-08-04 09:09:11.657,LAM-BOP-02-L,1260731051000,126073105100008012,TRUE
2026-08-04 09:09:11.923,CPP-Horizontalplating-01-UL,1260606004010,126071407100029003,TRUE
2026-08-04 09:09:10.806,SMK-BRU-01-L,1260709049020,126070904900001068,TRUE
2026-08-04 09:09:11.438,WIR-LDI-01-L,,12606190020002B159,TRUE
2026-08-04 09:09:07.407,LAM-BOP-02-UL,1260731051000,126073105100008030,TRUE
2026-08-04 09:09:07.283,LIN-INNDES-02-UL,,126080106600008003,TRUE
2026-08-04 09:09:09.794,SMK-BRU-02-UL,1260715036020,126071503600001057,TRUE
2026-08-04 09:09:08.234,ELC-INS-01-L,1260703072000,126070307200001021,TRUE
2026-08-04 09:09:06.812,LIN-INNLDI-01-L,1260801111000,126080111100002073,TRUE
2026-08-04 09:09:05.970,WIR-Vdevelop-01-UL,1260716011010,"126071601100058162,BD",TRUE
2026-08-04 09:09:01.787,WIR-SE-01-UL,1260627002010,12606270020003A174,TRUE
2026-08-04 09:09:02.735,LIN-INNDES-01-L,,126080108700002038,TRUE
2026-08-04 09:09:04.813,LIN-INNTRE-01-UL,1260803003000,126080300300006072,TRUE
2026-08-04 09:04:54.765,ELC-RED-01-L,1260716053020,126071605300001007,TRUE
2026-08-04 09:09:02.625,ELC-RED-01-UL,1260706036040,126071605300001034,TRUE
2026-08-04 09:09:37.844,ELC-RED-01-UL,1260706036040,126071605300001056,TRUE
2026-08-04 09:09:37.393,AOI-RESAOI-01-L,1260711114000,126071111400001033,TRUE
2026-08-04 09:09:37.235,ELC-INS-01-UL,1260703072000,126070307200001062,TRUE
2026-08-04 09:09:37.151,SMK-BRU-01-L,1260709049020,126070904900001027,TRUE
2026-08-04 09:09:36.472,LIN-INNDES-02-UL,,126080106600008001,TRUE
2026-08-04 09:09:35.985,CPP-Horizontalplating-01-UL,1260606004010,126071407100029001,TRUE
2026-08-04 09:09:35.454,WIR-Vdevelop-01-L,1260716011010,126071601100058143,TRUE
2026-08-04 09:09:35.612,LIN-OUTDEV-01-L,1260703066000,126070306600001060,TRUE
2026-08-04 09:09:32.924,LIN-INNLDI-01-L,1260801111000,126080111100002079,TRUE
2026-08-04 09:09:32.330,LIN-INNDES-01-L,,126080108700002036,TRUE
2026-08-04 09:09:31.282,WIR-Pretreatment-01-L,1260611097000,12606110970001C108,TRUE
2026-08-04 09:09:30.454,WIR-Pretreatment-01-UL,1260623098010,12606230980002B158,TRUE
2026-08-04 09:09:29.580,LAM-BOP-02-UL,1260731051000,126073105100008028,TRUE
2026-08-04 09:09:27.463,WIR-SE-01-UL,1260627002010,12606270020003A135,TRUE
2026-08-04 09:09:27.377,AOI-PEP-01-L,1260801054000,126080101800008080,TRUE
2026-08-04 09:09:27.172,ELC-INS-01-L,1260703072000,126070307200001072,TRUE
2026-08-04 09:09:26.658,FVI-OSP-01-UL,1260616024000,12606160240000105401,TRUE
2026-08-04 09:09:25.860,WIR-LDI-01-UL,,12606190020002B172,TRUE
2026-08-04 09:09:24.718,SDM-DI-01-UL,,12606040010001C199,TRUE
2026-08-04 09:09:23.028,LIN-INNTRE-02-UL-2,,126080107500002046,TRUE
2026-08-04 09:09:22.981,LIN-INNTRE-02-UL-1,,Error_202608041609229810,FALSE
2026-08-04 09:09:21.422,LIN-INNTRE-01-UL,1260803003000,126080300300006073,TRUE
2026-08-04 09:09:19.063,CPP-Patternplating-01-L,1260714001000,126071400100058027,TRUE
2026-08-04 09:09:22.326,ELC-TRE-01-L,1260725010000,Error_202608041609223261,FALSE
2026-08-04 09:09:18.071,WIR-SE-01-L,1260620160000,12606201600002B059,TRUE
2026-08-04 09:09:17.436,LSR-Debrowning-01-UL,1260626079010,12606260790002B124,TRUE
2026-08-04 09:09:16.282,CPP-Patternplating-01-UL,1260711011000,126070700200049163,TRUE
2026-08-04 09:09:15.610,WIR-Decoatbake-01-UL,1260619001010,12606190010001C183,TRUE
2026-08-04 09:09:11.657,LAM-BOP-02-L,1260731051000,126073105100008012,TRUE
2026-08-04 09:09:54.473,WIR-SE-01-UL,1260627002010,12606270020003A152,TRUE
2026-08-04 09:09:53.313,ELC-RED-01-L,1260709037040,126070903700010062,TRUE
2026-08-04 09:09:51.427,LIN-INNLDI-01-L,1260801111000,126080111100002077,TRUE
2026-08-04 09:09:50.831,LIN-INNDES-02-UL,,126080106600008040,TRUE
2026-08-04 09:09:50.381,FVI-OSP-01-UL,1260616024000,12606160240000106701,TRUE
2026-08-04 09:09:49.394,WIR-Pretreatment-01-L,1260611097000,12606110970001C100,TRUE
2026-08-04 09:09:47.295,LIN-INNTRE-02-UL-2,,126080107500002048,TRUE
2026-08-04 09:09:47.253,LIN-OUTVAP-01-UL,,12606130040001C074,TRUE
2026-08-04 09:09:46.986,LIN-INNDES-01-L,,126080108700002035,TRUE
2026-08-04 09:09:46.750,ELC-INS-01-L,1260703072000,126070307200001045,TRUE
2026-08-04 09:09:45.186,LIN-INNTRE-02-UL-1,,126080107500002055,TRUE
2026-08-04 09:09:44.110,LSR-Debrowning-01-UL,1260626079010,12606260790002B123,TRUE
2026-08-04 09:09:42.595,ELC-TRE-01-L,1260725010000,Error_202608041609425952,FALSE
2026-08-04 09:09:41.283,WIR-Vdevelop-01-UL,1260716011010,"126071601100058161,BD",TRUE
2026-08-04 09:09:41.049,LIN-INNTRE-01-UL,1260803003000,126080300300006074,TRUE
2026-08-04 09:09:40.673,SMK-BRU-02-UL,1260715036020,126071503600001053,TRUE
2026-08-04 09:09:39.533,WIR-LDI-01-L,,12606190020002B161,TRUE
2026-08-04 09:09:38.910,WIR-SE-01-L,1260620160000,12606201600002B058,TRUE
2026-08-04 09:09:11.657,LAM-BOP-02-L,1260731051000,126073105100008012,TRUE
2026-08-04 09:10:13.004,ELC-RED-01-UL,1260706036040,126071605300001028,TRUE
2026-08-04 09:10:12.557,CPP-Patternplating-01-L,1260714001000,126071400100058029,TRUE
2026-08-04 09:10:11.182,WIR-Vdevelop-01-L,1260716011010,126071601100058142,TRUE
2026-08-04 09:10:10.025,CPP-Patternplating-01-UL,1260711011000,126070700200049164,TRUE
2026-08-04 09:10:10.643,LSR-Debrowning-01-UL,1260626079010,12606260790002B122,TRUE
2026-08-04 09:10:09.889,LIN-INNTRE-02-UL-2,,126080107500002050,TRUE
2026-08-04 09:10:09.941,LAM-BOP-02-L,1260731051000,126073105100008013,TRUE
2026-08-04 09:10:09.411,SMK-BRU-02-UL,1260715036020,126071503600001063,TRUE
2026-08-04 09:10:09.410,LAM-BOP-02-UL,1260731051000,126073105100008026,TRUE
2026-08-04 09:10:08.920,LIN-INNTRE-02-UL-1,,126080107500002057,TRUE
2026-08-04 09:10:07.490,LIN-INNLDI-01-L,1260801111000,126080111100002075,TRUE
2026-08-04 09:10:07.848,WIR-LDI-01-L,,12606190020002B162,TRUE
2026-08-04 09:10:05.628,LIN-INNDES-02-UL,,126080106600008039,TRUE
2026-08-04 09:10:05.269,ELC-INS-01-L,1260703072000,126070307200001024,TRUE
2026-08-04 09:10:04.270,AOI-RESAOI-01-UL,1260711114000,126071111400001047,TRUE
2026-08-04 09:10:08.291,WIR-Pretreatment-01-UL,1260623098010,12606230980002B155,TRUE
2026-08-04 09:10:03.013,SMK-BRU-01-L,1260709049020,126070904900001060,TRUE
2026-08-04 09:10:02.644,ELC-TRE-01-L,1260725010000,Error_202608041610026445,FALSE
2026-08-04 09:10:00.644,WIR-Decoatbake-01-UL,1260619001010,12606190010001C203,TRUE
2026-08-04 09:10:01.502,LIN-INNDES-01-L,,126080108700002034,TRUE
2026-08-04 09:10:00.644,CPP-Horizontalplating-01-UL,1260606004010,126072501300400103,TRUE
2026-08-04 09:09:59.770,WIR-SE-01-L,1260620160000,12606201600002B046,TRUE
2026-08-04 09:09:58.142,AOI-PEP-01-L,1260801054000,126080105400008079,TRUE
2026-08-04 09:09:57.674,LIN-INNTRE-01-UL,1260803003000,126080300300006075,TRUE
2026-08-04 09:09:55.910,AOI-RESAOI-01-L,1260711114000,126071111400001012,TRUE
2026-08-04 09:09:55.675,WIR-LDI-01-UL,,12606190020002B173,TRUE
2026-08-04 09:09:55.517,ELC-INS-01-UL,1260703072000,126070307200001002,TRUE
2026-08-04 09:09:55.301,LIN-OUTDEV-01-L,1260703066000,126070306600001033,TRUE
2026-08-04 09:09:53.313,ELC-RED-01-L,1260709037040,126070903700010062,TRUE
2026-08-04 09:10:30.885,LIN-INNDES-01-L,,126080108700002032,TRUE
2026-08-04 09:10:29.390,SMK-BRU-01-L,1260709049020,126070904900001023,TRUE
2026-08-04 09:10:27.807,WIR-Pretreatment-01-L,1260611097000,12606110970001C098,TRUE
2026-08-04 09:10:27.257,AOI-RESAOI-01-UL,1260711114000,126071111400001033,TRUE
2026-08-04 09:10:25.958,WIR-SE-01-L,1260620160000,12606201600002B045,TRUE
2026-08-04 09:10:25.386,WIR-LDI-01-UL,,12606190020002B174,TRUE
2026-08-04 09:10:25.623,LIN-INNLDI-01-L,1260801111000,126080111100002073,TRUE
2026-08-04 09:10:21.568,WIR-SE-01-UL,1260627002010,12606270020003A138,TRUE
2026-08-04 09:10:20.900,LAM-BOP-02-UL,1260731051000,126073105100008080,TRUE
2026-08-04 09:10:24.442,ELC-INS-01-L,1260703072000,126070307200001065,TRUE
2026-08-04 09:10:20.650,LAM-BOP-02-L,1260731051000,126073105100008014,TRUE
2026-08-04 09:10:19.770,LIN-INNDES-02-UL,,126080106600008038,TRUE
2026-08-04 09:10:18.820,AOI-RESAOI-01-L,1260711114000,126071111400001035,TRUE
2026-08-04 09:10:17.619,CPP-Horizontalplating-01-UL,1260606004010,126071407100029007,TRUE
2026-08-04 09:10:17.348,LIN-INNTRE-01-UL,1260803003000,126080300300006076,TRUE
2026-08-04 09:10:15.853,WIR-Vdevelop-01-UL,1260716011010,"126071601100058160,BB",TRUE
2026-08-04 09:10:14.691,ELC-INS-01-UL,1260703072000,126070307200001021,TRUE
2026-08-04 09:10:14.974,LIN-OUTDEV-01-L,1260703066000,126070306600001010,TRUE
2026-08-04 09:10:14.569,FVI-OSP-01-UL,1260616024000,12606160240000100601,TRUE
2026-08-04 09:09:58.142,AOI-PEP-01-L,1260801054000,126080105400008079,TRUE
2026-08-04 09:10:44.114,ELC-INS-01-L,1260703072000,126070307200001060,TRUE
2026-08-04 09:10:43.447,LAM-BOP-02-L,1260731051000,126073105100008016,TRUE
2026-08-04 09:10:42.510,LAM-BOP-02-UL,1260731051000,126073105100008077,TRUE
2026-08-04 09:10:42.181,LIN-INNLDI-01-L,1260801111000,126080111100002071,TRUE
2026-08-04 09:10:39.248,SMK-BRU-02-UL,1260715036020,126071503600001055,TRUE
2026-08-04 09:10:38.259,FVI-OSP-01-UL,1260616024000,12606160240000102401,TRUE
2026-08-04 09:10:37.518,LSR-Debrowning-01-UL,1260626079010,12606260790002B121,TRUE
2026-08-04 09:10:35.802,LIN-INNTRE-01-UL,1260803003000,126080300300006077,TRUE
2026-08-04 09:10:34.804,LIN-INNDES-02-UL,,126080106600008037,TRUE
2026-08-04 09:10:41.554,AOI-RESAOI-01-L,1260711114000,126071111400001073,TRUE
2026-08-04 09:10:34.219,LIN-INNTRE-02-UL-2,,126080107500002052,TRUE
2026-08-04 09:10:34.570,LIN-OUTDEV-01-L,1260703066000,126070306600001063,TRUE
2026-08-04 09:10:34.067,ELC-INS-01-UL,1260703072000,126070307200001072,TRUE
2026-08-04 09:10:32.125,LIN-INNTRE-02-UL-1,,126080107500002059,TRUE
2026-08-04 09:11:02.600,ELC-INS-01-L,1260703072000,126070307200001055,TRUE
2026-08-04 09:11:02.323,FVI-OSP-01-UL,1260616024000,12606160240000101501,TRUE
2026-08-04 09:11:00.683,LIN-INNLDI-01-L,1260801111000,126080111100002069,TRUE
2026-08-04 09:10:59.856,LIN-INNDES-01-L,,126080108700002030,TRUE
2026-08-04 09:10:57.816,SDM-DI-01-UL,,12606040010001C201,TRUE
2026-08-04 09:10:57.720,LIN-INNTRE-02-UL-2,,126080107500002054,TRUE
2026-08-04 09:10:57.544,AOI-PEP-01-L,1260801054000,126080105400008077,TRUE
2026-08-04 09:10:56.236,LIN-INNTRE-02-UL-1,,126080107500002061,TRUE
2026-08-04 09:10:55.782,SMK-BRU-01-L,1260709049020,126070904900001028,TRUE
2026-08-04 09:10:55.277,WIR-LDI-01-UL,,12606190020002B175,TRUE
2026-08-04 09:10:54.480,WIR-Vdevelop-01-UL,1260716011010,"126071601100058159,BD",TRUE
2026-08-04 09:10:54.466,LAM-BOP-02-UL,1260731051000,126073105100008078,TRUE
2026-08-04 09:10:54.341,LAM-BOP-02-L,1260731051000,126073105100008017,TRUE
2026-08-04 09:10:54.054,LIN-OUTDEV-01-L,1260703066000,126070306600001020,TRUE
2026-08-04 09:10:53.497,AOI-PEP-01-UL,1260801054000,126080101800008080,TRUE
2026-08-04 09:10:52.615,ELC-INS-01-UL,1260703072000,126070307200001045,TRUE
2026-08-04 09:10:52.631,WIR-SE-01-L,1260620160000,12606201600002B049,TRUE
2026-08-04 09:10:52.163,LIN-INNTRE-01-UL,1260803003000,126080300300006078,TRUE
2026-08-04 09:10:50.086,AOI-RESAOI-01-UL,1260711114000,126071111400001012,TRUE
2026-08-04 09:10:48.522,WIR-SE-01-UL,1260627002010,12606270020003A166,TRUE
2026-08-04 09:10:49.338,LIN-INNDES-02-UL,,126080106600008036,TRUE
2026-08-04 09:10:46.980,WIR-Vdevelop-01-L,1260716011010,126071601100058175,TRUE
2026-08-04 09:10:47.402,WIR-Pretreatment-01-UL,1260623098010,12606230980002B156,TRUE
2026-08-04 09:10:46.037,ELC-RED-01-UL,1260706036040,126071605300001076,TRUE
2026-08-04 09:10:46.887,ROU-RIN-01-UL,,Error_202608041610468879,FALSE
2026-08-04 09:10:45.511,WIR-Decoatbake-01-UL,1260619001010,12606190010001C199,TRUE
2026-08-04 09:07:05.961,LIN-INNDES-02-L,,126080106600008078,TRUE
2026-08-04 09:11:25.044,WIR-LDI-01-UL,,12606190020002B176,TRUE
2026-08-04 09:11:23.498,LIN-INNDES-02-L,,Error_202608041611234984,FALSE
2026-08-04 09:11:23.351,ELC-INS-01-L,1260703072000,126070307200001016,TRUE
2026-08-04 09:11:22.903,WIR-Vdevelop-01-L,1260716011010,126071601100058173,TRUE
2026-08-04 09:11:21.080,LIN-INNTRE-02-UL-2,,126080107500002056,TRUE
2026-08-04 09:11:20.976,ELC-RED-01-UL,1260706036040,126071605300001061,TRUE
2026-08-04 09:11:20.972,SMK-BRU-01-L,1260709049020,126070904900001017,TRUE
2026-08-04 09:11:19.502,LIN-INNTRE-02-UL-1,,126080107500002063,TRUE
2026-08-04 09:11:19.304,WIR-SE-01-L,1260620160000,12606201600002B048,TRUE
2026-08-04 09:11:18.202,AOI-PEP-01-UL,1260801054000,126080105400008078,TRUE
2026-08-04 09:11:17.184,LIN-INNLDI-01-L,1260801111000,126080111100002067,TRUE
2026-08-04 09:11:16.937,LAM-BOP-02-L,1260731051000,126073105100008019,TRUE
2026-08-04 09:11:16.686,LAM-BOP-02-UL,1260731051000,126073105100008024,TRUE
2026-08-04 09:11:15.636,LIN-OUTVAP-01-UL,,Error_202608041611156362,FALSE
2026-08-04 09:11:14.358,LIN-INNDES-01-L,,126080108700002029,TRUE
2026-08-04 09:11:14.008,LIN-OUTDEV-01-L,1260703066000,126070306600001016,TRUE
2026-08-04 09:11:13.787,WIR-SE-01-UL,1260627002010,12606270020003A169,TRUE
2026-08-04 09:11:12.898,AOI-RESAOI-01-UL,1260711114000,126071111400001035,TRUE
2026-08-04 09:11:11.904,AOI-PEP-01-L,1260801054000,126080105400008076,TRUE
2026-08-04 09:11:11.664,ELC-INS-01-UL,1260703072000,126070307200001024,TRUE
2026-08-04 09:11:10.477,LIN-INNTRE-01-UL,1260803003000,126080300300006079,TRUE
2026-08-04 09:11:06.653,WIR-Pretreatment-01-L,1260611097000,12606110970001C096,TRUE
2026-08-04 09:11:06.137,CPP-Patternplating-01-L,1260714001000,126071400100058034,TRUE
2026-08-04 09:11:09.747,SMK-BRU-02-UL,1260715036020,126071503600001067,TRUE
2026-08-04 09:11:03.558,LIN-INNDES-02-UL,,126080106600008035,TRUE
2026-08-04 09:11:04.289,AOI-RESAOI-01-L,1260711114000,126071111400001006,TRUE
2026-08-04 09:11:03.106,CPP-Patternplating-01-UL,1260711011000,126070700200049165,TRUE
2026-08-04 08:53:03.317,GLD-IR-01-L,,126070804600001078,TRUE
2026-08-04 09:11:44.764,WIR-Pretreatment-01-L,1260611097000,12606110970001C094,TRUE
2026-08-04 09:11:44.706,LIN-INNTRE-02-UL-2,,126080107500002058,TRUE
2026-08-04 09:11:44.174,LIN-INNDES-01-L,,126080108700002027,TRUE
2026-08-04 09:11:44.001,AOI-PEP-01-UL,1260801054000,126080105400008076,TRUE
2026-08-04 09:11:43.461,ELC-INS-01-L,1260703072000,126070307200001059,TRUE
2026-08-04 09:11:42.862,LIN-INNTRE-02-UL-1,,126080107500002065,TRUE
2026-08-04 09:11:42.220,AOI-PEP-01-L,1260801054000,126080105400008074,TRUE
2026-08-04 09:11:41.125,SMK-BRU-02-UL,1260715036020,126071503600001025,TRUE
2026-08-04 09:11:40.683,WIR-SE-01-UL,1260627002010,12606270020003A159,TRUE
2026-08-04 09:11:39.079,LAM-BOP-02-L,1260731051000,126073105100008021,TRUE
2026-08-04 09:11:38.938,LAM-BOP-02-UL,1260731051000,126073105100008022,TRUE
2026-08-04 09:11:35.759,AOI-RESAOI-01-UL,1260711114000,126071111400001073,TRUE
2026-08-04 09:11:35.529,LIN-INNLDI-01-L,1260801111000,126080111100002065,TRUE
2026-08-04 09:11:33.367,ELC-INS-01-UL,1260703072000,126070307200001065,TRUE
2026-08-04 09:11:33.587,LIN-OUTDEV-01-L,1260703066000,126070306600001011,TRUE
2026-08-04 09:11:32.406,LIN-INNDES-02-UL,,126080106600008034,TRUE
2026-08-04 09:11:32.248,WIR-Vdevelop-01-UL,1260716011010,"126071601100058158,BD",TRUE
2026-08-04 09:11:30.576,WIR-Decoatbake-01-UL,1260619001010,12606190010001C219,TRUE
2026-08-04 09:11:27.320,AOI-RESAOI-01-L,1260711114000,126071111400001061,TRUE
2026-08-04 09:11:30.573,LIN-INNTRE-01-UL,1260803003000,126080300300006080,TRUE
2026-08-04 09:11:26.654,WIR-Pretreatment-01-UL,1260623098010,12606230980002B154,TRUE
2026-08-04 09:11:25.934,FVI-OSP-01-UL,1260616024000,12606160240000101801,TRUE
2026-08-04 09:11:03.106,CPP-Patternplating-01-UL,1260711011000,126070700200049165,TRUE
2026-08-04 09:10:17.619,CPP-Horizontalplating-01-UL,1260606004010,126071407100029007,TRUE
2026-08-04 09:10:02.644,ELC-TRE-01-L,1260725010000,Error_202608041610026445,FALSE
2026-08-04 09:12:03.394,AOI-PEP-01-UL,1260801054000,126080105400008074,TRUE
2026-08-04 09:12:02.597,LIN-INNLDI-01-L,1260801111000,126080111100002053,TRUE
2026-08-04 09:12:01.301,LAM-BOP-02-L,1260731051000,126073105100008023,TRUE
2026-08-04 09:12:00.894,LAM-BOP-02-UL,1260731051000,126073105100008020,TRUE
2026-08-04 09:12:00.829,LIN-INNDES-02-UL,,126080106600008032,TRUE
2026-08-04 09:12:00.619,ELC-INS-01-L,1260703072000,126070307200001039,TRUE
2026-08-04 09:11:58.488,LIN-INNDES-01-L,,126080108700002026,TRUE
2026-08-04 09:11:59.702,CPP-Patternplating-01-L,1260714001000,126071400100058033,TRUE
2026-08-04 09:11:58.374,WIR-Vdevelop-01-L,1260716011010,126071601100058177,TRUE
2026-08-04 09:11:57.934,AOI-RESAOI-01-UL,1260711114000,126071111400001006,TRUE
2026-08-04 09:11:57.311,CPP-Patternplating-01-UL,1260711011000,126072501100400023,TRUE
2026-08-04 09:11:55.868,ELC-RED-01-UL,1260706036040,126071605300001074,TRUE
2026-08-04 09:11:54.842,WIR-LDI-01-UL,,12606190020002B177,TRUE
2026-08-04 09:11:53.214,LIN-OUTDEV-01-L,1260703066000,126070306600001075,TRUE
2026-08-04 09:11:52.955,AOI-PEP-01-L,1260801054000,126080105400008073,TRUE
2026-08-04 09:11:50.479,AOI-RESAOI-01-L,1260711114000,126071111400001065,TRUE
2026-08-04 09:11:50.462,ELC-INS-01-UL,1260703072000,126070307200001060,TRUE
2026-08-04 09:11:50.187,FVI-OSP-01-UL,1260616024000,12606160240000102501,TRUE
2026-08-04 09:11:47.223,SMK-BRU-01-L,1260709049020,126070904900001044,TRUE
2026-08-04 09:11:46.040,WIR-SE-01-L,1260620160000,12606201600002B053,TRUE
2026-08-04 09:10:17.619,CPP-Horizontalplating-01-UL,1260606004010,126071407100029007,TRUE
2026-08-04 09:12:15.892,WIR-Decoatbake-01-UL,1260619001010,12606190010001C230,TRUE
2026-08-04 09:12:15.395,AOI-PEP-01-L,1260801054000,126080105400008071,TRUE
2026-08-04 09:12:15.379,AOI-PEP-01-UL,1260801054000,126080105400008073,TRUE
2026-08-04 09:12:14.083,FVI-OSP-01-UL,1260616024000,12606160240000106101,TRUE
2026-08-04 09:12:13.483,AOI-RESAOI-01-L,1260711114000,126071111400001056,TRUE
2026-08-04 09:12:13.067,LIN-INNDES-01-L,,126080108700002025,TRUE
2026-08-04 09:12:13.210,SMK-BRU-01-L,1260709049020,126070904900001033,TRUE
2026-08-04 09:12:12.858,LIN-OUTDEV-01-L,1260703066000,126070306600001001,TRUE
2026-08-04 09:12:12.791,WIR-SE-01-L,1260620160000,12606201600002B052,TRUE
2026-08-04 09:12:12.489,LAM-BOP-02-UL,1260731051000,126073105100008019,TRUE
2026-08-04 09:12:12.442,LAM-BOP-02-L,1260731051000,126073105100008024,TRUE
2026-08-04 09:12:10.284,SMK-BRU-02-UL,1260715036020,126071503600001035,TRUE
2026-08-04 09:12:12.410,LIN-INNLDI-01-L,1260801111000,126080111100002061,TRUE
2026-08-04 09:12:09.682,ELC-INS-01-UL,1260703072000,126070307200001055,TRUE
2026-08-04 09:12:08.338,WIR-SE-01-UL,1260627002010,12606270020003A124,TRUE
2026-08-04 09:12:07.078,WIR-Vdevelop-01-UL,1260716011010,"126071601100058153,BD",TRUE
2026-08-04 09:12:08.457,LIN-INNTRE-02-UL-2,,126080107500002060,TRUE
2026-08-04 09:12:06.628,LIN-INNTRE-02-UL-1,,126080107500002067,TRUE
2026-08-04 09:12:04.639,WIR-Pretreatment-01-UL,1260623098010,12606230980002B153,TRUE
2026-08-04 09:11:57.311,CPP-Patternplating-01-UL,1260711011000,126072501100400023,TRUE
2026-08-04 07:59:16.531,LIN-OUTTRE-01-L,1260711066020,126071106600001032,TRUE
2026-08-04 09:12:35.067,LAM-BOP-02-L,1260731051000,126073105100008026,TRUE
2026-08-04 09:12:34.661,LAM-BOP-02-UL,1260731051000,126073105100008017,TRUE
2026-08-04 09:12:34.120,WIR-SE-01-UL,1260627002010,12606270020003A121,TRUE
2026-08-04 09:12:34.064,WIR-Vdevelop-01-L,1260716011010,126071601100058157,TRUE
2026-08-04 09:12:32.535,LIN-INNTRE-02-UL-2,,126080107500002062,TRUE
2026-08-04 09:12:32.535,LIN-INNTRE-02-UL-1,,126080107500002069,TRUE
2026-08-04 09:12:32.202,LIN-OUTDEV-01-L,1260703066000,126070306600001044,TRUE
2026-08-04 09:12:31.817,ELC-TRE-01-UL,1260725010000,Error_202608041612318179,FALSE
2026-08-04 09:12:31.008,SDM-DI-01-UL,,12606040010001C217,TRUE
2026-08-04 09:12:30.670,ELC-INS-01-UL,1260703072000,126070307200001016,TRUE
2026-08-04 09:12:30.654,ELC-RED-01-UL,1260706036040,126071605300001026,TRUE
2026-08-04 09:12:28.429,LIN-INNLDI-01-L,1260801111000,126080111100002059,TRUE
2026-08-04 09:12:27.973,LIN-INNDES-01-L,,126080108700002024,TRUE
2026-08-04 09:12:26.192,AOI-PEP-01-L,1260801054000,126080105400008070,TRUE
2026-08-04 09:12:26.145,AOI-PEP-01-UL,1260801054000,126080105400008072,TRUE
2026-08-04 09:12:25.283,WIR-Pretreatment-01-L,1260611097000,12606110970001C092,TRUE
2026-08-04 09:12:24.595,WIR-LDI-01-UL,,12606190020002B178,TRUE
2026-08-04 09:12:19.948,ELC-INS-01-L,1260703072000,126070307200001049,TRUE
2026-08-04 09:12:21.765,AOI-RESAOI-01-UL,1260711114000,126071111400001061,TRUE
2026-08-04 09:12:15.892,WIR-Decoatbake-01-UL,1260619001010,12606190010001C230,TRUE
2026-08-04 09:11:57.311,CPP-Patternplating-01-UL,1260711011000,126072501100400023,TRUE
2026-08-04 09:12:58.691,CPP-Patternplating-01-UL,1260711011000,126071100800400015,TRUE
2026-08-04 09:12:58.020,LIN-INNTRE-02-UL-2,,126080107500002064,TRUE
2026-08-04 09:12:57.616,LAM-BOP-02-L,1260731051000,126073105100008028,TRUE
2026-08-04 09:12:57.321,LIN-INNLDI-01-L,1260801111000,126080111100002047,TRUE
2026-08-04 09:12:57.162,LIN-INNDES-01-L,,126080108700002022,TRUE
2026-08-04 09:12:57.038,LAM-BOP-02-UL,1260731051000,126073105100008075,TRUE
2026-08-04 09:12:56.769,LIN-OUTVAP-01-UL,,12606130040001C069,TRUE
2026-08-04 09:12:54.378,WIR-LDI-01-UL,,12606190020002B179,TRUE
2026-08-04 09:12:53.425,CPP-Patternplating-01-L,1260714001000,126071400100058035,TRUE
2026-08-04 09:12:52.407,LIN-OUTDEV-01-L,1260703066000,126070306600001031,TRUE
2026-08-04 09:12:55.629,LIN-INNTRE-02-UL-1,,126080107500002071,TRUE
2026-08-04 09:12:50.311,ELC-INS-01-UL,1260703072000,126070307200001059,TRUE
2026-08-04 09:12:48.204,LIN-OUTDEV-01-UL,1260617027000,126070306600001030,TRUE
2026-08-04 09:12:47.162,AOI-PEP-01-UL,1260801054000,126080105400008070,TRUE
2026-08-04 09:12:45.500,AOI-RESAOI-01-UL,1260711114000,126071111400001065,TRUE
2026-08-04 09:12:45.894,LIN-INNDES-02-UL,,126080106600008031,TRUE
2026-08-04 09:12:48.506,AOI-PEP-01-L,1260801054000,126080105400008068,TRUE
2026-08-04 09:12:42.861,WIR-Pretreatment-01-UL,1260623098010,12606230980002B152,TRUE
2026-08-04 09:12:41.548,WIR-Vdevelop-01-UL,1260716011010,"126071601100058152,BD",TRUE
2026-08-04 09:12:42.460,ELC-TRE-01-L,1260725010000,Error_202608041612424609,FALSE
2026-08-04 09:12:41.076,ELC-INS-01-L,1260703072000,126070307200001041,TRUE
2026-08-04 09:12:40.538,SMK-BRU-01-L,1260709049020,126070904900001052,TRUE
2026-08-04 09:12:38.694,SMK-BRU-02-UL,1260715036020,126071503600001002,TRUE
2026-08-04 09:12:37.868,FVI-OSP-01-UL,1260616024000,12606160240000104801,TRUE
2026-08-04 09:12:39.512,WIR-SE-01-L,1260620160000,12606201600002B057,TRUE
2026-08-04 09:12:36.280,AOI-RESAOI-01-L,1260711114000,126071111400001039,TRUE
2026-08-04 09:12:34.120,WIR-SE-01-UL,1260627002010,12606270020003A121,TRUE
2026-08-04 09:13:15.928,WIR-Vdevelop-01-UL,1260716011010,"126071601100058151,BD",TRUE
2026-08-04 09:13:14.629,LIN-INNDES-02-UL,,126080106600008029,TRUE
2026-08-04 09:13:12.766,LIN-OUTDEV-01-UL,1260617027000,126070306600001013,TRUE
2026-08-04 09:13:12.992,ELC-TRE-01-UL,1260725010000,Error_202608041613129923,FALSE
2026-08-04 09:13:11.954,LIN-OUTDEV-01-L,1260703066000,126070306600001080,TRUE
2026-08-04 09:13:11.678,LIN-INNDES-01-L,,126080108700002021,TRUE
2026-08-04 09:13:12.088,LIN-INNLDI-01-L,1260801111000,126080111100002045,TRUE
2026-08-04 09:13:11.131,AOI-PEP-01-L,1260801054000,126080105400008066,TRUE
2026-08-04 09:13:10.022,AOI-PEP-01-UL,1260801054000,126080105400008068,TRUE
2026-08-04 09:13:09.848,WIR-Vdevelop-01-L,1260716011010,126071601100058180,TRUE
2026-08-04 09:13:07.938,ELC-INS-01-UL,1260703072000,126070307200001039,TRUE
2026-08-04 09:13:08.756,LAM-BOP-02-L,1260731051000,126073105100008029,TRUE
2026-08-04 09:13:07.928,LAM-BOP-02-UL,1260731051000,126073105100008074,TRUE
2026-08-04 09:13:06.586,SMK-BRU-02-UL,1260715036020,126071503600001049,TRUE
2026-08-04 09:13:07.188,AOI-RESAOI-01-UL,1260711114000,126071111400001056,TRUE
2026-08-04 09:13:06.154,WIR-SE-01-L,1260620160000,12606201600002B055,TRUE
2026-08-04 09:13:05.095,ELC-RED-01-UL,1260706036040,126071605300001036,TRUE
2026-08-04 09:13:03.351,ELC-TRE-01-L,1260725010000,Error_202608041613033515,FALSE
2026-08-04 09:13:01.946,FVI-OSP-01-UL,1260616024000,12606160240000101601,TRUE
2026-08-04 09:13:01.644,WIR-Pretreatment-01-L,1260611097000,12606110970001C090,TRUE
2026-08-04 09:13:00.050,WIR-Pretreatment-01-UL,1260623098010,12606230980002B151,TRUE
2026-08-04 09:13:00.389,ELC-INS-01-L,1260703072000,126070307200001017,TRUE
2026-08-04 09:13:05.633,SMK-BRU-01-L,1260709049020,126070904900001034,TRUE
2026-08-04 09:12:59.157,AOI-RESAOI-01-L,1260711114000,126071111400001072,TRUE
2026-08-04 09:12:34.120,WIR-SE-01-UL,1260627002010,12606270020003A121,TRUE
2026-08-04 09:13:36.525,SMK-BRU-02-UL,1260715036020,126071503600001072,TRUE
2026-08-04 09:13:33.197,ELC-TRE-01-UL,1260725010000,Error_202608041613331978,FALSE
2026-08-04 09:13:33.195,AOI-PEP-01-UL,1260801054000,126080105400008066,TRUE
2026-08-04 09:13:33.132,AOI-PEP-01-L,1260801054000,126080105400008064,TRUE
2026-08-04 09:13:32.847,LIN-OUTDEV-01-UL,1260617027000,126070306600001071,TRUE
2026-08-04 09:13:32.525,LIN-INNLDI-01-L,1260801111000,126080111100002043,TRUE
2026-08-04 09:13:31.759,SMK-BRU-01-L,1260709049020,126070904900001031,TRUE
2026-08-04 09:13:31.710,LIN-OUTDEV-01-L,1260703066000,126070306600001006,TRUE
2026-08-04 09:13:30.706,AOI-RESAOI-01-UL,1260711114000,126071111400001039,TRUE
2026-08-04 09:13:30.992,LAM-BOP-02-L,1260731051000,126073105100008031,TRUE
2026-08-04 09:13:29.679,LAM-BOP-02-UL,1260731051000,126073105100008072,TRUE
2026-08-04 09:13:29.583,LIN-INNDES-02-UL,,126080106600008028,TRUE
2026-08-04 09:13:27.190,ELC-INS-01-UL,1260703072000,126070307200001049,TRUE
2026-08-04 09:13:26.226,LIN-INNDES-01-L,,126080108700002020,TRUE
2026-08-04 09:13:23.959,WIR-LDI-01-UL,,12606190020002B180,TRUE
2026-08-04 09:13:25.432,FVI-OSP-01-UL,1260616024000,12606160240000106801,TRUE
2026-08-04 09:13:23.446,ELC-TRE-01-L,1260725010000,Error_202608041613234469,FALSE
2026-08-04 09:13:22.251,AOI-RESAOI-01-L,1260711114000,126071111400001003,TRUE
2026-08-04 09:13:21.928,LIN-INNTRE-02-UL-2,,126080107500002066,TRUE
2026-08-04 09:13:19.990,LIN-INNTRE-02-UL-1,,126080107500002073,TRUE
2026-08-04 09:13:19.752,ELC-INS-01-L,1260703072000,126070307200001032,TRUE
2026-08-04 09:12:34.120,WIR-SE-01-UL,1260627002010,12606270020003A121,TRUE
2026-08-04 09:13:47.195,CPP-Patternplating-01-L,1260714001000,126071400100058052,TRUE
2026-08-04 09:13:47.510,LIN-INNLDI-01-L,1260801111000,126080111100002041,TRUE
2026-08-04 09:13:45.632,WIR-Vdevelop-01-L,1260716011010,126071601100058179,TRUE
2026-08-04 09:13:45.472,AOI-RESAOI-01-L,1260711114000,126071111400001032,TRUE
2026-08-04 09:13:45.041,LIN-INNTRE-02-UL-2,,126080107500002068,TRUE
2026-08-04 09:13:44.789,CPP-Patternplating-01-UL,1260711011000,126071100800400043,TRUE
2026-08-04 09:13:43.744,AOI-PEP-01-L,1260801054000,126080105400008063,TRUE
2026-08-04 09:13:42.916,AOI-PEP-01-UL,1260801054000,126080105400008065,TRUE
2026-08-04 09:13:43.462,LIN-INNDES-02-UL,,126080106600008027,TRUE
2026-08-04 09:13:42.431,LAM-BOP-02-L,1260731051000,126073105100008032,TRUE
2026-08-04 09:13:40.994,LIN-INNDES-01-L,,126080108700002019,TRUE
2026-08-04 09:13:40.791,LAM-BOP-02-UL,1260731051000,126073105100008071,TRUE
2026-08-04 09:13:40.475,WIR-Pretreatment-01-L,1260611097000,12606110970001C063,TRUE
2026-08-04 09:13:40.257,WIR-Pretreatment-01-UL,1260623098010,12606230980002B150,TRUE
2026-08-04 09:13:39.867,LIN-INNTRE-02-UL-1,,126080107500002075,TRUE
2026-08-04 09:13:39.581,ELC-RED-01-UL,1260706036040,126071605300001071,TRUE
2026-08-04 09:13:38.847,ELC-INS-01-L,1260703072000,126070307200001018,TRUE
2026-08-04 09:13:58.285,ELC-INS-01-L,1260703072000,126070307200001037,TRUE
2026-08-04 09:13:56.995,LIN-INNLDI-01-L,1260801111000,126080111100002049,TRUE
2026-08-04 09:13:57.385,SMK-BRU-01-L,1260709049020,126070904900001021,TRUE
2026-08-04 09:13:56.931,LIN-INNDES-02-UL,,126080106600008026,TRUE
2026-08-04 09:13:55.638,LIN-INNDES-01-L,,126080108700002018,TRUE
2026-08-04 09:13:54.976,WIR-LDI-01-UL,,12606190020002B160,TRUE
2026-08-04 09:13:54.855,AOI-PEP-01-L,1260801054000,126080105400008062,TRUE
2026-08-04 09:13:53.941,AOI-RESAOI-01-UL,1260711114000,126071111400001072,TRUE
2026-08-04 09:13:53.730,AOI-PEP-01-UL,1260801054000,126080105400008064,TRUE
2026-08-04 09:13:53.715,LAM-BOP-02-L,1260731051000,126073105100008033,TRUE
2026-08-04 09:13:52.261,LAM-BOP-02-UL,1260731051000,126073105100008070,TRUE
2026-08-04 09:13:51.113,LIN-OUTDEV-01-L,1260703066000,126070306600001035,TRUE
2026-08-04 09:13:50.679,WIR-Vdevelop-01-UL,1260716011010,"126071601100058150,BD",TRUE
2026-08-04 09:13:49.773,WIR-Decoatbake-01-L,1260707002000,126070700200049049,TRUE
2026-08-04 09:13:49.448,FVI-OSP-01-UL,1260616024000,12606160240000106001,TRUE
2026-08-04 09:13:48.739,ELC-INS-01-UL,1260703072000,126070307200001041,TRUE
2026-08-04 09:13:48.456,LIN-OUTDEV-01-UL,1260617027000,126070306600001064,TRUE
2026-08-04 09:13:39.867,LIN-INNTRE-02-UL-1,,126080107500002075,TRUE
2026-08-04 09:12:34.120,WIR-SE-01-UL,1260627002010,12606270020003A121,TRUE
2026-08-04 09:14:23.684,SMK-BRU-01-L,1260709049020,126070904900001066,TRUE
2026-08-04 09:14:21.276,WIR-Vdevelop-01-L,1260716011010,126071601100058178,TRUE
2026-08-04 09:14:23.558,LIN-INNLDI-01-L,1260801111000,126080111100002037,TRUE
2026-08-04 09:14:18.651,WIR-Pretreatment-01-L,1260611097000,12606110970001C061,TRUE
2026-08-04 09:14:17.114,AOI-RESAOI-01-UL,1260711114000,126071111400001003,TRUE
2026-08-04 09:14:17.035,AOI-PEP-01-L,1260801054000,126080105400008059,TRUE
2026-08-04 09:14:16.264,AOI-PEP-01-UL,1260801054000,126080105400008062,TRUE
2026-08-04 09:14:16.045,LAM-BOP-02-L,1260731051000,126073105100008060,TRUE
2026-08-04 09:14:15.551,ELC-RED-01-UL,1260706036040,126071605300001029,TRUE
2026-08-04 09:14:15.312,ROU-RIN-01-UL,,Error_202608041614153121,FALSE
2026-08-04 09:14:15.208,ELC-INS-01-L,1260703072000,126070307200001008,TRUE
2026-08-04 09:14:14.920,LAM-BOP-02-UL,1260731051000,126073105100008068,TRUE
2026-08-04 09:14:13.543,FVI-OSP-01-UL,1260616024000,12606160240000100701,TRUE
2026-08-04 09:14:10.869,WIR-Decoatbake-01-L,1260707002000,126070700200049052,TRUE
2026-08-04 09:14:10.817,LIN-OUTDEV-01-L,1260703066000,126070306600001004,TRUE
2026-08-04 09:14:11.860,LIN-INNDES-02-UL,,126080106600008025,TRUE
2026-08-04 09:14:10.217,LIN-INNDES-01-L,,126080108700002017,TRUE
2026-08-04 09:14:08.786,AOI-RESAOI-01-L,1260711114000,126071111400001029,TRUE
2026-08-04 09:14:08.301,LIN-OUTDEV-01-UL,1260617027000,126070306600001048,TRUE
2026-08-04 09:14:06.848,ELC-INS-01-UL,1260703072000,126070307200001017,TRUE
2026-08-04 09:14:07.150,LIN-INNTRE-02-UL-2,,126080107500002070,TRUE
2026-08-04 09:14:05.951,SMK-BRU-02-UL,1260715036020,126071503600001047,TRUE
2026-08-04 09:14:05.540,WIR-Pretreatment-01-UL,1260623098010,12606230980002B149,TRUE
2026-08-04 09:14:03.408,SDM-DI-01-UL,,12606040010001C221,TRUE
2026-08-04 09:12:34.120,WIR-SE-01-UL,1260627002010,12606270020003A121,TRUE
2026-08-04 09:14:48.330,LAM-BOP-02-UL,1260731051000,126073105100008065,TRUE
2026-08-04 09:14:48.349,LIN-OUTDEV-01-UL,1260617027000,126070306600001068,TRUE
2026-08-04 09:14:47.793,WIR-Pretreatment-01-UL,1260623098010,12606230980002B147,TRUE
2026-08-04 09:14:47.044,SMK-BRU-01-UL,1260709049020,126070904900001047,TRUE
2026-08-04 09:14:46.543,WIR-Decoatbake-01-L,1260707002000,126070700200049051,TRUE
2026-08-04 09:14:45.960,ELC-INS-01-UL,1260703072000,126070307200001018,TRUE
2026-08-04 09:14:43.981,LIN-INNLDI-01-L,1260801111000,126080111100002035,TRUE
2026-08-04 09:14:40.901,CPP-Patternplating-01-L,1260714001000,126071400100058054,TRUE
2026-08-04 09:14:40.564,LIN-INNDES-02-UL,,126080106600008023,TRUE
2026-08-04 09:14:40.536,AOI-RESAOI-01-UL,1260711114000,126071111400001032,TRUE
2026-08-04 09:14:40.031,LIN-INNDES-01-L,,126080108700002015,TRUE
2026-08-04 09:14:39.964,CPP-Patternplating-01-UL,1260711011000,126071100800400021,TRUE
2026-08-04 09:14:38.140,AOI-PEP-01-UL,1260801054000,126080105400008059,TRUE
2026-08-04 09:14:37.278,FVI-OSP-01-UL,1260616024000,12606160240000102201,TRUE
2026-08-04 09:14:39.359,AOI-PEP-01-L,1260801054000,126080105400008057,TRUE
2026-08-04 09:14:36.377,ELC-TRE-01-UL,1260725010000,Error_202608041614363771,FALSE
2026-08-04 09:14:36.240,ELC-INS-01-L,1260703072000,126070307200001063,TRUE
2026-08-04 09:14:33.574,LIN-INNTRE-02-UL-2,,126080107500002072,TRUE
2026-08-04 09:14:31.911,AOI-RESAOI-01-L,1260711114000,126071111400001059,TRUE
2026-08-04 09:14:33.470,SMK-BRU-02-UL,1260715036020,126071503600001073,TRUE
2026-08-04 09:14:31.167,LIN-INNTRE-02-UL-1,,126080107500002077,TRUE
2026-08-04 09:14:30.896,LIN-OUTDEV-01-L,1260703066000,126070306600001037,TRUE
2026-08-04 09:14:28.651,CPP-Horizontalplating-01-L,1260721077000,126072501300400097,TRUE
2026-08-04 09:14:28.532,SDM-DI-01-UL,,12606040010001C221,TRUE
2026-08-04 09:14:26.765,ROU-RIN-01-UL,,Error_202608041614267659,FALSE
2026-08-04 09:14:27.764,LAM-BOP-02-L,1260731051000,126073103900008048,TRUE
2026-08-04 09:14:25.557,WIR-Vdevelop-01-UL,1260716011010,"126071601100058149,BD",TRUE
2026-08-04 09:14:24.729,WIR-LDI-01-UL,,12606190020002B158,TRUE
2026-08-04 09:13:23.446,ELC-TRE-01-L,1260725010000,Error_202608041613234469,FALSE
2026-08-04 09:12:34.120,WIR-SE-01-UL,1260627002010,12606270020003A121,TRUE
2026-08-04 09:08:51.619,SMK-BRU-02-L,1260715036020,126071503600001001,TRUE
2026-08-04 09:15:03.744,SMK-BRU-02-UL,1260715036020,126071503600001080,TRUE
2026-08-04 09:15:03.115,AOI-RESAOI-01-UL,1260711114000,126071111400001029,TRUE
2026-08-04 09:15:02.223,AOI-PEP-01-UL,1260801054000,126080105400008057,TRUE
2026-08-04 09:15:02.037,AOI-PEP-01-L,1260801054000,126080105400008055,TRUE
2026-08-04 09:15:01.326,FVI-OSP-01-UL,1260616024000,12606160240000101301,TRUE
2026-08-04 09:15:00.232,WIR-Vdevelop-01-UL,1260716011010,"126071601100058148,BD",TRUE
2026-08-04 09:14:59.722,LAM-BOP-02-UL,1260731051000,126073105100008064,TRUE
2026-08-04 09:14:58.624,LIN-INNLDI-01-L,1260801111000,126080111100002033,TRUE
2026-08-04 09:14:57.398,ELC-INS-01-L,1260703072000,126070307200001054,TRUE
2026-08-04 09:14:57.028,WIR-Pretreatment-01-L,1260611097000,12606110970001C064,TRUE
2026-08-04 09:14:56.343,LIN-INNTRE-02-UL-2,,126080107500002074,TRUE
2026-08-04 09:14:56.825,WIR-Vdevelop-01-L,1260716011010,126071601100058176,TRUE
2026-08-04 09:14:54.771,AOI-RESAOI-01-L,1260711114000,126071111400001030,TRUE
2026-08-04 09:14:54.549,LIN-INNDES-02-UL,,126080106600008022,TRUE
2026-08-04 09:14:54.300,LIN-INNDES-01-L,,126080108700002014,TRUE
2026-08-04 09:14:53.246,WIR-LDI-01-UL,,12606190020002B159,TRUE
2026-08-04 09:14:50.599,LIN-OUTDEV-01-L,1260703066000,126070306600001076,TRUE
2026-08-04 09:14:50.576,LIN-INNTRE-02-UL-1,,126080107500002079,TRUE
2026-08-04 09:14:49.591,SMK-BRU-01-L,1260709049020,126070904900001056,TRUE
2026-08-04 09:14:48.897,ELC-RED-01-UL,1260716053020,126071605300001050,TRUE
2026-08-04 09:09:53.313,ELC-RED-01-L,1260709037040,126070903700010062,TRUE
2026-08-04 09:15:12.919,SMK-BRU-01-UL,1260709049020,126070904900001005,TRUE
2026-08-04 09:15:12.801,AOI-PEP-01-L,1260801054000,126080105400008054,TRUE
2026-08-04 09:15:10.692,LIN-OUTVAP-01-UL,,12606130040001C114,TRUE
2026-08-04 09:15:10.566,LAM-BOP-02-UL,1260731051000,126073105100008063,TRUE
2026-08-04 09:15:10.333,LIN-OUTDEV-01-L,1260703066000,126070306600001078,TRUE
2026-08-04 09:15:09.114,LIN-INNDES-02-UL,,126080106600008021,TRUE
2026-08-04 09:15:08.982,WIR-Pretreatment-01-UL,1260623098010,12606230980002B146,TRUE
2026-08-04 09:15:08.779,LIN-INNLDI-01-L,1260801111000,126080111100002041,TRUE
2026-08-04 09:15:08.769,LIN-INNDES-01-L,,126080108700002013,TRUE
2026-08-04 09:15:07.552,LIN-OUTDEV-01-UL,1260617027000,126070306600001017,TRUE
2026-08-04 09:15:05.008,ELC-INS-01-UL,1260703072000,126070307200001037,TRUE
2026-08-04 09:15:34.488,AOI-PEP-01-UL,1260801054000,126080105400008054,TRUE
2026-08-04 09:15:33.953,LIN-INNLDI-01-L,1260801111000,126080111100002029,TRUE
2026-08-04 09:15:32.941,LAM-BOP-02-UL,1260731051000,126073105100008061,TRUE
2026-08-04 09:15:31.240,LIN-OUTDEV-01-UL,1260617027000,126070306600001060,TRUE
2026-08-04 09:15:33.139,WIR-Vdevelop-01-L,1260716011010,126071601100058172,TRUE
2026-08-04 09:15:29.874,WIR-Pretreatment-01-UL,1260623098010,12606230980002B145,TRUE
2026-08-04 09:15:30.311,LIN-INNDES-02-L,,126080106600008076,TRUE
2026-08-04 09:15:29.802,LIN-OUTDEV-01-L,1260703066000,126070306600001012,TRUE
2026-08-04 09:15:26.224,AOI-RESAOI-01-UL,1260711114000,126071111400001059,TRUE
2026-08-04 09:15:25.515,FVI-OSP-01-UL,1260616024000,12606160240000107601,TRUE
2026-08-04 09:15:24.785,LIN-INNDES-01-L,,126080108700002012,TRUE
2026-08-04 09:15:24.004,AOI-PEP-01-L,1260801054000,126080105400008053,TRUE
2026-08-04 09:15:26.473,LAM-BOP-02-L,1260731052000,126073105200010004,TRUE
2026-08-04 09:15:23.967,LIN-INNDES-02-UL,,126080106600008057,TRUE
2026-08-04 09:15:23.217,WIR-Decoatbake-01-L,1260707002000,126070700200049024,TRUE
2026-08-04 09:15:22.526,ELC-RED-01-UL,1260716053020,126071605300001077,TRUE
2026-08-04 09:15:22.135,ELC-INS-01-UL,1260703072000,126070307200001008,TRUE
2026-08-04 09:15:21.308,ELC-TRE-01-L,1260725010000,Error_202608041615213088,FALSE
2026-08-04 09:15:21.182,WIR-SE-01-UL,1260627002010,12606201600002B032,TRUE
2026-08-04 09:15:18.354,WIR-SE-01-L,1260620160000,12606201600002B002,TRUE
2026-08-04 09:15:17.087,ELC-INS-01-L,1260703072000,126070307200001025,TRUE
2026-08-04 09:15:17.787,AOI-RESAOI-01-L,1260711114000,126071111400001010,TRUE
2026-08-04 09:15:19.594,LIN-INNTRE-02-UL-2,,126080107500002076,TRUE
2026-08-04 09:15:15.434,SMK-BRU-01-L,1260709049020,126070904900001073,TRUE
2026-08-04 09:09:53.313,ELC-RED-01-L,1260709037040,126070903700010062,TRUE
2026-08-04 09:15:55.535,LAM-BOP-02-UL,1260731051000,126073105100008059,TRUE
2026-08-04 09:15:54.810,ELC-INS-01-L,1260703072000,126070307200001022,TRUE
2026-08-04 09:15:53.831,LIN-INNLDI-01-L,1260801111000,126080111100002027,TRUE
2026-08-04 09:15:52.551,LIN-INNDES-01-L,,126080108700002010,TRUE
2026-08-04 09:15:50.922,WIR-Pretreatment-01-UL,1260623098010,12606230980002B144,TRUE
2026-08-04 09:15:49.333,LIN-OUTDEV-01-L,1260703066000,126070306600001009,TRUE
2026-08-04 09:15:49.099,AOI-RESAOI-01-UL,1260711114000,126071111400001030,TRUE
2026-08-04 09:15:49.080,FVI-OSP-01-UL,1260616024000,12606160240000106501,TRUE
2026-08-04 09:15:48.238,LAM-BOP-02-L,1260731052000,126073105200010009,TRUE
2026-08-04 09:15:46.527,WIR-SE-01-UL,1260627002010,12606201600002B044,TRUE
2026-08-04 09:15:46.348,AOI-PEP-01-L,1260801054000,126080105400008051,TRUE
2026-08-04 09:15:45.754,AOI-PEP-01-UL,1260801054000,126080105400008053,TRUE
2026-08-04 09:15:45.136,WIR-SE-01-L,1260620160000,12606201600002B001,TRUE
2026-08-04 09:15:44.827,LIN-INNDES-02-L,,126080106600008075,TRUE
2026-08-04 09:15:44.531,LIN-INNTRE-01-UL,1260803004000,126080300400008001,TRUE
2026-08-04 09:15:44.684,ELC-INS-01-UL,1260703072000,126070307200001063,TRUE
2026-08-04 09:15:42.514,SMK-BRU-01-L,1260709049020,126070904900001063,TRUE
2026-08-04 09:15:42.482,ELC-TRE-01-L,1260725010000,Error_202608041615424822,FALSE
2026-08-04 09:15:40.849,AOI-RESAOI-01-L,1260711114000,126071111400001025,TRUE
2026-08-04 09:15:36.271,SDM-DI-01-UL,,12606040010001C209,TRUE
2026-08-04 09:15:35.756,ROU-RIN-01-UL,,Error_202608041615357566,FALSE
2026-08-04 09:15:35.124,WIR-Vdevelop-01-UL,1260716011010,"126071601100058147,BB",TRUE
2026-08-04 09:15:34.544,SMK-BRU-02-UL,1260715036020,126071503600001054,TRUE
2026-08-04 09:15:35.686,WIR-Pretreatment-01-L,1260611097000,12606110970001C067,TRUE
2026-08-04 09:15:34.514,CPP-Patternplating-01-L,1260714001000,126071400100058055,TRUE
2026-08-04 09:15:38.202,LIN-INNDES-02-UL,,126080106600008056,TRUE
2026-08-04 09:15:31.240,LIN-OUTDEV-01-UL,1260617027000,126070306600001060,TRUE
2026-08-04 09:08:51.619,SMK-BRU-02-L,1260715036020,126071503600001001,TRUE
2026-08-04 09:16:13.316,FVI-OSP-01-UL,1260616024000,12606160240000104501,TRUE
2026-08-04 09:16:12.723,LAM-BOP-02-L,1260731052000,126073105200010005,TRUE
2026-08-04 09:16:12.052,AOI-RESAOI-01-UL,1260711114000,126071111400001010,TRUE
2026-08-04 09:16:11.733,WIR-SE-01-L,1260620160000,12606201600002B004,TRUE
2026-08-04 09:16:11.283,WIR-Pretreatment-01-UL,1260623098010,12606230980002B143,TRUE
2026-08-04 09:16:09.720,WIR-Vdevelop-01-UL,1260716011010,"126071601100058146,BD",TRUE
2026-08-04 09:16:08.958,LIN-OUTDEV-01-L,1260703066000,126070306600001008,TRUE
2026-08-04 09:16:08.814,WIR-Vdevelop-01-L,1260716011010,126071601100058124,TRUE
2026-08-04 09:16:08.504,AOI-PEP-01-L,1260801054000,126080105400008049,TRUE
2026-08-04 09:16:08.540,ROU-RIN-01-UL,,Error_202608041616085407,FALSE
2026-08-04 09:16:08.483,SMK-BRU-01-L,1260709049020,126070904900001076,TRUE
2026-08-04 09:16:08.129,LIN-INNLDI-01-L,1260801111000,126080111100002025,TRUE
2026-08-04 09:16:07.239,LIN-INNDES-01-L,,126080108700002009,TRUE
2026-08-04 09:16:07.503,LIN-INNTRE-02-UL-2,,126080107500002078,TRUE
2026-08-04 09:16:06.500,LIN-INNDES-02-UL,,126080106600008054,TRUE
2026-08-04 09:16:05.093,ELC-INS-01-UL,1260703072000,126070307200001054,TRUE
2026-08-04 09:16:08.067,AOI-PEP-01-UL,1260801054000,126080105400008051,TRUE
2026-08-04 09:16:04.311,SMK-BRU-01-UL,1260709049020,126070904900001038,TRUE
2026-08-04 09:16:06.395,LAM-BOP-02-UL,1260731051000,126073105100008058,TRUE
2026-08-04 09:16:04.171,SMK-BRU-02-UL,1260715036020,126071503600001014,TRUE
2026-08-04 09:16:03.719,WIR-Decoatbake-01-L,1260707002000,126070700200049009,TRUE
2026-08-04 09:16:03.568,AOI-RESAOI-01-L,1260711114000,126071111400001016,TRUE
2026-08-04 09:16:00.656,LIN-INNTRE-01-UL,1260803004000,126080300400008002,TRUE
2026-08-04 09:16:02.749,ELC-TRE-01-L,1260725010000,Error_202608041616027491,FALSE
2026-08-04 09:16:00.578,ELC-RED-01-UL,1260716053020,126071605300001016,TRUE
2026-08-04 02:52:28.688,SMK-DIX-01-L,1260710031000,126071003100001023,TRUE
2026-08-04 09:16:37.539,FVI-OSP-01-UL,1260616024000,12606160240000105001,TRUE
2026-08-04 09:16:36.893,LIN-INNTRE-01-UL,1260803004000,126080300400008004,TRUE
2026-08-04 09:16:36.879,LAM-BOP-02-L,1260731052000,126073105200010001,TRUE
2026-08-04 09:16:35.329,ELC-INS-01-L,1260703072000,126070307200001046,TRUE
2026-08-04 09:16:35.209,AOI-RESAOI-01-UL,1260711114000,126071111400001025,TRUE
2026-08-04 09:16:36.817,LIN-INNDES-01-L,,126080108700002007,TRUE
2026-08-04 09:16:34.642,ELC-RED-01-UL,1260716053020,126071605300001066,TRUE
2026-08-04 09:16:34.095,SMK-BRU-01-L,1260709049020,126070904900001025,TRUE
2026-08-04 09:16:34.523,LIN-INNLDI-01-L,1260801111000,126080111100002031,TRUE
2026-08-04 09:16:33.048,SMK-BRU-02-UL,1260715036020,126071503600001074,TRUE
2026-08-04 09:16:33.173,ELC-TRE-01-UL,1260725010000,Error_202608041616331733,FALSE
2026-08-04 09:16:30.942,AOI-PEP-01-L,1260801054000,126080105400008047,TRUE
2026-08-04 09:16:30.582,AOI-PEP-01-UL,1260801054000,126080105400008049,TRUE
2026-08-04 09:16:30.845,SMK-BRU-01-UL,1260709049020,126070904900001050,TRUE
2026-08-04 09:16:28.661,LAM-BOP-02-UL,1260731051000,126073105100008014,TRUE
2026-08-04 09:16:28.819,LIN-OUTDEV-01-L,1260703066000,126070306600001046,TRUE
2026-08-04 09:16:28.580,CPP-Patternplating-01-L,1260714001000,126071400100058053,TRUE
2026-08-04 09:16:26.788,AOI-RESAOI-01-L,1260711114000,126071111400001023,TRUE
2026-08-04 09:16:26.752,WIR-Pretreatment-01-UL,1260623098010,12606230980002B142,TRUE
2026-08-04 09:16:14.142,WIR-Pretreatment-01-L,1260611097000,12606110970001C069,TRUE
2026-08-04 09:16:23.188,ELC-INS-01-UL,1260703072000,126070307200001025,TRUE
2026-08-04 09:15:46.527,WIR-SE-01-UL,1260627002010,12606201600002B044,TRUE
2026-08-04 09:15:44.827,LIN-INNDES-02-L,,126080106600008075,TRUE
2026-08-04 09:10:07.848,WIR-LDI-01-L,,12606190020002B162,TRUE
2026-08-04 09:16:52.820,AOI-PEP-01-UL,1260801054000,126080105400008047,TRUE
2026-08-04 09:16:52.299,LIN-INNLDI-01-L,1260801111000,126080111100002029,TRUE
2026-08-04 09:16:52.221,WIR-Pretreatment-01-L,1260611097000,12606110970001C071,TRUE
2026-08-04 09:16:51.304,LIN-INNDES-01-L,,126080108700002006,TRUE
2026-08-04 09:16:50.659,ELC-RED-01-L,1260709037000,126070903700010079,TRUE
2026-08-04 09:16:49.820,AOI-RESAOI-01-L,1260711114000,126071111400001052,TRUE
2026-08-04 09:16:49.069,LAM-BOP-02-L,1260731052000,126073105200010080,TRUE
2026-08-04 09:16:48.367,LIN-OUTDEV-01-L,1260703066000,126070306600001077,TRUE
2026-08-04 09:16:47.378,LIN-INNDES-02-UL,,126080106600008052,TRUE
2026-08-04 09:16:45.049,WIR-Vdevelop-01-UL,1260716011010,"126071601100058145,BD",TRUE
2026-08-04 09:16:44.439,WIR-Vdevelop-01-L,1260716011010,126071601100058123,TRUE
2026-08-04 09:16:43.017,WIR-Pretreatment-01-UL,1260623098010,12606230980002B141,TRUE
2026-08-04 09:16:42.315,ELC-INS-01-UL,1260703072000,126070307200001036,TRUE
2026-08-04 09:16:41.942,AOI-PEP-01-L,1260801054000,126080105400008046,TRUE
2026-08-04 09:16:40.127,WIR-Decoatbake-01-L,1260707002000,126070700200049032,TRUE
2026-08-04 09:15:44.827,LIN-INNDES-02-L,,126080106600008075,TRUE
2026-08-04 09:15:46.527,WIR-SE-01-UL,1260627002010,12606201600002B044,TRUE
2026-08-04 02:52:28.688,SMK-DIX-01-L,1260710031000,126071003100001023,TRUE
2026-08-04 09:17:05.684,AOI-PEP-01-L,1260801054000,126080105400008044,TRUE
2026-08-04 09:17:05.996,LIN-INNDES-01-L,,126080108700002005,TRUE
2026-08-04 09:17:03.493,AOI-PEP-01-UL,1260801054000,126080105400008046,TRUE
2026-08-04 09:17:03.237,LIN-INNLDI-01-L,1260801111000,126080111100002036,TRUE
2026-08-04 09:17:02.364,ELC-INS-01-UL,1260703072000,126070307200001022,TRUE
2026-08-04 09:17:02.082,LIN-INNDES-02-UL,,126080106600008051,TRUE
2026-08-04 09:17:01.268,FVI-OSP-01-UL,1260616024000,12606160240000107701,TRUE
2026-08-04 09:17:01.504,SMK-BRU-02-UL,1260715036020,126071503600001059,TRUE
2026-08-04 09:17:01.102,LAM-BOP-02-L,1260731052000,126073105200010078,TRUE
2026-08-04 09:17:00.600,SMK-BRU-01-L,1260709049020,126070904900001071,TRUE
2026-08-04 09:17:00.394,LIN-INNDES-02-L,,126080106600008073,TRUE
2026-08-04 09:16:58.333,SMK-BRU-01-UL,1260709049020,126070904900001013,TRUE
2026-08-04 09:16:58.070,AOI-RESAOI-01-UL,1260711114000,126071111400001016,TRUE
2026-08-04 09:16:57.050,LIN-INNTRE-01-UL,1260803004000,126080300400008005,TRUE
2026-08-04 09:16:57.285,LIN-OUTVAP-01-UL,,12606130040001C076,TRUE
2026-08-04 09:16:55.690,ELC-INS-01-L,1260703072000,126070307200001061,TRUE
2026-08-04 09:16:54.003,ELC-TRE-01-UL,1260725010000,Error_202608041616540035,FALSE
2026-08-04 09:16:07.503,LIN-INNTRE-02-UL-2,,126080107500002078,TRUE
2026-08-04 09:16:02.749,ELC-TRE-01-L,1260725010000,Error_202608041616027491,FALSE
2026-08-04 09:17:23.694,SMK-BRU-01-UL,1260709049020,126070904900001045,TRUE
2026-08-04 09:17:22.112,CPP-Patternplating-01-L,1260714001000,126071400100058007,TRUE
2026-08-04 09:17:22.444,ELC-INS-01-UL,1260703072000,126070307200001023,TRUE
2026-08-04 09:17:21.323,AOI-RESAOI-01-UL,1260711114000,126071111400001023,TRUE
2026-08-04 09:17:20.921,LIN-INNDES-01-L,,126080108700002004,TRUE
2026-08-04 09:17:17.599,LIN-INNLDI-01-L,1260801111000,126080111100002034,TRUE
2026-08-04 09:17:17.409,WIR-Decoatbake-01-L,1260707002000,126070700200049017,TRUE
2026-08-04 09:17:20.315,WIR-Vdevelop-01-L,1260716011010,126071601100058122,TRUE
2026-08-04 09:17:16.333,LIN-INNDES-02-UL,,126080106600008050,TRUE
2026-08-04 09:17:15.347,LIN-INNTRE-01-UL,1260803004000,126080300400008006,TRUE
2026-08-04 09:17:16.253,WIR-SE-01-L,1260620160000,12606201600002B054,TRUE
2026-08-04 09:17:15.341,AOI-PEP-01-L,1260801054000,126080105400008043,TRUE
2026-08-04 09:17:20.315,WIR-Vdevelop-01-UL,1260716011010,"126071601100058144,BD",TRUE
2026-08-04 09:17:15.145,LIN-INNDES-02-L,,126080106600008072,TRUE
2026-08-04 09:17:14.662,ELC-INS-01-L,1260703072000,126070307200001015,TRUE
2026-08-04 09:17:13.951,AOI-PEP-01-UL,1260801054000,126080105400008045,TRUE
2026-08-04 09:17:13.119,AOI-RESAOI-01-L,1260711114000,126071111400001013,TRUE
2026-08-04 09:17:13.091,LAM-BOP-02-L,1260731052000,126073105200010076,TRUE
2026-08-04 09:17:12.512,SDM-DI-01-UL,,12606040010001C203,TRUE
2026-08-04 09:17:10.100,ELC-RED-01-UL,1260716053020,126071605300001038,TRUE
2026-08-04 09:17:09.081,WIR-Pretreatment-01-UL,1260623098010,12606230980002B140,TRUE
2026-08-04 09:17:08.055,LIN-OUTDEV-01-L,1260703066000,126070306600001052,TRUE
2026-08-04 09:17:10.631,ELC-RED-01-L,1260709037000,126070903700010049,TRUE
2026-08-04 09:04:32.600,LSR-Debrowning-01-L,1260626079010,12606260790002B121,TRUE
2026-08-04 09:17:44.570,ELC-RED-01-L,1260709037000,126070903700010040,TRUE
2026-08-04 09:17:44.445,LIN-INNLDI-01-L,1260801111000,126080111100002040,TRUE
2026-08-04 09:17:44.386,AOI-RESAOI-01-UL,1260711114000,126071111400001052,TRUE
2026-08-04 09:17:44.006,LIN-INNDES-02-L,,126080106600008070,TRUE
2026-08-04 09:17:42.945,ELC-INS-01-UL,1260703072000,126070307200001046,TRUE
2026-08-04 09:17:42.302,WIR-SE-01-L,1260620160000,12606201600002B007,TRUE
2026-08-04 09:17:38.169,ROU-RIN-01-UL,,Error_202608041617381696,FALSE
2026-08-04 09:17:37.807,LIN-OUTDEV-01-UL,1260703066000,126070306600001033,TRUE
2026-08-04 09:17:37.533,AOI-PEP-01-L,1260801054000,126080105400008041,TRUE
2026-08-04 09:17:37.127,LAM-BOP-02-UL,1260731051000,126073105100008012,TRUE
2026-08-04 09:17:37.111,AOI-PEP-01-UL,1260801054000,126080105400008043,TRUE
2026-08-04 09:17:36.073,AOI-RESAOI-01-L,1260711114000,126071111400001051,TRUE
2026-08-04 09:17:35.283,LIN-INNDES-01-L,,126080108700002003,TRUE
2026-08-04 09:17:31.787,SMK-BRU-02-UL,1260715036020,126071503600001010,TRUE
2026-08-04 09:17:35.383,ELC-INS-01-L,1260703072000,126070307200001011,TRUE
2026-08-04 09:17:31.663,LIN-INNTRE-01-UL,1260803004000,126080300400008007,TRUE
2026-08-04 09:17:30.833,LIN-INNDES-02-UL,,126080106600008049,TRUE
2026-08-04 09:17:30.772,ELC-TRE-01-UL,1260725010000,Error_202608041617307722,FALSE
2026-08-04 09:17:30.270,WIR-Decoatbake-01-UL,1260710001000,126071000100049009,TRUE
2026-08-04 09:17:30.692,WIR-Pretreatment-01-L,1260611097000,12606110970001C070,TRUE
2026-08-04 09:17:27.839,LIN-OUTDEV-01-L,1260703066000,126070306600001054,TRUE
2026-08-04 09:17:25.834,SMK-BRU-01-L,1260709049020,126070904900001030,TRUE
2026-08-04 09:17:20.315,WIR-Vdevelop-01-UL,1260716011010,"126071601100058144,BD",TRUE
2026-08-04 09:17:24.874,LAM-BOP-02-L,1260731052000,126073105200010074,TRUE
2026-08-04 09:17:25.333,FVI-OSP-01-UL,1260616024000,12606160240000105901,TRUE
2026-08-04 02:52:28.688,SMK-DIX-01-L,1260710031000,126071003100001023,TRUE
2026-08-04 09:18:04.601,LIN-INNDES-01-L,,126080108700002001,TRUE
2026-08-04 09:18:03.543,LIN-OUTDEV-01-UL,1260703066000,126070306600001075,TRUE
2026-08-04 09:18:03.101,LIN-INNLDI-01-L,1260801111000,126080111100002038,TRUE
2026-08-04 09:18:01.352,ELC-INS-01-UL,1260703072000,126070307200001061,TRUE
2026-08-04 09:18:00.099,AOI-PEP-01-L,1260801054000,126080105400008039,TRUE
2026-08-04 09:18:00.021,LAM-BOP-02-UL,1260731051000,126073105100008010,TRUE
2026-08-04 09:17:59.695,LIN-INNDES-02-UL,,126080106600008047,TRUE
2026-08-04 09:17:59.027,AOI-RESAOI-01-L,1260711114000,126071111400001045,TRUE
2026-08-04 09:17:56.022,WIR-Vdevelop-01-UL,1260716011010,"126071601100058143,BD",TRUE
2026-08-04 09:17:58.786,AOI-PEP-01-UL,1260801054000,126080105400008041,TRUE
2026-08-04 09:17:56.147,WIR-Vdevelop-01-L,1260716011010,126071601100058121,TRUE
2026-08-04 09:17:54.460,WIR-Decoatbake-01-L,1260707002000,126070700200049012,TRUE
2026-08-04 09:17:54.601,ELC-INS-01-L,1260703072000,126070307200001005,TRUE
2026-08-04 09:17:52.631,SMK-BRU-01-L,1260709049020,126070904900001058,TRUE
2026-08-04 09:17:54.268,LAM-BOP-02-L,1260731052000,126073105200010072,TRUE
2026-08-04 09:17:48.945,FVI-OSP-01-UL,1260616024000,12606160240000105701,TRUE
2026-08-04 09:17:48.867,ELC-TRE-01-L,1260725010000,Error_202608041617488673,FALSE
2026-08-04 09:17:47.678,SMK-BRU-01-UL,1260709049020,126070904900001035,TRUE
2026-08-04 09:17:47.179,ELC-RED-01-UL,1260716053020,126071605300001055,TRUE
2026-08-04 09:17:47.042,LIN-OUTDEV-01-L,1260703066000,126070306600001045,TRUE
2026-08-04 09:17:51.836,LIN-INNTRE-01-UL,1260803004000,126080300400008008,TRUE
2026-08-04 09:17:46.395,WIR-Pretreatment-01-UL,1260623098010,12606230980002B139,TRUE
2026-08-04 02:52:28.688,SMK-DIX-01-L,1260710031000,126071003100001023,TRUE
2026-08-04 09:18:19.579,ELC-RED-01-L,1260709037000,126070903700010031,TRUE
2026-08-04 09:18:18.384,SMK-BRU-01-L,1260709049020,126070904900001037,TRUE
2026-08-04 09:18:18.851,LAM-BOP-02-L,1260731052000,126073105200010066,TRUE
2026-08-04 09:18:16.055,SMK-BRU-01-UL,1260709049020,126070904900001041,TRUE
2026-08-04 09:18:15.805,CPP-Patternplating-01-L,1260714001000,126071400100058008,TRUE
2026-08-04 09:18:15.070,LIN-INNLDI-01-L,1260801111000,126080111100002028,TRUE
2026-08-04 09:18:14.453,ELC-INS-01-L,1260703072000,126070307200001007,TRUE
2026-08-04 09:18:12.710,FVI-OSP-01-UL,1260616024000,12606160240000101401,TRUE
2026-08-04 09:18:11.180,AOI-PEP-01-UL,1260801054000,126080105400008040,TRUE
2026-08-04 09:18:11.023,LAM-BOP-02-UL,1260731051000,126073105100008009,TRUE
2026-08-04 09:18:10.870,LIN-INNTRE-01-UL,1260803004000,126080300400008009,TRUE
2026-08-04 09:18:10.586,AOI-PEP-01-L,1260801054000,126080105400008038,TRUE
2026-08-04 09:18:09.226,WIR-Pretreatment-01-L,1260611097000,12606110970001C072,TRUE
2026-08-04 09:18:09.167,ELC-TRE-01-L,1260725010000,Error_202608041618091676,FALSE
2026-08-04 09:18:09.076,WIR-SE-01-L,1260620160000,12606201600002B009,TRUE
2026-08-04 09:18:07.527,AOI-RESAOI-01-UL,1260711114000,126071111400001013,TRUE
2026-08-04 09:18:14.806,LIN-INNDES-02-UL,,126080106600008046,TRUE
2026-08-04 09:18:15.258,WIR-Decoatbake-01-UL,1260710001000,126071000100049051,TRUE
2026-08-04 09:18:07.308,LIN-OUTDEV-01-L,1260703066000,126070306600001023,TRUE
2026-08-04 09:18:31.805,WIR-Vdevelop-01-L,1260716011010,126071601100058174,TRUE
2026-08-04 09:18:31.134,LAM-BOP-02-L,1260731052000,126073105200010064,TRUE
2026-08-04 09:18:30.200,AOI-RESAOI-01-UL,1260711114000,126071111400001051,TRUE
2026-08-04 09:18:30.054,LIN-INNLDI-01-L,1260801111000,126080111100002026,TRUE
2026-08-04 09:18:29.574,ELC-TRE-01-L,1260725010000,Error_202608041618295745,FALSE
2026-08-04 09:18:28.867,WIR-LDI-01-L,,12606190020002B163,TRUE
2026-08-04 09:18:28.853,LIN-INNDES-02-UL,,126080106600008045,TRUE
2026-08-04 09:18:27.903,LIN-OUTDEV-01-UL,1260703066000,126070306600001044,TRUE
2026-08-04 09:18:27.137,LIN-INNTRE-01-UL,1260803004000,126080300400008010,TRUE
2026-08-04 09:18:27.259,LIN-OUTVAP-01-UL,,Error_202608041618272599,FALSE
2026-08-04 09:18:26.684,LIN-OUTDEV-01-L,1260703066000,126070306600001002,TRUE
2026-08-04 09:18:24.398,WIR-Pretreatment-01-UL,1260623098010,12606230980002B137,TRUE
2026-08-04 09:18:23.117,AOI-PEP-01-L,1260801054000,126080105400008037,TRUE
2026-08-04 09:18:22.876,ELC-INS-01-UL,1260703072000,126070307200001015,TRUE
2026-08-04 09:18:22.226,LAM-BOP-02-UL,1260731051000,126073105100008008,TRUE
2026-08-04 09:18:22.215,AOI-RESAOI-01-L,1260711114000,126071111400001019,TRUE
2026-08-04 09:18:21.476,AOI-PEP-01-UL,1260801054000,126080105400008039,TRUE
2026-08-04 09:18:20.501,ELC-RED-01-UL,1260716053020,126071605300001032,TRUE
2026-08-04 09:18:47.570,WIR-Pretreatment-01-L,1260611097000,12606110970001C086,TRUE
2026-08-04 09:18:47.184,LIN-INNTRE-01-UL,1260803004000,126080300400008011,TRUE
2026-08-04 09:18:47.091,AOI-RESAOI-01-L,1260711114000,126071111400001057,TRUE
2026-08-04 09:18:46.623,LIN-OUTDEV-01-L,1260703066000,126070306600001027,TRUE
2026-08-04 09:18:44.697,LAM-BOP-02-UL,1260731051000,126073105100008006,TRUE
2026-08-04 09:18:44.914,WIR-LDI-01-L,,12606190020002B164,TRUE
2026-08-04 09:18:44.402,SMK-BRU-01-L,1260709049020,126070904900001049,TRUE
2026-08-04 09:18:44.293,SMK-BRU-01-UL,1260709049020,126070904900001055,TRUE
2026-08-04 09:18:44.228,AOI-PEP-01-L,1260801054000,126080105400008035,TRUE
2026-08-04 09:18:43.400,AOI-PEP-01-UL,1260801054000,126080105400008037,TRUE
2026-08-04 09:18:43.213,LIN-INNDES-02-UL,,126080106600008044,TRUE
2026-08-04 09:18:43.182,LAM-BOP-02-L,1260731052000,126073105200010062,TRUE
2026-08-04 09:18:42.682,LIN-INNLDI-01-L,1260801111000,126080111100002034,TRUE
2026-08-04 09:18:42.533,SDM-DI-01-UL,,12606040010001C205,TRUE
2026-08-04 09:18:42.267,ELC-INS-01-UL,1260703072000,126070307200001011,TRUE
2026-08-04 09:18:35.672,WIR-SE-01-L,1260620160000,12606201600002B003,TRUE
2026-08-04 09:18:34.829,ELC-INS-01-L,1260703072000,126070307200001026,TRUE
2026-08-04 09:18:32.539,WIR-Vdevelop-01-UL,1260716011010,"126071601100058142,BD",TRUE
2026-08-04 09:18:31.898,WIR-Decoatbake-01-L,1260707002000,126070700200049028,TRUE
2026-08-04 09:19:12.279,ELC-TRE-01-UL,1260725010000,Error_202608041619122798,FALSE
2026-08-04 09:19:12.199,LIN-INNDES-02-UL,,126080106600008042,TRUE
2026-08-04 09:19:11.555,WIR-LDI-01-L,,12606190020002B165,TRUE
2026-08-04 09:19:11.309,SMK-BRU-01-L,1260709049020,126070904900001006,TRUE
2026-08-04 09:19:09.930,WIR-Vdevelop-01-UL,1260716011010,"126071601100058175,BB",TRUE
2026-08-04 09:19:09.648,CPP-Patternplating-01-L,1260714001000,126071400100058009,TRUE
2026-08-04 09:19:08.493,WIR-Decoatbake-01-L,1260707002000,126070700200049025,TRUE
2026-08-04 09:19:08.327,AOI-RESAOI-01-L,1260711114000,126071111400001080,TRUE
2026-08-04 09:19:07.222,LAM-BOP-02-L,1260731052000,126073105200010058,TRUE
2026-08-04 09:19:07.633,WIR-Vdevelop-01-L,1260716011010,126071601100058129,TRUE
2026-08-04 09:19:06.873,LIN-OUTDEV-01-UL,1260703066000,126070306600001031,TRUE
2026-08-04 09:19:06.800,LAM-BOP-02-UL,1260731051000,126073105100008004,TRUE
2026-08-04 09:19:06.472,AOI-PEP-01-L,1260801054000,126080105400008033,TRUE
2026-08-04 09:19:06.170,LIN-OUTDEV-01-L,1260703066000,126070306600001073,TRUE
2026-08-04 09:19:05.574,SMK-BRU-01-UL,1260709049020,126070904900001011,TRUE
2026-08-04 09:19:05.503,AOI-PEP-01-UL,1260801054000,126080105400008035,TRUE
2026-08-04 09:19:05.404,LIN-INNLDI-01-L,1260801111000,126080111100002022,TRUE
2026-08-04 09:19:05.060,LIN-INNTRE-01-UL,1260803004000,126080300400008012,TRUE
2026-08-04 09:19:02.539,WIR-Pretreatment-01-UL,1260623098010,12606230980002B138,TRUE
2026-08-04 09:19:01.894,ELC-INS-01-UL,1260703072000,126070307200001005,TRUE
2026-08-04 09:19:02.515,WIR-SE-01-L,1260620160000,12606201600002B006,TRUE
2026-08-04 09:18:55.941,ELC-RED-01-L,1260709037000,126070903700010027,TRUE
2026-08-04 09:19:00.461,WIR-Decoatbake-01-UL,1260710001000,126071000100049042,TRUE
2026-08-04 09:18:55.128,ELC-RED-01-UL,1260716053020,126071605300001011,TRUE
2026-08-04 09:18:54.221,ELC-INS-01-L,1260703072000,126070307200001057,TRUE
2026-08-04 09:18:53.498,AOI-RESAOI-01-UL,1260711114000,126071111400001045,TRUE
2026-08-04 09:19:33.436,ELC-TRE-01-UL,1260725010000,Error_202608041619334361,FALSE
2026-08-04 09:19:35.288,SMK-BRU-01-UL,1260709049020,126070904900001068,TRUE
2026-08-04 09:19:31.858,FVI-OSP-01-UL,1260616024000,12606160240000105501,TRUE
2026-08-04 09:19:31.723,LAM-BOP-02-L,1260731052000,126073105200010054,TRUE
2026-08-04 09:19:31.592,LIN-INNLDI-01-L,1260801111000,126080111100002028,TRUE
2026-08-04 09:19:31.421,AOI-RESAOI-01-L,1260711114000,126071111400001028,TRUE
2026-08-04 09:19:30.052,ELC-RED-01-UL,1260716053020,126071605300001007,TRUE
2026-08-04 09:19:29.301,AOI-PEP-01-L,1260801054000,126080105400008031,TRUE
2026-08-04 09:19:29.630,ELC-RED-01-L,1260709037000,126070903700010020,TRUE
2026-08-04 09:19:29.142,WIR-SE-01-L,1260620160000,12606201600002B005,TRUE
2026-08-04 09:19:28.364,AOI-PEP-01-UL,1260801054000,126080105400008033,TRUE
2026-08-04 09:19:29.114,LAM-BOP-02-UL,1260731051000,126073105100008002,TRUE
2026-08-04 09:19:26.481,LIN-INNDES-02-L,,126080106600008068,TRUE
2026-08-04 09:19:26.101,WIR-Pretreatment-01-L,1260611097000,12606110970001C087,TRUE
2026-08-04 09:19:25.095,WIR-SE-01-UL,1260620160000,12606201600002B020,TRUE
2026-08-04 09:19:23.177,ELC-INS-01-UL,1260703072000,126070307200001007,TRUE
2026-08-04 09:19:23.046,LIN-INNTRE-01-UL,1260803004000,126080300400008013,TRUE
2026-08-04 09:19:16.639,AOI-RESAOI-01-UL,1260711114000,126071111400001019,TRUE
2026-08-04 09:19:17.108,SMK-BRU-02-UL,1260715036020,126071503600001077,TRUE
2026-08-04 09:19:11.309,SMK-BRU-01-L,1260709049020,126070904900001006,TRUE
2026-08-04 09:19:06.873,LIN-OUTDEV-01-UL,1260703066000,126070306600001031,TRUE
2026-08-04 09:18:29.574,ELC-TRE-01-L,1260725010000,Error_202608041618295745,FALSE
2026-08-04 09:19:49.809,ROU-RIN-01-UL,,Error_202608041619498092,FALSE
2026-08-04 09:19:50.801,AOI-PEP-01-UL,1260801054000,126080105400008031,TRUE
2026-08-04 09:19:51.223,AOI-PEP-01-L,1260801054000,126080105400008029,TRUE
2026-08-04 09:19:49.686,LIN-INNLDI-01-L,1260801111000,126080111100002026,TRUE
2026-08-04 09:19:48.061,LIN-OUTDEV-01-UL,1260703066000,126070306600001035,TRUE
2026-08-04 09:19:45.133,WIR-Vdevelop-01-UL,1260716011010,"126071601100058173,BD",TRUE
2026-08-04 09:19:45.398,WIR-Decoatbake-01-UL,1260710001000,126071000100049001,TRUE
2026-08-04 09:19:45.211,WIR-Decoatbake-01-L,1260707002000,126070700200049026,TRUE
2026-08-04 09:19:43.583,LAM-BOP-02-L,1260731052000,126073105200010052,TRUE
2026-08-04 09:19:43.461,WIR-Vdevelop-01-L,1260716011010,126071601100058128,TRUE
2026-08-04 09:19:42.975,ELC-INS-01-UL,1260703072000,126070307200001026,TRUE
2026-08-04 09:19:42.312,LIN-INNTRE-01-UL,1260803004000,126080300400008014,TRUE
2026-08-04 09:19:41.419,LIN-INNDES-02-L,,126080106600008069,TRUE
2026-08-04 09:19:41.273,WIR-Pretreatment-01-UL,1260623098010,12606230980002B135,TRUE
2026-08-04 09:19:40.020,LAM-BOP-02-UL,1260731051000,126073105100008001,TRUE
2026-08-04 09:19:39.983,AOI-RESAOI-01-UL,1260711114000,126071111400001057,TRUE
2026-08-04 09:19:38.940,LIN-INNTRE-02-UL-1,,126080300200004002,TRUE
2026-08-04 09:19:37.038,SMK-BRU-01-L,1260709049020,126070904900001016,TRUE
2026-08-04 09:19:38.148,WIR-LDI-01-L,,12606190020002B166,TRUE
2026-08-04 08:51:52.563,SDM-DI-01-L,,12606040010001C208,TRUE
2026-08-04 09:20:03.255,LIN-INNTRE-02-UL-1,,126080300200004004,TRUE
2026-08-04 09:20:03.090,CPP-Patternplating-01-L,1260714001000,126071400100058014,TRUE
2026-08-04 09:20:03.039,SMK-BRU-01-L,1260709049020,126070904900001020,TRUE
2026-08-04 09:20:02.973,AOI-PEP-01-UL,1260801054000,126080105400008030,TRUE
2026-08-04 09:20:02.755,AOI-PEP-01-L,1260801054000,126080105400008028,TRUE
2026-08-04 09:20:02.781,AOI-RESAOI-01-UL,1260711114000,126071111400001080,TRUE
2026-08-04 09:20:02.645,LAM-BOP-02-UL,1260731051000,126073105100008054,TRUE
2026-08-04 09:20:00.733,LIN-INNLDI-01-L,1260801111000,126080111100002016,TRUE
2026-08-04 09:19:59.835,SMK-BRU-01-UL,1260709049020,126070904900001027,TRUE
2026-08-04 09:19:58.781,LIN-INNTRE-01-UL,1260803004000,126080300400008015,TRUE
2026-08-04 09:19:56.389,FVI-OSP-01-UL,1260616024000,12606160240000102701,TRUE
2026-08-04 09:19:56.067,LAM-BOP-02-L,1260731052000,126073105200010050,TRUE
2026-08-04 09:19:56.045,LIN-INNDES-02-L,,126080106600008067,TRUE
2026-08-04 09:19:55.864,WIR-SE-01-L,1260620160000,12606201600002B016,TRUE
2026-08-04 09:19:54.561,AOI-RESAOI-01-L,1260711114000,126071111400001042,TRUE
2026-08-04 09:20:25.364,LAM-BOP-02-UL,1260731051000,126073105100008052,TRUE
2026-08-04 09:20:25.314,LIN-INNDES-02-L,,126080106600008065,TRUE
2026-08-04 09:20:25.270,AOI-PEP-01-L,1260801054000,126080105400008026,TRUE
2026-08-04 09:20:24.885,SMK-BRU-01-UL,1260709049020,126070904900001060,TRUE
2026-08-04 09:20:24.874,LIN-INNLDI-01-L,1260801111000,126080111100002022,TRUE
2026-08-04 09:20:24.862,AOI-RESAOI-01-UL,1260711114000,126071111400001028,TRUE
2026-08-04 09:20:24.130,AOI-PEP-01-UL,1260801054000,126080105400008028,TRUE
2026-08-04 09:20:22.492,WIR-SE-01-L,1260620160000,12606201600002B015,TRUE
2026-08-04 09:20:22.470,LIN-OUTDEV-01-UL,1260703066000,126070306600001004,TRUE
2026-08-04 09:20:21.433,WIR-Decoatbake-01-L,1260707002000,126070700200049014,TRUE
2026-08-04 09:20:20.302,LAM-BOP-02-L,1260731052000,126073105200010046,TRUE
2026-08-04 09:20:19.968,FVI-OSP-01-UL,1260616024000,12606160240000103401,TRUE
2026-08-04 09:20:24.490,LIN-INNTRE-02-UL-2,,126080300200004001,TRUE
2026-08-04 09:20:19.824,WIR-Vdevelop-01-UL,1260716011010,"126071601100058177,BD",TRUE
2026-08-04 09:20:19.594,ELC-TRE-01-L,1260725010000,Error_202608041620195945,FALSE
2026-08-04 09:20:19.277,WIR-Vdevelop-01-L,1260716011010,126071601100058127,TRUE
2026-08-04 09:20:19.215,WIR-Pretreatment-01-UL,1260623098010,12606230980002B136,TRUE
2026-08-04 09:20:18.726,WIR-SE-01-UL,1260620160000,12606201600002B019,TRUE
2026-08-04 09:20:17.609,AOI-RESAOI-01-L,1260711114000,126071111400001021,TRUE
2026-08-04 09:20:17.269,LIN-INNTRE-01-UL,1260803004000,126080300400008016,TRUE
2026-08-04 09:20:13.078,LIN-OUTVAP-01-UL,,12606130040001C115,TRUE
2026-08-04 09:20:15.680,SDM-DI-01-UL,,12606040010001C206,TRUE
2026-08-04 09:20:04.636,WIR-LDI-01-L,,12606190020002B167,TRUE
2026-08-04 09:20:11.953,ELC-TRE-01-UL,1260725010000,Error_202608041620119531,FALSE
2026-08-04 09:20:04.355,WIR-Pretreatment-01-L,1260611097000,12606110970001C085,TRUE
2026-08-04 09:20:04.007,ELC-RED-01-L,1260709037000,126070903700010076,TRUE
2026-08-04 09:20:47.866,AOI-PEP-01-L,1260801054000,126080105400008024,TRUE
2026-08-04 09:20:46.976,AOI-PEP-01-UL,1260801054000,126080105400008026,TRUE
2026-08-04 09:20:47.726,LAM-BOP-02-UL,1260731051000,126073105100008050,TRUE
2026-08-04 09:20:45.633,WIR-SE-01-UL,1260620160000,12606201600002B013,TRUE
2026-08-04 09:20:45.435,WIR-Pretreatment-01-L,1260611097000,12606110970001C083,TRUE
2026-08-04 09:20:44.866,LAM-BOP-02-L,1260731052000,126073105200010042,TRUE
2026-08-04 09:20:43.376,FVI-OSP-01-UL,1260616024000,12606160240000102301,TRUE
2026-08-04 09:20:42.005,LIN-OUTDEV-01-UL,1260703066000,126070306600001076,TRUE
2026-08-04 09:20:41.579,LIN-INNLDI-01-L,1260801111000,126080111100002020,TRUE
2026-08-04 09:20:40.348,AOI-RESAOI-01-L,1260711114000,126071111400001001,TRUE
2026-08-04 09:20:40.494,ELC-RED-01-L,1260709037000,126070903700010025,TRUE
2026-08-04 09:20:39.736,ELC-TRE-01-L,1260725010000,Error_202608041620397362,FALSE
2026-08-04 09:20:37.005,LIN-INNTRE-01-UL,1260803004000,126080300400008017,TRUE
2026-08-04 09:20:30.293,WIR-Decoatbake-01-UL,1260710001000,126071000100049048,TRUE
2026-08-04 09:20:31.215,WIR-LDI-01-L,,12606190020002B168,TRUE
2026-08-04 09:20:29.307,SMK-BRU-01-L,1260709049020,126070904900001075,TRUE
2026-08-04 09:20:26.615,LIN-INNTRE-02-UL-1,,126080300200004006,TRUE
2026-08-04 09:19:30.052,ELC-RED-01-UL,1260716053020,126071605300001007,TRUE
2026-08-04 09:20:59.894,ELC-TRE-01-L,1260725010000,Error_202608041620598942,FALSE
2026-08-04 09:20:59.829,LIN-INNLDI-01-L,1260801111000,126080111100002018,TRUE
2026-08-04 09:20:58.993,AOI-PEP-01-UL,1260801054000,126080105400008025,TRUE
2026-08-04 09:20:59.087,AOI-PEP-01-L,1260801054000,126080105400008023,TRUE
2026-08-04 09:20:58.900,LAM-BOP-02-UL,1260731051000,126073105100008049,TRUE
2026-08-04 09:20:58.060,WIR-Decoatbake-01-L,1260707002000,126070700200049020,TRUE
2026-08-04 09:20:57.731,WIR-LDI-01-L,,12606190020002B150,TRUE
2026-08-04 09:20:57.310,WIR-Pretreatment-01-UL,1260623098010,12606230980002B133,TRUE
2026-08-04 09:20:56.632,LAM-BOP-02-L,1260731052000,126073105200010040,TRUE
2026-08-04 09:20:56.685,CPP-Patternplating-01-L,1260714001000,126071400100058013,TRUE
2026-08-04 09:20:55.028,WIR-Vdevelop-01-UL,1260716011010,"126071601100058157,BD",TRUE
2026-08-04 09:20:55.403,SMK-BRU-01-L,1260709049020,126070904900001051,TRUE
2026-08-04 09:20:53.290,LIN-INNTRE-01-UL,1260803004000,126080300400008018,TRUE
2026-08-04 09:20:52.997,SMK-BRU-01-UL,1260709049020,126070904900001023,TRUE
2026-08-04 09:20:51.075,WIR-LDI-01-UL,,12606190020002B161,TRUE
2026-08-04 09:20:49.991,LIN-INNTRE-02-UL-1,,126080300200004008,TRUE
2026-08-04 09:20:54.903,WIR-Vdevelop-01-L,1260716011010,126071601100058126,TRUE
2026-08-04 09:20:49.164,WIR-SE-01-L,1260620160000,12606201600002B010,TRUE
2026-08-04 09:20:48.786,AOI-RESAOI-01-UL,1260711114000,126071111400001042,TRUE
2026-08-04 09:21:26.247,AOI-RESAOI-01-L,1260711114000,126071111400001024,TRUE
2026-08-04 09:21:24.264,WIR-LDI-01-L,,12606190020002B149,TRUE
2026-08-04 09:21:23.935,LIN-OUTDEV-01-UL,1260703066000,126070306600001078,TRUE
2026-08-04 09:21:21.311,WIR-Pretreatment-01-L,1260611097000,12606110970001C081,TRUE
2026-08-04 09:21:21.479,AOI-PEP-01-L,1260801054000,126080105400008021,TRUE
2026-08-04 09:21:21.245,AOI-PEP-01-UL,1260801054000,126080105400008023,TRUE
2026-08-04 09:21:21.151,LAM-BOP-02-L,1260731052000,126073105200010036,TRUE
2026-08-04 09:21:21.167,LAM-BOP-02-UL,1260731051000,126073105100008047,TRUE
2026-08-04 09:21:21.099,SMK-BRU-01-L,1260709049020,126070904900001015,TRUE
2026-08-04 09:21:20.780,WIR-LDI-01-UL,,12606190020002B162,TRUE
2026-08-04 09:21:16.740,SMK-BRU-01-UL,1260709049020,126070904900001028,TRUE
2026-08-04 09:21:17.079,LIN-INNLDI-01-L,1260801111000,126080111100002016,TRUE
2026-08-04 09:21:15.933,WIR-SE-01-L,1260620160000,12606201600002B011,TRUE
2026-08-04 09:21:15.754,ROU-RIN-01-UL,,Error_202608041621157547,FALSE
2026-08-04 09:21:15.389,WIR-Decoatbake-01-UL,1260710001000,126071000100049014,TRUE
2026-08-04 09:21:14.840,ELC-RED-01-L,1260709037000,126070903700010011,TRUE
2026-08-04 09:21:13.947,LIN-INNTRE-02-UL-1,,126080300200004010,TRUE
2026-08-04 09:21:12.370,WIR-SE-01-UL,1260620160000,12606201600002B027,TRUE
2026-08-04 09:21:11.715,AOI-RESAOI-01-UL,1260711114000,126071111400001021,TRUE
2026-08-04 09:21:06.954,FVI-OSP-01-UL,1260616024000,12606160240000107201,TRUE
2026-08-04 09:21:11.243,LIN-INNTRE-01-UL,1260803004000,126080300400008019,TRUE
2026-08-04 09:08:51.619,SMK-BRU-02-L,1260715036020,126071503600001001,TRUE
2026-08-04 08:51:52.563,SDM-DI-01-L,,12606040010001C208,TRUE
2026-08-04 09:21:35.408,LIN-INNLDI-01-L,1260801111000,126080111100002014,TRUE
2026-08-04 09:21:34.671,WIR-Decoatbake-01-L,1260707002000,126070700200049030,TRUE
2026-08-04 09:21:34.655,AOI-RESAOI-01-UL,1260711114000,126071111400001001,TRUE
2026-08-04 09:21:34.041,LIN-INNTRE-02-UL-2,,126080300200004003,TRUE
2026-08-04 09:21:33.338,LAM-BOP-02-L,1260731052000,126073105200010034,TRUE
2026-08-04 09:21:33.104,AOI-PEP-01-L,1260801054000,126080105400008020,TRUE
2026-08-04 09:21:32.510,LAM-BOP-02-UL,1260731051000,126073105100008076,TRUE
2026-08-04 09:21:32.417,AOI-PEP-01-UL,1260801054000,126080105400008022,TRUE
2026-08-04 09:21:30.906,WIR-Vdevelop-01-L,1260716011010,126071601100058125,TRUE
2026-08-04 09:21:30.939,FVI-OSP-01-UL,1260616024000,12606160240000103801,TRUE
2026-08-04 09:21:29.793,LIN-INNTRE-01-UL,1260803004000,126080300400008020,TRUE
2026-08-04 09:21:29.749,WIR-Vdevelop-01-UL,1260716011010,"126071601100058180,BD",TRUE
2026-08-04 09:21:57.829,AOI-RESAOI-01-UL,1260711114000,126071111400001017,TRUE
2026-08-04 09:21:57.637,LAM-BOP-02-L,1260731052000,126073105200010030,TRUE
2026-08-04 09:21:55.699,AOI-PEP-01-L,1260801054000,126080105400008018,TRUE
2026-08-04 09:21:54.496,AOI-PEP-01-UL,1260801054000,126080105400008020,TRUE
2026-08-04 09:21:54.721,FVI-OSP-01-UL,1260616024000,12606160240000103701,TRUE
2026-08-04 09:21:53.091,SDM-DI-01-L,,12606040010001C193,TRUE
2026-08-04 09:21:52.815,LIN-INNLDI-01-L,1260801111000,126080111100002012,TRUE
2026-08-04 09:21:52.044,SDM-DI-01-UL,,12606040010001C202,TRUE
2026-08-04 09:21:50.797,WIR-LDI-01-L,,12606190020002B151,TRUE
2026-08-04 09:21:50.515,WIR-LDI-01-UL,,12606190020002B163,TRUE
2026-08-04 09:21:50.468,CPP-Patternplating-01-L,1260714001000,126071400100058050,TRUE
2026-08-04 09:21:49.797,ELC-RED-01-L,1260709037000,126070903700010046,TRUE
2026-08-04 09:21:49.281,AOI-RESAOI-01-L,1260711114000,126071111400001018,TRUE
2026-08-04 09:21:48.681,LIN-INNTRE-02-UL-2,,126080300200004005,TRUE
2026-08-04 09:21:48.325,LIN-INNTRE-01-UL,1260803004000,126080300400008021,TRUE
2026-08-04 09:21:44.371,LAM-BOP-02-UL,1260731051000,126073103900008018,TRUE
2026-08-04 09:21:43.321,SMK-BRU-01-UL,1260709049020,126070904900001017,TRUE
2026-08-04 09:21:42.591,WIR-SE-01-L,1260620160000,12606201600002B014,TRUE
2026-08-04 09:21:40.983,LIN-OUTDEV-01-UL,1260703066000,126070306600001012,TRUE
2026-08-04 09:21:43.021,LIN-INNDES-02-UL,,126080106600008010,TRUE
2026-08-04 09:21:39.916,LIN-INNTRE-02-UL-1,,Error_202608041621399160,FALSE
2026-08-04 09:21:39.507,ELC-TRE-01-UL,1260725010000,Error_202608041621395072,FALSE
2026-08-04 09:21:38.450,WIR-SE-01-UL,1260620160000,12606201600002B047,TRUE
2026-08-04 09:21:36.312,WIR-Pretreatment-01-UL,1260623098010,12606230980002B134,TRUE
2026-08-04 09:22:12.236,AOI-RESAOI-01-L,1260711114000,126071111400001015,TRUE
2026-08-04 09:22:12.096,WIR-Decoatbake-01-L,1260707002000,126070700200049033,TRUE
2026-08-04 09:22:11.097,LIN-INNLDI-01-L,1260801111000,126080111100002010,TRUE
2026-08-04 09:22:10.510,SMK-BRU-01-UL,1260709049020,126070904900001044,TRUE
2026-08-04 09:22:09.717,LAM-BOP-02-L,1260731052000,126073105200010028,TRUE
2026-08-04 09:22:06.888,AOI-PEP-01-L,1260801054000,126080105400008017,TRUE
2026-08-04 09:22:09.153,WIR-SE-01-L,1260620160000,12606201600002B022,TRUE
2026-08-04 09:22:06.185,LIN-INNTRE-01-UL,1260803004000,126080300400008022,TRUE
2026-08-04 09:22:06.689,WIR-Vdevelop-01-L,1260716011010,126071601100058141,TRUE
2026-08-04 09:22:05.982,AOI-PEP-01-UL,1260801054000,126080105400008019,TRUE
2026-08-04 09:22:05.341,WIR-SE-01-UL,1260620160000,12606201600002B042,TRUE
2026-08-04 09:22:04.361,WIR-Vdevelop-01-UL,1260716011010,"126071601100058179,BD",TRUE
2026-08-04 09:22:02.884,LIN-INNTRE-02-UL-2,,126080300200004007,TRUE
2026-08-04 09:22:01.970,WIR-Pretreatment-01-L,1260611097000,12606110970001C079,TRUE
2026-08-04 09:22:01.476,LIN-OUTVAP-01-UL,,12606130040001C116,TRUE
2026-08-04 09:22:01.119,LIN-INNTRE-02-UL-1,,126080300200004014,TRUE
2026-08-04 09:22:00.695,LIN-INNDES-02-UL,,126080106600008053,TRUE
2026-08-04 09:22:00.532,LIN-OUTDEV-01-UL,1260703066000,126070306600001009,TRUE
2026-08-04 09:21:52.044,SDM-DI-01-UL,,12606040010001C202,TRUE
2026-08-04 09:21:59.647,ELC-TRE-01-UL,1260725010000,Error_202608041621596478,FALSE
2026-08-04 09:22:00.314,WIR-Decoatbake-01-UL,1260710001000,126071000100049049,TRUE
2026-08-04 09:21:44.371,LAM-BOP-02-UL,1260731051000,126073103900008018,TRUE
2026-08-04 09:20:59.894,ELC-TRE-01-L,1260725010000,Error_202608041620598942,FALSE
2026-08-04 09:20:25.314,LIN-INNDES-02-L,,126080106600008065,TRUE
2026-08-04 02:52:28.688,SMK-DIX-01-L,1260710031000,126071003100001023,TRUE
2026-08-04 09:22:36.092,LIN-INNLDI-01-L,1260801111000,126080111100002078,TRUE
2026-08-04 09:22:35.984,WIR-SE-01-L,1260620160000,12606201600002B021,TRUE
2026-08-04 09:22:35.535,AOI-RESAOI-01-L,1260711114000,126071111400001008,TRUE
2026-08-04 09:22:33.645,LAM-BOP-02-L,1260731052000,126073105200010024,TRUE
2026-08-04 09:22:32.265,WIR-SE-01-UL,1260620160000,12606201600002B051,TRUE
2026-08-04 09:22:31.015,LIN-INNTRE-02-UL-2,,126080300200004011,TRUE
2026-08-04 09:22:29.279,AOI-PEP-01-L,1260801054000,126080105400008015,TRUE
2026-08-04 09:22:25.255,ELC-RED-01-L,1260709037000,126070903700010072,TRUE
2026-08-04 09:22:28.060,AOI-PEP-01-UL,1260801054000,126080105400008017,TRUE
2026-08-04 09:22:24.148,LIN-INNTRE-01-UL,1260803004000,126080300400008023,TRUE
2026-08-04 09:22:25.171,LIN-INNTRE-02-UL-1,,126080300200004016,TRUE
2026-08-04 09:22:20.534,AOI-RESAOI-01-UL,1260711114000,126071111400001024,TRUE
2026-08-04 09:22:20.003,LIN-OUTDEV-01-UL,1260703066000,126070306600001008,TRUE
2026-08-04 09:22:20.315,WIR-LDI-01-UL,,12606190020002B164,TRUE
2026-08-04 09:22:19.175,FVI-OSP-01-UL,1260616024000,12606160240000108001,TRUE
2026-08-04 09:22:14.174,WIR-Pretreatment-01-UL,1260623098010,12606230980002B131,TRUE
2026-08-04 09:22:17.361,WIR-LDI-01-L,,12606190020002B152,TRUE
2026-08-04 09:21:59.647,ELC-TRE-01-UL,1260725010000,Error_202608041621596478,FALSE
2026-08-04 09:22:53.694,LAM-BOP-02-UL,1260731052000,126073105200010002,TRUE
2026-08-04 09:22:52.409,WIR-Pretreatment-01-UL,1260623098010,12606230980002B132,TRUE
2026-08-04 09:22:52.349,AOI-PEP-01-L,1260801054000,126080105400008013,TRUE
2026-08-04 09:22:51.344,SDM-DI-01-L,,12606040010001C198,TRUE
2026-08-04 09:22:48.813,LIN-INNTRE-02-UL-1,,126080300200004018,TRUE
2026-08-04 09:22:51.068,AOI-PEP-01-UL,1260801054000,126080105400008015,TRUE
2026-08-04 09:22:50.050,WIR-LDI-01-UL,,12606190020002B165,TRUE
2026-08-04 09:22:48.581,WIR-Decoatbake-01-L,1260707002000,126070700200049034,TRUE
2026-08-04 09:22:46.780,LIN-INNLDI-01-L,1260801111000,126080111100002006,TRUE
2026-08-04 09:22:45.813,LIN-INNTRE-02-UL-2,,126080300200004013,TRUE
2026-08-04 09:22:44.987,CPP-Patternplating-01-L,1260714001000,126071400100058005,TRUE
2026-08-04 09:22:44.509,ELC-TRE-01-L,1260725010000,Error_202608041622445092,FALSE
2026-08-04 09:22:45.268,WIR-Decoatbake-01-UL,1260710001000,126071000100049012,TRUE
2026-08-04 09:22:44.086,LIN-INNTRE-01-UL,1260803004000,126080300400008024,TRUE
2026-08-04 09:22:42.889,FVI-OSP-01-UL,1260616024000,12606160240000102001,TRUE
2026-08-04 09:22:43.738,AOI-RESAOI-01-UL,1260711114000,126071111400001018,TRUE
2026-08-04 09:22:42.612,WIR-Vdevelop-01-L,1260716011010,126071601100058140,TRUE
2026-08-04 09:22:38.768,WIR-Vdevelop-01-UL,1260716011010,"126071601100058178,BD",TRUE
2026-08-04 09:22:38.299,WIR-Pretreatment-01-L,1260611097000,12606110970001C074,TRUE
2026-08-04 09:22:38.217,SMK-BRU-01-UL,1260709049020,126070904900001033,TRUE
2026-08-04 09:22:35.535,AOI-RESAOI-01-L,1260711114000,126071111400001008,TRUE
2026-08-04 09:22:44.112,WIR-LDI-01-L,,12606190020002B154,TRUE
2026-08-04 09:22:39.769,LIN-OUTDEV-01-UL,1260703066000,126070306600001046,TRUE
2026-08-04 09:19:30.052,ELC-RED-01-UL,1260716053020,126071605300001007,TRUE
2026-08-04 09:23:04.913,LAM-BOP-02-UL,1260731052000,126073105200010009,TRUE
2026-08-04 09:23:02.928,LIN-INNDES-01-L,,126080107900010001,TRUE
2026-08-04 09:23:03.147,AOI-PEP-01-L,1260801054000,126080105400008012,TRUE
2026-08-04 09:23:02.829,WIR-SE-01-L,1260620160000,12606201600002B018,TRUE
2026-08-04 09:23:02.194,AOI-PEP-01-UL,1260801054000,126080105400008014,TRUE
2026-08-04 09:23:02.140,LIN-INNLDI-01-L,1260801111000,126080111100002004,TRUE
2026-08-04 09:23:01.562,SMK-BRU-01-UL,1260709049020,126070904900001052,TRUE
2026-08-04 09:23:00.695,ELC-RED-01-L,1260709037000,126070903700010064,TRUE
2026-08-04 09:23:00.993,LIN-INNTRE-01-UL,1260803004000,126080300400008025,TRUE
2026-08-04 09:22:59.709,LAM-BOP-02-L,1260731052000,126073105200010022,TRUE
2026-08-04 09:22:59.674,WIR-SE-01-UL,1260620160000,12606201600002B050,TRUE
2026-08-04 09:22:59.642,LIN-INNTRE-02-UL-2,,126080300200004015,TRUE
2026-08-04 09:22:59.176,LIN-OUTDEV-01-UL,1260703066000,126070306600001077,TRUE
2026-08-04 09:22:58.738,AOI-RESAOI-01-L,1260711114000,126071111400001009,TRUE
2026-08-04 09:23:21.409,SDM-DI-01-UL,,12606040010001C214,TRUE
2026-08-04 09:23:21.630,AOI-RESAOI-01-L,1260711114000,126071111400001026,TRUE
2026-08-04 09:23:19.693,LIN-OUTDEV-01-UL,1260703066000,126070306600001052,TRUE
2026-08-04 09:23:19.599,WIR-LDI-01-UL,,12606190020002B166,TRUE
2026-08-04 09:23:18.728,LIN-INNTRE-01-UL,1260803004000,126080300400008026,TRUE
2026-08-04 09:23:18.552,WIR-Vdevelop-01-L,1260716011010,126071601100058139,TRUE
2026-08-04 09:23:20.616,LIN-INNLDI-01-L,1260801111000,126080111100002002,TRUE
2026-08-04 09:23:17.554,LIN-INNDES-01-L,,126080107900010056,TRUE
2026-08-04 09:23:17.209,LAM-BOP-02-UL,1260731052000,126073105200010007,TRUE
2026-08-04 09:23:16.693,WIR-Pretreatment-01-L,1260611097000,12606110970001C088,TRUE
2026-08-04 09:23:14.288,AOI-PEP-01-UL,1260801054000,126080105400008013,TRUE
2026-08-04 09:23:14.616,AOI-PEP-01-L,1260801054000,126080105400008011,TRUE
2026-08-04 09:23:14.064,LIN-INNTRE-02-UL-2,,126080300200004017,TRUE
2026-08-04 09:23:14.021,WIR-Vdevelop-01-UL,1260716011010,"126071601100058176,BD",TRUE
2026-08-04 09:23:12.084,LAM-BOP-02-L,1260731052000,126073105200010018,TRUE
2026-08-04 09:23:11.392,LIN-INNTRE-02-UL-1,,126080300200004020,TRUE
2026-08-04 09:23:10.443,WIR-LDI-01-L,,12606190020002B153,TRUE
2026-08-04 09:23:06.984,FVI-OSP-01-UL,1260616024000,12606160240000107901,TRUE
2026-08-04 09:23:06.833,AOI-RESAOI-01-UL,1260711114000,126071111400001015,TRUE
2026-08-04 09:22:45.268,WIR-Decoatbake-01-UL,1260710001000,126071000100049012,TRUE
2026-08-04 09:19:06.170,LIN-OUTDEV-01-L,1260703066000,126070306600001073,TRUE
2026-08-04 09:23:48.309,LAM-BOP-02-L,1260731052000,126073105200010012,TRUE
2026-08-04 09:23:48.178,WIR-Vdevelop-01-UL,1260716011010,"126071601100058172,BD",TRUE
2026-08-04 09:23:47.966,AOI-PEP-01-UL,1260801054000,126080105400008010,TRUE
2026-08-04 09:23:47.137,LIN-INNDES-01-L,,126080107900010060,TRUE
2026-08-04 09:23:45.562,LIN-INNLDI-01-L,1260801111000,126080111100002070,TRUE
2026-08-04 09:23:44.492,AOI-RESAOI-01-L,1260711114000,126071111400001007,TRUE
2026-08-04 09:23:42.941,LIN-INNTRE-02-UL-2,,126080300200004021,TRUE
2026-08-04 09:23:41.324,LAM-BOP-02-UL,1260731052000,126073105200010003,TRUE
2026-08-04 09:23:39.554,LIN-OUTDEV-01-UL,1260703066000,126070306600001054,TRUE
2026-08-04 09:23:39.061,LIN-OUTVAP-01-UL,,12606130040001C075,TRUE
2026-08-04 09:23:38.928,CPP-Patternplating-01-L,1260714001000,126071400100058056,TRUE
2026-08-04 09:23:37.589,AOI-PEP-01-L,1260801054000,126080105400008009,TRUE
2026-08-04 09:23:37.053,WIR-LDI-01-L,,12606190020002B155,TRUE
2026-08-04 09:23:36.776,LIN-INNTRE-01-UL,1260803004000,126080300400008027,TRUE
2026-08-04 09:23:35.964,ELC-RED-01-L,1260709037000,126070903700010016,TRUE
2026-08-04 09:23:34.534,LIN-INNTRE-02-UL-1,,126080300200004022,TRUE
2026-08-04 09:23:32.481,ROU-RIN-01-UL,,Error_202608041623324817,FALSE
2026-08-04 09:23:30.974,WIR-Pretreatment-01-UL,1260623098010,12606230980002B129,TRUE
2026-08-04 09:23:30.610,FVI-OSP-01-UL,1260616024000,12606160240000101201,TRUE
2026-08-04 09:23:30.536,WIR-Decoatbake-01-UL,1260710001000,126071000100049011,TRUE
2026-08-04 09:23:29.344,WIR-SE-01-L,1260620160000,12606201600002B017,TRUE
2026-08-04 09:23:30.116,AOI-RESAOI-01-UL,1260711114000,126071111400001008,TRUE
2026-08-04 09:23:28.485,SMK-BRU-01-UL,1260709049020,126070904900001034,TRUE
2026-08-04 09:23:25.724,WIR-Decoatbake-01-L,1260707002000,126070700200049031,TRUE
2026-08-04 09:23:25.297,WIR-SE-01-UL,1260620160000,12606201600002B059,TRUE
2026-08-04 09:18:54.221,ELC-INS-01-L,1260703072000,126070307200001057,TRUE
2026-08-04 09:24:01.513,LIN-INNDES-01-L,,126080107900010062,TRUE
2026-08-04 09:24:00.481,LAM-BOP-02-L,1260731052000,126073105200010010,TRUE
2026-08-04 09:24:00.231,AOI-PEP-01-L,1260801054000,126080105400008007,TRUE
2026-08-04 09:23:59.341,AOI-PEP-01-UL,1260801054000,126080105400008009,TRUE
2026-08-04 09:23:59.057,LIN-OUTDEV-01-UL,1260703066000,126070306600001045,TRUE
2026-08-04 09:23:57.351,WIR-Pretreatment-01-L,1260611097000,12606110970001C065,TRUE
2026-08-04 09:23:56.865,LIN-INNTRE-02-UL-2,,126080300200004023,TRUE
2026-08-04 09:23:56.502,WIR-SE-01-L,1260620160000,12606201600002B029,TRUE
2026-08-04 09:23:56.316,SMK-BRU-01-UL,1260709049020,126070904900001031,TRUE
2026-08-04 09:23:55.199,LIN-INNTRE-01-UL,1260803004000,126080300400008028,TRUE
2026-08-04 09:23:55.057,LIN-INNLDI-01-L,1260801111000,126080111100002078,TRUE
2026-08-04 09:23:54.432,FVI-OSP-01-UL,1260616024000,12606160240000101101,TRUE
2026-08-04 09:23:54.320,WIR-Vdevelop-01-L,1260716011010,126071601100058138,TRUE
2026-08-04 09:23:53.309,LAM-BOP-02-UL,1260731052000,126073105200010001,TRUE
2026-08-04 09:23:52.790,AOI-RESAOI-01-UL,1260711114000,126071111400001009,TRUE
2026-08-04 09:23:52.219,WIR-SE-01-UL,1260620160000,12606201600002B058,TRUE
2026-08-04 09:23:49.241,WIR-LDI-01-UL,,12606190020002B167,TRUE
2026-08-04 09:23:35.964,ELC-RED-01-L,1260709037000,126070903700010016,TRUE
2026-08-04 09:24:19.963,LIN-INNLDI-01-L,1260801111000,126080111100002066,TRUE
2026-08-04 09:24:19.896,SMK-BRU-01-UL,1260709049020,126070904900001021,TRUE
2026-08-04 09:24:19.811,LIN-OUTDEV-01-UL,1260703066000,126070306600001023,TRUE
2026-08-04 09:24:19.017,ELC-TRE-01-UL,1260725010000,Error_202608041624190173,FALSE
2026-08-04 09:24:18.752,WIR-SE-01-UL,1260620160000,12606201600002B046,TRUE
2026-08-04 09:24:18.713,FVI-OSP-01-UL,1260616024000,12606160240000101901,TRUE
2026-08-04 09:24:17.856,LAM-BOP-02-UL,1260731052000,126073105200010078,TRUE
2026-08-04 09:24:17.641,LIN-INNDES-02-UL,,126080106600008055,TRUE
2026-08-04 09:24:16.014,AOI-RESAOI-01-UL,1260711114000,126071111400001026,TRUE
2026-08-04 09:24:16.122,LIN-INNDES-01-L,,126080107900010064,TRUE
2026-08-04 09:24:15.523,WIR-Decoatbake-01-UL,1260710001000,126071000100049010,TRUE
2026-08-04 09:24:14.152,LIN-INNTRE-01-UL,1260803004000,126080300400008029,TRUE
2026-08-04 09:24:12.934,LAM-BOP-02-L,1260731052000,126073105200010008,TRUE
2026-08-04 09:24:11.716,AOI-PEP-01-L,1260801054000,126080105400008006,TRUE
2026-08-04 09:24:11.669,ELC-RED-01-UL,1260716053020,126070903700010062,TRUE
2026-08-04 09:24:10.622,ELC-RED-01-L,1260709037000,126070903700010013,TRUE
2026-08-04 09:24:10.481,AOI-PEP-01-UL,1260801054000,126080105400008008,TRUE
2026-08-04 09:24:07.701,AOI-RESAOI-01-L,1260711114000,126071111400001068,TRUE
2026-08-04 09:24:09.023,WIR-Pretreatment-01-UL,1260623098010,12606230980002B130,TRUE
2026-08-04 09:24:06.022,LIN-INNTRE-02-UL-2,,126080300200004025,TRUE
2026-08-04 09:24:03.492,WIR-LDI-01-L,,12606190020002B156,TRUE
2026-08-04 09:24:02.726,WIR-Decoatbake-01-L,1260707002000,126070700200049029,TRUE
2026-08-04 09:20:25.314,LIN-INNDES-02-L,,126080106600008065,TRUE
2026-08-04 09:24:38.280,LIN-OUTDEV-01-UL,1260703066000,126070306600001002,TRUE
2026-08-04 09:24:36.985,LAM-BOP-02-L,1260731052000,126073105200010079,TRUE
2026-08-04 09:24:36.229,WIR-Pretreatment-01-L,1260611097000,12606110970001C073,TRUE
2026-08-04 09:24:34.508,LIN-INNTRE-02-UL-2,,126080300200004027,TRUE
2026-08-04 09:24:36.048,LIN-INNDES-02-UL,,126080106600008079,TRUE
2026-08-04 09:24:34.344,AOI-PEP-01-L,1260801054000,126080105400008004,TRUE
2026-08-04 09:24:34.092,LIN-INNTRE-01-UL,1260803004000,126080300400008030,TRUE
2026-08-04 09:24:32.655,AOI-PEP-01-UL,1260801054000,126080105400008006,TRUE
2026-08-04 09:24:31.291,CPP-Patternplating-01-L,1260714001000,126071400100058059,TRUE
2026-08-04 09:24:30.955,ELC-TRE-01-UL,1260725010000,Error_202608041624309553,FALSE
2026-08-04 09:24:30.841,LIN-INNDES-01-L,,126080107900010066,TRUE
2026-08-04 09:24:30.151,WIR-Vdevelop-01-L,1260716011010,126071601100058137,TRUE
2026-08-04 09:24:29.842,LAM-BOP-02-UL,1260731052000,126073105200010076,TRUE
2026-08-04 09:24:30.026,WIR-LDI-01-L,,12606190020002B157,TRUE
2026-08-04 09:24:29.202,ELC-INS-01-UL,1260703072000,126070307200001057,TRUE
2026-08-04 09:24:29.791,LIN-INNLDI-01-L,1260801111000,126080111100002074,TRUE
2026-08-04 09:24:23.737,SDM-DI-01-L,,12606040010001C194,TRUE
2026-08-04 09:24:23.650,WIR-Vdevelop-01-UL,1260716011010,"126071601100058124,BD",TRUE
2026-08-04 09:24:22.681,WIR-SE-01-L,1260620160000,12606201600002B024,TRUE
2026-08-04 09:23:49.241,WIR-LDI-01-UL,,12606190020002B167,TRUE
2026-08-04 09:24:56.330,AOI-PEP-01-UL,1260801054000,126080105400008004,TRUE
2026-08-04 09:24:56.581,WIR-LDI-01-L,,12606190020002B139,TRUE
2026-08-04 09:24:55.198,LIN-INNLDI-01-L,1260801111000,126080111100002062,TRUE
2026-08-04 09:24:52.347,ELC-TRE-01-UL,1260725010000,Error_202608041624523474,FALSE
2026-08-04 09:24:49.410,WIR-SE-01-L,1260620160000,12606201600002B023,TRUE
2026-08-04 09:24:50.499,LIN-INNTRE-01-UL,1260803004000,126080300400008031,TRUE
2026-08-04 09:24:48.268,WIR-Pretreatment-01-UL,1260623098010,12606230980002B128,TRUE
2026-08-04 09:24:46.838,SMK-BRU-01-UL,1260709049020,126070904900001066,TRUE
2026-08-04 09:24:49.142,LAM-BOP-02-L,1260731052000,126073105200010077,TRUE
2026-08-04 09:24:46.348,WIR-SE-01-UL,1260620160000,12606201600002B045,TRUE
2026-08-04 09:24:45.736,LIN-INNDES-01-L,,126080107900010068,TRUE
2026-08-04 09:24:44.671,ELC-RED-01-L,1260709037000,126070903700010021,TRUE
2026-08-04 09:24:45.439,AOI-PEP-01-L,1260801054000,126080105400008003,TRUE
2026-08-04 09:24:42.441,ELC-TRE-01-L,1260725010000,Error_202608041624424411,FALSE
2026-08-04 09:24:41.563,LAM-BOP-02-UL,1260731052000,126073105200010074,TRUE
2026-08-04 09:24:42.604,FVI-OSP-01-UL,1260616024000,12606160240000103001,TRUE
2026-08-04 09:24:40.479,WIR-LDI-01-UL,,12606190020002B150,TRUE
2026-08-04 09:24:39.745,WIR-Decoatbake-01-L,1260707002000,126070700200049027,TRUE
2026-08-04 09:24:36.229,WIR-Pretreatment-01-L,1260611097000,12606110970001C073,TRUE
2026-08-04 09:24:39.186,AOI-RESAOI-01-UL,1260711114000,126071111400001007,TRUE
2026-08-04 09:14:39.964,CPP-Patternplating-01-UL,1260711011000,126071100800400021,TRUE
2026-08-04 09:25:13.378,LAM-BOP-02-UL,1260731052000,126073105200010072,TRUE
2026-08-04 09:25:12.096,WIR-Pretreatment-01-L,1260611097000,12606110970001C068,TRUE
2026-08-04 09:25:13.192,WIR-SE-01-UL,1260620160000,12606201600002B049,TRUE
2026-08-04 09:25:11.640,ELC-INS-01-L,1260703072020,126070307200001042,TRUE
2026-08-04 09:25:11.213,LIN-INNTRE-02-UL-2,,126080300200004029,TRUE
2026-08-04 09:25:10.112,WIR-LDI-01-UL,,12606190020002B149,TRUE
2026-08-04 09:25:08.874,LIN-INNTRE-01-UL,1260803004000,126080300400008032,TRUE
2026-08-04 09:25:08.863,AOI-PEP-01-L,1260801054000,126080105400008001,TRUE
2026-08-04 09:25:06.847,AOI-PEP-01-UL,1260801054000,126080105400008003,TRUE
2026-08-04 09:25:06.292,FVI-OSP-01-UL,1260616024000,12606160240000107501,TRUE
2026-08-04 09:25:05.972,LIN-OUTVAP-01-UL,,12606130040001C181,TRUE
2026-08-04 09:25:05.643,WIR-Vdevelop-01-L,1260716011010,126071601100058136,TRUE
2026-08-04 09:25:05.433,LIN-INNLDI-01-L,1260801111000,126080111100002070,TRUE
2026-08-04 09:25:03.161,ELC-TRE-01-L,1260725010000,Error_202608041625031616,FALSE
2026-08-04 09:25:01.856,AOI-RESAOI-01-UL,1260711114000,126071111400001068,TRUE
2026-08-04 09:25:00.237,WIR-Decoatbake-01-UL,1260710001000,126071000100049008,TRUE
2026-08-04 09:25:00.143,LIN-INNDES-01-L,,126080107900010072,TRUE
2026-08-04 09:24:58.768,WIR-Vdevelop-01-UL,1260716011010,"126071601100058123,BD",TRUE
2026-08-04 09:24:58.028,LIN-OUTDEV-01-UL,1260703066000,126070306600001027,TRUE
2026-08-04 09:24:57.419,SDM-DI-01-UL,,12606040010001C213,TRUE
2026-08-04 09:24:52.347,ELC-TRE-01-UL,1260725010000,Error_202608041624523474,FALSE
2026-08-04 09:24:29.202,ELC-INS-01-UL,1260703072000,126070307200001057,TRUE
2026-08-04 09:24:07.701,AOI-RESAOI-01-L,1260711114000,126071111400001068,TRUE
2026-08-04 02:52:28.688,SMK-DIX-01-L,1260710031000,126071003100001023,TRUE
2026-08-04 09:25:34.112,WIR-Vdevelop-01-UL,1260716011010,"126071601100058122,BD",TRUE
2026-08-04 09:25:30.091,FVI-OSP-01-UL,1260616024000,12606160240000104201,TRUE
2026-08-04 09:25:30.169,LIN-INNLDI-01-L,1260801111000,126080111100002058,TRUE
2026-08-04 09:25:29.708,LIN-INNDES-01-L,,126080107900010076,TRUE
2026-08-04 09:25:26.974,AOI-PEP-01-UL,1260801054000,126080105400008001,TRUE
2026-08-04 09:25:26.800,WIR-Pretreatment-01-UL,1260623098010,12606230980002B127,TRUE
2026-08-04 09:25:26.329,LIN-INNTRE-01-UL,1260803004000,126080300400008033,TRUE
2026-08-04 09:25:25.519,CPP-Patternplating-01-L,1260714001000,126071400100058043,TRUE
2026-08-04 09:25:22.909,WIR-LDI-01-L,,12606190020002B142,TRUE
2026-08-04 09:25:23.661,LAM-BOP-02-UL,1260731052000,126073105200010068,TRUE
2026-08-04 09:25:20.281,ELC-RED-01-L,1260709037000,126070903700010071,TRUE
2026-08-04 09:25:18.111,LIN-OUTDEV-01-UL,1260703066000,126070306600001073,TRUE
2026-08-04 09:25:16.956,WIR-Decoatbake-01-L,1260707002000,126070700200049011,TRUE
2026-08-04 09:25:16.386,SMK-BRU-01-UL,1260709049020,126070904900001056,TRUE
2026-08-04 09:25:16.161,WIR-SE-01-L,1260620160000,12606201600002B026,TRUE
2026-08-04 09:24:29.202,ELC-INS-01-UL,1260703072000,126070307200001057,TRUE
2026-08-04 09:04:32.600,LSR-Debrowning-01-L,1260626079010,12606260790002B121,TRUE
2026-08-04 09:25:51.787,WIR-LDI-01-L,,12606190020002B141,TRUE
2026-08-04 09:25:53.798,FVI-OSP-01-UL,1260616024000,12606160240000105101,TRUE
2026-08-04 09:25:50.443,WIR-Pretreatment-01-L,1260611097000,12606110970001C080,TRUE
2026-08-04 09:25:48.244,SMK-BRU-02-L,1260716041000,126071604100001021,TRUE
2026-08-04 09:25:49.533,LIN-INNLDI-01-L,1260801111000,126080111100002056,TRUE
2026-08-04 09:25:47.716,LAM-BOP-02-UL,1260731052000,126073105200010064,TRUE
2026-08-04 09:25:45.407,LIN-INNTRE-01-UL,1260803004000,126080300400008034,TRUE
2026-08-04 09:25:44.388,LIN-INNDES-01-L,,126080107900010078,TRUE
2026-08-04 09:25:45.286,WIR-Decoatbake-01-UL,1260710001000,126071000100049007,TRUE
2026-08-04 09:25:42.959,WIR-SE-01-L,1260620160000,12606201600002B031,TRUE
2026-08-04 09:25:41.394,WIR-Vdevelop-01-L,1260716011010,126071601100058135,TRUE
2026-08-04 09:25:41.155,LIN-INNTRE-02-UL-2,,126080300200004031,TRUE
2026-08-04 09:25:40.159,WIR-LDI-01-UL,,12606190020002B151,TRUE
2026-08-04 09:25:38.808,SMK-BRU-01-UL,1260709049020,126070904900001073,TRUE
2026-08-04 09:25:38.781,ELC-INS-01-L,1260703072020,126070307200001071,TRUE
2026-08-04 09:25:38.709,WIR-SE-01-UL,1260620160000,12606201600002B048,TRUE
2026-08-04 09:24:49.142,LAM-BOP-02-L,1260731052000,126073105200010077,TRUE
2026-08-04 09:25:03.161,ELC-TRE-01-L,1260725010000,Error_202608041625031616,FALSE
2026-08-04 09:24:11.669,ELC-RED-01-UL,1260716053020,126070903700010062,TRUE
2026-08-04 09:19:06.170,LIN-OUTDEV-01-L,1260703066000,126070306600001073,TRUE
2026-08-04 09:26:13.830,LIN-INNLDI-01-L,1260801111000,126080111100002062,TRUE
2026-08-04 09:26:14.389,LIN-INNDES-01-L,,126080107900010028,TRUE
2026-08-04 09:26:11.795,LIN-INNTRE-02-UL-2,,126080300200004033,TRUE
2026-08-04 09:26:11.311,LAM-BOP-02-UL,1260731052000,126073105200010060,TRUE
2026-08-04 09:26:10.068,WIR-Vdevelop-01-UL,1260716011010,"126071601100058121,BB",TRUE
2026-08-04 09:26:09.718,WIR-SE-01-L,1260620160000,12606201600002B033,TRUE
2026-08-04 09:26:09.521,WIR-LDI-01-UL,,12606190020002B152,TRUE
2026-08-04 09:26:09.028,LSR-Debrowning-01-L,1260626079010,226052207400400023,TRUE
2026-08-04 09:26:06.015,WIR-SE-01-UL,1260620160000,12606201600002B053,TRUE
2026-08-04 09:26:05.882,ROU-RIN-01-UL,,Error_202608041626058824,FALSE
2026-08-04 09:26:05.095,LIN-INNTRE-01-UL,1260803004000,126080300400008035,TRUE
2026-08-04 09:26:04.865,WIR-Pretreatment-01-UL,1260623098010,12606230980002B125,TRUE
2026-08-04 09:26:04.864,SMK-BRU-01-UL,1260709049020,126070904900001063,TRUE
2026-08-04 09:25:57.184,SDM-DI-01-L,,12606040010002B134,TRUE
2026-08-04 09:25:55.719,ELC-RED-01-L,1260709037000,126070903700010045,TRUE
2026-08-04 09:25:45.286,WIR-Decoatbake-01-UL,1260710001000,126071000100049007,TRUE
2026-08-04 09:25:54.146,WIR-Decoatbake-01-L,1260707002000,126070700200049023,TRUE
2026-08-04 09:24:11.669,ELC-RED-01-UL,1260716053020,126070903700010062,TRUE
2026-08-04 09:25:01.856,AOI-RESAOI-01-UL,1260711114000,126071111400001068,TRUE
2026-08-04 09:26:23.830,LIN-INNLDI-01-L,1260801111000,126080111100002052,TRUE
2026-08-04 09:26:23.593,LAM-BOP-02-UL,1260731052000,126073105200010058,TRUE
2026-08-04 09:26:23.344,WIR-SE-01-UL,1260620160000,12606201600002B008,TRUE
2026-08-04 09:26:22.998,LSR-Debrowning-01-L,1260626079010,126070300400400013,TRUE
2026-08-04 09:26:22.189,LIN-INNTRE-01-UL,1260803004000,126080300400008036,TRUE
2026-08-04 09:26:20.256,WIR-LDI-01-L,,12606190020002B144,TRUE
2026-08-04 09:26:18.959,CPP-Patternplating-01-L,1260714001000,126071400100058044,TRUE
2026-08-04 09:26:18.033,FVI-OSP-01-UL,1260616024000,12606160240000105201,TRUE
2026-08-04 09:26:17.650,SMK-BRU-02-L,1260716041000,126071604100001052,TRUE
2026-08-04 09:26:17.115,WIR-Vdevelop-01-L,1260716011010,126071601100058134,TRUE
2026-08-04 09:25:01.856,AOI-RESAOI-01-UL,1260711114000,126071111400001068,TRUE
2026-08-04 09:26:42.850,WIR-Pretreatment-01-UL,1260623098010,12606230980002B126,TRUE
2026-08-04 09:26:47.070,LIN-INNDES-02-UL,,126080106600008078,TRUE
2026-08-04 09:26:42.702,LIN-INNDES-01-L,,126080107900010032,TRUE
2026-08-04 09:26:42.035,FVI-OSP-01-UL,1260616024000,12606160240000104001,TRUE
2026-08-04 09:26:40.703,WIR-SE-01-UL,1260620160000,12606201600002B052,TRUE
2026-08-04 09:26:40.205,LIN-INNTRE-01-UL,1260803004000,126080300400008037,TRUE
2026-08-04 09:26:38.944,WIR-LDI-01-UL,,12606190020002B154,TRUE
2026-08-04 09:26:38.551,LIN-INNLDI-01-L,1260801111000,126080111100002050,TRUE
2026-08-04 09:26:38.147,LIN-OUTDEV-01-L,1260703066020,126070306600001051,TRUE
2026-08-04 09:26:36.578,WIR-SE-01-L,1260620160000,12606201600002B025,TRUE
2026-08-04 09:26:36.171,LAM-BOP-02-UL,1260731052000,126073105200010056,TRUE
2026-08-04 09:26:34.299,ELC-INS-01-UL,1260703072020,126070307200001053,TRUE
2026-08-04 09:26:32.126,ELC-RED-01-L,1260709037000,126070903700010060,TRUE
2026-08-04 09:26:30.944,WIR-Decoatbake-01-L,1260707002000,126070700200049035,TRUE
2026-08-04 09:26:31.036,SMK-BRU-01-UL,1260709049020,126070904900001076,TRUE
2026-08-04 09:26:30.366,WIR-Decoatbake-01-UL,1260710001000,126071000100049005,TRUE
2026-08-04 09:26:29.318,WIR-Pretreatment-01-L,1260611097000,12606110970001C066,TRUE
2026-08-04 09:26:26.998,SDM-DI-01-UL,,12606040010001C207,TRUE
2026-08-04 09:26:26.464,ELC-TRE-01-L,1260725010000,Error_202608041626264645,FALSE
2026-08-04 09:25:01.856,AOI-RESAOI-01-UL,1260711114000,126071111400001068,TRUE
2026-08-04 09:27:00.064,LAM-BOP-02-UL,1260731052000,126073105200010052,TRUE
2026-08-04 09:26:58.928,LIN-INNLDI-01-L,1260801111000,126080111100002048,TRUE
2026-08-04 09:26:58.222,LIN-INNTRE-01-UL,1260803004000,126080300400008038,TRUE
2026-08-04 09:26:57.454,LIN-INNDES-01-L,,126080107900010034,TRUE
2026-08-04 09:26:54.788,LIN-OUTDEV-01-L,1260703066020,126070306600001007,TRUE
2026-08-04 09:26:56.678,SMK-BRU-01-UL,1260709049020,126070904900001025,TRUE
2026-08-04 09:26:52.945,WIR-Vdevelop-01-L,1260716011010,126071601100058133,TRUE
2026-08-04 09:26:48.876,LSR-Debrowning-01-L,1260626079010,226050804000400029,TRUE
2026-08-04 09:26:48.741,WIR-LDI-01-L,,12606190020002B143,TRUE
2026-08-04 09:26:48.154,ELC-TRE-01-L,1260725010000,Error_202608041626481540,FALSE
2026-08-04 09:26:48.304,WIR-Vdevelop-01-UL,1260716011010,"126071601100058174,BD",TRUE
2026-08-04 09:26:47.513,SMK-BRU-02-L,1260716041000,126071604100001063,TRUE
2026-08-04 09:25:01.856,AOI-RESAOI-01-UL,1260711114000,126071111400001068,TRUE
2026-08-04 09:27:22.811,ROU-RIN-01-UL,,Error_202608041627228118,FALSE
2026-08-04 09:27:23.101,SMK-BRU-01-UL,1260709049020,126070904900001071,TRUE
2026-08-04 09:27:22.797,WIR-Vdevelop-01-UL,1260716011010,"126071601100058129,BB",TRUE
2026-08-04 09:27:22.383,LIN-INNLDI-01-L,1260801111000,126080111100002054,TRUE
2026-08-04 09:27:21.629,LIN-INNTRE-02-UL-2,,126080300200004035,TRUE
2026-08-04 09:27:21.554,WIR-Pretreatment-01-UL,1260623098010,12606230980002B123,TRUE
2026-08-04 09:27:18.599,LIN-INNTRE-01-UL,1260803004000,126080300400008039,TRUE
2026-08-04 09:27:18.206,LSR-Debrowning-01-L,1260626079010,126070300300400079,TRUE
2026-08-04 09:27:17.662,LIN-OUTVAP-01-UL,,12606130040001C186,TRUE
2026-08-04 09:27:17.179,WIR-LDI-01-L,,12606190020002B146,TRUE
2026-08-04 09:27:17.110,SMK-BRU-02-L,1260716041000,126071604100001045,TRUE
2026-08-04 09:27:15.273,WIR-Decoatbake-01-UL,1260710001000,126071000100049037,TRUE
2026-08-04 09:27:14.930,LIN-OUTDEV-01-L,1260703066020,126070306600001056,TRUE
2026-08-04 09:27:12.799,LAM-BOP-02-UL,1260731052000,126073105200010050,TRUE
2026-08-04 09:27:12.617,CPP-Patternplating-01-L,1260714001000,126071400100058041,TRUE
2026-08-04 09:27:12.065,LIN-INNDES-01-L,,126080107900010036,TRUE
2026-08-04 09:27:09.108,ELC-TRE-01-L,1260725010000,Error_202608041627091088,FALSE
2026-08-04 09:27:08.679,WIR-LDI-01-UL,,12606190020002B153,TRUE
2026-08-04 09:27:07.617,WIR-Decoatbake-01-L,1260707002000,126070700200049036,TRUE
2026-08-04 09:27:07.336,WIR-Pretreatment-01-L,1260611097000,12606110970001C084,TRUE
2026-08-04 09:27:07.178,ELC-RED-01-L,1260709037000,126070903700010036,TRUE
2026-08-04 09:27:05.710,FVI-OSP-01-UL,1260616024000,12606160240000106401,TRUE
2026-08-04 09:27:03.125,WIR-SE-01-L,1260620160000,12606201600002B030,TRUE
2026-08-04 09:27:45.876,WIR-Pretreatment-01-L,1260611097000,12606110970001C062,TRUE
2026-08-04 09:27:45.438,WIR-LDI-01-L,,12606190020002B145,TRUE
2026-08-04 09:27:46.614,SMK-BRU-02-L,1260716041000,126071604100001044,TRUE
2026-08-04 09:27:44.048,WIR-Decoatbake-01-L,1260707002000,126070700200049010,TRUE
2026-08-04 09:27:41.570,ELC-RED-01-L,1260709037000,126070903700010003,TRUE
2026-08-04 09:27:39.070,LIN-INNLDI-01-L,1260801111000,126080111100002052,TRUE
2026-08-04 09:27:38.204,WIR-LDI-01-UL,,12606190020002B155,TRUE
2026-08-04 09:27:37.039,LIN-INNTRE-01-UL,1260803004000,126080300400008040,TRUE
2026-08-04 09:27:41.504,LIN-INNDES-01-L,,126080107900010040,TRUE
2026-08-04 09:27:36.863,LAM-BOP-02-UL,1260731052000,126073105200010046,TRUE
2026-08-04 09:27:34.776,LIN-OUTDEV-01-L,1260703066020,126070306600001058,TRUE
2026-08-04 09:27:35.973,LIN-INNTRE-02-UL-2,,126080300200004037,TRUE
2026-08-04 09:27:29.970,WIR-SE-01-L,1260620160000,12606201600002B039,TRUE
2026-08-04 09:27:29.476,FVI-OSP-01-UL,1260616024000,12606160240000103601,TRUE
2026-08-04 09:27:28.563,WIR-Vdevelop-01-L,1260716011010,126071601100058132,TRUE
2026-08-04 09:27:29.676,SDM-DI-01-L,,12606040010001C191,TRUE
2026-08-04 09:25:18.111,LIN-OUTDEV-01-UL,1260703066000,126070306600001073,TRUE
2026-08-04 09:24:07.701,AOI-RESAOI-01-L,1260711114000,126071111400001068,TRUE
2026-08-04 09:27:53.399,FVI-OSP-01-UL,1260616024000,12606160240000106201,TRUE
2026-08-04 09:27:53.321,LIN-INNTRE-01-UL,1260803004000,126080300400008041,TRUE
2026-08-04 09:27:50.697,SMK-BRU-01-UL,1260709049020,126070904900001030,TRUE
2026-08-04 09:27:50.646,LIN-INNTRE-02-UL-2,,126080300200004039,TRUE
2026-08-04 09:27:48.864,LAM-BOP-02-UL,1260731052000,126073105200010044,TRUE
2026-08-04 09:27:47.883,LIN-INNLDI-01-L,1260801111000,126080111100002042,TRUE
2026-08-04 09:28:17.106,SMK-BRU-01-UL,1260709049020,126070904900001058,TRUE
2026-08-04 09:28:16.491,SMK-BRU-02-L,1260716041000,126071604100001080,TRUE
2026-08-04 09:28:16.117,ELC-RED-01-L,1260709037000,126070903700010008,TRUE
2026-08-04 09:28:14.576,LIN-INNLDI-01-L,1260801111000,126080111100002048,TRUE
2026-08-04 09:28:14.283,WIR-LDI-01-L,,12606190020002B148,TRUE
2026-08-04 09:28:13.810,LIN-OUTDEV-01-L,1260703066020,126070306600001057,TRUE
2026-08-04 09:28:13.366,ELC-TRE-01-UL,1260725010000,Error_202608041628133662,FALSE
2026-08-04 09:28:13.117,LAM-BOP-02-UL,1260731052000,126073105200010040,TRUE
2026-08-04 09:28:11.385,LIN-INNTRE-01-UL,1260803004000,126080300400008042,TRUE
2026-08-04 09:28:10.727,LIN-INNDES-01-L,,126080107900010044,TRUE
2026-08-04 09:28:07.923,WIR-LDI-01-UL,,12606190020002B156,TRUE
2026-08-04 09:28:06.344,CPP-Patternplating-01-L,1260714001000,126071400100058022,TRUE
2026-08-04 09:28:05.511,LIN-INNDES-02-UL,,126080106600008077,TRUE
2026-08-04 09:28:04.976,LIN-INNTRE-02-UL-2,,126080300200004041,TRUE
2026-08-04 09:28:04.344,WIR-Vdevelop-01-L,1260716011010,126071601100058131,TRUE
2026-08-04 09:28:03.381,SDM-DI-01-UL,,12606040010001C215,TRUE
2026-08-04 09:28:00.766,WIR-Decoatbake-01-UL,1260710001000,126071000100049034,TRUE
2026-08-04 09:27:59.954,WIR-Pretreatment-01-UL,1260623098010,12606230980002B124,TRUE
2026-08-04 09:27:57.876,WIR-Vdevelop-01-UL,1260716011010,"126071601100058128,BD",TRUE
2026-08-04 09:27:56.455,WIR-SE-01-L,1260620160000,12606201600002B034,TRUE
2026-08-04 09:27:44.048,WIR-Decoatbake-01-L,1260707002000,126070700200049010,TRUE
2026-08-04 09:28:17.201,FVI-OSP-01-UL,1260616024000,12606160240000101001,TRUE
2026-08-04 09:25:18.111,LIN-OUTDEV-01-UL,1260703066000,126070306600001073,TRUE
2026-08-04 09:25:08.863,AOI-PEP-01-L,1260801054000,126080105400008001,TRUE
2026-08-04 09:28:36.728,LAM-BOP-02-L,1260731052000,126073105200010073,TRUE
2026-08-04 09:28:34.454,LIN-INNDES-02-UL,,126080106600008075,TRUE
2026-08-04 09:28:33.875,LIN-OUTDEV-01-L,1260703066020,126070306600001055,TRUE
2026-08-04 09:28:33.368,ELC-TRE-01-UL,1260725010000,Error_202608041628333685,FALSE
2026-08-04 09:28:33.196,LIN-INNTRE-02-UL-2,,126080300200004045,TRUE
2026-08-04 09:28:32.738,WIR-Vdevelop-01-UL,1260716011010,"126071601100058127,BD",TRUE
2026-08-04 09:28:32.279,LIN-INNLDI-01-L,1260801111000,126080111100002046,TRUE
2026-08-04 09:28:30.265,AOI-RESAOI-01-L,1260711114020,126071111400001070,TRUE
2026-08-04 09:28:29.729,LIN-INNTRE-01-UL,1260803004000,126080300400008043,TRUE
2026-08-04 09:28:26.768,WIR-Pretreatment-01-L,1260611097000,12606110970001C075,TRUE
2026-08-04 09:28:25.727,LIN-INNDES-01-L,,126080107900010046,TRUE
2026-08-04 09:28:23.362,WIR-SE-01-L,1260620160000,12606201600002B035,TRUE
2026-08-04 09:28:25.524,LAM-BOP-02-UL,1260731052000,126073105200010038,TRUE
2026-08-04 09:28:21.174,WIR-Decoatbake-01-L,1260707002000,126070700200049007,TRUE
2026-08-04 09:27:09.108,ELC-TRE-01-L,1260725010000,Error_202608041627091088,FALSE
2026-08-04 09:25:38.781,ELC-INS-01-L,1260703072020,126070307200001071,TRUE
2026-08-04 09:25:18.111,LIN-OUTDEV-01-UL,1260703066000,126070306600001073,TRUE
2026-08-04 08:55:32.848,WIR-DES-01-UL,1260709062110,126073106100078901,TRUE
2026-08-04 09:28:54.760,LIN-INNDES-01-L,,126080107900010050,TRUE
2026-08-04 09:28:53.593,LIN-OUTDEV-01-L,1260703066020,126070306600001070,TRUE
2026-08-04 09:28:52.144,LIN-INNDES-02-UL,,126080106600008053,TRUE
2026-08-04 09:28:50.832,WIR-SE-01-L,1260620160000,12606201600002B036,TRUE
2026-08-04 09:28:51.415,ELC-RED-01-L,1260709037000,????S>t?S??2?/(*??U?N??????-[+H0?b 9?]J?{C?3????uQ8?h??e?ID,TRUE
2026-08-04 09:28:50.088,LAM-BOP-02-UL,1260731052000,126073105200010034,TRUE
2026-08-04 09:28:49.561,LIN-INNLDI-01-L,1260801111000,126080111100002044,TRUE
2026-08-04 09:28:49.934,LIN-INNTRE-01-UL,1260803004000,126080300400008044,TRUE
2026-08-04 09:28:53.300,LIN-OUTVAP-01-UL,,12606130040001C192,TRUE
2026-08-04 09:28:48.354,LAM-BOP-02-L,1260731052000,126073105200010071,TRUE
2026-08-04 09:28:47.510,LIN-INNTRE-02-UL-2,,126080300200004047,TRUE
2026-08-04 09:28:46.151,SMK-BRU-02-L,1260716041000,126071604100001029,TRUE
2026-08-04 09:28:45.300,WIR-Decoatbake-01-UL,1260710001000,126071000100049035,TRUE
2026-08-04 09:28:43.957,WIR-SE-01-UL,1260620160000,12606201600002B057,TRUE
2026-08-04 09:28:42.629,WIR-LDI-01-L,,12606190020002B147,TRUE
2026-08-04 09:28:41.514,FVI-OSP-01-UL,1260616024000,12606160240000104701,TRUE
2026-08-04 09:28:40.810,SMK-BRU-01-UL,1260709049020,126070904900001037,TRUE
2026-08-04 09:28:44.187,AOI-RESAOI-01-L,1260711114020,126071111400001020,TRUE
2026-08-04 09:28:38.097,WIR-Pretreatment-01-UL,1260623098010,12606230980002B122,TRUE
2026-08-04 09:28:40.050,WIR-Vdevelop-01-L,1260716011010,126071601100058130,TRUE
2026-08-04 09:28:21.174,WIR-Decoatbake-01-L,1260707002000,126070700200049007,TRUE
2026-08-04 09:28:37.394,WIR-LDI-01-UL,,12606190020002B157,TRUE
2026-08-04 09:25:08.863,AOI-PEP-01-L,1260801054000,126080105400008001,TRUE
2026-08-04 09:23:34.534,LIN-INNTRE-02-UL-1,,126080300200004022,TRUE
2026-08-04 09:29:12.926,LIN-OUTDEV-01-L,1260703066020,126070306600001079,TRUE
2026-08-04 09:29:11.698,LAM-BOP-02-L,1260731052000,126073105200010067,TRUE
2026-08-04 09:29:11.364,WIR-LDI-01-L,,12606190020002B132,TRUE
2026-08-04 09:29:10.752,AOI-RESAOI-01-UL,1260711114020,126071111400001070,TRUE
2026-08-04 09:29:10.788,WIR-SE-01-UL,1260620160000,12606201600002B055,TRUE
2026-08-04 09:29:09.432,LIN-INNDES-01-L,,126080107900010008,TRUE
2026-08-04 09:29:10.113,LIN-INNDES-02-UL,,Error_202608041629101134,FALSE
2026-08-04 09:29:08.295,LIN-INNLDI-01-L,1260801111000,126080111100002042,TRUE
2026-08-04 09:29:08.068,WIR-Vdevelop-01-UL,1260716011010,"126071601100058126,BD",TRUE
2026-08-04 09:29:07.389,SMK-BRU-01-UL,1260709049020,126070904900001049,TRUE
2026-08-04 09:29:06.716,LIN-INNTRE-01-UL,1260803004000,126080300400008045,TRUE
2026-08-04 09:29:04.901,LAM-BOP-02-UL,1260731052000,126073105200010032,TRUE
2026-08-04 09:29:05.155,FVI-OSP-01-UL,1260616024000,12606160240000106901,TRUE
2026-08-04 09:29:02.667,SDM-DI-01-L,,12606040010001C182,TRUE
2026-08-04 09:29:02.599,WIR-Pretreatment-01-L,1260611097000,12606110970001C077,TRUE
2026-08-04 09:29:02.782,AOI-RESAOI-01-L,1260711114020,126071111400001027,TRUE
2026-08-04 09:29:01.950,LIN-INNTRE-02-UL-2,,126080300200004051,TRUE
2026-08-04 09:29:00.332,LIN-INNDES-02-L,,126080106000008027,TRUE
2026-08-04 09:29:00.161,CPP-Patternplating-01-L,1260714001000,126071400100058019,TRUE
2026-08-04 09:28:58.013,ELC-TRE-01-UL,1260725010000,Error_202608041628580136,FALSE
2026-08-04 09:28:57.536,WIR-Decoatbake-01-L,1260707002000,126070700200049008,TRUE
2026-08-04 09:28:51.415,ELC-RED-01-L,1260709037000,????S>t?S??2?/(*??U?N??????-[+H0?b 9?]J?{C?3????uQ8?h??e?ID,TRUE
2026-08-04 09:29:26.532,LAM-BOP-02-UL,1260731052000,126073105200010028,TRUE
2026-08-04 09:29:25.488,AOI-RESAOI-01-L,1260711114020,126071111400001078,TRUE
2026-08-04 09:29:24.907,LAM-BOP-02-L,1260731052000,126073105200010065,TRUE
2026-08-04 09:29:24.731,LIN-INNTRE-01-UL,1260803004000,126080300400008046,TRUE
2026-08-04 09:29:24.485,LIN-INNDES-01-L,,126080107900010010,TRUE
2026-08-04 09:29:23.397,WIR-LDI-01-UL,,12606190020002B139,TRUE
2026-08-04 09:29:16.835,WIR-SE-01-L,1260620160000,12606201600002B038,TRUE
2026-08-04 09:29:19.067,LIN-OUTVAP-01-UL,,12606130040001C100,TRUE
2026-08-04 09:29:16.552,WIR-Pretreatment-01-UL,1260623098010,12606230980002B121,TRUE
2026-08-04 09:29:16.405,ELC-TRE-01-L,1260725010000,Error_202608041629164059,FALSE
2026-08-04 09:29:16.372,LIN-INNTRE-02-UL-2,,126080300200004053,TRUE
2026-08-04 09:29:15.905,SMK-BRU-02-L,1260716041000,126071604100001061,TRUE
2026-08-04 09:29:15.755,WIR-Vdevelop-01-L,1260716011010,126071601100058156,TRUE
2026-08-04 09:29:15.035,LIN-INNDES-02-L,,126080106000008026,TRUE
2026-08-04 09:29:08.295,LIN-INNLDI-01-L,1260801111000,126080111100002042,TRUE
2026-08-04 09:28:58.013,ELC-TRE-01-UL,1260725010000,Error_202608041628580136,FALSE
2026-08-04 02:52:28.688,SMK-DIX-01-L,1260710031000,126071003100001023,TRUE
2026-08-04 09:29:48.552,AOI-RESAOI-01-L,1260711114020,126071111400001066,TRUE
2026-08-04 09:29:44.779,LIN-INNTRE-02-UL-2,,126080300200004057,TRUE
2026-08-04 09:29:45.409,SMK-BRU-02-L,1260716041000,126071604100001008,TRUE
2026-08-04 09:29:44.177,LIN-INNDES-02-L,,126080106000008024,TRUE
2026-08-04 09:29:48.175,LAM-BOP-02-L,1260731052000,126073105200010061,TRUE
2026-08-04 09:29:43.650,WIR-SE-01-L,1260620160000,12606201600002B037,TRUE
2026-08-04 09:29:43.122,LIN-INNTRE-01-UL,1260803004000,126080300400008047,TRUE
2026-08-04 09:29:41.009,WIR-Pretreatment-01-L,1260611097000,12606110970001C076,TRUE
2026-08-04 09:29:43.072,WIR-Vdevelop-01-UL,1260716011010,"126071601100058125,BB",TRUE
2026-08-04 09:29:40.299,ELC-TRE-01-L,1260725010000,Error_202608041629402990,FALSE
2026-08-04 09:29:39.822,WIR-LDI-01-L,,12606190020002B131,TRUE
2026-08-04 09:29:39.204,LIN-INNDES-01-L,,126080107900010012,TRUE
2026-08-04 09:29:38.525,WIR-SE-01-UL,1260620160000,12606201600002B002,TRUE
2026-08-04 09:29:38.329,LAM-BOP-02-UL,1260731052000,126073105200010026,TRUE
2026-08-04 09:29:35.199,SDM-DI-01-UL,,12606040010001C193,TRUE
2026-08-04 09:29:34.321,WIR-Decoatbake-01-L,1260707002000,126070700200049005,TRUE
2026-08-04 09:29:33.786,AOI-RESAOI-01-UL,1260711114020,126071111400001020,TRUE
2026-08-04 09:29:33.424,SMK-BRU-01-UL,1260709049020,126070904900001006,TRUE
2026-08-04 09:29:30.227,WIR-Decoatbake-01-UL,1260710001000,126071000100049032,TRUE
2026-08-04 09:29:32.989,LIN-OUTDEV-01-L,1260703066020,126070306600001047,TRUE
2026-08-04 09:29:29.298,FVI-OSP-01-UL,1260616024000,12606160240000104101,TRUE
2026-08-04 09:30:04.741,LIN-INNDES-02-L,,Error_202608041630047413,FALSE
2026-08-04 09:30:01.437,LIN-INNTRE-01-UL,1260803004000,126080300400008048,TRUE
2026-08-04 09:30:01.066,SMK-BRU-01-UL,1260709049020,126070904900001016,TRUE
2026-08-04 09:30:00.036,LAM-BOP-02-L,1260731052000,126073105200010059,TRUE
2026-08-04 09:30:00.143,ELC-TRE-01-L,1260725010000,Error_202608041630001436,FALSE
2026-08-04 09:29:59.826,LIN-INNTRE-02-UL-2,,126080300200004059,TRUE
2026-08-04 09:29:54.582,AOI-PEP-01-L,1260801053000,126080105300006074,TRUE
2026-08-04 09:29:56.552,AOI-RESAOI-01-UL,1260711114020,126071111400001027,TRUE
2026-08-04 09:29:53.831,LIN-INNDES-01-L,,126080107900010014,TRUE
2026-08-04 09:29:52.950,WIR-LDI-01-UL,,12606190020002B142,TRUE
2026-08-04 09:29:53.653,CPP-Patternplating-01-L,1260714001000,126071400100058020,TRUE
2026-08-04 09:29:52.740,LIN-OUTDEV-01-L,1260703066020,126070306600001049,TRUE
2026-08-04 09:29:52.642,FVI-OSP-01-UL,1260616024000,12606160240000101701,TRUE
2026-08-04 09:29:51.575,WIR-Vdevelop-01-L,1260716011010,126071601100058155,TRUE
2026-08-04 09:29:50.769,LAM-BOP-02-UL,1260731052000,126073105200010024,TRUE
2026-08-04 09:29:49.506,LIN-INNDES-02-UL,,126080106600008073,TRUE
2026-08-04 09:29:08.295,LIN-INNLDI-01-L,1260801111000,126080111100002042,TRUE
2026-08-04 09:30:17.174,ELC-TRE-01-UL,1260725010000,Error_202608041630171749,FALSE
2026-08-04 09:30:16.814,FVI-OSP-01-UL,1260616024000,12606160240000107101,TRUE
2026-08-04 09:30:16.426,LAM-BOP-02-UL,1260731052000,126073105200010022,TRUE
2026-08-04 09:30:15.513,WIR-Decoatbake-01-UL,1260710001000,126071000100049004,TRUE
2026-08-04 09:30:14.953,LIN-INNTRE-02-UL-2,,126080300200004061,TRUE
2026-08-04 09:30:14.846,SMK-BRU-02-L,1260716041000,126071604100001026,TRUE
2026-08-04 09:30:14.625,ELC-INS-01-L,1260703072020,Error_202608041630146255,FALSE
2026-08-04 09:30:12.116,LIN-OUTDEV-01-L,1260703066020,126070306600001074,TRUE
2026-08-04 09:30:11.723,LAM-BOP-02-L,1260731052000,126073105200010057,TRUE
2026-08-04 09:30:11.053,AOI-RESAOI-01-L,1260711114020,126071111400001058,TRUE
2026-08-04 09:30:10.919,WIR-Decoatbake-01-L,1260707002000,126070700200049006,TRUE
2026-08-04 09:30:10.228,WIR-SE-01-L,1260620160000,12606201600002B041,TRUE
2026-08-04 09:30:08.576,WIR-LDI-01-L,,12606190020002B134,TRUE
2026-08-04 09:30:07.850,LIN-INNDES-02-UL,,126080106600008074,TRUE
2026-08-04 09:30:08.379,LIN-INNDES-01-L,,126080107900010016,TRUE
2026-08-04 09:30:38.768,ELC-TRE-01-UL,1260725010000,Error_202608041630387687,FALSE
2026-08-04 09:30:38.116,LIN-INNDES-01-L,,126080107900010020,TRUE
2026-08-04 09:30:37.516,LIN-INNTRE-01-UL,1260803004000,126080300400008050,TRUE
2026-08-04 09:30:37.119,WIR-SE-01-L,1260620160000,12606201600002B040,TRUE
2026-08-04 09:30:36.873,WIR-LDI-01-L,,12606190020002B133,TRUE
2026-08-04 09:30:36.600,LAM-BOP-02-L,1260731052000,126073105200010053,TRUE
2026-08-04 09:30:35.624,SDM-DI-01-L,,12606040010001C218,TRUE
2026-08-04 09:30:33.819,AOI-RESAOI-01-L,1260711114020,126071111400001036,TRUE
2026-08-04 09:30:31.928,LIN-OUTDEV-01-L,1260703066020,126070306600001021,TRUE
2026-08-04 09:30:31.647,LAM-BOP-02-UL,1260731052000,126073105200010018,TRUE
2026-08-04 09:30:26.055,LIN-INNDES-02-UL,,Error_202608041630260552,FALSE
2026-08-04 09:30:27.248,WIR-Vdevelop-01-L,1260716011010,126071601100058154,TRUE
2026-08-04 09:30:24.926,SMK-BRU-01-UL,1260709049020,126070904900001020,TRUE
2026-08-04 09:30:19.560,WIR-Pretreatment-01-L,1260611097000,12606110970001C089,TRUE
2026-08-04 09:30:22.389,WIR-LDI-01-UL,,12606190020002B141,TRUE
2026-08-04 09:30:19.388,WIR-Vdevelop-01-UL,1260716011010,"126071601100058141,BD",TRUE
2026-08-04 09:30:18.944,AOI-RESAOI-01-UL,1260711114020,126071111400001078,TRUE
2026-08-04 09:30:04.741,LIN-INNDES-02-L,,Error_202608041630047413,FALSE
2026-08-04 09:29:54.582,AOI-PEP-01-L,1260801053000,126080105300006074,TRUE
2026-08-04 09:30:00.143,ELC-TRE-01-L,1260725010000,Error_202608041630001436,FALSE
2026-08-04 09:30:53.983,LIN-INNDES-02-UL,,126080106600008070,TRUE
2026-08-04 09:30:53.445,SMK-BRU-01-UL,1260709049020,126070904900001075,TRUE
2026-08-04 09:30:53.289,LAM-BOP-02-UL,1260731052000,126073105200010014,TRUE
2026-08-04 09:30:51.883,WIR-LDI-01-UL,,12606190020002B144,TRUE
2026-08-04 09:30:51.852,LIN-OUTDEV-01-L,1260703066020,126070306600001034,TRUE
2026-08-04 09:30:48.757,LAM-BOP-02-L,1260731052000,126073105200010049,TRUE
2026-08-04 09:30:47.570,WIR-Decoatbake-01-L,1260707002000,126070700200049021,TRUE
2026-08-04 09:30:47.179,CPP-Patternplating-01-L,1260714001000,126071400100058032,TRUE
2026-08-04 09:30:43.596,SMK-BRU-02-L,1260716041000,126071604100001023,TRUE
2026-08-04 09:30:42.178,AOI-RESAOI-01-UL,1260711114020,126071111400001066,TRUE
2026-08-04 09:30:41.916,WIR-SE-01-UL,1260620160000,12606201600002B001,TRUE
2026-08-04 09:30:52.804,LIN-INNDES-01-L,,126080107900010022,TRUE
2026-08-04 09:30:40.753,FVI-OSP-01-UL,1260616024000,12606160240000100301,TRUE
2026-08-04 09:30:04.741,LIN-INNDES-02-L,,Error_202608041630047413,FALSE
2026-08-04 09:31:13.081,SMK-BRU-02-L,1260716041000,126071604100001017,TRUE
2026-08-04 09:31:11.260,LIN-OUTDEV-01-L,1260703066020,126070306600001022,TRUE
2026-08-04 09:31:08.886,WIR-SE-01-UL,1260620160000,12606201600002B004,TRUE
2026-08-04 09:31:08.754,ELC-RED-01-UL,1260716053020,126070903700010079,TRUE
2026-08-04 09:31:08.656,LIN-INNDES-02-UL,,126080106600008072,TRUE
2026-08-04 09:31:07.117,LIN-INNDES-01-L,,126080107900010024,TRUE
2026-08-04 09:31:08.111,SDM-DI-01-UL,,12606040010002B167,TRUE
2026-08-04 09:31:05.883,WIR-LDI-01-L,,12606190020002B136,TRUE
2026-08-04 09:31:05.398,LAM-BOP-02-UL,1260731052000,126073105200010012,TRUE
2026-08-04 09:31:05.306,AOI-RESAOI-01-UL,1260711114020,126071111400001058,TRUE
2026-08-04 09:31:04.645,FVI-OSP-01-UL,1260616024000,12606160240000102601,TRUE
2026-08-04 09:31:03.776,WIR-SE-01-L,1260620160000,12606201600002B028,TRUE
2026-08-04 09:31:00.727,LAM-BOP-02-L,1260731052000,126073105200010045,TRUE
2026-08-04 09:31:00.680,WIR-Decoatbake-01-UL,1260710001000,126071000100049003,TRUE
2026-08-04 09:30:57.252,LIN-INNTRE-01-UL,1260803004000,126080300400008051,TRUE
2026-08-04 09:31:00.196,WIR-Pretreatment-01-L,1260611097000,12606110970001C078,TRUE
2026-08-04 09:30:55.399,WIR-Vdevelop-01-UL,1260716011010,"126071601100058140,BD",TRUE
2026-08-04 09:30:56.868,AOI-RESAOI-01-L,1260711114020,126071111400001040,TRUE
2026-08-04 09:30:00.143,ELC-TRE-01-L,1260725010000,Error_202608041630001436,FALSE
2026-08-04 09:29:16.552,WIR-Pretreatment-01-UL,1260623098010,12606230980002B121,TRUE
2026-08-04 09:31:36.431,LIN-INNDES-01-L,,126080107900010049,TRUE
2026-08-04 09:31:36.369,WIR-Pretreatment-01-L,1260611097000,12606110970001C082,TRUE
2026-08-04 09:31:35.340,WIR-SE-01-UL,1260620160000,12606201600002B054,TRUE
2026-08-04 09:31:34.697,WIR-LDI-01-L,,12606190020002B135,TRUE
2026-08-04 09:31:31.136,LIN-OUTDEV-01-L,1260703066020,126070306600001069,TRUE
2026-08-04 09:31:30.869,WIR-Vdevelop-01-UL,1260716011010,"126071601100058139,BD",TRUE
2026-08-04 09:31:30.622,WIR-SE-01-L,1260620160000,12606201600002B012,TRUE
2026-08-04 09:31:29.947,LAM-BOP-02-UL,1260731052000,126073105200010008,TRUE
2026-08-04 09:31:28.432,FVI-OSP-01-UL,1260616024000,12606160240000103501,TRUE
2026-08-04 09:31:28.058,AOI-RESAOI-01-UL,1260711114020,126071111400001036,TRUE
2026-08-04 09:31:24.275,WIR-Decoatbake-01-L,1260707002000,126070700200049060,TRUE
2026-08-04 09:31:26.931,LAM-BOP-02-L,1260731052000,126073105200010043,TRUE
2026-08-04 09:31:21.446,WIR-LDI-01-UL,,12606190020002B143,TRUE
2026-08-04 09:31:19.573,AOI-RESAOI-01-L,1260711114020,126071111400001079,TRUE
2026-08-04 09:31:18.753,ELC-TRE-01-L,1260725010000,Error_202608041631187537,FALSE
2026-08-04 09:31:19.103,SMK-BRU-01-UL,1260709049020,126070904900001051,TRUE
2026-08-04 09:31:08.754,ELC-RED-01-UL,1260716053020,126070903700010079,TRUE
2026-08-04 09:29:16.552,WIR-Pretreatment-01-UL,1260623098010,12606230980002B121,TRUE
2026-08-04 09:31:57.217,WIR-SE-01-L,1260620160000,12606201600002B043,TRUE
2026-08-04 09:31:53.572,LAM-BOP-02-UL,1260731052000,126073105200010079,TRUE
2026-08-04 09:31:52.575,FVI-OSP-01-UL,1260616024000,12606160240000105601,TRUE
2026-08-04 09:31:51.556,LAM-BOP-02-L,1260731052000,126073105200010039,TRUE
2026-08-04 09:31:51.385,LIN-INNDES-01-L,,126080107900010051,TRUE
2026-08-04 09:31:51.168,AOI-RESAOI-01-UL,1260711114020,126071111400001040,TRUE
2026-08-04 09:31:50.994,WIR-LDI-01-UL,,12606190020002B146,TRUE
2026-08-04 09:31:46.213,WIR-Decoatbake-01-UL,1260710001000,126071000100049006,TRUE
2026-08-04 09:31:50.793,LIN-OUTDEV-01-L,1260703066020,126070306600001053,TRUE
2026-08-04 09:31:46.136,SMK-BRU-01-UL,1260709049020,126070904900001015,TRUE
2026-08-04 09:31:44.161,ELC-RED-01-UL,1260716053020,126070903700010049,TRUE
2026-08-04 09:31:42.558,AOI-RESAOI-01-L,1260711114020,126071111400001004,TRUE
2026-08-04 09:31:42.020,SMK-BRU-02-L,1260716041000,126071604100001062,TRUE
2026-08-04 09:31:41.213,CPP-Patternplating-01-L,1260714001000,126071400100058030,TRUE
2026-08-04 07:59:16.531,LIN-OUTTRE-01-L,1260711066020,126071106600001032,TRUE
2026-08-04 09:32:17.632,LIN-INNTRE-01-UL,1260803004000,126080300400008053,TRUE
2026-08-04 09:32:16.492,ELC-RED-01-L,1260709037000,126070903700010074,TRUE
2026-08-04 09:32:16.208,LIN-INNDES-02-UL,,126080106600008068,TRUE
2026-08-04 09:32:16.128,LAM-BOP-02-L,1260731052000,126073105200010035,TRUE
2026-08-04 09:32:16.016,FVI-OSP-01-UL,1260616024000,12606160240000107001,TRUE
2026-08-04 09:32:14.833,LIN-INNDES-02-L,,Error_202608041632148337,FALSE
2026-08-04 09:32:14.729,WIR-Pretreatment-01-L,1260611097000,12606110970001C111,TRUE
2026-08-04 09:32:13.793,AOI-RESAOI-01-UL,1260711114020,126071111400001079,TRUE
2026-08-04 09:32:11.631,SMK-BRU-02-L,1260716041000,126071604100001065,TRUE
2026-08-04 09:32:10.449,LIN-OUTDEV-01-L,1260703066020,126070306600001066,TRUE
2026-08-04 09:32:06.901,WIR-Vdevelop-01-UL,1260716011010,"126071601100058138,BD",TRUE
2026-08-04 09:32:08.276,SDM-DI-01-L,,12606040010001C237,TRUE
2026-08-04 09:32:05.753,LIN-INNDES-01-L,,126080107900010053,TRUE
2026-08-04 09:32:06.097,LAM-BOP-02-UL,1260731052000,126073105200010077,TRUE
2026-08-04 09:32:05.574,AOI-RESAOI-01-L,1260711114020,126071111400001054,TRUE
2026-08-04 09:32:01.702,WIR-SE-01-UL,1260620160000,12606201600002B007,TRUE
2026-08-04 09:32:02.025,WIR-Decoatbake-01-L,1260707002000,126070700200049018,TRUE
2026-08-04 09:31:44.161,ELC-RED-01-UL,1260716053020,126070903700010049,TRUE
2026-08-04 09:32:03.478,WIR-LDI-01-L,,12606190020002B138,TRUE
2026-08-04 09:32:20.520,LIN-INNDES-01-L,,126080107900010055,TRUE
2026-08-04 09:32:20.385,WIR-LDI-01-UL,,12606190020002B145,TRUE
2026-08-04 09:32:20.364,LIN-INNDES-02-L,,Error_202608041632203649,FALSE
2026-08-04 09:32:18.774,ELC-RED-01-UL,1260716053020,126070903700010040,TRUE
2026-08-04 07:59:16.531,LIN-OUTTRE-01-L,1260711066020,126071106600001032,TRUE
2026-08-04 09:32:46.042,SMK-BRU-01-UL,1260709049020,126070904900001003,TRUE
2026-08-04 09:32:45.381,LIN-INNDES-02-UL,,126080106600008067,TRUE
2026-08-04 09:32:45.159,LIN-OUTDEV-01-UL,1260703066000,126070306600001051,TRUE
2026-08-04 09:32:43.151,WIR-Vdevelop-01-UL,1260716011010,"126071601100058137,BB",TRUE
2026-08-04 09:32:41.289,SMK-BRU-02-L,1260716041000,126071604100001004,TRUE
2026-08-04 09:32:40.679,LIN-INNTRE-01-UL,1260803004000,126080300400008055,TRUE
2026-08-04 09:32:40.198,LAM-BOP-02-L,1260731052000,126073105200010031,TRUE
2026-08-04 09:32:40.066,FVI-OSP-01-UL,1260616024000,12606160240000104401,TRUE
2026-08-04 09:32:39.136,WIR-Decoatbake-01-L,1260707002000,126070700200049019,TRUE
2026-08-04 09:32:37.731,SDM-DI-01-UL,,12606040010001C194,TRUE
2026-08-04 09:32:37.200,ELC-RED-01-L,1260709037000,126070903700010065,TRUE
2026-08-04 09:32:37.189,AOI-RESAOI-01-UL,1260711114020,126071111400001004,TRUE
2026-08-04 09:32:35.620,LIN-INNDES-01-L,,126080107900010057,TRUE
2026-08-04 09:32:35.573,CPP-Patternplating-01-L,1260714001000,126071400100058028,TRUE
2026-08-04 09:32:31.886,WIR-LDI-01-L,,12606190020002B137,TRUE
2026-08-04 09:32:30.464,WIR-Decoatbake-01-UL,1260710001000,126071000100049002,TRUE
2026-08-04 09:32:30.358,LIN-OUTDEV-01-L,1260703066020,126070306600001059,TRUE
2026-08-04 09:32:28.109,WIR-SE-01-UL,1260620160000,12606201600002B009,TRUE
2026-08-04 09:32:29.061,AOI-RESAOI-01-L,1260711114020,126071111400001043,TRUE
2026-08-04 09:32:20.364,LIN-INNDES-02-L,,Error_202608041632203649,FALSE
2026-08-04 09:31:57.217,WIR-SE-01-L,1260620160000,12606201600002B043,TRUE
2026-08-04 09:30:38.768,ELC-TRE-01-UL,1260725010000,Error_202608041630387687,FALSE
2026-08-04 08:19:01.685,LIN-OUTTRE-01-UL,1260710007000,126071106600001057,TRUE
2026-08-04 09:33:04.747,LIN-INNDES-01-L,,126080107900010061,TRUE
2026-08-04 09:33:04.403,LAM-BOP-02-L,1260731052000,126073105200010027,TRUE
2026-08-04 09:33:03.914,LIN-INNTRE-01-UL,1260803004000,126080300400008057,TRUE
2026-08-04 09:33:04.050,FVI-OSP-01-UL,1260616024000,12606160240000103101,TRUE
2026-08-04 09:33:00.465,WIR-LDI-01-L,,12606190020002B140,TRUE
2026-08-04 09:33:03.691,LIN-INNTRE-02-UL-2,,126080300200004063,TRUE
2026-08-04 09:33:00.379,AOI-RESAOI-01-UL,1260711114020,126071111400001054,TRUE
2026-08-04 09:33:00.209,LIN-INNDES-02-UL,,126080106600008066,TRUE
2026-08-04 09:32:55.526,WIR-Pretreatment-01-L,1260611097000,12606110970001C106,TRUE
2026-08-04 09:32:54.907,WIR-SE-01-UL,1260620160000,12606201600002B003,TRUE
2026-08-04 09:32:51.675,AOI-RESAOI-01-L,1260711114020,126071111400001049,TRUE
2026-08-04 09:32:50.011,WIR-LDI-01-UL,,12606190020002B148,TRUE
2026-08-04 09:32:49.956,LIN-OUTDEV-01-L,1260703066020,126070306600001028,TRUE
2026-08-04 09:32:52.732,ELC-RED-01-UL,1260716053020,126070903700010031,TRUE
2026-08-04 09:32:46.042,SMK-BRU-01-UL,1260709049020,126070904900001003,TRUE
2026-08-04 09:30:38.768,ELC-TRE-01-UL,1260725010000,Error_202608041630387687,FALSE
2026-08-04 01:39:22.652,ELC-PUL-02-UL,1260626078030,126062607800001067,TRUE
2026-08-04 09:33:27.718,ELC-INS-01-UL,1260703072020,126070307200001042,TRUE
2026-08-04 09:33:27.708,FVI-OSP-01-UL,1260616024000,12606160240000106601,TRUE
2026-08-04 09:33:26.918,LIN-INNTRE-01-UL,1260803004000,126080300400008059,TRUE
2026-08-04 09:33:26.630,LIN-OUTDEV-01-UL,1260703066000,126070306600001056,TRUE
2026-08-04 09:33:23.114,AOI-RESAOI-01-UL,1260711114020,126071111400001043,TRUE
2026-08-04 09:33:22.411,WIR-SE-01-UL,1260620160000,12606201600002B006,TRUE
2026-08-04 09:33:19.561,LIN-INNDES-01-L,,126080107900010063,TRUE
2026-08-04 09:33:18.527,WIR-Vdevelop-01-UL,1260716011010,"126071601100058136,BD",TRUE
2026-08-04 09:33:19.511,WIR-LDI-01-UL,,12606190020002B147,TRUE
2026-08-04 09:33:17.817,LIN-INNTRE-02-UL-2,,126080300200004065,TRUE
2026-08-04 09:33:16.404,LAM-BOP-02-L,1260731052000,126073105200010025,TRUE
2026-08-04 09:33:16.121,WIR-Decoatbake-01-L,1260707002000,126070700200049022,TRUE
2026-08-04 09:33:15.465,WIR-Decoatbake-01-UL,1260710001000,126071000100049026,TRUE
2026-08-04 09:33:14.769,AOI-RESAOI-01-L,1260711114020,126071111400001022,TRUE
2026-08-04 09:33:14.882,LIN-INNDES-02-UL,,126080106600008065,TRUE
2026-08-04 09:33:13.387,ELC-TRE-01-UL,1260725010000,Error_202608041633133875,FALSE
2026-08-04 09:33:10.699,SMK-BRU-02-L,1260716041000,126071604100001036,TRUE
2026-08-04 09:33:09.717,ELC-RED-01-L,1260709037000,126070903700010018,TRUE
2026-08-04 09:33:09.550,LIN-OUTDEV-01-L,1260703066020,126070306600001032,TRUE
2026-08-04 09:32:52.732,ELC-RED-01-UL,1260716053020,126070903700010031,TRUE
2026-08-04 09:32:46.042,SMK-BRU-01-UL,1260709049020,126070904900001003,TRUE
2026-08-04 09:31:57.217,WIR-SE-01-L,1260620160000,12606201600002B043,TRUE
2026-08-04 09:33:48.815,LIN-INNDES-01-L,,126080107900010067,TRUE
2026-08-04 09:33:47.486,ELC-RED-01-L,1260709037000,126070903700010075,TRUE
2026-08-04 09:33:46.539,LIN-OUTDEV-01-UL,1260703066000,126070306600001058,TRUE
2026-08-04 09:33:45.960,AOI-RESAOI-01-UL,1260711114020,126071111400001049,TRUE
2026-08-04 09:33:46.616,LIN-INNTRE-02-UL-2,,126080300200004069,TRUE
2026-08-04 09:33:43.704,ELC-INS-01-UL,1260703072020,126070307200001071,TRUE
2026-08-04 09:33:40.388,SMK-BRU-02-L,1260716041000,126071604100001020,TRUE
2026-08-04 09:33:40.704,SDM-DI-01-L,,12606040010001C240,TRUE
2026-08-04 09:33:38.527,LIN-INNTRE-01-UL,1260803004000,126080300400008060,TRUE
2026-08-04 09:33:37.741,AOI-RESAOI-01-L,1260711114020,126071111400001014,TRUE
2026-08-04 09:33:35.867,LIN-INNDES-02-L,,126080106000008022,TRUE
2026-08-04 09:33:31.668,WIR-Pretreatment-01-L,1260611097000,12606110970001C091,TRUE
2026-08-04 09:33:30.888,ELC-TRE-01-UL,1260725010000,Error_202608041633308883,FALSE
2026-08-04 09:33:29.303,LIN-OUTDEV-01-L,1260703066020,126070306600001019,TRUE
2026-08-04 09:33:28.762,WIR-LDI-01-L,,12606190020002B123,TRUE
2026-08-04 09:33:28.512,CPP-Patternplating-01-L,1260714001000,126071400100058051,TRUE
2026-08-04 09:27:18.206,LSR-Debrowning-01-L,1260626079010,126070300300400079,TRUE
2026-08-04 09:33:55.252,ELC-TRE-01-L,1260725010000,Error_202608041633552522,FALSE
2026-08-04 09:33:53.889,ELC-TRE-01-UL,1260725010000,Error_202608041633538898,FALSE
2026-08-04 09:33:52.935,WIR-Vdevelop-01-UL,1260716011010,"126071601100058135,BD",TRUE
2026-08-04 09:33:52.310,WIR-Decoatbake-01-L,1260707002000,126070700200049044,TRUE
2026-08-04 09:33:50.169,LIN-INNTRE-01-UL,1260803004000,126080300400008061,TRUE
2026-08-04 09:33:51.823,FVI-OSP-01-UL,1260616024000,12606160240000106301,TRUE
2026-08-04 09:33:50.044,CPP-Horizontalplating-01-L,1260721077000,126072501300400042,TRUE
2026-08-04 09:33:49.271,WIR-SE-01-UL,1260620160000,12606201600002B005,TRUE
2026-08-04 09:33:49.085,LIN-OUTDEV-01-L,1260703066020,126070306600001042,TRUE
2026-08-04 09:34:13.312,LIN-INNTRE-01-UL,1260803004000,126080300400008063,TRUE
2026-08-04 09:34:12.078,ELC-TRE-01-L,1260725010000,Error_202608041634120780,FALSE
2026-08-04 09:34:11.064,SDM-DI-01-UL,,12606040010001C196,TRUE
2026-08-04 09:34:10.560,WIR-LDI-01-UL,,12606190020002B131,TRUE
2026-08-04 09:34:09.935,WIR-Pretreatment-01-L,1260611097000,12606110970001C093,TRUE
2026-08-04 09:34:08.852,LIN-OUTDEV-01-L,1260703066020,126070306600001043,TRUE
2026-08-04 09:34:05.330,LIN-OUTDEV-01-UL,1260703066000,126070306600001025,TRUE
2026-08-04 09:34:03.551,LIN-INNDES-01-L,,126080107900010069,TRUE
2026-08-04 09:34:02.893,ELC-RED-01-UL,1260716053020,126070903700010020,TRUE
2026-08-04 09:34:01.101,AOI-RESAOI-01-L,1260711114020,126071111400001069,TRUE
2026-08-04 09:34:00.591,WIR-Decoatbake-01-UL,1260710001000,126071000100049025,TRUE
2026-08-04 09:33:59.466,CPP-Horizontalplating-01-L,1260721077000,126072501300400108,TRUE
2026-08-04 09:33:57.892,ELC-INS-01-UL,1260703072020,126070307200001069,TRUE
2026-08-04 09:32:46.042,SMK-BRU-01-UL,1260709049020,126070904900001003,TRUE
2026-08-04 09:33:57.482,WIR-LDI-01-L,,12606190020002B126,TRUE
2026-08-04 09:34:29.342,WIR-Vdevelop-01-UL,1260716011010,"126071601100058134,BB",TRUE
2026-08-04 09:34:28.795,WIR-Decoatbake-01-L,1260707002000,126070700200049043,TRUE
2026-08-04 09:34:28.034,ELC-TRE-01-L,1260725010000,Error_202608041634280340,FALSE
2026-08-04 09:34:26.114,LAM-BOP-02-L,1260731052000,126073105200010023,TRUE
2026-08-04 09:34:25.717,WIR-LDI-01-L,,12606190020002B125,TRUE
2026-08-04 09:34:28.322,LIN-OUTDEV-01-L,1260703066020,126070306600001041,TRUE
2026-08-04 09:34:24.843,LIN-INNTRE-01-UL,1260803004000,126080300400008064,TRUE
2026-08-04 09:34:25.666,LIN-OUTDEV-01-UL,1260703066000,126070306600001057,TRUE
2026-08-04 09:34:22.633,ELC-RED-01-L,1260709037000,126070903700010007,TRUE
2026-08-04 09:34:22.076,CPP-Patternplating-01-L,1260714001000,126071400100058057,TRUE
2026-08-04 09:34:22.873,CPP-Horizontalplating-01-L,1260721077000,126072501300400026,TRUE
2026-08-04 09:34:19.235,SMK-BRU-02-L,1260716041000,Error_202608041634192354,FALSE
2026-08-04 09:34:18.332,LIN-INNDES-01-L,,126080107900010071,TRUE
2026-08-04 09:34:15.613,FVI-OSP-01-UL,1260616024000,12606160240000104301,TRUE
2026-08-04 09:34:15.132,WIR-SE-01-UL,1260620160000,12606201600002B016,TRUE
2026-08-04 09:34:01.101,AOI-RESAOI-01-L,1260711114020,126071111400001069,TRUE
2026-08-04 09:33:45.960,AOI-RESAOI-01-UL,1260711114020,126071111400001049,TRUE
2026-08-04 09:29:19.067,LIN-OUTVAP-01-UL,,12606130040001C100,TRUE
2026-08-04 09:34:50.349,LAM-BOP-02-L,1260731052000,126073105200010019,TRUE
2026-08-04 09:34:49.671,CPP-Horizontalplating-01-L,1260721077000,126072107700069902,TRUE
2026-08-04 09:34:48.343,WIR-Pretreatment-01-L,1260611097000,12606110970001C095,TRUE
2026-08-04 09:34:48.042,LIN-INNDES-01-L,,126080107900010073,TRUE
2026-08-04 09:34:48.025,LIN-OUTDEV-01-L,1260703066020,126070306600001015,TRUE
2026-08-04 09:34:45.932,LIN-OUTDEV-01-UL,1260703066000,126070306600001055,TRUE
2026-08-04 09:34:45.421,WIR-Decoatbake-01-UL,1260710001000,126071000100049024,TRUE
2026-08-04 09:34:44.753,SMK-BRU-02-L,1260716041000,126071604100001041,TRUE
2026-08-04 09:34:43.656,LIN-INNTRE-01-UL,1260803004000,126080300400008066,TRUE
2026-08-04 09:34:40.045,WIR-LDI-01-UL,,12606190020002B134,TRUE
2026-08-04 09:34:41.586,WIR-SE-01-UL,1260620160000,12606201600002B015,TRUE
2026-08-04 09:34:39.836,WIR-SE-01-L,1260620160010,12606201600002B140,TRUE
2026-08-04 09:34:39.480,LIN-INNDES-02-L,,126080106000008021,TRUE
2026-08-04 09:34:39.529,FVI-OSP-01-UL,1260616024000,12606160240000107401,TRUE
2026-08-04 09:34:38.384,ELC-RED-01-UL,1260716053020,126070903700010076,TRUE
2026-08-04 09:34:33.619,AOI-RESAOI-01-L,1260711114020,Error_202608041634336197,FALSE
2026-08-04 09:34:33.129,AOI-PEP-01-UL,1260801053000,126080105300006074,TRUE
2026-08-04 09:34:30.534,ELC-TRE-01-UL,1260725010000,12607250100004F009,TRUE
2026-08-04 09:29:19.067,LIN-OUTVAP-01-UL,,12606130040001C100,TRUE
2026-08-04 09:35:14.256,SMK-BRU-02-L,1260716041000,126071604100001024,TRUE
2026-08-04 09:35:14.412,AOI-PEP-01-L,1260801053000,126080105300006070,TRUE
2026-08-04 09:35:14.144,CPP-Horizontalplating-01-L,1260721077000,126072107700069901,TRUE
2026-08-04 09:35:13.908,ELC-RED-01-UL,1260716053020,126070903700010025,TRUE
2026-08-04 09:35:13.508,SDM-DI-01-L,,12606040010001C212,TRUE
2026-08-04 09:35:09.925,ELC-TRE-01-UL,1260725010000,Error_202608041635099259,FALSE
2026-08-04 09:35:09.473,WIR-LDI-01-UL,,12606190020002B133,TRUE
2026-08-04 09:35:08.687,LIN-INNDES-02-L,,126080106000008019,TRUE
2026-08-04 09:35:07.574,LIN-OUTDEV-01-L,1260703066020,126070306600001036,TRUE
2026-08-04 09:35:08.446,WIR-SE-01-UL,1260620160000,12606201600002B010,TRUE
2026-08-04 09:35:07.131,AOI-PEP-01-UL,1260801053000,126080105300006073,TRUE
2026-08-04 09:35:05.534,WIR-Decoatbake-01-L,1260707002000,126070700200049046,TRUE
2026-08-04 09:35:05.402,LIN-OUTDEV-01-UL,1260703066000,126070306600001070,TRUE
2026-08-04 09:35:05.159,WIR-Vdevelop-01-UL,1260716011010,"126071601100058133,BD",TRUE
2026-08-04 09:35:03.611,FVI-OSP-01-UL,1260616024000,12606160240000105801,TRUE
2026-08-04 09:35:00.711,WIR-SE-01-L,1260620160010,12606201600002B138,TRUE
2026-08-04 09:35:02.584,LAM-BOP-02-L,1260731052000,126073105200010017,TRUE
2026-08-04 09:35:02.381,LIN-INNDES-01-L,,126080107900010075,TRUE
2026-08-04 09:34:58.470,LIN-INNTRE-01-UL,1260803004000,126080300400008067,TRUE
2026-08-04 09:34:54.778,LIN-INNDES-02-UL,,126080106600008064,TRUE
2026-08-04 09:34:57.888,ELC-RED-01-L,1260709037000,126070903700010002,TRUE
2026-08-04 09:34:54.077,WIR-LDI-01-L,,12606190020002B128,TRUE
2026-08-04 02:52:28.688,SMK-DIX-01-L,1260710031000,126071003100001023,TRUE
2026-08-04 09:35:22.629,WIR-LDI-01-L,,12606190020002B127,TRUE
2026-08-04 09:35:21.790,WIR-SE-01-L,1260620160010,12606201600002B129,TRUE
2026-08-04 09:35:17.115,LIN-INNDES-01-L,,126080107900010079,TRUE
2026-08-04 09:35:16.956,LIN-INNTRE-01-UL,1260803004000,126080300400008068,TRUE
2026-08-04 09:35:16.756,AOI-PEP-01-UL,1260801053000,126080105300006072,TRUE
2026-08-04 09:35:15.519,CPP-Patternplating-01-L,1260714001000,126071400100058036,TRUE
2026-08-04 09:35:15.202,LIN-INNDES-02-UL,,126080106600008063,TRUE
2026-08-04 09:35:14.740,LAM-BOP-02-L,1260731052000,126073105200010015,TRUE
2026-08-04 09:35:09.925,ELC-TRE-01-UL,1260725010000,Error_202608041635099259,FALSE
2026-08-04 09:32:46.042,SMK-BRU-01-UL,1260709049020,126070904900001003,TRUE
2026-08-04 09:35:47.337,LIN-OUTDEV-01-L,1260703066020,126070306600001003,TRUE
2026-08-04 09:35:47.236,LIN-INNDES-02-UL,,126080106600008061,TRUE
2026-08-04 09:35:46.946,LIN-INNDES-01-L,,126080107900010004,TRUE
2026-08-04 09:35:46.758,AOI-PEP-01-UL,1260801053000,126080105300006069,TRUE
2026-08-04 09:35:45.212,AOI-PEP-01-L,1260801053000,126080105300006067,TRUE
2026-08-04 09:35:45.145,ELC-TRE-01-UL,1260725010000,12607250100004F013,TRUE
2026-08-04 09:35:45.056,LIN-OUTDEV-01-UL,1260703066000,126070306600001047,TRUE
2026-08-04 09:35:44.238,SDM-DI-01-UL,,12606040010001C191,TRUE
2026-08-04 09:35:44.129,LSR-Debrowning-01-UL,1260626079010,226052207400400044,TRUE
2026-08-04 09:35:43.256,SMK-BRU-02-L,1260716041000,126071604100001075,TRUE
2026-08-04 09:35:42.619,WIR-SE-01-L,1260620160010,12606201600002B127,TRUE
2026-08-04 09:35:42.446,LAM-BOP-02-UL,1260731052000,126073105200010075,TRUE
2026-08-04 09:35:41.818,WIR-Decoatbake-01-L,1260707002000,126070700200049045,TRUE
2026-08-04 09:35:40.662,WIR-Vdevelop-01-UL,1260716011010,"126071601100058132,BB",TRUE
2026-08-04 09:35:38.962,LAM-BOP-02-L,1260731052000,126073105200010011,TRUE
2026-08-04 09:35:37.688,LIN-INNDES-02-L,,126080106000008017,TRUE
2026-08-04 09:35:38.927,WIR-LDI-01-UL,,12606190020002B136,TRUE
2026-08-04 09:35:37.192,CPP-Horizontalplating-01-L,1260721077000,126072107700069005,TRUE
2026-08-04 09:35:34.740,LIN-INNTRE-01-UL,1260803004000,126080300400008069,TRUE
2026-08-04 09:35:35.977,WIR-SE-01-UL,1260620160000,12606201600002B011,TRUE
2026-08-04 09:35:33.437,ELC-RED-01-L,1260709037000,126070903700010017,TRUE
2026-08-04 09:35:30.489,WIR-Decoatbake-01-UL,1260710001000,126071000100049023,TRUE
2026-08-04 09:35:27.130,FVI-OSP-01-UL,1260616024000,12606160240000103301,TRUE
2026-08-04 09:35:27.113,WIR-Pretreatment-01-L,1260611097000,12606110970001C097,TRUE
2026-08-04 09:34:28.034,ELC-TRE-01-L,1260725010000,Error_202608041634280340,FALSE
2026-08-04 09:36:03.837,LAM-BOP-02-L,1260731052000,126073102800010043,TRUE
2026-08-04 09:36:03.106,LIN-INNDES-02-UL,,126080106600008060,TRUE
2026-08-04 09:36:03.042,WIR-SE-01-UL,1260620160000,12606201600002B014,TRUE
2026-08-04 09:36:01.665,LIN-INNDES-01-L,,126080107900010006,TRUE
2026-08-04 09:36:01.353,AOI-RESAOI-01-UL,1260711114020,126071111400001022,TRUE
2026-08-04 09:36:00.552,CPP-Horizontalplating-01-L,1260721077000,126072107700069001,TRUE
2026-08-04 09:35:55.602,AOI-PEP-01-UL,1260801053000,126080105300006068,TRUE
2026-08-04 09:35:55.288,LIN-INNTRE-01-UL,1260803004000,126080300400008070,TRUE
2026-08-04 09:35:53.633,AOI-PEP-01-L,1260801053000,126080105300006066,TRUE
2026-08-04 09:35:53.399,LAM-BOP-02-UL,1260731052000,126073105200010073,TRUE
2026-08-04 09:35:52.627,LIN-INNDES-02-L,,126080106000008016,TRUE
2026-08-04 09:35:51.099,WIR-LDI-01-L,,12606190020002B130,TRUE
2026-08-04 09:35:50.990,FVI-OSP-01-UL,1260616024000,12606160240000102901,TRUE
2026-08-04 09:35:49.703,ELC-RED-01-UL,1260716053020,126070903700010011,TRUE
2026-08-04 09:35:45.145,ELC-TRE-01-UL,1260725010000,12607250100004F013,TRUE
2026-08-04 09:35:42.619,WIR-SE-01-L,1260620160010,12606201600002B127,TRUE
2026-08-04 09:36:21.995,SMK-BRU-02-L,1260716041000,Error_202608041636219954,FALSE
2026-08-04 09:36:21.186,LIN-INNDES-02-L,,126080106000008014,TRUE
2026-08-04 09:36:19.444,WIR-LDI-01-L,,12606190020002B129,TRUE
2026-08-04 09:36:19.167,LIN-INNLDI-01-L,1260801117000,126080111700002078,TRUE
2026-08-04 09:36:18.475,WIR-Decoatbake-01-L,1260707002000,126070700200049048,TRUE
2026-08-04 09:36:17.181,AOI-PEP-01-UL,1260801053000,126080105300006066,TRUE
2026-08-04 09:36:18.122,LIN-INNDES-02-UL,,126080106600008058,TRUE
2026-08-04 09:36:16.726,LSR-Debrowning-01-UL,1260711001000,226052207400400023,TRUE
2026-08-04 09:36:16.572,LAM-BOP-02-UL,1260731052000,126073105200010069,TRUE
2026-08-04 09:36:15.759,AOI-PEP-01-L,1260801053000,126080105300006064,TRUE
2026-08-04 09:36:16.272,WIR-Vdevelop-01-UL,1260716011010,"126071601100058131,BD",TRUE
2026-08-04 09:36:16.384,LAM-BOP-02-L,1260731052000,126073102800010080,TRUE
2026-08-04 09:36:16.009,LIN-INNDES-01-L,,126080107900010017,TRUE
2026-08-04 09:36:15.194,WIR-Decoatbake-01-UL,1260710001000,126071000100049022,TRUE
2026-08-04 09:36:14.854,FVI-OSP-01-UL,1260616024000,12606160240000103901,TRUE
2026-08-04 09:36:14.553,LSR-Debrowning-01-L,1260711001000,12607110010003G022,TRUE
2026-08-04 09:36:13.147,LIN-INNTRE-01-UL,1260803004000,126080300400008071,TRUE
2026-08-04 09:36:09.084,CPP-Patternplating-01-L,1260714001000,126071400100058058,TRUE
2026-08-04 09:36:08.329,ELC-RED-01-L,1260709037000,126070903700010057,TRUE
2026-08-04 09:36:07.556,LIN-OUTDEV-01-L,1260703066020,126070306600001014,TRUE
2026-08-04 09:36:07.537,WIR-Pretreatment-01-L,1260611097000,12606110970001C099,TRUE
2026-08-04 09:36:04.759,LIN-OUTDEV-01-UL,1260703066000,126070306600001049,TRUE
2026-08-04 09:36:08.287,WIR-LDI-01-UL,,12606190020002B135,TRUE
2026-08-04 09:35:45.145,ELC-TRE-01-UL,1260725010000,12607250100004F013,TRUE
2026-08-04 09:36:47.929,WIR-LDI-01-L,,12606190020002B124,TRUE
2026-08-04 09:36:46.419,LIN-OUTDEV-01-L,1260703066020,126070306600001026,TRUE
2026-08-04 09:36:46.039,SDM-DI-01-L,,12606040010001C190,TRUE
2026-08-04 09:36:45.699,SMK-BRU-02-L,1260716041000,126071604100001050,TRUE
2026-08-04 09:36:45.432,LIN-INNDES-01-L,,126080107900010021,TRUE
2026-08-04 09:36:44.711,LSR-Debrowning-01-L,1260711001000,12607110010003G026,TRUE
2026-08-04 09:36:43.903,LIN-OUTDEV-01-UL,1260703066000,126070306600001021,TRUE
2026-08-04 09:36:43.631,WIR-Pretreatment-01-L,1260611097000,12606110970001C101,TRUE
2026-08-04 09:36:43.566,ELC-RED-01-L,1260709037000,126070903700010004,TRUE
2026-08-04 09:36:41.916,LAM-BOP-02-UL,1260731052000,126073105200010065,TRUE
2026-08-04 09:36:38.744,AOI-PEP-01-UL,1260801053000,126080105300006064,TRUE
2026-08-04 09:36:38.574,FVI-OSP-01-UL,1260616024000,12606160240000100201,TRUE
2026-08-04 09:36:37.869,AOI-PEP-01-L,1260801053000,126080105300006062,TRUE
2026-08-04 09:36:37.803,WIR-LDI-01-UL,,12606190020002B138,TRUE
2026-08-04 09:36:35.482,LIN-INNDES-02-L,,126080106000008013,TRUE
2026-08-04 09:36:35.402,LIN-INNLDI-01-L,1260801117000,126080111700002076,TRUE
2026-08-04 09:36:29.805,LIN-INNTRE-01-UL,1260803004000,126080300400008072,TRUE
2026-08-04 09:36:29.592,LIN-OUTVAP-01-UL,,12606130040001C084,TRUE
2026-08-04 09:36:29.120,WIR-SE-01-UL,1260620160000,12606201600002B022,TRUE
2026-08-04 09:36:28.354,WIR-SE-01-L,1260620160010,12606201600002B121,TRUE
2026-08-04 09:36:28.165,LAM-BOP-02-L,1260731052000,126073102800010029,TRUE
2026-08-04 09:36:25.084,CPP-Horizontalplating-01-L,1260721077000,126072107700069003,TRUE
2026-08-04 09:36:24.237,ELC-RED-01-UL,1260716053020,126070903700010046,TRUE
2026-08-04 09:36:59.526,AOI-PEP-01-UL,1260801053000,126080105300006062,TRUE
2026-08-04 09:36:59.504,ELC-RED-01-UL,1260716053020,126070903700010072,TRUE
2026-08-04 09:36:58.430,WIR-Pretreatment-01-UL,1260611097000,12606110970001C108,TRUE
2026-08-04 09:36:55.342,LIN-OUTVAP-01-UL,,12606130040001C104,TRUE
2026-08-04 09:36:55.221,WIR-SE-01-UL,1260620160000,12606201600002B021,TRUE
2026-08-04 09:36:54.742,WIR-Decoatbake-01-L,1260707002000,126070700200049037,TRUE
2026-08-04 09:36:54.545,LIN-INNLDI-01-L,1260801117000,126080111700002074,TRUE
2026-08-04 09:36:53.135,LAM-BOP-02-UL,1260731052000,126073105200010063,TRUE
2026-08-04 09:36:52.857,AOI-RESAOI-01-UL,1260711114020,126071111400001069,TRUE
2026-08-04 09:36:52.617,WIR-Vdevelop-01-UL,1260716011010,"126071601100058130,BD",TRUE
2026-08-04 09:36:50.370,AOI-PEP-01-L,1260801053000,126080105300006079,TRUE
2026-08-04 09:36:50.264,LIN-INNDES-02-L,,126080106000008012,TRUE
2026-08-04 09:36:49.557,LIN-INNTRE-01-UL,1260803004000,126080300400008073,TRUE
2026-08-04 09:36:56.773,LSR-Debrowning-01-UL,1260711001000,126070300400400013,TRUE
2026-08-04 09:36:47.726,CPP-Horizontalplating-01-L,1260721077000,126072107700069007,TRUE
2026-08-04 09:36:49.159,WIR-SE-01-L,1260620160010,12606201600002B126,TRUE
2026-08-04 09:36:18.122,LIN-INNDES-02-UL,,126080106600008058,TRUE
2026-08-04 09:36:28.165,LAM-BOP-02-L,1260731052000,126073102800010029,TRUE
2026-08-04 09:34:33.619,AOI-RESAOI-01-L,1260711114020,Error_202608041634336197,FALSE
2026-08-04 09:02:05.306,GLD-RinseENEPIG-01-UL,,12607030120001E007,TRUE
2026-08-04 09:37:15.306,LSR-Debrowning-01-UL,1260711001000,226050804000400029,TRUE
2026-08-04 09:37:15.105,SMK-BRU-02-L,1260716041000,126071604100001031,TRUE
2026-08-04 09:37:12.423,CPP-Horizontalplating-01-L,1260721077000,126072107700069006,TRUE
2026-08-04 09:37:10.591,AOI-RESAOI-01-UL,1260711114020,126071111400001014,TRUE
2026-08-04 09:37:10.087,LSR-Debrowning-01-L,1260711001000,12607110010003G029,TRUE
2026-08-04 09:37:09.987,WIR-SE-01-L,1260620160010,12606201600002B125,TRUE
2026-08-04 09:37:09.641,LIN-INNLDI-01-L,1260801117000,126080111700002072,TRUE
2026-08-04 09:37:07.933,LIN-INNTRE-01-UL,1260803004000,126080300400008074,TRUE
2026-08-04 09:37:07.188,WIR-LDI-01-UL,,12606190020002B137,TRUE
2026-08-04 09:37:06.154,LIN-OUTDEV-01-L,1260703066020,126070306600001029,TRUE
2026-08-04 09:37:05.137,LAM-BOP-02-UL,1260731052000,126073105200010061,TRUE
2026-08-04 09:37:04.216,LIN-OUTTRE-01-L,1260709019000,126070901900001048,TRUE
2026-08-04 09:37:04.592,LIN-INNDES-02-L,,126080106000008011,TRUE
2026-08-04 09:37:03.358,LIN-INNDES-02-UL,,126080108400008068,TRUE
2026-08-04 09:37:02.982,LIN-OUTDEV-01-UL,1260703066000,126070306600001034,TRUE
2026-08-04 09:37:02.938,CPP-Patternplating-01-L,1260714001000,126071400100058002,TRUE
2026-08-04 09:37:02.453,FVI-OSP-01-UL,1260616024000,12606160240000100401,TRUE
2026-08-04 09:37:00.839,LIN-INNDES-01-L,,126080107900010023,TRUE
2026-08-04 09:36:52.617,WIR-Vdevelop-01-UL,1260716011010,"126071601100058130,BD",TRUE
2026-08-04 09:37:00.398,WIR-Decoatbake-01-UL,1260710001000,126071000100049031,TRUE
2026-08-04 09:35:45.145,ELC-TRE-01-UL,1260725010000,12607250100004F013,TRUE
2026-08-04 09:34:28.034,ELC-TRE-01-L,1260725010000,Error_202608041634280340,FALSE
2026-08-04 09:37:32.813,ELC-RED-01-UL,1260716053020,126070903700010064,TRUE
2026-08-04 09:37:31.331,WIR-Decoatbake-01-L,1260707002000,126070700200049040,TRUE
2026-08-04 09:37:30.940,WIR-SE-01-L,1260620160010,12606201600002B122,TRUE
2026-08-04 09:37:28.471,WIR-Vdevelop-01-UL,1260716011010,"126071601100058156,BD",TRUE
2026-08-04 09:37:28.568,LIN-INNLDI-01-L,1260801117000,126080111700002070,TRUE
2026-08-04 09:37:28.310,LAM-BOP-02-UL,1260731052000,126073105200010057,TRUE
2026-08-04 09:37:26.364,FVI-OSP-01-UL,1260616024000,12606160240000100501,TRUE
2026-08-04 09:37:25.707,LIN-OUTDEV-01-UL,1260703066020,126070306600001022,TRUE
2026-08-04 09:37:24.715,LIN-INNTRE-01-UL,1260803004000,126080300400008075,TRUE
2026-08-04 09:37:24.346,WIR-Pretreatment-01-L,1260611097000,12606110970001C102,TRUE
2026-08-04 09:37:21.044,LIN-OUTTRE-01-L,1260709019000,126070901900001059,TRUE
2026-08-04 09:37:25.373,LIN-OUTDEV-01-L,1260703066020,126070306600001024,TRUE
2026-08-04 09:37:19.796,ELC-RED-01-L,1260709037000,126070903700010041,TRUE
2026-08-04 09:37:22.721,WIR-SE-01-UL,1260620160000,12606201600002B018,TRUE
2026-08-04 09:37:16.868,SDM-DI-01-UL,,12606040010001C182,TRUE
2026-08-04 09:36:55.342,LIN-OUTVAP-01-UL,,12606130040001C104,TRUE
2026-08-04 09:37:53.018,LIN-INNDES-01-L,,126080107900010025,TRUE
2026-08-04 09:37:52.491,LIN-INNLDI-01-L,1260801117000,126080111700002076,TRUE
2026-08-04 09:37:51.001,LIN-INNDES-02-L,,Error_202608041637510014,FALSE
2026-08-04 09:37:50.131,FVI-OSP-01-UL,1260616024000,12606160240000100101,TRUE
2026-08-04 09:37:49.067,WIR-SE-01-UL,1260620160000,12606201600002B017,TRUE
2026-08-04 09:37:46.153,LSR-Debrowning-01-L,1260711001000,12607110010003G021,TRUE
2026-08-04 09:37:45.496,WIR-Decoatbake-01-UL,1260710001000,126071000100049029,TRUE
2026-08-04 09:37:45.388,LIN-OUTDEV-01-L,1260703066020,126070306600001065,TRUE
2026-08-04 09:37:44.513,SMK-BRU-02-L,1260716041000,126071604100001018,TRUE
2026-08-04 09:37:44.479,LSR-Debrowning-01-UL,1260711001000,126070300300400079,TRUE
2026-08-04 09:37:42.281,LIN-INNDES-02-UL,,126080108400008080,TRUE
2026-08-04 09:37:42.027,LIN-INNTRE-01-UL,1260803004000,126080300400008076,TRUE
2026-08-04 09:37:41.826,AOI-RESAOI-01-UL,1260711114020,126071111400001041,TRUE
2026-08-04 09:37:41.748,LIN-OUTDEV-01-UL,1260703066020,126070306600001069,TRUE
2026-08-04 09:37:41.360,LAM-BOP-02-UL,1260731052000,126073105200010055,TRUE
2026-08-04 09:37:39.110,AOI-PEP-01-UL,1260801053000,126080105300006079,TRUE
2026-08-04 09:37:40.482,AOI-RESAOI-01-L,1260711114020,126071111400001053,TRUE
2026-08-04 09:37:37.629,WIR-Pretreatment-01-UL,1260611097000,12606110970001C100,TRUE
2026-08-04 09:37:37.251,AOI-PEP-01-L,1260801053000,126080105300006078,TRUE
2026-08-04 09:37:36.473,WIR-LDI-01-UL,,12606190020002B140,TRUE
2026-08-04 09:37:32.813,ELC-RED-01-UL,1260716053020,126070903700010064,TRUE
2026-08-04 09:37:35.520,CPP-Horizontalplating-01-L,1260721077000,126072107700069004,TRUE
2026-08-04 09:37:19.796,ELC-RED-01-L,1260709037000,126070903700010041,TRUE
2026-08-04 09:35:45.145,ELC-TRE-01-UL,1260725010000,12607250100004F013,TRUE
2026-08-04 09:38:16.161,WIR-SE-01-UL,1260620160000,12606201600002B029,TRUE
2026-08-04 09:38:15.020,WIR-Pretreatment-01-UL,1260611097000,12606110970001C098,TRUE
2026-08-04 09:38:14.475,FVI-OSP-01-UL,1260616024000,12606160240000100801,TRUE
2026-08-04 09:38:13.907,SMK-BRU-02-L,1260716041000,126071604100001049,TRUE
2026-08-04 09:38:13.643,LAM-BOP-02-L,1260731053000,126073105300012069,TRUE
2026-08-04 09:38:12.500,AOI-RESAOI-01-L,1260711114020,126071111400001064,TRUE
2026-08-04 09:38:08.488,ELC-RED-01-UL,1260716053020,126070903700010016,TRUE
2026-08-04 09:38:09.618,LIN-INNLDI-01-L,1260801117000,126080111700002074,TRUE
2026-08-04 09:38:08.004,WIR-Decoatbake-01-L,1260707002000,126070700200049039,TRUE
2026-08-04 09:38:05.770,WIR-LDI-01-UL,,12606190020002B123,TRUE
2026-08-04 09:38:04.969,LIN-OUTDEV-01-L,1260703066020,126070306600001005,TRUE
2026-08-04 09:38:03.598,WIR-Vdevelop-01-UL,1260716011010,"126071601100058155,BB",TRUE
2026-08-04 09:38:05.581,LAM-BOP-02-UL,1260731052000,126073105200010049,TRUE
2026-08-04 09:38:03.125,LIN-OUTDEV-01-UL,1260703066020,126070306600001053,TRUE
2026-08-04 09:38:03.033,LIN-INNDES-02-UL,,126080108300006019,TRUE
2026-08-04 09:38:01.888,LIN-INNTRE-01-UL,1260803004000,126080300400008077,TRUE
2026-08-04 09:38:00.629,WIR-Pretreatment-01-L,1260611097000,12606110970001C112,TRUE
2026-08-04 09:37:59.098,CPP-Horizontalplating-01-L,1260721077000,126072107700069002,TRUE
2026-08-04 09:37:56.613,CPP-Patternplating-01-L,1260714001000,126071400100058042,TRUE
2026-08-04 09:37:54.564,ELC-RED-01-L,1260709037000,126070903700010005,TRUE
2026-08-04 09:37:56.379,WIR-SE-01-L,1260620160010,12606201600002B124,TRUE
2026-08-04 09:35:45.145,ELC-TRE-01-UL,1260725010000,12607250100004F013,TRUE
2026-08-04 09:21:21.099,SMK-BRU-01-L,1260709049020,126070904900001015,TRUE
2026-08-04 09:38:35.848,AOI-RESAOI-01-L,1260711114020,126071111400001044,TRUE
2026-08-04 09:38:35.239,WIR-LDI-01-UL,,12606190020002B126,TRUE
2026-08-04 09:38:32.473,WIR-LDI-01-L,,12606110970001C080,TRUE
2026-08-04 09:38:32.373,LSR-Debrowning-01-L,1260711001000,12607110010003G020,TRUE
2026-08-04 09:38:31.114,WIR-Decoatbake-01-UL,1260710001000,126071000100049028,TRUE
2026-08-04 09:38:29.270,LAM-BOP-02-L,1260731053000,126073105300012067,TRUE
2026-08-04 09:38:30.849,ELC-RED-01-L,1260709037000,126070903700010002,TRUE
2026-08-04 09:38:27.681,LIN-INNLDI-01-L,1260801117000,126080111700002072,TRUE
2026-08-04 09:38:26.893,ELC-TRE-01-UL,1260725010000,Error_202608041638268931,FALSE
2026-08-04 09:38:25.800,LIN-OUTDEV-01-UL,1260703066020,126070306600001066,TRUE
2026-08-04 09:38:24.691,LIN-OUTDEV-01-L,1260703066020,126070306600001061,TRUE
2026-08-04 09:38:23.052,WIR-SE-01-L,1260620160010,12606201600002B131,TRUE
2026-08-04 09:38:22.848,CPP-Horizontalplating-01-L,1260721077000,126072107700069008,TRUE
2026-08-04 09:38:21.097,AOI-RESAOI-01-UL,1260711114020,126071111400001053,TRUE
2026-08-04 09:38:20.000,LIN-INNTRE-01-UL,1260803004000,126080300400008078,TRUE
2026-08-04 09:38:18.450,SDM-DI-01-L,,12606040010001C189,TRUE
2026-08-04 09:38:17.675,LAM-BOP-02-UL,1260731052000,126073105200010045,TRUE
2026-08-04 09:21:21.099,SMK-BRU-01-L,1260709049020,126070904900001015,TRUE
2026-08-04 09:07:04.680,SMK-SPR-01-L,1260606001010,12606110960001C220,TRUE
2026-08-04 09:38:46.301,LIN-OUTDEV-01-UL,1260703066020,126070306600001028,TRUE
2026-08-04 09:38:44.896,WIR-Decoatbake-01-L,1260707002000,126070700200049042,TRUE
2026-08-04 09:38:44.724,ELC-RED-01-UL,1260716053020,126070903700010013,TRUE
2026-08-04 09:38:44.333,AOI-RESAOI-01-UL,1260711114020,126071111400001077,TRUE
2026-08-04 09:38:44.411,LIN-OUTDEV-01-L,1260703066020,126070306600001072,TRUE
2026-08-04 09:38:43.996,LIN-INNLDI-01-L,1260801117000,126080111700002070,TRUE
2026-08-04 09:38:43.518,SMK-BRU-02-L,1260716041000,126071604100001070,TRUE
2026-08-04 09:38:43.506,LAM-BOP-02-UL,1260731052000,126073105200010043,TRUE
2026-08-04 09:38:42.068,WIR-SE-01-UL,1260620160000,12606201600002B024,TRUE
2026-08-04 09:38:39.895,WIR-Vdevelop-01-UL,1260716011010,"126071601100058154,BD",TRUE
2026-08-04 09:38:38.360,LIN-INNTRE-01-UL,1260803004000,126080300400008079,TRUE
2026-08-04 09:38:39.083,WIR-Pretreatment-01-L,1260611097000,12606110970001C115,TRUE
2026-08-04 09:38:37.699,FVI-OSP-01-UL,1260616024000,12606160240000100901,TRUE
2026-08-04 09:38:30.849,ELC-RED-01-L,1260709037000,126070903700010002,TRUE
2026-08-04 09:38:22.848,CPP-Horizontalplating-01-L,1260721077000,126072107700069008,TRUE
2026-08-04 09:37:56.613,CPP-Patternplating-01-L,1260714001000,126071400100058042,TRUE
2026-08-04 09:21:21.099,SMK-BRU-01-L,1260709049020,126070904900001015,TRUE
2026-08-04 09:39:04.552,WIR-LDI-01-UL,,12606190020002B125,TRUE
2026-08-04 09:39:03.661,LIN-OUTTRE-01-L,1260709019000,126070901900001061,TRUE
2026-08-04 09:39:02.234,LIN-INNLDI-01-L,1260801117000,126080111700002068,TRUE
2026-08-04 09:39:01.984,FVI-OSP-01-UL,1260616024000,12606160240000102801,TRUE
2026-08-04 09:38:58.973,AOI-RESAOI-01-L,1260711114020,126071111400001037,TRUE
2026-08-04 09:38:57.927,LIN-INNDES-02-L,,Error_202608041638579277,FALSE
2026-08-04 09:39:03.739,LIN-OUTDEV-01-L,1260703066020,126070306600001050,TRUE
2026-08-04 09:38:56.532,LIN-INNTRE-01-UL,1260803004000,126080300400008080,TRUE
2026-08-04 09:38:54.896,CPP-Horizontalplating-01-L,1260721077000,126072501300400010,TRUE
2026-08-04 09:38:56.429,LAM-BOP-02-UL,1260731052000,126073105200010041,TRUE
2026-08-04 09:38:53.646,WIR-Pretreatment-01-UL,1260611097000,12606110970001C096,TRUE
2026-08-04 09:38:53.225,LAM-BOP-02-L,1260731053000,126073105300012063,TRUE
2026-08-04 09:38:53.099,ELC-RED-01-L,1260709037000,126070903700010069,TRUE
2026-08-04 09:38:50.255,CPP-Patternplating-01-L,1260714001000,126071400100058040,TRUE
2026-08-04 09:38:49.748,SDM-DI-01-UL,,12606040010001C218,TRUE
2026-08-04 09:38:49.646,WIR-SE-01-L,1260620160010,12606201600002B128,TRUE
2026-08-04 09:38:26.893,ELC-TRE-01-UL,1260725010000,Error_202608041638268931,FALSE
2026-08-04 09:38:39.895,WIR-Vdevelop-01-UL,1260716011010,"126071601100058154,BD",TRUE
2026-08-04 09:36:55.342,LIN-OUTVAP-01-UL,,12606130040001C104,TRUE
2026-08-04 09:33:46.616,LIN-INNTRE-02-UL-2,,126080300200004069,TRUE
2026-08-04 09:39:20.944,LIN-OUTDEV-01-UL,1260703066020,126070306600001032,TRUE
2026-08-04 09:39:21.663,WIR-Decoatbake-01-L,1260707002000,126070700200049041,TRUE
2026-08-04 09:39:19.478,ELC-RED-01-UL,1260716053020,126070903700010021,TRUE
2026-08-04 09:39:22.022,AOI-RESAOI-01-L,1260711114020,126071111400001076,TRUE
2026-08-04 09:39:20.215,LAM-BOP-02-UL,1260731052000,126073105200010037,TRUE
2026-08-04 09:39:18.703,LIN-INNLDI-01-L,1260801117000,126080111700002066,TRUE
2026-08-04 09:39:18.687,LSR-Debrowning-01-L,1260711001000,12607110010003G027,TRUE
2026-08-04 09:39:17.522,WIR-Pretreatment-01-L,1260611097000,12606110970001C114,TRUE
2026-08-04 09:39:18.194,LIN-OUTTRE-01-L,1260709019000,126070901900001080,TRUE
2026-08-04 09:39:16.460,WIR-SE-01-L,1260620160010,12606201600002B130,TRUE
2026-08-04 09:39:14.165,LIN-INNDES-01-L,,126080107900010027,TRUE
2026-08-04 09:39:15.429,WIR-Decoatbake-01-UL,1260710001000,126071000100049055,TRUE
2026-08-04 09:39:13.710,CPP-Horizontalplating-01-L,1260721077000,126072501300400094,TRUE
2026-08-04 09:39:13.082,SMK-BRU-02-L,1260716041000,126071604100001073,TRUE
2026-08-04 09:39:12.852,ELC-RED-01-L,1260709037000,126070903700010006,TRUE
2026-08-04 09:39:07.912,AOI-RESAOI-01-UL,1260711114020,126071111400001064,TRUE
2026-08-04 09:39:08.803,WIR-SE-01-UL,1260620160000,12606201600002B023,TRUE
2026-08-04 09:39:04.552,WIR-LDI-01-UL,,12606190020002B125,TRUE
2026-08-04 09:39:46.533,LIN-INNLDI-01-L,1260801117000,126080111700002054,TRUE
2026-08-04 09:39:45.665,WIR-LDI-01-UL,,12606190020002B128,TRUE
2026-08-04 09:39:44.652,LAM-BOP-02-UL,1260731052000,126073105200010033,TRUE
2026-08-04 09:39:44.033,LIN-INNDES-01-L,,126080107900010031,TRUE
2026-08-04 09:39:44.554,AOI-RESAOI-01-L,1260711114020,126071111400001071,TRUE
2026-08-04 09:39:43.586,CPP-Patternplating-01-L,1260714001000,126071400100058037,TRUE
2026-08-04 09:39:42.805,SMK-BRU-02-L,1260716041000,126071604100001019,TRUE
2026-08-04 09:39:43.243,WIR-SE-01-L,1260620160010,12606201600002B123,TRUE
2026-08-04 09:39:41.242,LIN-OUTDEV-01-UL,1260703066020,126070306600001019,TRUE
2026-08-04 09:39:40.949,AOI-PEP-01-L,1260801053000,126080105300006057,TRUE
2026-08-04 09:39:39.679,LIN-OUTTRE-01-L,1260709019000,126070901900001055,TRUE
2026-08-04 09:39:32.101,WIR-Pretreatment-01-UL,1260611097000,12606110970001C094,TRUE
2026-08-04 09:39:35.820,WIR-SE-01-UL,1260620160000,12606201600002B026,TRUE
2026-08-04 09:39:30.413,AOI-RESAOI-01-UL,1260711114020,126071111400001044,TRUE
2026-08-04 09:39:25.548,FVI-OSP-01-UL,1260616024000,12606160240000107301,TRUE
2026-08-04 09:39:27.574,AOI-PEP-01-UL,1260801053000,126080105300006078,TRUE
2026-08-04 09:39:23.834,LIN-OUTDEV-01-L,1260703066020,126070306600001040,TRUE
2026-08-04 09:39:12.852,ELC-RED-01-L,1260709037000,126070903700010006,TRUE
2026-08-04 09:39:57.680,WIR-Decoatbake-01-L,1260707002000,126070700200049003,TRUE
2026-08-04 09:39:58.715,LIN-INNDES-01-L,,126080107900010033,TRUE
2026-08-04 09:39:56.965,LAM-BOP-02-UL,1260731052000,126073105200010031,TRUE
2026-08-04 09:39:56.040,WIR-Pretreatment-01-L,1260611097000,12606110970001C117,TRUE
2026-08-04 09:39:55.885,ELC-RED-01-UL,1260716053020,126070903700010071,TRUE
2026-08-04 09:39:53.830,LIN-INNLDI-01-L,1260801117000,126080111700002062,TRUE
2026-08-04 09:39:53.164,AOI-RESAOI-01-UL,1260711114020,126071111400001037,TRUE
2026-08-04 09:39:51.567,SDM-DI-01-L,,12606040010001C186,TRUE
2026-08-04 09:39:49.674,FVI-OSP-01-UL,1260616024000,12606160240000104601,TRUE
2026-08-04 09:39:49.291,ELC-RED-01-L,1260709037000,126070903700010034,TRUE
2026-08-04 09:40:15.322,WIR-LDI-01-UL,,12606190020002B127,TRUE
2026-08-04 09:40:13.107,LIN-INNDES-01-L,,126080107900010035,TRUE
2026-08-04 09:40:12.151,SMK-BRU-02-L,1260716041000,Error_202608041640121519,FALSE
2026-08-04 09:40:11.659,LIN-INNLDI-01-L,1260801117000,126080111700002060,TRUE
2026-08-04 09:40:10.400,WIR-Pretreatment-01-UL,1260611097000,12606110970001C092,TRUE
2026-08-04 09:40:09.823,SMK-BRU-02-UL,1260716041000,126071604100001044,TRUE
2026-08-04 09:40:09.744,WIR-SE-01-L,1260620160010,12606201600002B133,TRUE
2026-08-04 09:40:09.404,LAM-BOP-02-UL,1260731052000,126073105200010029,TRUE
2026-08-04 09:40:07.523,AOI-RESAOI-01-L,1260711114020,126071111400001060,TRUE
2026-08-04 09:40:04.931,WIR-SE-01-UL,1260620160000,12606201600002B031,TRUE
2026-08-04 09:40:04.849,LSR-Debrowning-01-L,1260711001000,12607110010003G030,TRUE
2026-08-04 09:40:00.851,LIN-OUTTRE-01-L,1260709019000,126070901900001025,TRUE
2026-08-04 09:40:00.274,WIR-Decoatbake-01-UL,1260710001000,126071000100049052,TRUE
2026-08-04 09:40:00.586,LIN-OUTDEV-01-UL,1260703066020,126070306600001042,TRUE
2026-08-04 09:32:46.042,SMK-BRU-01-UL,1260709049020,126070904900001003,TRUE
2026-08-04 09:21:21.099,SMK-BRU-01-L,1260709049020,126070904900001015,TRUE
2026-08-04 09:40:34.715,WIR-Decoatbake-01-L,1260707002000,126070700200049001,TRUE
2026-08-04 09:40:34.355,WIR-Pretreatment-01-L,1260611097000,12606110970001C119,TRUE
2026-08-04 09:40:34.278,SMK-BRU-02-UL,1260716041000,126071604100001080,TRUE
2026-08-04 09:40:33.170,LAM-BOP-02-UL,1260731052000,126073105200010025,TRUE
2026-08-04 09:40:32.319,LIN-INNDES-02-UL,,126080108300006029,TRUE
2026-08-04 09:40:30.260,WIR-SE-01-UL,1260620160000,12606201600002B033,TRUE
2026-08-04 09:40:30.885,AOI-RESAOI-01-L,1260711114020,126071111400001075,TRUE
2026-08-04 09:40:30.063,ELC-RED-01-UL,1260716053020,126070903700010045,TRUE
2026-08-04 09:40:29.482,LIN-INNDES-01-L,,126080107900010037,TRUE
2026-08-04 09:40:28.533,LIN-INNLDI-01-L,1260801117000,126080111700002058,TRUE
2026-08-04 09:40:25.538,SDM-DI-01-UL,,12606040010001C237,TRUE
2026-08-04 09:40:22.476,LIN-OUTTRE-01-L,1260709019000,126070901900001034,TRUE
2026-08-04 09:40:23.969,ELC-RED-01-L,1260709037000,126070903700010015,TRUE
2026-08-04 09:40:20.179,LIN-OUTDEV-01-UL,1260703066020,126070306600001043,TRUE
2026-08-04 09:40:16.382,AOI-RESAOI-01-UL,1260711114020,126071111400001076,TRUE
2026-08-04 09:40:12.151,SMK-BRU-02-L,1260716041000,Error_202608041640121519,FALSE
2026-08-04 09:21:21.099,SMK-BRU-01-L,1260709049020,126070904900001015,TRUE
2026-08-04 02:52:28.688,SMK-DIX-01-L,1260710031000,126071003100001023,TRUE
2026-08-04 09:40:56.325,WIR-SE-01-UL,1260620160000,12606201600002B025,TRUE
2026-08-04 09:40:54.958,LIN-INNLDI-01-L,1260801117000,126080111700002046,TRUE
2026-08-04 09:40:53.230,AOI-RESAOI-01-L,1260711114020,126071111400001067,TRUE
2026-08-04 09:40:51.226,LSR-Debrowning-01-L,1260711001000,12607110010003G024,TRUE
2026-08-04 09:40:46.601,LIN-INNDES-02-UL,,Error_202608041640466016,FALSE
2026-08-04 09:40:48.558,WIR-Pretreatment-01-UL,1260611097000,12606110970001C090,TRUE
2026-08-04 09:40:45.433,WIR-Decoatbake-01-UL,1260710001000,126071000100049053,TRUE
2026-08-04 09:40:44.340,WIR-LDI-01-UL,,12606190020002B130,TRUE
2026-08-04 09:40:43.995,LIN-OUTTRE-01-L,1260709019000,126070901900001050,TRUE
2026-08-04 09:40:43.030,LIN-INNDES-01-L,,126080107900010039,TRUE
2026-08-04 09:40:40.479,LIN-OUTDEV-01-UL,1260703066020,126070306600001041,TRUE
2026-08-04 09:40:38.557,AOI-RESAOI-01-UL,1260711114020,126071111400001071,TRUE
2026-08-04 09:40:37.308,CPP-Patternplating-01-L,1260714001000,126071400100058038,TRUE
2026-08-04 09:40:23.969,ELC-RED-01-L,1260709037000,126070903700010015,TRUE
2026-08-04 09:40:36.589,WIR-SE-01-L,1260620160010,12606201600002B134,TRUE
2026-08-04 09:41:14.382,LIN-INNLDI-01-L,1260801117000,126080111700002044,TRUE
2026-08-04 09:41:13.746,WIR-LDI-01-UL,,12606190020002B129,TRUE
2026-08-04 09:41:12.918,WIR-Pretreatment-01-L,1260611097000,12606110970001C118,TRUE
2026-08-04 09:41:12.593,LIN-INNDES-01-L,,126080107900010043,TRUE
2026-08-04 09:41:12.184,WIR-Decoatbake-01-L,1260707002000,126070700200049002,TRUE
2026-08-04 09:41:07.095,SMK-BRU-02-UL,1260716041000,126071604100001029,TRUE
2026-08-04 09:41:06.821,LIN-INNTRE-02-UL-1,,126080300200004026,TRUE
2026-08-04 09:41:06.105,LIN-OUTTRE-01-L,1260709019000,126070901900001014,TRUE
2026-08-04 09:41:04.221,ELC-RED-01-UL,1260716053020,126070903700010060,TRUE
2026-08-04 09:41:03.792,LIN-OUTDEV-01-UL,1260703066020,126070306600001015,TRUE
2026-08-04 09:41:01.933,AOI-RESAOI-01-UL,1260711114020,126071111400001060,TRUE
2026-08-04 09:41:03.122,WIR-SE-01-L,1260620160010,12606201600002B136,TRUE
2026-08-04 09:40:48.558,WIR-Pretreatment-01-UL,1260611097000,12606110970001C090,TRUE
2026-08-04 08:53:03.317,GLD-IR-01-L,,126070804600001078,TRUE
2026-08-04 09:41:37.143,SMK-BRU-02-UL,1260716041000,126071604100001061,TRUE
2026-08-04 09:41:31.060,CPP-Patternplating-01-L,1260714001000,126071400100058004,TRUE
2026-08-04 09:41:29.998,WIR-SE-01-L,1260620160010,12606201600002B132,TRUE
2026-08-04 09:41:30.591,WIR-Decoatbake-01-UL,1260710001000,126071000100049056,TRUE
2026-08-04 09:41:29.056,LIN-INNLDI-01-L,1260801117000,126080111700002042,TRUE
2026-08-04 09:41:28.792,LIN-INNTRE-02-UL-1,,126080300200004030,TRUE
2026-08-04 09:41:27.949,WIR-Pretreatment-01-UL,1260611097000,12606110970001C063,TRUE
2026-08-04 09:41:27.811,LIN-OUTTRE-01-L,1260709019000,126070901900001007,TRUE
2026-08-04 09:41:27.017,LIN-INNDES-01-L,,126080107900010045,TRUE
2026-08-04 09:41:24.826,AOI-RESAOI-01-UL,1260711114020,126071111400001075,TRUE
2026-08-04 09:41:24.398,SDM-DI-01-L,,12606040010002B130,TRUE
2026-08-04 09:41:23.623,WIR-SE-01-UL,1260620160000,12606201600002B030,TRUE
2026-08-04 09:41:19.576,LIN-OUTDEV-01-UL,1260703066020,126070306600001036,TRUE
2026-08-04 09:41:16.169,AOI-RESAOI-01-L,1260711114020,126071111400001011,TRUE
2026-08-04 09:41:43.029,WIR-LDI-01-UL,,12606190020002B124,TRUE
2026-08-04 09:41:42.751,LAM-BOP-02-UL,1260731052000,126073105200010023,TRUE
2026-08-04 09:41:41.454,LIN-INNDES-01-L,,126080107900010047,TRUE
2026-08-04 09:41:39.374,LIN-OUTDEV-01-UL,1260703066020,126070306600001018,TRUE
2026-08-04 09:41:39.746,LIN-INNTRE-02-UL-1,,126080300200004032,TRUE
2026-08-04 09:41:39.014,AOI-RESAOI-01-L,1260711114020,126071111400001063,TRUE
2026-08-04 09:41:38.598,ELC-RED-01-UL,1260716053020,126070903700010036,TRUE
2026-08-04 09:41:38.434,LIN-INNLDI-01-L,1260801117000,126080111700002050,TRUE
2026-08-04 09:41:37.461,LSR-Debrowning-01-L,1260711001000,12607110010003G028,TRUE
2026-08-04 09:40:23.969,ELC-RED-01-L,1260709037000,126070903700010015,TRUE
2026-08-04 09:38:26.893,ELC-TRE-01-UL,1260725010000,Error_202608041638268931,FALSE
2026-08-04 09:10:17.619,CPP-Horizontalplating-01-UL,1260606004010,126071407100029007,TRUE
2026-08-04 09:42:04.139,LIN-INNDES-02-UL,,126080106000008015,TRUE
2026-08-04 09:42:03.567,LIN-INNLDI-01-L,1260801117000,126080111700002038,TRUE
2026-08-04 09:42:02.279,LIN-INNTRE-02-UL-1,,126080300200004036,TRUE
2026-08-04 09:41:56.608,WIR-SE-01-L,1260620160010,12606201600002B139,TRUE
2026-08-04 09:41:58.155,LIN-OUTDEV-01-UL,1260703066020,126070306600001003,TRUE
2026-08-04 09:42:02.687,AOI-RESAOI-01-L,1260711114020,126071111400001074,TRUE
2026-08-04 09:41:55.119,SDM-DI-01-UL,,12606040010001C240,TRUE
2026-08-04 09:41:54.830,LAM-BOP-02-UL,1260731052000,126073105200010021,TRUE
2026-08-04 09:41:51.201,WIR-Pretreatment-01-L,1260611097000,12606110970001C116,TRUE
2026-08-04 09:41:56.080,LIN-INNDES-01-L,,126080107900010001,TRUE
2026-08-04 09:41:49.749,LIN-OUTTRE-01-L,1260709019000,126070901900001010,TRUE
2026-08-04 09:41:47.483,AOI-RESAOI-01-UL,1260711114020,126071111400001067,TRUE
2026-08-04 09:30:27.248,WIR-Vdevelop-01-L,1260716011010,126071601100058154,TRUE
2026-08-04 09:41:50.030,WIR-SE-01-UL,1260620160000,12606201600002B039,TRUE
2026-08-04 09:41:49.170,WIR-Decoatbake-01-L,1260707002000,126070700200049180,TRUE
2026-08-04 09:42:26.204,WIR-Decoatbake-01-L,1260707002000,126070700200049038,TRUE
2026-08-04 09:42:25.690,LIN-INNDES-01-L,,126080107900010005,TRUE
2026-08-04 09:42:24.877,AOI-RESAOI-01-L,1260711114020,126071111400001062,TRUE
2026-08-04 09:42:24.704,CPP-Patternplating-01-L,1260714001000,126071400100058017,TRUE
2026-08-04 09:42:23.815,LIN-INNTRE-02-UL-1,,126080300200004040,TRUE
2026-08-04 09:42:23.641,LSR-Debrowning-01-L,1260711001000,12607110010003G004,TRUE
2026-08-04 09:42:23.609,LIN-INNLDI-01-L,1260801117000,126080111700002036,TRUE
2026-08-04 09:42:22.752,LIN-INNTRE-02-UL-2,,126080300200004077,TRUE
2026-08-04 09:42:22.686,LIN-INNDES-02-L,,126080106000008007,TRUE
2026-08-04 09:42:19.596,LAM-BOP-02-UL,1260731052000,126073105200010017,TRUE
2026-08-04 09:42:18.654,LIN-INNDES-02-UL,,126080106000008016,TRUE
2026-08-04 09:42:17.595,LIN-OUTDEV-01-UL,1260703066020,126070306600001014,TRUE
2026-08-04 09:42:16.624,WIR-SE-01-UL,1260620160000,12606201600002B034,TRUE
2026-08-04 09:42:15.421,WIR-Decoatbake-01-UL,1260710001000,126071000100049054,TRUE
2026-08-04 09:42:14.090,ELC-RED-01-UL,1260716053020,126070903700010003,TRUE
2026-08-04 09:42:11.297,LIN-OUTTRE-01-L,1260709019000,126070901900001027,TRUE
2026-08-04 09:42:11.291,SMK-BRU-02-UL,1260716041000,126071604100001008,TRUE
2026-08-04 09:42:10.329,AOI-RESAOI-01-UL,1260711114020,126071111400001011,TRUE
2026-08-04 09:42:05.655,WIR-Pretreatment-01-UL,1260611097000,12606110970001C061,TRUE
2026-08-04 09:42:23.298,WIR-SE-01-L,1260620160010,12606201600002B142,TRUE
2026-08-04 09:34:28.034,ELC-TRE-01-L,1260725010000,Error_202608041634280340,FALSE
2026-08-04 09:38:56.532,LIN-INNTRE-01-UL,1260803004000,126080300400008080,TRUE
2026-08-04 09:42:44.494,WIR-Pretreatment-01-UL,1260611097000,12606110970001C064,TRUE
2026-08-04 09:42:43.721,LAM-BOP-02-UL,1260731052000,126073105200010013,TRUE
2026-08-04 09:42:43.457,WIR-SE-01-UL,1260620160000,12606201600002B035,TRUE
2026-08-04 09:42:41.783,LIN-OUTDEV-01-UL,1260703066020,126070306600001062,TRUE
2026-08-04 09:42:40.425,AOI-PEP-01-UL,1260801053000,126080105300006057,TRUE
2026-08-04 09:42:40.362,LIN-INNDES-01-L,,126080107900010007,TRUE
2026-08-04 09:42:38.138,LIN-INNLDI-01-L,1260801117000,126080111700002034,TRUE
2026-08-04 09:42:37.452,LIN-INNDES-02-L,,126080106000008006,TRUE
2026-08-04 09:42:34.752,LIN-INNTRE-02-UL-1,,126080300200004042,TRUE
2026-08-04 09:42:36.955,LIN-INNTRE-02-UL-2,,126080300200004075,TRUE
2026-08-04 09:42:33.669,SMK-BRU-02-UL,1260716041000,126071604100001026,TRUE
2026-08-04 09:42:33.643,LIN-OUTTRE-01-L,1260709019000,126070901900001074,TRUE
2026-08-04 09:42:33.471,AOI-RESAOI-01-UL,1260711114020,126071111400001063,TRUE
2026-08-04 09:42:33.343,LIN-INNDES-02-UL,,126080106000008017,TRUE
2026-08-04 09:42:29.408,WIR-Pretreatment-01-L,1260611097000,12606110970001C103,TRUE
2026-08-04 09:42:27.815,AOI-PEP-01-L,1260801053000,126080105300006080,TRUE
2026-08-04 09:43:00.331,WIR-Decoatbake-01-UL,1260710001000,126071000100049021,TRUE
2026-08-04 09:42:58.342,LIN-INNLDI-01-L,1260801117000,126080111700002032,TRUE
2026-08-04 09:42:57.548,SDM-DI-01-L,,12606040010001C230,TRUE
2026-08-04 09:42:57.424,LIN-OUTDEV-01-UL,1260703066020,126070306600001026,TRUE
2026-08-04 09:42:57.083,LIN-INNTRE-02-UL-1,,126080300200004046,TRUE
2026-08-04 09:42:55.765,LAM-BOP-02-UL,1260731052000,126073105200010011,TRUE
2026-08-04 09:42:55.706,AOI-RESAOI-01-UL,1260711114020,126071111400001074,TRUE
2026-08-04 09:42:55.440,LIN-OUTTRE-01-L,1260709019000,126070901900001053,TRUE
2026-08-04 09:42:55.176,LIN-INNDES-01-L,,126080107900010009,TRUE
2026-08-04 09:42:51.703,LIN-INNDES-02-L,,126080106000008005,TRUE
2026-08-04 09:42:51.098,LIN-INNTRE-02-UL-2,,126080300200004073,TRUE
2026-08-04 09:42:50.562,ELC-RED-01-UL,1260716053020,126070903700010008,TRUE
2026-08-04 09:42:50.021,WIR-SE-01-L,1260620160010,12606201600002B135,TRUE
2026-08-04 09:42:49.441,AOI-PEP-01-UL,1260801053000,126080105300006080,TRUE
2026-08-04 09:42:47.707,AOI-RESAOI-01-L,1260711114020,126071111400001055,TRUE
2026-08-04 09:43:13.928,AOI-PEP-01-L,1260801053000,126080105300006077,TRUE
2026-08-04 09:43:15.021,LIN-INNTRE-02-UL-1,,126080300200004050,TRUE
2026-08-04 09:43:13.389,LIN-INNLDI-01-L,1260801117000,126080111700002030,TRUE
2026-08-04 09:43:10.863,AOI-RESAOI-01-L,1260711114020,126071111400001002,TRUE
2026-08-04 09:43:10.632,WIR-SE-01-UL,1260620160000,12606201600002B036,TRUE
2026-08-04 09:43:09.850,LIN-INNDES-01-L,,126080107900010011,TRUE
2026-08-04 09:43:09.106,ROU-RIN-01-UL,,Error_202608041643091067,FALSE
2026-08-04 09:43:08.912,LAM-BOP-02-UL,1260731052000,126073102800010039,TRUE
2026-08-04 09:43:07.831,WIR-Pretreatment-01-L,1260611097000,12606110970001C113,TRUE
2026-08-04 09:43:06.426,LIN-INNDES-02-L,,126080106000008004,TRUE
2026-08-04 09:43:05.301,LIN-INNTRE-02-UL-2,,126080300200004071,TRUE
2026-08-04 09:43:09.986,LSR-Debrowning-01-L,1260711001000,12607110010003G018,TRUE
2026-08-04 09:43:05.155,SMK-BRU-02-UL,1260716041000,126071604100001023,TRUE
2026-08-04 09:43:03.362,WIR-Decoatbake-01-L,1260707002000,126070700200049057,TRUE
2026-08-04 09:43:37.192,LIN-OUTDEV-01-UL,1260703066020,126070306600001024,TRUE
2026-08-04 09:43:37.678,LIN-INNLDI-01-L,1260801117000,126080111700002036,TRUE
2026-08-04 09:43:35.553,LIN-INNDES-02-L,,126080106000008002,TRUE
2026-08-04 09:43:37.071,WIR-SE-01-UL,1260620160000,12606201600002B038,TRUE
2026-08-04 09:43:33.817,AOI-RESAOI-01-L,1260711114020,126071111400001046,TRUE
2026-08-04 09:43:33.225,LAM-BOP-02-UL,1260731052000,126073102800010080,TRUE
2026-08-04 09:43:26.462,LIN-INNTRE-01-UL,1260803009000,126080300900006001,TRUE
2026-08-04 09:43:30.816,SDM-DI-01-UL,,12606040010001C212,TRUE
2026-08-04 09:43:26.373,ROU-RIN-01-UL,,Error_202608041643263732,FALSE
2026-08-04 09:43:24.693,LIN-INNDES-01-L,,126080107900010013,TRUE
2026-08-04 09:43:24.330,ELC-RED-01-L,1260709037020,126070903700010001,TRUE
2026-08-04 09:43:19.176,AOI-RESAOI-01-UL,1260711114020,126071111400001062,TRUE
2026-08-04 09:43:22.583,WIR-Pretreatment-01-UL,1260611097000,12606110970001C067,TRUE
2026-08-04 09:43:18.160,CPP-Patternplating-01-L,1260714001000,126071400100058018,TRUE
2026-08-04 09:43:17.191,LIN-OUTTRE-01-L,1260709019000,126070901900001072,TRUE
2026-08-04 09:43:16.663,WIR-SE-01-L,1260620160010,12606201600002B137,TRUE
2026-08-04 09:43:49.570,LIN-INNDES-02-L,,126080106000008001,TRUE
2026-08-04 09:43:47.602,LIN-INNLDI-01-L,1260801117000,126080111700002026,TRUE
2026-08-04 09:43:46.459,WIR-Pretreatment-01-L,1260611097000,12606110970001C105,TRUE
2026-08-04 09:43:45.318,WIR-Decoatbake-01-UL,1260710001000,126071000100049018,TRUE
2026-08-04 09:43:44.959,LAM-BOP-02-UL,1260731052000,126073102800010029,TRUE
2026-08-04 09:43:44.493,LIN-INNTRE-01-UL,1260803009000,126080300900006002,TRUE
2026-08-04 09:43:43.369,WIR-SE-01-L,1260620160010,12606201600002B148,TRUE
2026-08-04 09:43:43.754,ELC-RED-01-L,1260709037020,126070903700010030,TRUE
2026-08-04 09:43:42.554,AOI-RESAOI-01-UL,1260711114020,126071111400001055,TRUE
2026-08-04 09:43:39.740,LIN-INNDES-01-L,,126080107900010015,TRUE
2026-08-04 09:43:39.132,LIN-OUTTRE-01-L,1260709019000,126070901900001051,TRUE
2026-08-04 09:43:39.286,WIR-Decoatbake-01-L,1260707002000,126070700200049059,TRUE
2026-08-04 09:44:18.100,LIN-INNTRE-02-UL-1,,126080300200004052,TRUE
2026-08-04 09:44:17.502,LIN-OUTDEV-01-UL,1260703066020,126070306600001005,TRUE
2026-08-04 09:44:17.386,ELC-RED-01-L,1260709037020,126070903700010061,TRUE
2026-08-04 09:44:15.663,WIR-Decoatbake-01-L,1260707002000,126070700200049015,TRUE
2026-08-04 09:44:12.241,CPP-Patternplating-01-L,1260714001000,126071400100058015,TRUE
2026-08-04 09:44:11.962,LIN-INNLDI-01-L,1260801117000,126080111700002032,TRUE
2026-08-04 09:44:09.982,WIR-SE-01-L,1260620160010,12606201600002B141,TRUE
2026-08-04 09:44:09.945,LAM-BOP-02-L,1260731053000,126073105300012059,TRUE
2026-08-04 09:44:08.194,WIR-Vdevelop-01-L,1260619002000,12606190020002B048,TRUE
2026-08-04 09:44:05.220,AOI-RESAOI-01-UL,1260711114020,126071111400001002,TRUE
2026-08-04 09:44:04.618,LIN-INNTRE-01-UL,1260803009000,126080300900006003,TRUE
2026-08-04 09:44:04.092,LIN-INNDES-02-L,,126080106000008050,TRUE
2026-08-04 09:44:03.168,WIR-SE-01-UL,1260620160000,12606201600002B037,TRUE
2026-08-04 09:44:01.393,SMK-BRU-02-UL,1260716041000,126071604100001017,TRUE
2026-08-04 09:44:00.875,LIN-OUTTRE-01-L,1260709019000,126070901900001042,TRUE
2026-08-04 09:44:00.537,WIR-Pretreatment-01-UL,1260611097000,12606110970001C069,TRUE
2026-08-04 09:43:56.710,AOI-RESAOI-01-L,1260711114020,126071111400001038,TRUE
2026-08-04 09:43:56.256,LSR-Debrowning-01-L,1260711001000,12607110010003G023,TRUE
2026-08-04 09:43:44.959,LAM-BOP-02-UL,1260731052000,126073102800010029,TRUE
2026-08-04 09:41:43.029,WIR-LDI-01-UL,,12606190020002B124,TRUE
2026-08-04 09:36:55.342,LIN-OUTVAP-01-UL,,12606130040001C104,TRUE
2026-08-04 09:44:32.102,AOI-PEP-01-L,1260801053000,126080105300006075,TRUE
2026-08-04 09:44:31.839,LIN-INNLDI-01-L,1260801117000,126080111700002030,TRUE
2026-08-04 09:44:31.774,LAM-BOP-02-L,1260731053000,126073105300012053,TRUE
2026-08-04 09:44:31.258,WIR-Vdevelop-01-L,1260619002000,12606190020002B060,TRUE
2026-08-04 09:44:30.616,SDM-DI-01-L,,12606040010001C226,TRUE
2026-08-04 09:44:30.091,WIR-SE-01-UL,1260620160000,12606201600002B041,TRUE
2026-08-04 09:44:30.538,WIR-Decoatbake-01-UL,1260710001000,126071000100049017,TRUE
2026-08-04 09:44:28.064,AOI-RESAOI-01-UL,1260711114020,126071111400001046,TRUE
2026-08-04 09:44:26.004,SMK-BRU-02-UL,1260716041000,126071604100001062,TRUE
2026-08-04 09:44:22.533,LIN-OUTTRE-01-L,1260709019000,126070901900001045,TRUE
2026-08-04 09:44:22.511,LIN-INNTRE-01-UL,1260803009000,126080300900006004,TRUE
2026-08-04 09:44:24.819,WIR-Pretreatment-01-L,1260611097000,12606110970001C104,TRUE
2026-08-04 09:44:19.673,AOI-RESAOI-01-L,1260711114020,126071111400001048,TRUE
2026-08-04 09:44:18.626,LIN-INNDES-02-L,,126080106000008049,TRUE
2026-08-04 09:44:12.241,CPP-Patternplating-01-L,1260714001000,126071400100058015,TRUE
2026-08-04 09:44:46.652,LIN-INNLDI-01-L,1260801117000,126080111700002028,TRUE
2026-08-04 09:44:47.053,SMK-BRU-02-UL,1260716041000,126071604100001065,TRUE
2026-08-04 09:44:42.814,AOI-RESAOI-01-L,1260711114020,126071111400001031,TRUE
2026-08-04 09:44:42.665,LAM-BOP-02-L,1260731053000,126073105300012055,TRUE
2026-08-04 09:44:44.205,LIN-OUTTRE-01-L,1260709019000,126070901900001038,TRUE
2026-08-04 09:44:42.493,LSR-Debrowning-01-L,1260711001000,12607110010003G025,TRUE
2026-08-04 09:44:38.930,WIR-Pretreatment-01-UL,1260611097000,12606110970001C071,TRUE
2026-08-04 09:44:36.623,WIR-SE-01-L,1260620160010,12606201600002B144,TRUE
2026-08-04 09:44:39.075,LIN-INNTRE-01-UL,1260803009000,126080300900006005,TRUE
2026-08-04 09:44:35.299,LIN-OUTDEV-01-UL,1260703066020,126070306600001061,TRUE
2026-08-04 09:44:33.618,AOI-PEP-01-UL,1260801053000,126080105300006077,TRUE
2026-08-04 09:44:33.284,LIN-INNDES-02-L,,126080106000008048,TRUE
2026-08-04 09:45:03.744,WIR-Vdevelop-01-L,1260619002000,12606190020002B050,TRUE
2026-08-04 09:45:03.358,WIR-SE-01-L,1260620160010,12606201600002B143,TRUE
2026-08-04 09:45:01.747,LIN-INNDES-02-L,,126080106000008046,TRUE
2026-08-04 09:45:00.321,SDM-DI-01-UL,,12606040010001C190,TRUE
2026-08-04 09:44:57.374,WIR-SE-01-UL,1260620160000,12606201600002B040,TRUE
2026-08-04 09:44:56.778,LIN-INNTRE-01-UL,1260803009000,126080300900006006,TRUE
2026-08-04 09:44:56.768,LIN-OUTDEV-01-UL,1260703066020,126070306600001072,TRUE
2026-08-04 09:44:56.652,LIN-INNLDI-01-L,1260801117000,126080111700002018,TRUE
2026-08-04 09:44:53.057,AOI-PEP-01-UL,1260801053000,126080105300006076,TRUE
2026-08-04 09:44:53.635,LAM-BOP-02-L,1260731053000,126073105300012057,TRUE
2026-08-04 09:44:52.306,WIR-Decoatbake-01-L,1260707002000,126070700200049016,TRUE
2026-08-04 09:44:52.261,ELC-RED-01-L,1260709037020,126070903700010032,TRUE
2026-08-04 09:44:51.049,AOI-RESAOI-01-UL,1260711114020,126071111400001038,TRUE
2026-08-04 09:44:50.242,LIN-INNTRE-02-UL-1,,126080300200004054,TRUE
2026-08-04 09:45:16.979,WIR-Pretreatment-01-UL,1260611097000,12606110970001C070,TRUE
2026-08-04 09:45:18.542,LAM-BOP-02-UL,1260731053000,126073105300012073,TRUE
2026-08-04 09:45:16.857,LIN-INNDES-02-L,,126080106000008045,TRUE
2026-08-04 09:45:16.761,LAM-BOP-02-L,1260731053000,126073105300012045,TRUE
2026-08-04 09:45:16.325,LIN-INNLDI-01-L,1260801117000,126080111700002016,TRUE
2026-08-04 09:45:15.466,LIN-INNTRE-01-UL,1260803009000,126080300900006007,TRUE
2026-08-04 09:45:15.432,WIR-Decoatbake-01-UL,1260710001000,126071000100049041,TRUE
2026-08-04 09:45:15.033,LIN-OUTDEV-01-UL,1260703066020,126070306600001050,TRUE
2026-08-04 09:45:14.283,AOI-RESAOI-01-UL,1260711114020,126071111400001048,TRUE
2026-08-04 09:45:13.461,LIN-INNTRE-02-UL-1,,126080300200004056,TRUE
2026-08-04 09:45:12.539,SMK-BRU-02-UL,1260716041000,126071604100001004,TRUE
2026-08-04 09:45:06.174,LIN-OUTTRE-01-L,1260709019000,126070901900001065,TRUE
2026-08-04 09:45:09.402,ELC-RED-01-UL,1260716053020,126070903700010078,TRUE
2026-08-04 09:45:05.822,WIR-Pretreatment-01-L,1260611097000,12606110970001C107,TRUE
2026-08-04 09:45:05.768,AOI-RESAOI-01-L,1260711114020,126071111400001034,TRUE
2026-08-04 09:45:05.415,CPP-Patternplating-01-L,1260714001000,126071400100058011,TRUE
2026-08-04 09:45:41.589,WIR-Pretreatment-01-L,1260611097000,12606110970001C109,TRUE
2026-08-04 09:45:40.810,LIN-INNLDI-01-L,1260801117000,126080111700002022,TRUE
2026-08-04 09:45:40.088,LIN-INNTRE-02-UL-1,,Error_202608041645400885,FALSE
2026-08-04 09:45:39.464,WIR-Vdevelop-01-L,1260619002000,12606190020002B047,TRUE
2026-08-04 09:45:38.341,LAM-BOP-02-L,1260731053000,126073105300012041,TRUE
2026-08-04 09:45:37.393,AOI-RESAOI-01-UL,1260711114020,126071111400001031,TRUE
2026-08-04 09:45:37.347,LIN-INNDES-02-UL,,126080106000008018,TRUE
2026-08-04 09:45:35.706,LIN-OUTDEV-01-UL,1260703066020,126070306600001040,TRUE
2026-08-04 09:45:33.279,LIN-INNTRE-01-UL,1260803009000,126080300900006008,TRUE
2026-08-04 09:45:31.253,LIN-INNDES-02-L,,126080106000008044,TRUE
2026-08-04 09:45:32.684,AOI-PEP-01-L,1260801053000,126080105300006061,TRUE
2026-08-04 09:45:30.419,LAM-BOP-02-UL,1260731053000,126073105300012069,TRUE
2026-08-04 09:45:30.077,WIR-SE-01-L,1260620160010,12606201600002B147,TRUE
2026-08-04 09:45:29.901,WIR-Decoatbake-01-L,1260707002000,126070700200049013,TRUE
2026-08-04 09:45:28.924,AOI-RESAOI-01-L,1260711114020,126071111400001005,TRUE
2026-08-04 09:45:28.456,LIN-OUTTRE-01-L,1260709019000,126070901900001075,TRUE
2026-08-04 09:45:28.169,ELC-RED-01-L,1260709037020,126070903700010066,TRUE
2026-08-04 09:45:25.830,ROU-RIN-01-UL,,Error_202608041645258303,FALSE
2026-08-04 09:45:24.233,WIR-SE-01-UL,1260620160000,12606201600002B028,TRUE
2026-08-04 09:45:54.609,AOI-PEP-01-L,1260801053000,126080105300006059,TRUE
2026-08-04 09:45:55.683,WIR-Pretreatment-01-UL,1260611097000,12606110970001C072,TRUE
2026-08-04 09:45:52.346,AOI-RESAOI-01-L,1260711114020,126071111400001050,TRUE
2026-08-04 09:45:52.140,LIN-INNLDI-01-L,1260801117000,126080111700002012,TRUE
2026-08-04 09:45:51.718,LIN-INNTRE-01-UL,1260803009000,126080300900006009,TRUE
2026-08-04 09:45:49.922,WIR-SE-01-UL,1260620160000,12606201600002B012,TRUE
2026-08-04 09:45:49.842,LAM-BOP-02-L,1260731053000,126073105300012043,TRUE
2026-08-04 09:45:49.784,LIN-OUTTRE-01-L,1260709019000,126070901900001046,TRUE
2026-08-04 09:45:45.066,LIN-INNDES-02-L,,126080106000008043,TRUE
2026-08-04 09:45:45.889,LAM-BOP-02-UL,1260731053000,126073105300012067,TRUE
2026-08-04 09:45:44.842,AOI-PEP-01-UL,1260801053000,126080105300006075,TRUE
2026-08-04 09:45:43.135,SMK-BRU-02-UL,1260716041000,126071604100001036,TRUE
2026-08-04 09:45:37.393,AOI-RESAOI-01-UL,1260711114020,126071111400001031,TRUE
2026-08-04 09:46:14.240,LIN-INNDES-02-L,,126080106000008041,TRUE
2026-08-04 09:46:13.731,SMK-BRU-02-UL,1260716041000,126071604100001020,TRUE
2026-08-04 09:46:12.158,LIN-INNTRE-01-UL,1260803009000,126080300900006010,TRUE
2026-08-04 09:46:11.709,LIN-OUTTRE-01-L,1260709019000,126070901900001062,TRUE
2026-08-04 09:46:11.672,LAM-BOP-02-L,1260731053000,126073105300012071,TRUE
2026-08-04 09:46:09.609,LAM-BOP-02-UL,1260731053000,126073105300012063,TRUE
2026-08-04 09:46:06.654,WIR-Decoatbake-01-L,1260707002000,126070700200049054,TRUE
2026-08-04 09:46:06.595,LIN-INNLDI-01-L,1260801117000,126080111700002010,TRUE
2026-08-04 09:46:04.547,AOI-PEP-01-UL,1260801053000,126080105300006060,TRUE
2026-08-04 09:46:03.776,SDM-DI-01-L,,12606040010001C227,TRUE
2026-08-04 09:46:03.263,LIN-INNTRE-02-UL-1,,Error_202608041646032630,FALSE
2026-08-04 09:46:01.936,ELC-RED-01-L,1260709037020,126070903700010033,TRUE
2026-08-04 09:46:00.487,AOI-RESAOI-01-UL,1260711114020,126071111400001034,TRUE
2026-08-04 09:46:00.179,SMK-BRU-01-L,1260725015000,M0960013A2000G-0607,TRUE
2026-08-04 09:45:59.121,CPP-Patternplating-01-L,1260714001000,126071400100058012,TRUE
2026-08-04 09:46:00.246,WIR-Decoatbake-01-UL,1260710001000,126071000100049044,TRUE
2026-08-04 09:45:57.031,WIR-SE-01-L,1260620160010,12606201600002B157,TRUE
2026-08-04 09:45:41.589,WIR-Pretreatment-01-L,1260611097000,12606110970001C109,TRUE
2026-08-04 09:39:13.710,CPP-Horizontalplating-01-L,1260721077000,126072501300400094,TRUE
2026-08-04 02:52:28.688,SMK-DIX-01-L,1260710031000,126071003100001023,TRUE
2026-08-04 09:46:26.966,LIN-INNTRE-02-UL-1,,Error_202608041646269669,FALSE
2026-08-04 09:46:26.595,LIN-INNLDI-01-L,1260801117000,126080111700002008,TRUE
2026-08-04 09:46:25.630,LIN-INNDES-02-UL,,126080106000008019,TRUE
2026-08-04 09:46:23.400,SMK-BRU-01-L,1260725015000,M0960013A2000G-0607,TRUE
2026-08-04 09:46:23.362,AOI-RESAOI-01-UL,1260711114020,126071111400001005,TRUE
2026-08-04 09:46:23.314,WIR-SE-01-L,1260620160010,12606201600002B150,TRUE
2026-08-04 09:46:23.033,LAM-BOP-02-L,1260731053000,126073105300012037,TRUE
2026-08-04 09:46:17.731,LSR-Debrowning-01-UL,1260711001000,12607110010003G022,TRUE
2026-08-04 09:46:20.062,WIR-Pretreatment-01-L,1260611097000,12606110970001C110,TRUE
2026-08-04 09:46:17.079,WIR-SE-01-UL,1260620160000,12606201600002B043,TRUE
2026-08-04 09:32:46.042,SMK-BRU-01-UL,1260709049020,126070904900001003,TRUE
2026-08-04 09:46:55.303,LIN-OUTTRE-01-L,1260709019000,126070901900001077,TRUE
2026-08-04 09:46:52.581,CPP-Patternplating-01-L,1260714001000,126071400100058010,TRUE
2026-08-04 09:46:51.284,FVI-OSP-01-UL,1260622078000,12606220780000101001,TRUE
2026-08-04 09:46:51.253,CPP-Horizontalplating-01-L,1260729063000,126072501300400093,TRUE
2026-08-04 09:46:51.251,SMK-BRU-02-L,1260716041000,126071604100001060,TRUE
2026-08-04 09:46:50.582,AOI-PEP-01-UL,1260801053000,126080105300006059,TRUE
2026-08-04 09:46:50.998,LIN-INNTRE-02-UL-1,,Error_202608041646509982,FALSE
2026-08-04 09:46:50.409,LIN-INNLDI-01-L,1260801117000,126080111700002014,TRUE
2026-08-04 09:46:50.177,WIR-SE-01-L,1260620160010,12606201600002B145,TRUE
2026-08-04 09:46:48.957,AOI-PEP-01-L,1260801053000,126080105300006056,TRUE
2026-08-04 09:46:46.405,SMK-BRU-02-UL,1260716041000,126071604100001079,TRUE
2026-08-04 09:46:48.166,LIN-INNTRE-01-UL,1260803009000,126080300900006012,TRUE
2026-08-04 09:46:45.879,LAM-BOP-02-L,1260731053000,126073105300012033,TRUE
2026-08-04 09:46:45.533,WIR-Decoatbake-01-UL,1260710001000,126071000100049060,TRUE
2026-08-04 09:46:43.986,WIR-Decoatbake-01-L,1260707002000,126070700200049053,TRUE
2026-08-04 09:46:43.209,LIN-INNDES-02-L,,126080106000008039,TRUE
2026-08-04 09:46:45.217,ELC-TRE-01-L,1260709043000,126070904300001012,TRUE
2026-08-04 09:46:37.016,ELC-RED-01-L,1260709037020,126070903700010058,TRUE
2026-08-04 09:46:34.626,WIR-Pretreatment-01-UL,1260611097000,12606110970001C086,TRUE
2026-08-04 09:46:32.593,SDM-DI-01-UL,,12606040010001C189,TRUE
2026-08-04 09:46:34.391,ELC-RED-01-UL,1260709037000,126070903700010074,TRUE
2026-08-04 09:46:23.362,AOI-RESAOI-01-UL,1260711114020,126071111400001005,TRUE
2026-08-04 09:46:17.079,WIR-SE-01-UL,1260620160000,12606201600002B043,TRUE
2026-08-04 09:44:42.493,LSR-Debrowning-01-L,1260711001000,12607110010003G025,TRUE
2026-08-04 09:47:13.236,ELC-RED-01-L,1260709037020,126070903700010029,TRUE
2026-08-04 09:47:13.146,WIR-Pretreatment-01-UL,1260611097000,12606110970001C087,TRUE
2026-08-04 09:47:12.235,LIN-INNTRE-02-UL-1,,126080300200004066,TRUE
2026-08-04 09:47:12.056,LIN-INNDES-02-L,,126080106000008037,TRUE
2026-08-04 09:47:11.814,ELC-RED-01-UL,1260709037000,126070903700010065,TRUE
2026-08-04 09:47:11.285,LSR-Debrowning-01-UL,1260711001000,12607110010003G026,TRUE
2026-08-04 09:47:08.816,AOI-PEP-01-UL,1260801053000,126080105300006056,TRUE
2026-08-04 09:47:07.426,LIN-INNLDI-01-L,1260801117000,126080111700002012,TRUE
2026-08-04 09:47:07.629,LAM-BOP-02-L,1260731053000,126073105300012029,TRUE
2026-08-04 09:47:07.394,AOI-PEP-01-L,1260801053000,126080105300006054,TRUE
2026-08-04 09:47:00.785,LIN-INNDES-01-L,,126080109200012040,TRUE
2026-08-04 09:47:04.383,LIN-INNTRE-01-UL,1260803009000,126080300900006013,TRUE
2026-08-04 09:47:00.313,ELC-TRE-01-L,1260709043000,126070904300001023,TRUE
2026-08-04 09:46:58.472,WIR-Pretreatment-01-L,1260611097000,12606110970001C120,TRUE
2026-08-04 09:46:32.593,SDM-DI-01-UL,,12606040010001C189,TRUE
2026-08-04 09:46:23.362,AOI-RESAOI-01-UL,1260711114020,126071111400001005,TRUE
2026-08-04 09:46:17.079,WIR-SE-01-UL,1260620160000,12606201600002B043,TRUE
2026-08-04 09:47:23.429,LIN-INNTRE-01-UL,1260803009000,126080300900006014,TRUE
2026-08-04 09:47:23.621,ROU-RIN-01-UL,,Error_202608041647236212,FALSE
2026-08-04 09:47:20.568,WIR-Decoatbake-01-L,1260707002000,126070700200049056,TRUE
2026-08-04 09:47:18.347,LAM-BOP-02-L,1260731053000,126073105300012027,TRUE
2026-08-04 09:47:20.564,SMK-BRU-02-L,1260716041000,126071604100001069,TRUE
2026-08-04 09:47:17.073,LIN-OUTTRE-01-L,1260709019000,126070901900001076,TRUE
2026-08-04 09:47:17.019,AOI-PEP-01-UL,1260801053000,126080105300006055,TRUE
2026-08-04 09:47:16.520,LIN-INNLDI-01-L,1260801117000,126080111700002002,TRUE
2026-08-04 09:47:16.316,AOI-PEP-01-L,1260801053000,126080105300006053,TRUE
2026-08-04 09:47:15.394,LIN-INNDES-01-L,,126080109100010041,TRUE
2026-08-04 09:47:15.173,ELC-TRE-01-L,1260709043000,126070904300001022,TRUE
2026-08-04 09:46:52.581,CPP-Patternplating-01-L,1260714001000,126071400100058010,TRUE
2026-08-04 09:46:23.362,AOI-RESAOI-01-UL,1260711114020,126071111400001005,TRUE
2026-08-04 09:46:17.079,WIR-SE-01-UL,1260620160000,12606201600002B043,TRUE
2026-08-04 09:47:43.250,LIN-INNDES-02-UL,,126080106000008020,TRUE
2026-08-04 09:47:41.568,LIN-INNLDI-01-L,1260801117000,126080111700002008,TRUE
2026-08-04 09:47:41.219,LIN-INNDES-02-L,,126080106000008035,TRUE
2026-08-04 09:47:41.006,LAM-BOP-02-L,1260731053000,126073105300012023,TRUE
2026-08-04 09:47:40.945,LIN-INNTRE-01-UL,1260803009000,126080300900006015,TRUE
2026-08-04 09:47:40.358,LIN-OUTTRE-01-L,1260709019000,126070901900001064,TRUE
2026-08-04 09:47:37.505,SDM-DI-01-L,,12606040010001C235,TRUE
2026-08-04 09:47:39.396,FVI-OSP-01-UL,1260622078000,12606220780000106401,TRUE
2026-08-04 09:47:36.894,LIN-INNTRE-02-UL-1,,126080300200004068,TRUE
2026-08-04 09:47:36.318,AOI-PEP-01-L,1260801053000,126080105300006051,TRUE
2026-08-04 09:47:36.131,AOI-PEP-01-UL,1260801053000,126080105300006053,TRUE
2026-08-04 09:47:32.800,ELC-TRE-01-L,1260709043000,126070904300001079,TRUE
2026-08-04 09:47:30.785,SMK-BRU-02-UL,1260716041000,126071604100001024,TRUE
2026-08-04 09:47:30.443,WIR-Decoatbake-01-UL,1260710001000,126071000100049059,TRUE
2026-08-04 09:47:29.504,LIN-INNDES-01-L,,126080109100010043,TRUE
2026-08-04 09:46:23.362,AOI-RESAOI-01-UL,1260711114020,126071111400001005,TRUE
2026-08-04 09:45:35.706,LIN-OUTDEV-01-UL,1260703066020,126070306600001040,TRUE
2026-08-04 09:47:59.166,SMK-BRU-02-UL,1260716041000,126071604100001045,TRUE
2026-08-04 09:47:58.694,LIN-INNDES-01-L,,126080109700010012,TRUE
2026-08-04 09:47:58.211,LIN-INNTRE-01-UL,1260803009000,126080300900006016,TRUE
2026-08-04 09:47:58.100,WIR-Decoatbake-01-L,1260707002000,126070700200049055,TRUE
2026-08-04 09:47:57.720,LIN-INNDES-02-UL,,126080106000008019,TRUE
2026-08-04 09:47:57.490,WIR-SE-01-L,1260620160010,12606201600002B149,TRUE
2026-08-04 09:47:57.039,AOI-PEP-01-L,1260801053000,126080105300006049,TRUE
2026-08-04 09:47:57.319,AOI-PEP-01-UL,1260801053000,126080105300006051,TRUE
2026-08-04 09:47:52.913,LAM-BOP-02-L,1260731053000,126073105300012021,TRUE
2026-08-04 09:47:50.897,WIR-Pretreatment-01-UL,1260611097000,12606110970001C085,TRUE
2026-08-04 09:47:49.915,SMK-BRU-02-L,1260716041000,126071604100001068,TRUE
2026-08-04 09:47:51.523,LIN-INNLDI-01-L,1260801117000,126080111700002077,TRUE
2026-08-04 09:47:49.209,LSR-Debrowning-01-UL,1260711001000,12607110010003G029,TRUE
2026-08-04 09:47:55.329,LIN-INNDES-02-L,,126080106000008034,TRUE
2026-08-04 09:47:48.083,ELC-RED-01-L,1260709037020,126070903700010035,TRUE
2026-08-04 09:47:48.029,AOI-RESAOI-01-UL,1260711114020,126071111400001050,TRUE
2026-08-04 09:47:47.978,ELC-TRE-01-L,1260709043000,126070904300001010,TRUE
2026-08-04 09:47:46.442,ELC-RED-01-UL,1260709037000,126070903700010018,TRUE
2026-08-04 09:47:46.178,CPP-Patternplating-01-L,1260714001000,126071400100058060,TRUE
2026-08-04 09:45:35.706,LIN-OUTDEV-01-UL,1260703066020,126070306600001040,TRUE
2026-08-04 09:48:26.290,LIN-INNLDI-01-L,1260801117000,126080111700002073,TRUE
2026-08-04 09:48:25.580,LIN-INNTRE-02-UL-1,,126080300200004072,TRUE
2026-08-04 09:48:25.492,LAM-BOP-02-L,1260731053000,126073105300012015,TRUE
2026-08-04 09:48:24.768,LIN-INNDES-02-L,,126080106000008032,TRUE
2026-08-04 09:48:24.266,LIN-OUTTRE-01-L,1260709019000,126070901900001033,TRUE
2026-08-04 09:48:24.103,WIR-SE-01-L,1260620160010,12606201600002B146,TRUE
2026-08-04 09:48:22.975,ELC-RED-01-L,1260709037020,126070903700010059,TRUE
2026-08-04 09:48:22.522,ELC-RED-01-UL,1260709037000,126070903700010075,TRUE
2026-08-04 09:48:19.542,SMK-BRU-02-L,1260716041000,126071604100001054,TRUE
2026-08-04 09:48:19.073,ELC-TRE-01-L,1260709043000,126070904300001029,TRUE
2026-08-04 09:48:17.476,AOI-PEP-01-L,1260801053000,126080105300006047,TRUE
2026-08-04 09:48:17.039,LIN-INNTRE-01-UL,1260803009000,126080300900006017,TRUE
2026-08-04 09:48:16.992,AOI-PEP-01-UL,1260801053000,126080105300006049,TRUE
2026-08-04 09:48:12.851,LIN-INNDES-01-L,,126080109300002042,TRUE
2026-08-04 09:48:12.439,LIN-INNDES-02-UL,,126080106000008018,TRUE
2026-08-04 09:48:03.695,FVI-OSP-01-UL,1260622078000,12606220780000102801,TRUE
2026-08-04 09:48:15.539,WIR-Decoatbake-01-UL,1260710001000,126071000100049040,TRUE
2026-08-04 09:47:48.029,AOI-RESAOI-01-UL,1260711114020,126071111400001050,TRUE
2026-08-04 09:43:05.301,LIN-INNTRE-02-UL-2,,126080300200004071,TRUE
2026-08-04 10:12:01.558,LAM-BOP-02-L,1260731048000,126073104800002012,TRUE
2026-08-04 10:12:01.706,WIR-Pretreatment-01-L,1260611097010,12606110970001C205,TRUE
2026-08-04 10:12:01.558,LAM-BOP-02-UL,1260731048000,126073104800002019,TRUE
2026-08-04 10:12:01.241,LIN-INNDES-02-L,,126080106500006040,TRUE
2026-08-04 10:11:59.824,LIN-OUTTRE-01-UL,1260710007000,126070901900001046,TRUE
2026-08-04 10:11:57.839,LIN-INNDES-01-L,,126080106300002003,TRUE
2026-08-04 10:11:57.449,AOI-PEP-01-UL,1260801057000,126080105700002049,TRUE
2026-08-04 10:11:56.504,LIN-INNLDI-01-L,1260801118000,126080111800004069,TRUE
2026-08-04 10:11:54.569,ELC-RED-01-UL,1260709037020,126070903700010037,TRUE
2026-08-04 10:11:55.792,AOI-PEP-01-L,1260801057000,126080105700002053,TRUE
2026-08-04 10:11:52.313,WIR-LDI-01-L,,12606230980002B010,TRUE
2026-08-04 10:11:54.296,ELC-TRE-01-UL,1260709043000,126070904300001041,TRUE
2026-08-04 10:11:50.412,LIN-INNDES-02-UL,,126080106000008063,TRUE
2026-08-04 10:11:50.265,LIN-INNTRE-01-UL,1260803009000,126080300900006059,TRUE
2026-08-04 10:11:46.800,WIR-LDI-01-UL,,12606230980002B017,TRUE
2026-08-04 10:11:46.878,SMK-BRU-01-UL,1260725015000,M0960013A2000G-0607,TRUE
2026-08-04 10:11:43.831,SMK-BRU-01-L,1260725015000,M0960013A2000G-0607,TRUE
2026-08-04 10:11:38.393,FVI-OSP-01-UL,1260622078000,12606220780000101101,TRUE
2026-08-04 10:11:37.284,WIR-Vdevelop-01-UL,1260619002000,"12606190020002B055,BD",TRUE
2026-08-04 10:11:37.786,WIR-SE-01-UL,1260620160010,12606201600002B165,TRUE
2026-08-04 10:11:34.127,WIR-Vdevelop-01-L,1260619002000,12606190020002B042,TRUE
2026-08-04 10:11:36.190,CPP-Patternplating-01-L,1260714001003,126062800100400110,TRUE
2026-08-04 10:11:30.892,WIR-Decoatbake-01-UL,1260710001010,126071000100049134,TRUE
2026-08-04 10:11:30.392,CPP-Horizontalplating-01-UL,1260606004010,126072107700069005,TRUE
2026-08-04 10:11:27.056,ROU-RIN-01-UL,,Error_202608041711270566,FALSE
2026-08-04 10:11:18.031,WIR-Pretreatment-01-UL,1260611097000,12606110970001C120,TRUE
2026-08-04 10:11:09.188,CPP-Patternplating-01-UL,1260711011000,126071100800400032,TRUE
2026-08-04 10:10:38.447,LIN-INNTRE-02-UL-1,,126080300500010080,TRUE
2026-08-04 10:07:38.359,LIN-OUTTRE-01-L,1260709019020,126070901900001063,TRUE
2026-08-04 10:06:46.998,AOI-RESAOI-01-UL,1260716047000,126071604700001022,TRUE
2026-08-04 10:10:39.885,LIN-INNTRE-02-UL-2,,126080300500010079,TRUE
2026-08-04 10:05:15.024,WIR-TrayCleaning-01-L,,,FALSE
2026-08-04 10:06:03.437,ELC-RED-01-L,1260709037020,126070903700010039,TRUE
2026-08-04 10:04:40.257,AOI-RESAOI-01-L,1260716047000,126071604700001022,TRUE
2026-08-04 10:03:49.769,WIR-SE-01-L,1260620160010,12606201600002B168,TRUE
2026-08-04 10:03:25.330,SMK-BRU-02-UL,1260716041000,126071604100001059,TRUE
2026-08-04 09:59:37.819,GLD-RinseENEPIG-01-UL,,22605233310001C184,TRUE
2026-08-04 09:59:45.429,CPP-Horizontalplating-01-L,1260729063000,126072501300400095,TRUE
2026-08-04 09:55:31.014,LSR-Debrowning-01-UL,1260711001000,12607110010003G025,TRUE
2026-08-04 09:52:14.577,SDM-DI-01-L,,12606040010002B164,TRUE
2026-08-04 09:55:35.665,ELC-TRE-01-L,1260709043000,126070904300001045,TRUE
2026-08-04 09:51:21.868,SMK-BRU-02-L,1260716041000,126071604100001071,TRUE
2026-08-04 09:39:23.834,LIN-OUTDEV-01-L,1260703066020,126070306600001040,TRUE
2026-08-04 09:49:48.214,WIR-Decoatbake-01-L,1260707002000,126070700200049050,TRUE
2026-08-04 09:30:14.625,ELC-INS-01-L,1260703072020,Error_202608041630146255,FALSE
2026-08-04 09:33:57.892,ELC-INS-01-UL,1260703072020,126070307200001069,TRUE
2026-08-04 09:07:04.680,SMK-SPR-01-L,1260606001010,12606110960001C220,TRUE
2026-08-04 10:12:24.020,WIR-LDI-01-L,,12606230980002B001,TRUE
2026-08-04 10:12:21.947,ELC-RED-01-UL,1260709037020,126070903700010024,TRUE
2026-08-04 10:12:20.539,LIN-INNDES-02-L,,Error_202608041712205390,FALSE
2026-08-04 10:12:18.958,CPP-Patternplating-01-L,1260714001003,126072501100400120,TRUE
2026-08-04 10:12:19.582,CPP-Horizontalplating-01-UL,1260606004010,126072107700069003,TRUE
2026-08-04 10:12:18.145,ELC-TRE-01-UL,1260709043000,126070904300001038,TRUE
2026-08-04 10:12:15.796,AOI-PEP-01-UL,1260801057000,126080105700002053,TRUE
2026-08-04 10:12:15.858,AOI-PEP-01-L,1260801057000,126080105700002080,TRUE
2026-08-04 10:12:15.520,WIR-Decoatbake-01-UL,1260710001010,126071000100049131,TRUE
2026-08-04 10:12:15.195,LIN-INNLDI-01-L,1260801118000,126080111800004067,TRUE
2026-08-04 10:12:14.202,LAM-BOP-02-UL,1260731048000,126073104800002013,TRUE
2026-08-04 10:12:13.812,LAM-BOP-02-L,1260731048000,126073104800002010,TRUE
2026-08-04 10:12:12.562,LIN-INNDES-01-L,,126080106300002001,TRUE
2026-08-04 10:12:11.598,WIR-Vdevelop-01-UL,1260619002000,"12606190020002B057,BB",TRUE
2026-08-04 10:12:10.642,LIN-INNTRE-01-UL,1260803009000,126080300900006058,TRUE
2026-08-04 10:12:09.739,WIR-Vdevelop-01-L,1260619002000,12606190020002B002,TRUE
2026-08-04 10:12:08.101,LIN-INNDES-02-UL,,Error_202608041712081011,FALSE
2026-08-04 10:12:04.664,WIR-SE-01-UL,1260620160010,12606201600002B167,TRUE
2026-08-04 10:12:01.925,FVI-OSP-01-UL,1260622078000,12606220780000100801,TRUE
2026-08-04 10:12:34.169,LIN-OUTTRE-01-UL,1260710007000,126070901900001015,TRUE
2026-08-04 10:12:31.117,WIR-SE-01-UL,1260620160010,12606201600002B166,TRUE
2026-08-04 10:12:31.195,LIN-INNLDI-01-L,1260801118000,126080111800004065,TRUE
2026-08-04 10:12:30.602,LIN-INNDES-02-L,,126080106500006038,TRUE
2026-08-04 10:12:27.157,LIN-INNTRE-01-UL,1260803009000,126080300900006057,TRUE
2026-08-04 10:12:27.062,AOI-PEP-01-L,1260801057000,126080105700002001,TRUE
2026-08-04 10:12:29.735,AOI-PEP-01-UL,1260801057000,126080105700002055,TRUE
2026-08-04 10:12:26.132,FVI-OSP-01-UL,1260622078000,12606220780000107101,TRUE
2026-08-04 10:12:26.890,LIN-INNDES-01-L,,126080106300002006,TRUE
2026-08-04 10:12:26.015,LAM-BOP-02-L,1260731048000,126073104800002008,TRUE
2026-08-04 10:12:25.624,LAM-BOP-02-UL,1260731048000,126073104800002011,TRUE
2026-08-04 10:12:18.145,ELC-TRE-01-UL,1260709043000,126070904300001038,TRUE
2026-08-04 10:11:46.800,WIR-LDI-01-UL,,12606230980002B017,TRUE
2026-08-04 10:12:50.939,LAM-BOP-02-L,1260731048000,126073104800002004,TRUE
2026-08-04 10:12:50.689,AOI-PEP-01-UL,1260801057000,126080105700002001,TRUE
2026-08-04 10:12:50.564,LAM-BOP-02-UL,1260731048000,126073104800002007,TRUE
2026-08-04 10:12:50.125,FVI-OSP-01-UL,1260622078000,12606220780000102601,TRUE
2026-08-04 10:12:49.752,AOI-PEP-01-L,1260801057000,126080105700002005,TRUE
2026-08-04 10:12:49.703,LIN-INNLDI-01-L,1260801118000,126080111800004063,TRUE
2026-08-04 10:12:47.537,WIR-Vdevelop-01-UL,1260619002000,"12606190020002B006,BD",TRUE
2026-08-04 10:12:46.971,LIN-INNTRE-01-UL,1260803009000,126080300900006056,TRUE
2026-08-04 10:12:45.427,WIR-Vdevelop-01-L,1260619002000,12606190020002B037,TRUE
2026-08-04 10:12:45.057,LIN-INNDES-02-L,,126080106500006037,TRUE
2026-08-04 10:12:43.498,ELC-TRE-01-UL,1260709043000,126070904300001029,TRUE
2026-08-04 10:12:40.130,WIR-Pretreatment-01-L,1260611097010,12606110970001C201,TRUE
2026-08-04 10:12:38.760,ELC-RED-01-UL,1260709037020,126070903700010056,TRUE
2026-08-04 10:12:38.273,SMK-BRU-01-L,1260725015000,M0960013A2000G-0607,TRUE
2026-08-04 10:11:09.188,CPP-Patternplating-01-UL,1260711011000,126071100800400032,TRUE
2026-08-04 10:13:14.850,LAM-BOP-02-UL,1260731048000,126073104800002003,TRUE
2026-08-04 10:13:14.616,LAM-BOP-02-L,1260731048000,126073104800002079,TRUE
2026-08-04 10:13:14.315,LIN-INNLDI-01-L,1260801118000,126080111800004051,TRUE
2026-08-04 10:13:14.112,FVI-OSP-01-UL,1260622078000,12606220780000101601,TRUE
2026-08-04 10:13:13.840,LIN-INNDES-02-L,,126080106500006035,TRUE
2026-08-04 10:13:11.756,AOI-PEP-01-UL,1260801057000,126080105700002005,TRUE
2026-08-04 10:13:11.725,CPP-Patternplating-01-L,1260714001003,126071100800400023,TRUE
2026-08-04 10:13:11.496,ELC-RED-01-UL,1260709037020,126070903700010042,TRUE
2026-08-04 10:13:11.436,AOI-RESAOI-01-UL,1260716047000,126071604700001034,TRUE
2026-08-04 10:13:07.706,LIN-OUTTRE-01-UL,1260710007000,126070901900001076,TRUE
2026-08-04 10:13:03.490,LIN-INNTRE-01-UL,1260803009000,126080300900006055,TRUE
2026-08-04 10:13:02.020,AOI-PEP-01-L,1260801057000,126080105700002007,TRUE
2026-08-04 10:12:57.009,WIR-SE-01-UL,1260620160010,12606201600002B172,TRUE
2026-08-04 10:13:00.382,WIR-Decoatbake-01-UL,1260710001010,126071000100049132,TRUE
2026-08-04 10:12:53.241,CPP-Horizontalplating-01-UL,1260606004010,126072107700069006,TRUE
2026-08-04 10:12:54.897,WIR-LDI-01-L,,12606230980002B006,TRUE
2026-08-04 10:12:43.498,ELC-TRE-01-UL,1260709043000,126070904300001029,TRUE
2026-08-04 10:11:09.188,CPP-Patternplating-01-UL,1260711011000,126071100800400032,TRUE
2026-08-04 10:13:37.676,FVI-OSP-01-UL,1260622078000,12606220780000100901,TRUE
2026-08-04 10:13:29.836,AOI-PEP-01-UL,1260801057000,Error_202608041713298367,FALSE
2026-08-04 10:13:28.123,ELC-RED-01-UL,1260709037020,126070903700010047,TRUE
2026-08-04 10:13:34.644,LIN-INNLDI-01-L,1260801118000,126080111800004049,TRUE
2026-08-04 10:13:27.404,LIN-INNDES-02-L,,126080106500006034,TRUE
2026-08-04 10:13:26.976,LAM-BOP-02-L,1260731048000,126073104800002075,TRUE
2026-08-04 10:13:26.257,LAM-BOP-02-UL,1260731048000,126073104800002001,TRUE
2026-08-04 10:13:26.842,WIR-LDI-01-L,,12606230980002B005,TRUE
2026-08-04 10:13:23.759,WIR-SE-01-UL,1260620160010,12606201600002B171,TRUE
2026-08-04 10:13:22.826,CPP-Patternplating-01-UL,1260711011000,Error_202608041713228269,FALSE
2026-08-04 10:13:22.326,WIR-Vdevelop-01-UL,1260619002000,"12606190020002B009,BD",TRUE
2026-08-04 10:13:22.523,LIN-INNTRE-01-UL,1260803009000,126080300900006054,TRUE
2026-08-04 10:13:21.122,WIR-Vdevelop-01-L,1260619002000,12606190020002B038,TRUE
2026-08-04 10:13:18.616,WIR-Pretreatment-01-L,1260611097010,12606110970001C196,TRUE
2026-08-04 10:13:17.444,CPP-Horizontalplating-01-UL,1260606004010,126072107700069004,TRUE
2026-08-04 10:13:54.032,LIN-OUTTRE-01-UL,1260710007000,126070901900001031,TRUE
2026-08-04 10:13:51.030,WIR-SE-01-UL,1260620160010,12606201600002B164,TRUE
2026-08-04 10:13:51.790,LAM-BOP-02-L,1260731048000,126073104800002071,TRUE
2026-08-04 10:13:50.882,LIN-INNTRE-02-UL-2,,126080300600012001,TRUE
2026-08-04 10:13:50.447,LAM-BOP-02-UL,1260731048000,126073104800002076,TRUE
2026-08-04 10:13:50.487,CPP-Patternplating-01-UL,1260711011000,Error_202608041713504877,FALSE
2026-08-04 10:13:49.820,LIN-INNTRE-02-UL-1,,126080300600012002,TRUE
2026-08-04 10:13:49.099,LIN-INNLDI-01-L,1260801118000,126080111800004047,TRUE
2026-08-04 10:13:48.868,AOI-PEP-01-L,1260801057000,126080105700002009,TRUE
2026-08-04 10:13:45.532,ELC-RED-01-UL,1260709037020,126070903700010055,TRUE
2026-08-04 10:13:45.436,WIR-Decoatbake-01-UL,1260710001010,126071000100049157,TRUE
2026-08-04 10:13:44.011,ROU-RIN-01-UL,,Error_202608041713440116,FALSE
2026-08-04 10:13:41.374,CPP-Horizontalplating-01-UL,1260606004010,126072107700069002,TRUE
2026-08-04 10:13:41.311,LIN-INNDES-02-L,,126080106500006079,TRUE
2026-08-04 09:36:55.342,LIN-OUTVAP-01-UL,,12606130040001C104,TRUE
2026-08-04 10:14:07.901,AOI-PEP-01-L,1260801057000,126080105700002011,TRUE
2026-08-04 10:14:06.627,LIN-OUTTRE-01-UL,1260710007000,126070901900001071,TRUE
2026-08-04 10:14:05.764,CPP-Patternplating-01-L,1260714001003,126071100800400022,TRUE
2026-08-04 10:14:05.077,CPP-Horizontalplating-01-UL,1260606004010,126072107700069008,TRUE
2026-08-04 10:14:04.244,LAM-BOP-02-L,1260731048000,126073104800002069,TRUE
2026-08-04 10:14:02.588,LAM-BOP-02-UL,1260731048000,126073104800002074,TRUE
2026-08-04 10:14:02.558,ROU-RIN-01-UL,,Error_202608041714025584,FALSE
2026-08-04 10:14:01.674,ELC-RED-01-UL,1260709037020,126070903700010070,TRUE
2026-08-04 10:14:01.555,FVI-OSP-01-UL,1260622078000,12606220780000105701,TRUE
2026-08-04 10:13:58.898,LIN-INNLDI-01-L,1260801118000,126080111800004055,TRUE
2026-08-04 10:13:56.983,WIR-Pretreatment-01-L,1260611097010,12606110970001C195,TRUE
2026-08-04 10:13:56.967,WIR-Vdevelop-01-L,1260619002000,12606190020002B003,TRUE
2026-08-04 10:13:56.764,WIR-Vdevelop-01-UL,1260619002000,"12606190020002B010,BD",TRUE
2026-08-04 10:13:56.439,LIN-INNDES-02-L,,126080106500006078,TRUE
2026-08-04 10:14:24.882,LIN-INNDES-02-L,,126080106500006076,TRUE
2026-08-04 10:14:23.228,LIN-INNLDI-01-L,1260801118000,126080111800004043,TRUE
2026-08-04 10:14:20.919,AOI-PEP-01-UL,1260801057000,126080105700002009,TRUE
2026-08-04 10:14:20.116,LIN-INNDES-02-UL,,126080106500006050,TRUE
2026-08-04 10:14:19.966,ROU-RIN-01-UL,,Error_202608041714199661,FALSE
2026-08-04 10:14:19.377,LIN-OUTTRE-01-UL,1260710007000,126070901900001029,TRUE
2026-08-04 10:14:19.031,WIR-SE-01-UL,1260620160010,12606201600002B163,TRUE
2026-08-04 10:14:16.543,LAM-BOP-02-L,1260731048000,126073104800002067,TRUE
2026-08-04 10:14:18.596,ELC-RED-01-UL,1260709037020,126070903700010048,TRUE
2026-08-04 10:14:15.399,LIN-INNTRE-02-UL-2,,126080300600012003,TRUE
2026-08-04 10:14:14.746,LAM-BOP-02-UL,1260731048000,126073104800002068,TRUE
2026-08-04 10:14:13.587,LIN-INNTRE-02-UL-1,,126080300600012004,TRUE
2026-08-04 10:14:05.077,CPP-Horizontalplating-01-UL,1260606004010,126072107700069008,TRUE
2026-08-04 10:14:09.561,WIR-LDI-01-UL,,12606230980002B012,TRUE
2026-08-04 10:13:50.487,CPP-Patternplating-01-UL,1260711011000,Error_202608041713504877,FALSE
2026-08-04 10:13:07.181,SMK-BRU-01-L,1260725015000,M0960013A2000G-0607,TRUE
2026-08-04 10:14:45.173,AOI-PEP-01-L,1260801057000,126080105700002013,TRUE
2026-08-04 10:14:43.495,LIN-INNLDI-01-L,1260801118000,126080111800004041,TRUE
2026-08-04 10:14:40.110,LAM-BOP-02-L,1260731048000,126073104800002063,TRUE
2026-08-04 10:14:39.453,WIR-LDI-01-UL,,12606230980002B011,TRUE
2026-08-04 10:14:38.885,LIN-INNTRE-02-UL-2,,126080300600012005,TRUE
2026-08-04 10:14:39.276,LIN-INNDES-02-L,,126080106500006075,TRUE
2026-08-04 10:14:38.563,LAM-BOP-02-UL,1260731048000,126073104800002062,TRUE
2026-08-04 10:14:38.291,LIN-INNTRE-02-UL-1,,126080300600012006,TRUE
2026-08-04 10:14:35.406,WIR-Pretreatment-01-L,1260611097010,12606110970001C187,TRUE
2026-08-04 10:14:35.609,CPP-Patternplating-01-UL,1260711011000,126072501100400033,TRUE
2026-08-04 10:14:35.097,ELC-RED-01-UL,1260709037020,126070903700010026,TRUE
2026-08-04 10:14:34.853,LIN-INNDES-02-UL,,126080106500006051,TRUE
2026-08-04 10:14:32.796,WIR-Vdevelop-01-L,1260619002000,12606190020002B004,TRUE
2026-08-04 10:14:31.453,WIR-Vdevelop-01-UL,1260619002000,"12606190020002B007,BD",TRUE
2026-08-04 10:14:30.249,AOI-PEP-01-UL,1260801057000,126080105700002011,TRUE
2026-08-04 10:14:28.671,CPP-Horizontalplating-01-UL,1260606004010,126072501300400010,TRUE
2026-08-04 10:14:25.634,FVI-OSP-01-UL,1260622078000,12606220780000104101,TRUE
2026-08-04 10:14:30.515,WIR-Decoatbake-01-UL,1260710001010,126071000100049127,TRUE
2026-08-04 10:13:07.181,SMK-BRU-01-L,1260725015000,M0960013A2000G-0607,TRUE
2026-08-04 10:15:08.642,WIR-Vdevelop-01-L,1260619002000,12606190020002B001,TRUE
2026-08-04 10:15:08.638,LIN-INNDES-02-L,,126080106500006073,TRUE
2026-08-04 10:15:07.473,ELC-RED-01-UL,1260709037020,126070903700010043,TRUE
2026-08-04 10:15:07.420,LIN-INNLDI-01-L,1260801118000,126080111800004047,TRUE
2026-08-04 10:15:06.423,WIR-Vdevelop-01-UL,1260619002000,"12606190020002B014,BD",TRUE
2026-08-04 10:15:04.596,AOI-PEP-01-UL,1260801057000,126080105700002013,TRUE
2026-08-04 10:15:03.794,LIN-INNDES-02-UL,,126080106500006053,TRUE
2026-08-04 10:15:03.721,AOI-PEP-01-L,1260801057000,126080105700002017,TRUE
2026-08-04 10:15:03.206,LIN-INNTRE-02-UL-2,,126080300600012007,TRUE
2026-08-04 10:15:03.346,LAM-BOP-02-UL,1260731048000,126073104800002058,TRUE
2026-08-04 10:14:57.505,LIN-OUTDES-01-UL,1260709031020,126062013900001076,TRUE
2026-08-04 10:14:52.453,CPP-Horizontalplating-01-UL,1260606004010,126072501300400094,TRUE
2026-08-04 10:15:00.862,LIN-INNTRE-02-UL-1,,126080300600012008,TRUE
2026-08-04 10:14:49.105,FVI-OSP-01-UL,1260622078000,12606220780000106901,TRUE
2026-08-04 10:14:47.710,LIN-OUTTRE-01-UL,1260710007000,126070901900001039,TRUE
2026-08-04 10:14:40.110,LAM-BOP-02-L,1260731048000,126073104800002063,TRUE
2026-08-04 10:15:24.848,ELC-RED-01-UL,1260709037020,126070903700010039,TRUE
2026-08-04 10:15:24.627,AOI-PEP-01-UL,1260801057000,126080105700002017,TRUE
2026-08-04 10:15:24.580,AOI-PEP-01-L,1260801057000,126080105700002019,TRUE
2026-08-04 10:15:24.313,LIN-INNLDI-01-L,1260801118000,126080111800004045,TRUE
2026-08-04 10:15:24.503,LIN-INNTRE-02-UL-1,,126080300600012010,TRUE
2026-08-04 10:15:23.250,LIN-INNDES-02-L,,126080106500006072,TRUE
2026-08-04 10:15:21.329,CPP-Horizontalplating-01-UL,1260606004010,126072107700069007,TRUE
2026-08-04 10:15:22.536,LIN-OUTTRE-01-UL,1260710007000,126070901900001008,TRUE
2026-08-04 10:15:18.826,LIN-INNDES-02-UL,,126080106500006054,TRUE
2026-08-04 10:15:16.096,LAM-BOP-02-UL,1260731048000,126073104800002056,TRUE
2026-08-04 10:15:18.784,LAM-BOP-02-L,1260731048000,126073104800002061,TRUE
2026-08-04 10:15:15.564,WIR-Decoatbake-01-UL,1260710001010,126071000100049125,TRUE
2026-08-04 10:15:13.923,WIR-Pretreatment-01-L,1260611097010,12606110970001C186,TRUE
2026-08-04 10:14:35.609,CPP-Patternplating-01-UL,1260711011000,126072501100400033,TRUE
2026-08-04 10:15:13.561,FVI-OSP-01-UL,1260622078000,12606220780000101801,TRUE
2026-08-04 10:14:19.031,WIR-SE-01-UL,1260620160010,12606201600002B163,TRUE
2026-08-04 10:15:39.270,LAM-BOP-02-UL,1260731048000,126073104800002050,TRUE
2026-08-04 10:15:37.142,LIN-INNDES-02-L,,126080106500006070,TRUE
2026-08-04 10:15:36.877,FVI-OSP-01-UL,1260622078000,12606220780000107001,TRUE
2026-08-04 10:15:35.801,AOI-PEP-01-UL,1260801057000,126080105700002059,TRUE
2026-08-04 10:15:35.567,AOI-PEP-01-L,1260801057000,126080105700002021,TRUE
2026-08-04 10:15:34.315,CPP-Patternplating-01-UL,1260711011000,126071100800400002,TRUE
2026-08-04 10:15:32.829,LIN-INNDES-02-UL,,126080106500006055,TRUE
2026-08-04 10:15:33.236,WIR-LDI-01-UL,,12606230980002B007,TRUE
2026-08-04 10:15:32.501,LIN-INNLDI-01-L,1260801118000,126080111800004035,TRUE
2026-08-04 10:15:30.878,LAM-BOP-02-L,1260731048000,126073105400002059,TRUE
2026-08-04 10:15:26.675,LIN-INNTRE-02-UL-2,,126080300600012009,TRUE
2026-08-04 10:13:07.181,SMK-BRU-01-L,1260725015000,M0960013A2000G-0607,TRUE
2026-08-04 10:15:54.133,LIN-INNLDI-01-L,1260801118000,126080111800004033,TRUE
2026-08-04 10:15:55.693,LAM-BOP-02-L,1260731048000,126073105400002040,TRUE
2026-08-04 10:15:52.378,WIR-Pretreatment-01-L,1260611097010,12606110970001C191,TRUE
2026-08-04 10:15:51.456,LIN-INNDES-02-L,,126080106500006069,TRUE
2026-08-04 10:15:52.240,LAM-BOP-02-UL,1260731048000,126073104800002046,TRUE
2026-08-04 10:15:50.535,LIN-INNTRE-02-UL-2,,126080300600012011,TRUE
2026-08-04 10:15:48.645,LIN-INNTRE-02-UL-1,,126080300600012012,TRUE
2026-08-04 10:15:48.756,AOI-PEP-01-UL,1260801057000,126080105700002019,TRUE
2026-08-04 10:15:47.099,AOI-PEP-01-L,1260801057000,126080105700002023,TRUE
2026-08-04 10:15:46.955,LIN-INNDES-02-UL,,126080106500006056,TRUE
2026-08-04 10:15:44.347,WIR-Vdevelop-01-L,1260619002000,12606190020002B008,TRUE
2026-08-04 10:15:46.159,CPP-Horizontalplating-01-UL,1260606004010,126072107700069001,TRUE
2026-08-04 10:15:40.612,WIR-Vdevelop-01-UL,1260619002000,"12606190020002B011,BD",TRUE
2026-08-04 10:15:22.536,LIN-OUTTRE-01-UL,1260710007000,126070901900001008,TRUE
2026-08-04 09:44:42.493,LSR-Debrowning-01-L,1260711001000,12607110010003G025,TRUE
2026-08-04 02:52:28.688,SMK-DIX-01-L,1260710031000,126071003100001023,TRUE
2026-08-04 10:16:13.775,LIN-OUTDES-01-UL,1260709031020,126062013900001080,TRUE
2026-08-04 10:16:12.490,LIN-INNTRE-02-UL-1,,126080300600012014,TRUE
2026-08-04 10:16:08.709,AOI-PEP-01-UL,1260801057000,126080105700002023,TRUE
2026-08-04 10:16:09.631,AOI-PEP-01-L,1260801057000,126080105700002025,TRUE
2026-08-04 10:16:08.334,LAM-BOP-02-L,1260731048000,126073105400002050,TRUE
2026-08-04 10:16:08.649,LIN-INNLDI-01-L,1260801118000,126080111800004031,TRUE
2026-08-04 10:16:06.515,LIN-INNDES-02-L,,126080106500006068,TRUE
2026-08-04 10:16:01.671,LIN-INNDES-02-UL,,126080106500006057,TRUE
2026-08-04 10:16:03.928,LAM-BOP-02-UL,1260731048000,126073104800002044,TRUE
2026-08-04 10:16:01.165,FVI-OSP-01-UL,1260622078000,12606220780000107701,TRUE
2026-08-04 10:16:00.161,WIR-Decoatbake-01-UL,1260710001010,126071000100049126,TRUE
2026-08-04 10:15:58.661,CPP-Patternplating-01-L,1260606004000,126071100800400046,TRUE
2026-08-04 10:15:56.337,LIN-OUTTRE-01-UL,1260710007000,126070901900001056,TRUE
2026-08-04 10:15:46.159,CPP-Horizontalplating-01-UL,1260606004010,126072107700069001,TRUE
2026-08-04 10:16:31.994,AOI-PEP-01-L,1260801057000,126080105700002064,TRUE
2026-08-04 10:16:31.619,AOI-PEP-01-UL,1260801057000,126080105700002025,TRUE
2026-08-04 10:16:30.648,WIR-Pretreatment-01-L,1260611097010,12606110970001C183,TRUE
2026-08-04 10:16:30.330,LIN-INNDES-02-UL,,126080106500006059,TRUE
2026-08-04 10:16:28.711,LIN-INNLDI-01-L,1260801118000,126080111800004029,TRUE
2026-08-04 10:16:28.541,LAM-BOP-02-UL,1260731048000,126073104800002040,TRUE
2026-08-04 10:16:29.000,SMK-BRU-02-L,1260716041020,126071604100001077,TRUE
2026-08-04 10:16:24.930,FVI-OSP-01-UL,1260622078000,12606220780000107801,TRUE
2026-08-04 10:16:21.866,CPP-Patternplating-01-UL,1260711011000,126071400100058025,TRUE
2026-08-04 10:16:20.852,LAM-BOP-02-L,1260731048000,126073106000002010,TRUE
2026-08-04 10:16:20.146,WIR-Vdevelop-01-L,1260619002000,12606190020002B005,TRUE
2026-08-04 10:16:20.518,LIN-INNDES-02-L,,126080106500006067,TRUE
2026-08-04 10:16:15.225,WIR-Vdevelop-01-UL,1260619002000,"12606190020002B012,BB",TRUE
2026-08-04 10:16:20.052,SMK-BRU-01-L,1260725015010,M0960013A2000G-0607,TRUE
2026-08-04 10:16:14.427,LIN-INNTRE-02-UL-2,,126080300600012013,TRUE
2026-08-04 10:15:56.337,LIN-OUTTRE-01-UL,1260710007000,126070901900001056,TRUE
2026-08-04 10:15:24.848,ELC-RED-01-UL,1260709037020,126070903700010039,TRUE
2026-08-04 10:16:55.945,WIR-Vdevelop-01-L,1260619002000,12606190020002B053,TRUE
2026-08-04 10:16:55.683,AOI-PEP-01-L,1260801057000,126080105700002068,TRUE
2026-08-04 10:16:55.308,AOI-PEP-01-UL,1260801057000,126080105700002064,TRUE
2026-08-04 10:16:55.087,LIN-INNLDI-01-L,1260801118000,126080111800004035,TRUE
2026-08-04 10:16:52.574,LAM-BOP-02-UL,1260731048000,126073104800002036,TRUE
2026-08-04 10:16:50.429,WIR-Vdevelop-01-UL,1260619002000,"12606190020002B043,BD",TRUE
2026-08-04 10:16:49.534,LIN-INNDES-02-L,,126080106500006065,TRUE
2026-08-04 10:16:45.164,WIR-Pretreatment-01-UL,1260611097010,12606110970001C193,TRUE
2026-08-04 10:16:46.974,LIN-INNTRE-01-UL,1260803009000,126080300900006066,TRUE
2026-08-04 10:16:45.648,WIR-Decoatbake-01-UL,1260710001010,126071000100049124,TRUE
2026-08-04 10:16:44.761,LAM-BOP-02-L,1260731048000,126073103600002022,TRUE
2026-08-04 10:16:37.007,LIN-INNTRE-02-UL-1,,126080300600012016,TRUE
2026-08-04 10:16:44.955,LIN-INNDES-02-UL,,126080106500006060,TRUE
2026-08-04 10:16:38.710,LIN-INNTRE-02-UL-2,,126080300600012015,TRUE
2026-08-04 10:16:34.701,ROU-RIN-01-UL,,Error_202608041716347018,FALSE
2026-08-04 10:16:21.866,CPP-Patternplating-01-UL,1260711011000,126071400100058025,TRUE
2026-08-04 10:07:38.359,LIN-OUTTRE-01-L,1260709019020,126070901900001063,TRUE
2026-08-04 10:16:33.664,CPP-Patternplating-01-L,1260606004000,126071100800400044,TRUE
2026-08-04 09:46:32.593,SDM-DI-01-UL,,12606040010001C189,TRUE
2026-08-04 10:16:41.554,SMK-BRU-01-L,1260725015010,M0960013A2000G-0607,TRUE
2026-08-04 10:16:59.722,LIN-INNDES-02-UL,,126080106500006061,TRUE
2026-08-04 10:17:02.493,LIN-INNTRE-02-UL-2,,126080300600012017,TRUE
2026-08-04 10:16:58.651,SMK-BRU-02-L,1260716041020,126071604100001010,TRUE
2026-08-04 10:16:58.505,LIN-INNTRE-01-UL,1260803009000,126080300900006067,TRUE
2026-08-04 10:15:24.848,ELC-RED-01-UL,1260709037020,126070903700010039,TRUE
2026-08-04 10:17:23.242,WIR-Pretreatment-01-UL,1260611097010,12606110970001C237,TRUE
2026-08-04 10:17:21.756,LIN-INNTRE-01-UL,1260803009000,126080300900006069,TRUE
2026-08-04 10:17:19.249,WIR-SE-01-UL,1260620160010,12606201600002B176,TRUE
2026-08-04 10:17:18.997,AOI-PEP-01-UL,1260801057000,126080105700002068,TRUE
2026-08-04 10:17:18.504,LIN-INNDES-02-L,,126080106500006063,TRUE
2026-08-04 10:17:17.948,LIN-INNLDI-01-L,1260801118000,126080111800004023,TRUE
2026-08-04 10:17:16.841,AOI-PEP-01-L,1260801057000,126080105700002074,TRUE
2026-08-04 10:17:16.310,LAM-BOP-02-UL,1260731048000,126073104800002032,TRUE
2026-08-04 10:17:15.507,CPP-Patternplating-01-UL,1260711011000,126071400100058016,TRUE
2026-08-04 10:17:14.114,LIN-INNDES-02-UL,,126080106500006062,TRUE
2026-08-04 10:17:09.164,WIR-Pretreatment-01-L,1260611097010,12606110970001C180,TRUE
2026-08-04 10:17:03.102,LIN-INNTRE-02-UL-1,,Error_202608041717031027,FALSE
2026-08-04 10:15:24.848,ELC-RED-01-UL,1260709037020,126070903700010039,TRUE
2026-08-04 10:17:45.038,LIN-INNTRE-01-UL,1260803009000,126080300900006071,TRUE
2026-08-04 10:17:43.558,LIN-INNLDI-01-L,1260801118000,126080111800004029,TRUE
2026-08-04 10:17:43.376,WIR-SE-01-UL,1260620160010,12606201600002B168,TRUE
2026-08-04 10:17:42.381,LIN-INNDES-02-UL,,126080106500006064,TRUE
2026-08-04 10:17:41.484,LAM-BOP-02-UL,1260731048000,126073104800002028,TRUE
2026-08-04 10:17:41.374,LAM-BOP-02-L,1260731043000,126073104300004007,TRUE
2026-08-04 10:17:40.717,ELC-TRE-01-L,1260709043020,126070904300001076,TRUE
2026-08-04 10:17:39.234,AOI-PEP-01-L,1260801057000,126080105700002078,TRUE
2026-08-04 10:17:33.084,LIN-INNDES-02-L,,126080106500006062,TRUE
2026-08-04 10:17:31.696,WIR-Vdevelop-01-L,1260619002000,12606190020002B036,TRUE
2026-08-04 10:17:27.618,CPP-Patternplating-01-L,1260606004000,126071100800400052,TRUE
2026-08-04 10:17:26.711,WIR-Vdevelop-01-UL,1260619002000,"12606190020002B044,BD",TRUE
2026-08-04 10:17:26.029,LIN-INNTRE-02-UL-2,,126080300600012019,TRUE
2026-08-04 10:17:38.609,AOI-PEP-01-UL,1260801057000,126080105700002074,TRUE
2026-08-04 10:17:25.403,LIN-INNTRE-02-UL-1,,126080300600012020,TRUE
2026-08-04 10:17:28.046,SMK-BRU-02-L,1260716041020,126071604100001039,TRUE
2026-08-04 10:15:24.848,ELC-RED-01-UL,1260709037020,126070903700010039,TRUE
2026-08-04 09:45:35.706,LIN-OUTDEV-01-UL,1260703066020,126070306600001040,TRUE
2026-08-04 10:18:01.890,AOI-PEP-01-UL,1260801057000,126080105700002078,TRUE
2026-08-04 10:18:01.812,AOI-PEP-01-L,1260801057000,126080105700002042,TRUE
2026-08-04 10:17:57.350,LIN-INNDES-02-UL,,126080106500006065,TRUE
2026-08-04 10:17:56.585,LIN-INNTRE-01-UL,1260803009000,126080300900006072,TRUE
2026-08-04 10:17:54.121,LIN-INNLDI-01-L,1260801118000,126080111800004015,TRUE
2026-08-04 10:17:53.468,LAM-BOP-02-UL,1260731048000,126073104800002026,TRUE
2026-08-04 10:17:56.874,SMK-BRU-02-L,1260716041020,126071604100001005,TRUE
2026-08-04 10:17:52.296,LAM-BOP-02-L,1260731043000,126073104300004005,TRUE
2026-08-04 10:17:51.278,LIN-INNTRE-02-UL-2,,126080300600012021,TRUE
2026-08-04 10:17:48.825,LIN-INNTRE-02-UL-1,,126080300600012022,TRUE
2026-08-04 10:17:48.728,LIN-OUTTRE-01-L,1260706048000,126070604800001019,TRUE
2026-08-04 10:17:47.853,WIR-Pretreatment-01-L,1260611097010,12606110970001C204,TRUE
2026-08-04 10:17:47.632,LIN-INNDES-02-L,,126080106500006061,TRUE
2026-08-04 10:17:43.376,WIR-SE-01-UL,1260620160010,12606201600002B168,TRUE
2026-08-04 10:18:19.917,LIN-OUTTRE-01-L,1260706048000,126070604800001010,TRUE
2026-08-04 10:18:19.570,LIN-INNTRE-01-UL,1260803009000,126080300900006074,TRUE
2026-08-04 10:18:17.689,LAM-BOP-02-UL,1260731048000,126073104800002022,TRUE
2026-08-04 10:18:16.430,LIN-INNDES-02-L,,126080106500006059,TRUE
2026-08-04 10:18:16.062,LIN-INNTRE-02-UL-2,,126080300600012023,TRUE
2026-08-04 10:18:15.760,WIR-Decoatbake-01-UL,1260710001010,126071000100049122,TRUE
2026-08-04 10:18:13.405,LIN-INNTRE-02-UL-1,,126080300600012024,TRUE
2026-08-04 10:18:13.220,AOI-PEP-01-UL,1260801057000,126080105700002040,TRUE
2026-08-04 10:18:11.633,LIN-INNDES-02-UL,,126080106500006066,TRUE
2026-08-04 10:18:14.470,LAM-BOP-02-L,1260731043000,126073104300004079,TRUE
2026-08-04 10:18:08.712,WIR-Vdevelop-01-L,1260619002000,12606190020002B033,TRUE
2026-08-04 10:18:07.375,ELC-TRE-01-L,1260709043020,126070904300001068,TRUE
2026-08-04 10:18:08.884,CPP-Patternplating-01-UL,1260711011000,126071400100058021,TRUE
2026-08-04 10:18:03.884,WIR-Vdevelop-01-UL,1260619002000,"12606190020002B058,BD",TRUE
2026-08-04 10:18:02.134,WIR-Pretreatment-01-UL,1260611097010,12606110970001C235,TRUE
2026-08-04 10:18:14.592,LIN-INNLDI-01-L,1260801118000,126080111800004019,TRUE
2026-08-04 10:18:01.812,AOI-PEP-01-L,1260801057000,126080105700002042,TRUE
2026-08-04 10:15:24.848,ELC-RED-01-UL,1260709037020,126070903700010039,TRUE
2026-08-04 10:17:43.376,WIR-SE-01-UL,1260620160010,12606201600002B168,TRUE
2026-08-04 09:44:42.493,LSR-Debrowning-01-L,1260711001000,12607110010003G025,TRUE
2026-08-04 10:18:34.353,WIR-Decoatbake-01-UL,1260710001010,126071000100049121,TRUE
2026-08-04 10:18:33.313,LIN-INNTRE-02-UL-1,,126080300600012028,TRUE
2026-08-04 10:18:31.289,LIN-INNTRE-01-UL,1260803009000,126080300900006075,TRUE
2026-08-04 10:18:29.768,LAM-BOP-02-UL,1260731048000,126073104800002020,TRUE
2026-08-04 10:18:28.845,LIN-INNLDI-01-L,1260801118000,126080111800004017,TRUE
2026-08-04 10:18:30.836,LIN-INNDES-02-L,,126080106500006058,TRUE
2026-08-04 10:18:27.391,LIN-INNTRE-02-UL-2,,126080300600012025,TRUE
2026-08-04 10:18:26.275,WIR-Pretreatment-01-L,1260611097010,12606110970001C189,TRUE
2026-08-04 10:18:26.273,LIN-INNDES-02-UL,,126080106500006067,TRUE
2026-08-04 10:18:25.221,LAM-BOP-02-L,1260731043000,126073104300004077,TRUE
2026-08-04 10:18:23.723,ROU-RIN-01-UL,,Error_202608041718237234,FALSE
2026-08-04 10:18:22.391,ELC-TRE-01-L,1260709043020,126070904300001004,TRUE
2026-08-04 10:18:21.338,CPP-Patternplating-01-L,1260606004000,126071100800400013,TRUE
2026-08-04 10:18:08.884,CPP-Patternplating-01-UL,1260711011000,126071400100058021,TRUE
2026-08-04 10:18:54.601,LIN-INNTRE-01-UL,1260803009000,126080300900006077,TRUE
2026-08-04 10:18:54.540,LIN-INNDES-02-UL,,126080106500006076,TRUE
2026-08-04 10:18:54.129,LAM-BOP-02-UL,1260731048000,126073104800002016,TRUE
2026-08-04 10:18:53.131,LIN-OUTTRE-01-L,1260706048000,126070604800001067,TRUE
2026-08-04 10:18:52.849,ELC-TRE-01-L,1260709043020,126070904300001054,TRUE
2026-08-04 10:18:52.422,LIN-INNTRE-02-UL-2,,126080300600012029,TRUE
2026-08-04 10:18:50.985,LIN-INNTRE-02-UL-1,,Error_202608041718509852,FALSE
2026-08-04 10:18:49.251,LIN-INNLDI-01-L,1260801118000,126080111800004013,TRUE
2026-08-04 10:18:43.230,WIR-Vdevelop-01-L,1260619002000,12606190020002B034,TRUE
2026-08-04 10:18:45.227,LIN-INNDES-02-L,,126080106500006057,TRUE
2026-08-04 10:18:47.425,LAM-BOP-02-L,1260731043000,126073104300004073,TRUE
2026-08-04 10:18:40.417,WIR-Vdevelop-01-UL,1260619002000,"12606190020002B039,BD",TRUE
2026-08-04 10:18:36.286,SMK-BRU-02-L,1260716041020,Error_202608041718362861,FALSE
2026-08-04 10:18:39.854,WIR-Pretreatment-01-UL,1260611097010,12606110970001C232,TRUE
2026-08-04 10:18:08.884,CPP-Patternplating-01-UL,1260711011000,126071400100058021,TRUE
2026-08-04 10:17:43.376,WIR-SE-01-UL,1260620160010,12606201600002B168,TRUE
2026-08-04 10:12:43.498,ELC-TRE-01-UL,1260709043000,126070904300001029,TRUE
2026-08-04 09:49:48.214,WIR-Decoatbake-01-L,1260707002000,126070700200049050,TRUE
2026-08-04 10:19:14.731,WIR-Vdevelop-01-UL,1260619002000,"12606190020002B041,BD",TRUE
2026-08-04 10:19:13.381,LIN-OUTTRE-01-UL,1260710007000,126070901900001022,TRUE
2026-08-04 10:19:13.237,LIN-INNLDI-01-L,1260801118000,126080111800004015,TRUE
2026-08-04 10:19:11.630,AOI-PEP-01-UL,1260801057000,126080105700002042,TRUE
2026-08-04 10:19:10.067,LAM-BOP-02-L,1260731043000,126073104300004069,TRUE
2026-08-04 10:19:10.957,AOI-PEP-01-L,1260801057000,126080105700002048,TRUE
2026-08-04 10:19:08.772,ELC-TRE-01-L,1260709043020,126070904300001066,TRUE
2026-08-04 10:19:14.227,LIN-INNDES-02-L,,126080106500006055,TRUE
2026-08-04 10:19:08.337,LIN-INNDES-02-UL,,126080106500006077,TRUE
2026-08-04 10:19:06.645,LAM-BOP-02-UL,1260731048000,126073104800002014,TRUE
2026-08-04 10:19:06.117,LIN-INNTRE-01-UL,1260803009000,126080300900006078,TRUE
2026-08-04 10:19:05.997,CPP-Patternplating-01-UL,1260711011000,126071400100058046,TRUE
2026-08-04 10:19:00.543,WIR-Decoatbake-01-UL,1260710001010,126071000100049138,TRUE
2026-08-04 10:19:00.474,SMK-BRU-02-L,1260716041020,126071604100001038,TRUE
2026-08-04 10:18:39.854,WIR-Pretreatment-01-UL,1260611097010,12606110970001C232,TRUE
2026-08-04 10:18:21.338,CPP-Patternplating-01-L,1260606004000,126071100800400013,TRUE
2026-08-04 10:19:04.386,WIR-Pretreatment-01-L,1260611097010,12606110970001C192,TRUE
2026-08-04 10:17:43.376,WIR-SE-01-UL,1260620160010,12606201600002B168,TRUE
2026-08-04 10:19:31.632,LIN-OUTTRE-01-UL,1260710007000,126070901900001011,TRUE
2026-08-04 10:19:30.365,LAM-BOP-02-UL,1260731048000,126073104800002010,TRUE
2026-08-04 10:19:29.926,LIN-INNLDI-01-L,1260801118000,126080111800004019,TRUE
2026-08-04 10:19:29.418,LIN-INNTRE-01-UL,1260803009000,126080300900006080,TRUE
2026-08-04 10:19:29.902,SMK-BRU-02-L,1260716041020,126071604100001022,TRUE
2026-08-04 10:19:29.167,LIN-INNDES-02-L,,126080106500006054,TRUE
2026-08-04 10:19:22.278,CPP-Patternplating-01-L,1260606004000,12606060040001C106,TRUE
2026-08-04 10:19:22.208,AOI-PEP-01-L,1260801057000,126080105700002050,TRUE
2026-08-04 10:19:24.853,ELC-TRE-01-L,1260709043020,126070904300001055,TRUE
2026-08-04 10:19:21.567,AOI-PEP-01-UL,1260801057000,126080105700002046,TRUE
2026-08-04 10:19:20.786,LAM-BOP-02-L,1260731043000,126073104300004067,TRUE
2026-08-04 10:19:21.180,LIN-INNDES-02-UL,,185326989302774421027347129397514043 1,TRUE
2026-08-04 10:19:18.981,WIR-Vdevelop-01-L,1260619002000,12606190020002B023,TRUE
2026-08-04 10:19:18.715,WIR-Pretreatment-01-UL,1260611097010,12606110970001C231,TRUE
2026-08-04 10:19:16.741,LIN-OUTTRE-01-L,1260706048000,Error_202608041719167414,FALSE
2026-08-04 10:19:55.759,LAM-BOP-02-UL,1260731048000,126073104800002006,TRUE
2026-08-04 10:19:55.113,ELC-TRE-01-L,1260709043020,126070904300001067,TRUE
2026-08-04 10:19:54.551,WIR-Vdevelop-01-L,1260619002000,12606190020002B040,TRUE
2026-08-04 10:19:54.228,LAM-BOP-02-L,1260731043000,126073104300004061,TRUE
2026-08-04 10:19:51.858,LIN-INNDES-02-UL,,126080106500006080,TRUE
2026-08-04 10:19:49.684,WIR-Vdevelop-01-UL,1260619002000,"12606190020002B042,BD",TRUE
2026-08-04 10:19:48.117,LIN-INNLDI-01-L,1260801118000,126080111800004017,TRUE
2026-08-04 10:19:45.372,WIR-Decoatbake-01-UL,1260710001010,126071000100049154,TRUE
2026-08-04 10:19:44.569,AOI-PEP-01-L,1260801057000,126080105700002054,TRUE
2026-08-04 10:19:43.200,LIN-INNDES-02-L,,126080106500006053,TRUE
2026-08-04 10:19:44.210,LIN-OUTTRE-01-UL,1260710007000,126070901900001018,TRUE
2026-08-04 10:19:43.012,WIR-Pretreatment-01-L,1260611097010,12606110970001C209,TRUE
2026-08-04 10:19:40.243,LIN-INNTRE-02-UL-2,,126080300600012031,TRUE
2026-08-04 10:19:32.490,AOI-PEP-01-UL,1260801057000,126080105700002048,TRUE
2026-08-04 10:19:16.741,LIN-OUTTRE-01-L,1260706048000,Error_202608041719167414,FALSE
2026-08-04 10:19:29.418,LIN-INNTRE-01-UL,1260803009000,126080300900006080,TRUE
2026-08-04 10:20:04.603,LIN-INNLDI-01-L,1260801118000,126080111800004013,TRUE
2026-08-04 10:20:00.259,LIN-INNTRE-02-UL-1,,126080300600012032,TRUE
2026-08-04 10:19:58.992,LSR-Debrowning-01-L,1260713001080,126071300100049060,TRUE
2026-08-04 10:19:57.942,CPP-Patternplating-01-L,1260606004000,12606060040001C098,TRUE
2026-08-04 10:19:58.863,SMK-BRU-02-L,1260716041020,126071604100001030,TRUE
2026-08-04 10:19:57.842,LIN-INNDES-02-L,,126080106500006052,TRUE
2026-08-04 10:19:57.130,WIR-Pretreatment-01-UL,1260611097010,12606110970001C229,TRUE
2026-08-04 10:19:56.895,CPP-Patternplating-01-UL,1260711011000,126071400100058045,TRUE
2026-08-04 10:19:56.962,LIN-OUTTRE-01-UL,1260710007000,126070901900001078,TRUE
2026-08-04 10:20:26.586,WIR-Vdevelop-01-UL,1260619002000,"12606190020002B002,BD",TRUE
2026-08-04 10:20:26.568,ELC-TRE-01-L,1260709043020,126070904300001071,TRUE
2026-08-04 10:20:26.072,LIN-INNTRE-02-UL-2,,126080300600012035,TRUE
2026-08-04 10:20:22.650,LIN-INNLDI-01-L,1260801118000,126080111800004011,TRUE
2026-08-04 10:20:21.381,WIR-Pretreatment-01-L,1260611097010,12606110970001C200,TRUE
2026-08-04 10:20:24.728,LIN-INNTRE-02-UL-1,,126080300600012034,TRUE
2026-08-04 10:20:19.842,LIN-INNDES-02-UL,,126080106500006022,TRUE
2026-08-04 10:20:19.449,LAM-BOP-02-UL,1260731048000,126073104800002002,TRUE
2026-08-04 10:20:18.351,LSR-Debrowning-01-L,1260713001080,126071300100049059,TRUE
2026-08-04 10:19:57.842,LIN-INNDES-02-L,,126080106500006052,TRUE
2026-08-04 10:20:16.668,LAM-BOP-02-L,1260731043000,126073104300004057,TRUE
2026-08-04 10:20:42.253,SMK-BRU-01-L,1260725015010,Error_202608041720422533,FALSE
2026-08-04 10:20:41.537,ELC-TRE-01-L,1260709043020,126070904300001058,TRUE
2026-08-04 10:20:39.574,LAM-BOP-02-L,1260731043000,126073104300004053,TRUE
2026-08-04 10:20:38.698,LIN-INNLDI-01-L,1260801118000,126080111800004009,TRUE
2026-08-04 10:20:36.205,WIR-LDI-01-UL,,12606230980002B001,TRUE
2026-08-04 10:20:33.936,LIN-INNDES-02-UL,,126080106500006023,TRUE
2026-08-04 10:20:35.830,WIR-Pretreatment-01-UL,1260611097010,12606110970001C219,TRUE
2026-08-04 10:20:30.641,WIR-Vdevelop-01-L,1260619002000,12606190020002B027,TRUE
2026-08-04 10:20:31.387,LAM-BOP-02-UL,1260731048000,126073104800002079,TRUE
2026-08-04 10:20:30.376,WIR-Decoatbake-01-UL,1260710001010,126071000100049153,TRUE
2026-08-04 10:20:27.724,SMK-BRU-02-L,1260716041020,126071604100001047,TRUE
2026-08-04 10:21:04.021,AOI-PEP-01-L,1260801057000,126080105700002058,TRUE
2026-08-04 10:21:02.985,LIN-INNDES-02-UL,,126080106500006025,TRUE
2026-08-04 10:21:01.018,WIR-Vdevelop-01-UL,1260619002000,"12606190020002B037,BD",TRUE
2026-08-04 10:20:59.627,WIR-Pretreatment-01-L,1260611097010,12606110970001C207,TRUE
2026-08-04 10:20:58.403,ROU-RIN-01-UL,,Error_202608041720584031,FALSE
2026-08-04 10:20:58.358,LIN-INNLDI-01-L,1260801118000,126080111800004007,TRUE
2026-08-04 10:20:58.248,AOI-PEP-01-UL,1260801057000,126080105700002052,TRUE
2026-08-04 10:20:57.599,SMK-BRU-02-L,1260716041020,126071604100001055,TRUE
2026-08-04 10:20:57.584,ELC-TRE-01-L,1260709043020,126070904300001043,TRUE
2026-08-04 10:20:56.483,LAM-BOP-02-UL,1260731048000,126073104800002073,TRUE
2026-08-04 10:20:52.058,LIN-OUTTRE-01-UL,1260710007000,126070901900001060,TRUE
2026-08-04 10:20:51.815,CPP-Patternplating-01-L,1260606004000,12606060040001C094,TRUE
2026-08-04 10:20:50.552,SMK-BRU-01-L,1260725015010,M0960013A2000G-0607,TRUE
2026-08-04 10:20:50.455,CPP-Patternplating-01-UL,1260711011000,126071400100058048,TRUE
2026-08-04 10:20:48.494,LIN-INNTRE-02-UL-1,,126080300600012036,TRUE
2026-08-04 10:20:50.259,LIN-INNTRE-02-UL-2,,126080300600012037,TRUE
2026-08-04 10:21:20.751,LAM-BOP-02-UL,1260731048000,126073104800002069,TRUE
2026-08-04 10:21:22.129,LIN-INNLDI-01-L,1260801118000,126080111800004076,TRUE
2026-08-04 10:21:20.169,LIN-OUTTRE-01-UL,1260710007000,126070901900001019,TRUE
2026-08-04 10:21:18.516,LAM-BOP-02-L,1260731043000,126073104300004049,TRUE
2026-08-04 10:21:18.090,LIN-OUTDES-01-UL,1260709031020,126063031200001022,TRUE
2026-08-04 10:21:17.160,WIR-LDI-01-L,,12606230980002B060,TRUE
2026-08-04 10:21:15.579,AOI-PEP-01-UL,1260801057000,126080105700002056,TRUE
2026-08-04 10:21:14.347,WIR-Pretreatment-01-UL,1260611097010,12606110970001C238,TRUE
2026-08-04 10:21:13.777,LIN-INNTRE-02-UL-2,,126080300600012039,TRUE
2026-08-04 10:21:15.410,WIR-Decoatbake-01-UL,1260710001010,126071000100049152,TRUE
2026-08-04 10:21:13.646,ELC-TRE-01-L,1260709043020,126070904300001077,TRUE
2026-08-04 10:21:11.985,AOI-PEP-01-L,1260801057000,126080105700002024,TRUE
2026-08-04 10:21:09.193,ELC-TRE-01-UL,1260709043020,126070904300001003,TRUE
2026-08-04 10:21:13.073,LIN-INNTRE-02-UL-1,,126080300600012038,TRUE
2026-08-04 10:21:06.494,WIR-Vdevelop-01-L,1260619002000,12606190020002B028,TRUE
2026-08-04 10:21:18.188,LIN-INNDES-02-UL,,126080106500006026,TRUE
2026-08-04 10:21:06.058,LIN-OUTTRE-01-L,1260706048000,126070604800001066,TRUE
2026-08-04 10:21:05.800,WIR-LDI-01-UL,,12606230980002B006,TRUE
2026-08-04 10:21:46.163,CPP-Patternplating-01-L,1260606004000,12606060040001C117,TRUE
2026-08-04 10:21:45.335,ELC-TRE-01-L,1260709043020,126070904300001016,TRUE
2026-08-04 10:21:44.752,LAM-BOP-02-UL,1260731048000,126073104800002065,TRUE
2026-08-04 10:21:44.674,AOI-PEP-01-UL,1260801057000,126080105700002020,TRUE
2026-08-04 10:21:44.112,AOI-PEP-01-L,1260801057000,126080105700002038,TRUE
2026-08-04 10:21:43.881,WIR-LDI-01-L,,12606230980002B059,TRUE
2026-08-04 10:21:43.631,CPP-Patternplating-01-UL,1260711011000,126071400100058047,TRUE
2026-08-04 10:21:42.349,WIR-Vdevelop-01-L,1260619002000,12606190020002B025,TRUE
2026-08-04 10:21:41.206,LAM-BOP-02-L,1260731043000,126073104300004045,TRUE
2026-08-04 10:21:39.454,LIN-OUTTRE-01-L,1260706048000,126070604800001064,TRUE
2026-08-04 10:21:37.973,WIR-Pretreatment-01-L,1260611097010,12606110970001C203,TRUE
2026-08-04 10:21:37.871,LIN-INNTRE-02-UL-2,,126080300600012041,TRUE
2026-08-04 10:21:36.020,WIR-Vdevelop-01-UL,1260619002000,"12606190020002B038,BB",TRUE
2026-08-04 10:21:41.881,LIN-INNLDI-01-L,1260801118000,126080111800004074,TRUE
2026-08-04 10:21:36.277,LIN-INNTRE-02-UL-1,,126080300600012040,TRUE
2026-08-04 10:21:32.655,LIN-OUTTRE-01-UL,1260710007000,126070901900001001,TRUE
2026-08-04 10:21:24.303,ELC-TRE-01-UL,1260709043020,126070904300001076,TRUE
2026-08-04 10:21:32.050,LIN-INNDES-02-UL,,126080106500006027,TRUE
2026-08-04 10:21:27.225,SMK-BRU-02-L,1260716041020,126071604100001014,TRUE
2026-08-04 10:21:56.752,LIN-OUTTRE-01-L,1260706048000,126070604800001063,TRUE
2026-08-04 10:21:56.383,SMK-BRU-02-L,1260716041020,126071604100001012,TRUE
2026-08-04 10:21:56.521,LAM-BOP-02-UL,1260731048000,126073104800002063,TRUE
2026-08-04 10:21:56.319,LIN-INNLDI-01-L,1260801118000,126080111800004072,TRUE
2026-08-04 10:21:55.427,AOI-PEP-01-L,1260801057000,126080105700002026,TRUE
2026-08-04 10:21:54.349,AOI-PEP-01-UL,1260801057000,126080105700002036,TRUE
2026-08-04 10:21:54.190,LIN-OUTTRE-01-UL,1260710007000,126070901900001069,TRUE
2026-08-04 10:21:52.553,WIR-Pretreatment-01-UL,1260611097010,12606110970001C226,TRUE
2026-08-04 10:21:52.285,LAM-BOP-02-L,1260731043000,126073104300004043,TRUE
2026-08-04 10:21:50.461,ELC-TRE-01-UL,1260709043020,126070904300001068,TRUE
2026-08-04 10:21:47.084,LIN-INNDES-02-UL,,126080106500006028,TRUE
2026-08-04 10:03:49.769,WIR-SE-01-L,1260620160010,12606201600002B168,TRUE
2026-08-04 10:22:10.944,WIR-Vdevelop-01-UL,1260619002000,"12606190020002B003,BD",TRUE
2026-08-04 10:22:06.771,AOI-PEP-01-L,1260801057000,126080105700002028,TRUE
2026-08-04 10:22:06.537,AOI-PEP-01-UL,1260801057000,126080105700002038,TRUE
2026-08-04 10:22:06.471,LIN-OUTTRE-01-UL,1260710007000,126070901900001036,TRUE
2026-08-04 10:22:05.914,LIN-INNLDI-01-L,1260801118000,126080111800004080,TRUE
2026-08-04 10:22:05.602,ELC-TRE-01-UL,1260709043020,126070904300001004,TRUE
2026-08-04 10:22:03.567,LAM-BOP-02-L,1260731043000,126073104300004041,TRUE
2026-08-04 10:22:01.863,LIN-INNTRE-02-UL-2,,126080300600012043,TRUE
2026-08-04 10:22:01.663,LIN-INNDES-02-UL,,126080106500006049,TRUE
2026-08-04 10:22:00.428,WIR-Decoatbake-01-UL,1260710001010,126071000100049151,TRUE
2026-08-04 10:22:10.397,WIR-LDI-01-L,,12606230980002B002,TRUE
2026-08-04 10:22:00.285,LIN-INNTRE-02-UL-1,,126080300600012042,TRUE
2026-08-04 10:21:59.611,LIN-OUTDES-01-UL,1260709031020,126063031200001074,TRUE
2026-08-04 10:22:00.039,ELC-TRE-01-L,1260709043020,126070904300001027,TRUE
2026-08-04 10:21:54.322,SMK-BRU-01-UL,1260725015000,M0960013A2000G-0607,TRUE
2026-08-04 10:21:42.349,WIR-Vdevelop-01-L,1260619002000,12606190020002B025,TRUE
2026-08-04 09:52:14.577,SDM-DI-01-L,,12606040010002B164,TRUE
2026-08-04 10:19:57.842,LIN-INNDES-02-L,,126080106500006052,TRUE
2026-08-04 10:22:35.502,LAM-BOP-02-UL,1260731048000,126073104800002061,TRUE
2026-08-04 10:22:31.649,ELC-TRE-01-L,1260709043020,126070904300001009,TRUE
2026-08-04 10:22:31.112,LIN-OUTTRE-01-L,1260706048000,126070604800001071,TRUE
2026-08-04 10:22:31.133,WIR-Pretreatment-01-UL,1260611097010,12606110970001C228,TRUE
2026-08-04 10:22:31.071,LIN-INNLDI-01-L,1260801118000,126080111800004068,TRUE
2026-08-04 10:22:31.024,AOI-PEP-01-UL,1260801057000,126080105700002028,TRUE
2026-08-04 10:22:29.991,LIN-INNDES-02-UL,,126080106500006039,TRUE
2026-08-04 10:22:29.460,AOI-PEP-01-L,1260801057000,126080105700002034,TRUE
2026-08-04 10:22:26.550,LIN-OUTTRE-01-UL,1260710007000,126070901900001041,TRUE
2026-08-04 10:22:26.319,LAM-BOP-02-L,1260731043000,126073104300004037,TRUE
2026-08-04 10:22:25.995,LIN-INNTRE-02-UL-2,,126080300600012045,TRUE
2026-08-04 10:22:25.680,SMK-BRU-02-L,1260716041020,126071604100001011,TRUE
2026-08-04 10:22:24.604,LIN-INNTRE-02-UL-1,,126080300600012044,TRUE
2026-08-04 10:22:21.758,ELC-TRE-01-UL,1260709043020,126070904300001047,TRUE
2026-08-04 10:22:21.322,SMK-BRU-01-UL,1260725015010,M0960013A2000G-0607,TRUE
2026-08-04 10:22:16.428,WIR-Pretreatment-01-L,1260611097010,12606110970001C208,TRUE
2026-08-04 10:22:54.869,WIR-Pretreatment-01-L,1260611097010,12606110970001C199,TRUE
2026-08-04 10:22:53.379,LIN-OUTDES-01-UL,1260709031020,126062714600001010,TRUE
2026-08-04 10:22:52.709,LIN-OUTTRE-01-UL,1260710007000,126070901900001066,TRUE
2026-08-04 10:22:53.525,AOI-PEP-01-UL,1260801057000,126080105700002034,TRUE
2026-08-04 10:22:52.324,ELC-TRE-01-UL,1260709043020,126070904300001066,TRUE
2026-08-04 10:22:49.714,LIN-INNTRE-02-UL-2,,126080300600012047,TRUE
2026-08-04 10:22:51.306,LIN-INNLDI-01-L,1260801118000,126080111800004066,TRUE
2026-08-04 10:22:48.729,LIN-INNTRE-02-UL-1,,126080300600012046,TRUE
2026-08-04 10:22:47.556,LAM-BOP-02-UL,1260731048000,126073105400002059,TRUE
2026-08-04 10:22:46.322,WIR-Vdevelop-01-UL,1260619002000,"12606190020002B004,BD",TRUE
2026-08-04 10:22:46.712,ELC-TRE-01-L,1260709043020,126070904300001046,TRUE
2026-08-04 10:22:45.432,WIR-Decoatbake-01-UL,1260710001010,126071000100049135,TRUE
2026-08-04 10:22:39.275,CPP-Patternplating-01-L,1260606004000,12606060040001C102,TRUE
2026-08-04 10:22:37.916,CPP-Patternplating-01-UL,1260711011000,126071400100058003,TRUE
2026-08-04 10:22:52.415,AOI-PEP-01-L,1260801057000,126080105700002006,TRUE
2026-08-04 10:22:44.509,LIN-INNDES-02-UL,,126080106500006040,TRUE
2026-08-04 10:22:36.713,WIR-LDI-01-L,,12606230980002B040,TRUE
2026-08-04 10:22:26.319,LAM-BOP-02-L,1260731043000,126073104300004037,TRUE
2026-08-04 10:23:05.713,LIN-INNLDI-01-L,1260801118000,126080111800004064,TRUE
2026-08-04 10:23:05.637,AOI-PEP-01-UL,1260801057000,126080105700002002,TRUE
2026-08-04 10:23:03.213,WIR-LDI-01-L,,12606230980002B037,TRUE
2026-08-04 10:23:03.760,AOI-PEP-01-L,1260801057000,126080105700002008,TRUE
2026-08-04 10:23:02.216,ELC-TRE-01-L,1260709043020,126070904300001049,TRUE
2026-08-04 10:23:00.620,LAM-BOP-02-UL,1260731048000,126073105400002020,TRUE
2026-08-04 10:22:59.043,LIN-INNDES-02-UL,,126080106500006041,TRUE
2026-08-04 10:22:55.825,SMK-BRU-02-L,1260716041020,126071604100001078,TRUE
2026-08-04 10:22:55.427,LIN-OUTTRE-01-L,1260706048000,126070604800001054,TRUE
2026-08-04 10:23:08.169,ELC-TRE-01-UL,1260709043020,126070904300001055,TRUE
2026-08-04 10:03:49.769,WIR-SE-01-L,1260620160010,12606201600002B168,TRUE
2026-08-04 10:23:25.091,LAM-BOP-02-UL,1260731048000,126073105400002050,TRUE
2026-08-04 10:23:24.293,LIN-INNDES-02-UL,,Error_202608041723242939,FALSE
2026-08-04 10:23:23.653,ELC-TRE-01-UL,1260709043020,126070904300001008,TRUE
2026-08-04 10:23:21.322,WIR-Vdevelop-01-UL,1260619002000,"12606190020002B001,BD",TRUE
2026-08-04 10:23:18.544,AOI-PEP-01-L,1260801057000,126080105700002010,TRUE
2026-08-04 10:23:17.888,LIN-INNTRE-02-UL-2,,126080300600012049,TRUE
2026-08-04 10:23:17.278,ELC-TRE-01-L,1260709043020,126070904300001019,TRUE
2026-08-04 10:23:15.323,LIN-INNLDI-01-L,1260801118000,126080111800004072,TRUE
2026-08-04 10:23:14.652,AOI-PEP-01-UL,1260801057000,126080105700002006,TRUE
2026-08-04 10:23:13.537,LIN-OUTTRE-01-UL,1260710007000,126070901900001040,TRUE
2026-08-04 10:23:12.974,LIN-OUTTRE-01-L,1260706048000,126070604800001011,TRUE
2026-08-04 10:23:11.950,LIN-INNTRE-02-UL-1,,126080300600012048,TRUE
2026-08-04 10:23:09.401,WIR-Pretreatment-01-UL,1260611097010,12606110970001C230,TRUE
2026-08-04 10:22:26.319,LAM-BOP-02-L,1260731043000,126073104300004037,TRUE
2026-08-04 10:03:49.769,WIR-SE-01-L,1260620160010,12606201600002B168,TRUE
2026-08-04 10:23:41.999,AOI-PEP-01-UL,1260801057000,126080105700002010,TRUE
2026-08-04 10:23:40.256,LIN-INNLDI-01-L,1260801118000,126080111800004060,TRUE
2026-08-04 10:23:38.888,ELC-TRE-01-UL,1260709043020,126070904300001067,TRUE
2026-08-04 10:23:37.889,LAM-BOP-02-UL,1260731048000,126073106000002010,TRUE
2026-08-04 10:23:35.905,LIN-INNTRE-02-UL-1,,126080300600012050,TRUE
2026-08-04 10:23:35.557,WIR-Pretreatment-01-L,1260611097010,12606110970001C206,TRUE
2026-08-04 10:23:33.700,ELC-TRE-01-L,1260709043020,126070904300001048,TRUE
2026-08-04 10:23:33.026,CPP-Patternplating-01-L,1260606004000,12606060040001C101,TRUE
2026-08-04 10:23:31.885,CPP-Patternplating-01-UL,1260711011000,126071400100058006,TRUE
2026-08-04 10:23:31.077,AOI-PEP-01-L,1260801057000,126080105700002012,TRUE
2026-08-04 10:23:29.476,LIN-OUTTRE-01-L,1260706048000,126070604800001018,TRUE
2026-08-04 10:23:29.289,LIN-OUTDES-01-UL,1260709031020,126062714600001058,TRUE
2026-08-04 10:23:30.463,WIR-Decoatbake-01-UL,1260710001010,126071000100049128,TRUE
2026-08-04 10:23:28.059,LIN-INNDES-02-UL,,126080106500006043,TRUE
2026-08-04 10:23:25.559,SMK-BRU-02-L,1260716041020,126071604100001042,TRUE
2026-08-04 10:24:00.444,LIN-INNLDI-01-L,1260801118000,126080111800004058,TRUE
2026-08-04 10:24:00.095,LIN-INNTRE-02-UL-1,,126080300600012052,TRUE
2026-08-04 10:23:56.795,WIR-Vdevelop-01-UL,1260619002000,"12606190020002B008,BD",TRUE
2026-08-04 10:23:54.842,ELC-TRE-01-UL,1260709043020,126070904300001011,TRUE
2026-08-04 10:23:54.795,SMK-BRU-02-L,1260716041020,126071604100001043,TRUE
2026-08-04 10:23:54.001,AOI-PEP-01-L,1260801057000,126080105700002016,TRUE
2026-08-04 10:23:56.546,LIN-INNDES-02-UL,,126080106500006045,TRUE
2026-08-04 10:23:52.906,AOI-PEP-01-UL,1260801057000,126080105700002012,TRUE
2026-08-04 10:23:49.045,ELC-TRE-01-L,1260709043020,126070904300001052,TRUE
2026-08-04 10:23:47.996,WIR-Pretreatment-01-UL,1260611097010,12606110970001C234,TRUE
2026-08-04 10:23:45.855,LIN-OUTTRE-01-L,1260706048000,126070604800001073,TRUE
2026-08-04 10:23:50.034,LAM-BOP-02-UL,1260731048000,126073103600002018,TRUE
2026-08-04 10:23:43.429,ROU-RIN-01-UL,,Error_202608041723434299,FALSE
2026-08-04 10:24:15.814,AOI-PEP-01-UL,1260801057000,126080105700002016,TRUE
2026-08-04 10:24:15.524,LIN-INNLDI-01-L,1260801118000,126080111800004056,TRUE
2026-08-04 10:24:15.359,WIR-Decoatbake-01-UL,1260710001010,126071000100049141,TRUE
2026-08-04 10:24:11.796,WIR-Pretreatment-01-L,1260611097010,12606110970001C194,TRUE
2026-08-04 10:24:11.719,LIN-INNDES-02-UL,,126080106500006046,TRUE
2026-08-04 10:24:09.842,ELC-TRE-01-UL,1260709043020,126070904300001071,TRUE
2026-08-04 10:24:05.360,AOI-PEP-01-L,1260801057000,126080105700002018,TRUE
2026-08-04 10:24:04.139,ELC-TRE-01-L,1260709043020,126070904300001007,TRUE
2026-08-04 10:24:03.933,LSR-Debrowning-01-L,1260713001080,126071300100049058,TRUE
2026-08-04 10:24:03.246,LIN-OUTTRE-01-L,1260706048000,126070604800001065,TRUE
2026-08-04 10:24:01.735,LAM-BOP-02-UL,1260731048000,126073103600002022,TRUE
2026-08-04 10:23:29.289,LIN-OUTDES-01-UL,1260709031020,126062714600001058,TRUE
2026-08-04 10:24:31.013,LSR-Debrowning-01-L,1260713001080,126071300100049057,TRUE
2026-08-04 10:24:27.876,AOI-PEP-01-UL,1260801057000,126080105700002018,TRUE
2026-08-04 10:24:30.153,LIN-OUTTRE-01-UL,1260710007000,126070901900001012,TRUE
2026-08-04 10:24:27.203,CPP-Patternplating-01-L,1260606004000,12606060040001C100,TRUE
2026-08-04 10:24:26.281,WIR-Pretreatment-01-UL,1260611097010,12606110970001C236,TRUE
2026-08-04 10:24:25.985,LIN-INNDES-02-UL,,126080106500006047,TRUE
2026-08-04 10:24:24.983,ELC-TRE-01-UL,1260709043020,126070904300001058,TRUE
2026-08-04 10:24:24.907,CPP-Patternplating-01-UL,1260711011000,126071400100058039,TRUE
2026-08-04 10:24:24.280,SMK-BRU-02-L,1260716041020,126071604100001032,TRUE
2026-08-04 10:24:23.540,LIN-INNTRE-02-UL-1,,126080300600012054,TRUE
2026-08-04 10:24:24.399,LIN-INNLDI-01-L,1260801118000,126080111800004064,TRUE
2026-08-04 10:24:20.263,LIN-OUTTRE-01-L,1260706048000,126070604800001036,TRUE
2026-08-04 10:24:16.892,AOI-PEP-01-L,1260801057000,126080105700002075,TRUE
2026-08-04 10:24:19.280,ELC-TRE-01-L,1260709043020,126070904300001026,TRUE
2026-08-04 10:22:26.319,LAM-BOP-02-L,1260731043000,126073104300004037,TRUE
2026-08-04 10:24:01.735,LAM-BOP-02-UL,1260731048000,126073103600002022,TRUE
2026-08-04 10:24:55.455,AOI-PEP-01-UL,1260801056000,126080105700002057,TRUE
2026-08-04 10:24:54.863,LIN-INNDES-02-UL,,126080106500006069,TRUE
2026-08-04 10:24:54.641,LIN-OUTTRE-01-L,1260706048000,126070604800001004,TRUE
2026-08-04 10:24:54.347,SMK-BRU-02-L,1260716041020,126071604100001064,TRUE
2026-08-04 10:24:51.729,LIN-INNLDI-01-L,1260801118000,126080111800004052,TRUE
2026-08-04 10:24:50.518,ELC-TRE-01-L,1260709043020,126070904300001040,TRUE
2026-08-04 10:24:47.432,LIN-INNTRE-02-UL-1,,126080300600012056,TRUE
2026-08-04 10:24:45.830,LIN-INNDES-01-L,,126080106200012079,TRUE
2026-08-04 10:24:44.562,LIN-OUTTRE-01-UL,1260710007000,126070901900001026,TRUE
2026-08-04 10:24:35.751,AOI-PEP-01-L,1260801057000,126080105700002057,TRUE
2026-08-04 10:24:40.782,ELC-TRE-01-UL,1260709043020,126070904300001043,TRUE
2026-08-04 10:24:50.266,WIR-Pretreatment-01-L,1260611097010,12606110970001C182,TRUE
2026-08-04 10:24:35.040,LAM-BOP-02-L,1260731043000,126073104300004033,TRUE
2026-08-04 10:24:33.610,WIR-Vdevelop-01-UL,1260619002000,"12606190020002B005,BD",TRUE
2026-08-04 10:25:16.200,LIN-INNTRE-02-UL-2,,126080300600012053,TRUE
2026-08-04 10:25:17.949,LIN-INNLDI-01-L,1260801118000,126080111800004058,TRUE
2026-08-04 10:25:13.628,ELC-TRE-01-UL,1260709043020,126070904300001056,TRUE
2026-08-04 10:25:15.206,LIN-INNDES-01-L,,126080106200012077,TRUE
2026-08-04 10:25:11.589,LIN-INNTRE-02-UL-1,,126080300600012058,TRUE
2026-08-04 10:25:12.032,LIN-OUTTRE-01-L,1260706048000,126070604800001024,TRUE
2026-08-04 10:25:09.829,LIN-OUTTRE-01-UL,1260710007000,126070901900001044,TRUE
2026-08-04 10:25:09.220,LAM-BOP-02-UL,1260731043000,126073104300004005,TRUE
2026-08-04 10:25:08.923,LAM-BOP-02-L,1260731043000,126073104300004029,TRUE
2026-08-04 10:25:08.517,WIR-Vdevelop-01-UL,1260619002000,"12606190020002B053,BD",TRUE
2026-08-04 10:25:05.644,ELC-TRE-01-L,1260709043020,126070904300001002,TRUE
2026-08-04 10:25:04.610,WIR-Pretreatment-01-UL,1260611097010,12606110970001C225,TRUE
2026-08-04 10:25:09.614,LIN-INNDES-02-UL,,126080106500006070,TRUE
2026-08-04 10:25:00.829,WIR-Decoatbake-01-UL,1260710001010,126071000100049142,TRUE
2026-08-04 10:24:57.202,LSR-Debrowning-01-L,1260713001080,126071300100049056,TRUE
2026-08-04 10:24:50.266,WIR-Pretreatment-01-L,1260611097010,12606110970001C182,TRUE
2026-08-04 09:59:45.429,CPP-Horizontalplating-01-L,1260729063000,126072501300400095,TRUE
2026-08-04 10:25:35.842,LIN-INNTRE-02-UL-1,,126080300600012060,TRUE
2026-08-04 10:25:35.235,LIN-OUTTRE-01-UL,1260710007000,126070901900001063,TRUE
2026-08-04 10:25:31.596,LAM-BOP-02-UL,1260731043000,126073104300004079,TRUE
2026-08-04 10:25:29.612,LIN-INNDES-01-L,,126080106200012076,TRUE
2026-08-04 10:25:31.440,LAM-BOP-02-L,1260731043000,126073104300004023,TRUE
2026-08-04 10:25:29.485,LIN-OUTTRE-01-L,1260706048000,126070604800001070,TRUE
2026-08-04 10:25:29.331,WIR-LDI-01-L,,12606230980002B038,TRUE
2026-08-04 10:25:29.097,ELC-TRE-01-UL,1260709043020,126070904300001016,TRUE
2026-08-04 10:25:28.519,WIR-Pretreatment-01-L,1260611097010,12606110970001C185,TRUE
2026-08-04 10:25:23.834,LIN-INNDES-02-UL,,126080106500006071,TRUE
2026-08-04 10:25:27.169,LIN-INNTRE-02-UL-2,,126080300600012055,TRUE
2026-08-04 10:25:26.916,LIN-INNLDI-01-L,1260801118000,126080111800004048,TRUE
2026-08-04 10:25:24.285,SMK-BRU-02-L,1260716041020,126071604100001058,TRUE
2026-08-04 10:25:23.658,LSR-Debrowning-01-L,1260713001080,126071300100049055,TRUE
2026-08-04 10:25:21.738,ELC-TRE-01-L,1260709043020,126070904300001078,TRUE
2026-08-04 10:25:19.251,CPP-Patternplating-01-UL,1260711011000,126071400100058001,TRUE
2026-08-04 10:25:20.892,CPP-Patternplating-01-L,1260606004000,12606060040001C105,TRUE
2026-08-04 10:25:44.207,LIN-INNDES-01-L,,126080106200012075,TRUE
2026-08-04 10:25:44.098,WIR-Vdevelop-01-UL,1260619002000,"12606190020002B036,BD",TRUE
2026-08-04 10:25:43.738,WIR-Pretreatment-01-UL,1260611097010,12606110970001C223,TRUE
2026-08-04 10:25:42.425,LAM-BOP-02-L,1260731043000,126073104300004021,TRUE
2026-08-04 10:25:42.378,LAM-BOP-02-UL,1260731043000,126073104300004077,TRUE
2026-08-04 10:25:38.803,LIN-INNDES-02-UL,,126080106500006072,TRUE
2026-08-04 10:25:37.810,LIN-INNTRE-02-UL-2,,126080300600012057,TRUE
2026-08-04 10:25:36.682,LIN-INNLDI-01-L,1260801118000,126080111800004056,TRUE
2026-08-04 10:25:36.660,ELC-TRE-01-L,1260709043020,126070904300001064,TRUE
2026-08-04 10:26:04.989,LAM-BOP-02-L,1260731043000,126073104300004017,TRUE
2026-08-04 10:26:04.753,LIN-OUTTRE-01-L,1260706048000,126070604800001048,TRUE
2026-08-04 10:26:03.832,LAM-BOP-02-UL,1260731043000,126073104300004073,TRUE
2026-08-04 10:26:03.349,SMK-BRU-02-L,1260716041020,Error_202608041726033496,FALSE
2026-08-04 10:26:02.514,LIN-INNLDI-01-L,1260801118000,126080111800004044,TRUE
2026-08-04 10:26:01.172,LIN-INNTRE-02-UL-2,,126080300600012061,TRUE
2026-08-04 10:26:00.537,ELC-TRE-01-UL,1260709043020,126070904300001005,TRUE
2026-08-04 10:25:59.905,LIN-INNTRE-02-UL-1,,126080300600012062,TRUE
2026-08-04 10:25:58.848,LIN-INNDES-01-L,,126080106200012074,TRUE
2026-08-04 10:25:58.067,WIR-LDI-01-L,,12606230980002B041,TRUE
2026-08-04 10:25:52.835,LIN-INNDES-02-UL,,126080106500006073,TRUE
2026-08-04 10:25:51.645,ELC-TRE-01-L,1260709043020,126070904300001018,TRUE
2026-08-04 10:25:50.456,LSR-Debrowning-01-L,1260713001080,126071300100049054,TRUE
2026-08-04 10:25:45.598,WIR-Decoatbake-01-UL,1260710001010,126071000100049139,TRUE
2026-08-04 10:25:35.235,LIN-OUTTRE-01-UL,1260710007000,126070901900001063,TRUE
2026-08-04 10:21:05.800,WIR-LDI-01-UL,,12606230980002B006,TRUE
2026-08-04 09:59:45.429,CPP-Horizontalplating-01-L,1260729063000,126072501300400095,TRUE
2026-08-04 10:26:22.912,ELC-TRE-01-L,1260709043020,126070904300001060,TRUE
2026-08-04 10:26:22.193,LIN-OUTTRE-01-L,1260706048000,126070604800001058,TRUE
2026-08-04 10:26:21.517,LIN-INNLDI-01-L,1260801118000,126080111800004042,TRUE
2026-08-04 10:26:21.646,WIR-Pretreatment-01-UL,1260611097010,12606110970001C221,TRUE
2026-08-04 10:26:20.400,LIN-INNDES-02-UL,,126080106500006075,TRUE
2026-08-04 10:26:19.739,WIR-Vdevelop-01-UL,1260619002000,"12606190020002B033,BD",TRUE
2026-08-04 10:26:16.786,LSR-Debrowning-01-L,1260713001080,126071300100049053,TRUE
2026-08-04 10:26:16.004,LAM-BOP-02-UL,1260731043000,126073104300004071,TRUE
2026-08-04 10:26:15.786,LAM-BOP-02-L,1260731043000,126073104300004015,TRUE
2026-08-04 10:26:15.740,ELC-TRE-01-UL,1260709043020,126070904300001009,TRUE
2026-08-04 10:26:14.380,CPP-Patternplating-01-L,1260606004000,12606060040001C104,TRUE
2026-08-04 10:26:14.344,LIN-INNTRE-02-UL-2,,126080300600012063,TRUE
2026-08-04 10:26:13.473,LIN-INNDES-01-L,,126080106200012073,TRUE
2026-08-04 10:26:12.630,CPP-Patternplating-01-UL,1260711011000,126071400100058049,TRUE
2026-08-04 10:26:06.958,WIR-Pretreatment-01-L,1260611097010,12606110970001C188,TRUE
2026-08-04 10:03:49.769,WIR-SE-01-L,1260620160010,12606201600002B168,TRUE
2026-08-04 10:26:45.603,LIN-INNLDI-01-L,1260801118000,126080111800004048,TRUE
2026-08-04 10:26:44.820,CPP-Horizontalplating-01-L,1260709070000,126072501300400103,TRUE
2026-08-04 10:26:43.335,LSR-Debrowning-01-L,1260713001080,126071300100049052,TRUE
2026-08-04 10:26:45.475,ELC-TRE-01-UL,1260709043020,126070904300001049,TRUE
2026-08-04 10:26:42.085,LIN-INNDES-01-L,,126080106200012071,TRUE
2026-08-04 10:26:38.616,SMK-BRU-02-L,1260716041020,Error_202608041726386163,FALSE
2026-08-04 10:26:39.710,LIN-OUTTRE-01-L,1260706048000,126070604800001030,TRUE
2026-08-04 10:26:38.263,ELC-TRE-01-L,1260709043020,126070904300001035,TRUE
2026-08-04 10:26:38.257,LAM-BOP-02-L,1260731043000,126073104300004011,TRUE
2026-08-04 10:26:37.569,LAM-BOP-02-UL,1260731043000,126073104300004067,TRUE
2026-08-04 10:26:30.397,WIR-Decoatbake-01-UL,1260710001010,126071000100049140,TRUE
2026-08-04 10:26:26.814,LIN-INNTRE-02-UL-2,,126080300600012065,TRUE
2026-08-04 10:26:23.485,LIN-INNTRE-02-UL-1,,126080300600012064,TRUE
2026-08-04 10:03:49.769,WIR-SE-01-L,1260620160010,12606201600002B168,TRUE
2026-08-04 10:26:56.805,LIN-INNDES-01-L,,126080106200012070,TRUE
2026-08-04 10:26:56.288,WIR-Vdevelop-01-UL,1260619002000,"12606190020002B034,BD",TRUE
2026-08-04 10:26:55.925,LIN-INNLDI-01-L,1260801118000,126080111800004038,TRUE
2026-08-04 10:26:53.885,ELC-TRE-01-L,1260709043020,126070904300001044,TRUE
2026-08-04 10:26:49.429,LAM-BOP-02-UL,1260731043000,126073104300004065,TRUE
2026-08-04 10:26:49.242,LAM-BOP-02-L,1260731043000,126073104300004009,TRUE
2026-08-04 10:26:49.197,LIN-INNDES-02-UL,,126080106500006003,TRUE
2026-08-04 10:26:49.035,LIN-INNTRE-02-UL-2,,126080300600012067,TRUE
2026-08-04 10:26:47.097,LIN-INNTRE-02-UL-1,,126080300600012066,TRUE
2026-08-04 10:03:49.769,WIR-SE-01-L,1260620160010,12606201600002B168,TRUE
2026-08-04 10:27:04.166,LIN-INNDES-02-UL,,126080106500006004,TRUE
2026-08-04 10:27:06.460,CPP-Patternplating-01-UL,1260711011000,126071400100058024,TRUE
2026-08-04 10:27:02.617,WIR-LDI-01-L,,12606230980002B042,TRUE
2026-08-04 10:27:02.307,SMK-BRU-02-L,1260716041020,126071604100001057,TRUE
2026-08-04 10:27:01.832,LIN-INNLDI-01-L,1260801118000,126080111800004046,TRUE
2026-08-04 10:27:01.417,ELC-TRE-01-UL,1260709043020,126070904300001019,TRUE
2026-08-04 10:27:00.133,LAM-BOP-02-L,1260731043000,126073104300004003,TRUE
2026-08-04 10:26:59.523,WIR-Pretreatment-01-UL,1260611097010,12606110970001C217,TRUE
2026-08-04 10:26:59.243,LAM-BOP-02-UL,1260731043000,126073104300004063,TRUE
2026-08-04 10:26:59.070,CPP-Horizontalplating-01-L,1260709070000,126072501300400003,TRUE
2026-08-04 10:26:57.021,LIN-OUTTRE-01-L,1260706048000,126070604800001035,TRUE
2026-08-04 10:21:05.800,WIR-LDI-01-UL,,12606230980002B006,TRUE
2026-08-04 10:03:49.769,WIR-SE-01-L,1260620160010,12606201600002B168,TRUE
2026-08-04 10:27:34.881,WIR-LDI-01-L,,12606230980002B039,TRUE
2026-08-04 10:27:35.477,LIN-INNTRE-02-UL-1,,126080300600012070,TRUE
2026-08-04 10:27:33.292,LAM-BOP-02-L,1260731043000,126073104300004076,TRUE
2026-08-04 10:27:33.089,LAM-BOP-02-UL,1260731043000,126073104300004057,TRUE
2026-08-04 10:27:32.558,ELC-TRE-01-UL,1260709043020,126070904300001052,TRUE
2026-08-04 10:27:32.418,LIN-INNDES-02-UL,,126080106500006006,TRUE
2026-08-04 10:27:31.808,SMK-BRU-02-L,1260716041020,126071604100001028,TRUE
2026-08-04 10:27:31.273,LIN-OUTTRE-01-L,1260706048000,126070604800001017,TRUE
2026-08-04 10:27:31.146,WIR-Vdevelop-01-UL,1260619002000,"12606190020002B023,BB",TRUE
2026-08-04 10:27:30.976,LIN-INNLDI-01-L,1260801118000,126080111800004034,TRUE
2026-08-04 10:27:25.649,LIN-INNDES-01-L,,126080106200012068,TRUE
2026-08-04 10:27:24.230,ELC-TRE-01-L,1260709043020,126070904300001072,TRUE
2026-08-04 10:27:12.958,LIN-INNTRE-02-UL-2,,126080300600012069,TRUE
2026-08-04 10:27:15.351,WIR-Decoatbake-01-UL,1260710001010,126071000100049137,TRUE
2026-08-04 10:27:08.507,CPP-Patternplating-01-L,1260606004000,12606060040001C103,TRUE
2026-08-04 10:27:09.977,LSR-Debrowning-01-L,1260713001080,126071300100049051,TRUE
2026-08-04 10:24:35.751,AOI-PEP-01-L,1260801057000,126080105700002057,TRUE
2026-08-04 10:21:05.800,WIR-LDI-01-UL,,12606230980002B006,TRUE
2026-08-04 10:27:48.758,LIN-OUTTRE-01-L,1260706048000,126070604800001025,TRUE
2026-08-04 10:27:47.183,ELC-TRE-01-UL,1260709043020,126070904300001007,TRUE
2026-08-04 10:27:47.841,LIN-INNDES-02-UL,,126080106500006007,TRUE
2026-08-04 10:27:46.789,LIN-INNLDI-01-L,1260801118000,126080111800004032,TRUE
2026-08-04 10:27:44.590,LAM-BOP-02-UL,1260731043000,126073104300004055,TRUE
2026-08-04 10:27:44.887,LAM-BOP-02-L,1260731043000,126073104300004074,TRUE
2026-08-04 10:27:40.199,LIN-INNDES-01-L,,126080106200012067,TRUE
2026-08-04 10:27:39.105,ELC-TRE-01-L,1260709043020,126070904300001039,TRUE
2026-08-04 10:27:38.647,WIR-Pretreatment-01-UL,1260611097010,12606110970001C215,TRUE
2026-08-04 10:27:37.916,LSR-Debrowning-01-L,1260713001080,126071300100049050,TRUE
2026-08-04 10:27:36.883,LIN-INNTRE-02-UL-2,,126080300600012071,TRUE
2026-08-04 10:24:35.751,AOI-PEP-01-L,1260801057000,126080105700002057,TRUE
2026-08-04 10:28:00.620,CPP-Patternplating-01-UL,1260711011000,126071400100058023,TRUE
2026-08-04 10:28:00.557,WIR-Decoatbake-01-UL,1260710001010,126071000100049162,TRUE
2026-08-04 10:27:56.294,LAM-BOP-02-UL,1260731043000,126073104300004053,TRUE
2026-08-04 10:27:55.981,LAM-BOP-02-L,1260731043000,126073104300004072,TRUE
2026-08-04 10:27:55.681,LIN-INNLDI-01-L,1260801118000,126080111800004040,TRUE
2026-08-04 10:27:55.153,LIN-INNDES-01-L,,126080106200012066,TRUE
2026-08-04 10:27:59.228,LIN-INNTRE-02-UL-1,,126080300600012072,TRUE
2026-08-04 10:27:39.105,ELC-TRE-01-L,1260709043020,126070904300001039,TRUE
2026-08-04 10:03:49.769,WIR-SE-01-L,1260620160010,12606201600002B168,TRUE
2026-08-04 10:28:25.592,LIN-INNTRE-02-UL-1,,Error_202608041728255920,FALSE
2026-08-04 10:28:24.748,LIN-INNTRE-02-UL-2,,126080300600012075,TRUE
2026-08-04 10:28:24.139,LIN-INNDES-01-L,,126080106200012064,TRUE
2026-08-04 10:28:24.014,LAM-BOP-02-UL,1260731043000,126073104300004051,TRUE
2026-08-04 10:28:22.980,LIN-OUTTRE-01-L,1260706048000,126070604800001008,TRUE
2026-08-04 10:28:22.259,LIN-INNLDI-01-L,1260801118000,126080111800004028,TRUE
2026-08-04 10:28:19.108,LAM-BOP-02-L,1260731043000,126073104300004068,TRUE
2026-08-04 10:28:19.638,ELC-TRE-01-UL,1260709043020,126070904300001069,TRUE
2026-08-04 10:28:16.979,WIR-Pretreatment-01-UL,1260611097010,12606110970001C213,TRUE
2026-08-04 10:28:16.202,LIN-INNDES-02-UL,,126080106500006009,TRUE
2026-08-04 10:28:13.981,ROU-RIN-01-UL,,Error_202608041728139817,FALSE
2026-08-04 10:28:06.948,WIR-LDI-01-L,,12606230980002B046,TRUE
2026-08-04 10:28:03.280,LSR-Debrowning-01-L,1260713001080,126071300100049049,TRUE
2026-08-04 10:28:01.448,CPP-Patternplating-01-L,1260606004000,12606060040001C119,TRUE
2026-08-04 10:28:01.434,SMK-BRU-02-L,1260716041020,126071604100001051,TRUE
2026-08-04 10:28:08.182,WIR-Vdevelop-01-UL,1260619002000,"12606190020002B040,BD",TRUE
2026-08-04 10:28:01.025,AOI-RESAOI-01-UL,1260716047000,126071604700001045,TRUE
2026-08-04 10:03:49.769,WIR-SE-01-L,1260620160010,12606201600002B168,TRUE
2026-08-04 10:28:46.749,LIN-INNTRE-02-UL-1,,126080300600012076,TRUE
2026-08-04 10:28:45.533,LIN-INNDES-02-UL,,126080106500006012,TRUE
2026-08-04 10:28:45.324,WIR-Decoatbake-01-UL,1260710001010,126071000100049161,TRUE
2026-08-04 10:28:44.058,WIR-Vdevelop-01-UL,1260619002000,"12606190020002B027,BB",TRUE
2026-08-04 10:28:41.525,LIN-INNLDI-01-L,1260801118000,126080111800004026,TRUE
2026-08-04 10:28:40.921,LAM-BOP-02-L,1260731043000,126073104300004064,TRUE
2026-08-04 10:28:40.544,LIN-OUTTRE-01-L,1260706048000,126070604800001050,TRUE
2026-08-04 10:28:38.824,WIR-LDI-01-L,,12606230980002B043,TRUE
2026-08-04 10:28:38.734,LIN-INNDES-01-L,,126080106200012063,TRUE
2026-08-04 10:28:34.812,LAM-BOP-02-UL,1260731043000,126073104300004049,TRUE
2026-08-04 10:28:33.937,ELC-TRE-01-UL,1260709043020,126070904300001040,TRUE
2026-08-04 10:28:31.029,SMK-BRU-02-L,1260716041020,126071604100001053,TRUE
2026-08-04 10:28:29.813,LSR-Debrowning-01-L,1260713001080,126071300100049048,TRUE
2026-08-04 10:28:24.748,LIN-INNTRE-02-UL-2,,126080300600012075,TRUE
2026-08-04 10:23:29.289,LIN-OUTDES-01-UL,1260709031020,126062714600001058,TRUE
2026-08-04 10:03:49.769,WIR-SE-01-L,1260620160010,12606201600002B168,TRUE
2026-08-04 10:28:59.972,LIN-INNDES-02-UL,,126080106500006013,TRUE
2026-08-04 10:29:00.658,SMK-BRU-02-L,1260716041020,126071604100001048,TRUE
2026-08-04 10:28:58.736,SMK-BRU-02-UL,1260716041020,126071604100001077,TRUE
2026-08-04 10:28:58.173,LAM-BOP-02-UL,1260731043000,126073104300004045,TRUE
2026-08-04 10:28:57.826,LIN-OUTTRE-01-L,1260706048000,126070604800001072,TRUE
2026-08-04 10:28:56.412,LSR-Debrowning-01-L,1260713001080,126071300100049047,TRUE
2026-08-04 10:28:56.214,LIN-INNLDI-01-L,1260801118000,126080111800004024,TRUE
2026-08-04 10:28:57.074,WIR-LDI-01-UL,,12606230980002B002,TRUE
2026-08-04 10:28:55.543,WIR-Pretreatment-01-UL,1260611097010,12606110970001C211,TRUE
2026-08-04 10:28:55.355,CPP-Patternplating-01-L,1260606004000,12606060040001C120,TRUE
2026-08-04 10:28:54.214,CPP-Patternplating-01-UL,1260711011000,126071400100058026,TRUE
2026-08-04 10:28:52.922,LIN-INNDES-01-L,,126080106200012062,TRUE
2026-08-04 10:28:52.313,LAM-BOP-02-L,1260731043000,126073104300004062,TRUE
2026-08-04 10:28:49.704,ELC-TRE-01-UL,1260709043020,126070904300001002,TRUE
2026-08-04 10:28:48.765,LIN-INNTRE-02-UL-2,,126080300600012077,TRUE
2026-08-04 10:28:51.886,WIR-Vdevelop-01-L,1260619002010,12606190020002B176,TRUE
2026-08-04 10:28:46.749,LIN-INNTRE-02-UL-1,,126080300600012076,TRUE
2026-08-04 10:03:49.769,WIR-SE-01-L,1260620160010,12606201600002B168,TRUE
2026-08-04 09:39:23.834,LIN-OUTDEV-01-L,1260703066020,126070306600001040,TRUE
2026-08-04 10:29:13.000,LIN-INNTRE-02-UL-2,,126080300600012079,TRUE
2026-08-04 10:29:11.375,LIN-INNTRE-02-UL-1,,126080300600012078,TRUE
2026-08-04 10:29:10.683,WIR-LDI-01-L,,12606230980002B044,TRUE
2026-08-04 10:29:08.392,LAM-BOP-02-UL,1260731043000,126073104300004043,TRUE
2026-08-04 10:29:07.407,LIN-INNDES-01-L,,126080106200012061,TRUE
2026-08-04 10:29:05.565,ELC-TRE-01-UL,1260709043020,126070904300001078,TRUE
2026-08-04 10:29:05.261,LIN-INNLDI-01-L,1260801118000,126080111800004032,TRUE
2026-08-04 10:29:03.095,LAM-BOP-02-L,1260731043000,126073104300004058,TRUE
2026-08-04 10:28:56.412,LSR-Debrowning-01-L,1260713001080,126071300100049047,TRUE
2026-08-04 10:27:39.105,ELC-TRE-01-L,1260709043020,126070904300001039,TRUE
2026-08-04 10:29:32.981,WIR-Pretreatment-01-UL,1260611097010,12606110970001C218,TRUE
2026-08-04 10:29:32.251,LIN-OUTTRE-01-L,1260706048000,126070604800001032,TRUE
2026-08-04 10:29:31.318,LAM-BOP-02-UL,1260731043000,126073104300004039,TRUE
2026-08-04 10:29:30.325,LIN-INNLDI-01-L,1260801118000,126080111800004020,TRUE
2026-08-04 10:29:30.294,WIR-Decoatbake-01-UL,1260710001010,126071000100049160,TRUE
2026-08-04 10:29:30.253,SMK-BRU-02-UL,1260716041020,126071604100001010,TRUE
2026-08-04 10:29:30.221,SMK-BRU-02-L,1260716041020,126071604100001013,TRUE
2026-08-04 10:29:28.754,LIN-INNDES-02-UL,,126080106500006015,TRUE
2026-08-04 10:29:26.782,AOI-RESAOI-01-UL,1260716047000,126071604700001036,TRUE
2026-08-04 10:29:23.067,LSR-Debrowning-01-L,1260713001080,126071300100049046,TRUE
2026-08-04 10:29:22.630,LSR-Debrowning-01-UL,1260713001080,126071300100049060,TRUE
2026-08-04 10:29:25.286,LAM-BOP-02-L,1260731043000,126073104300004054,TRUE
2026-08-04 10:29:21.159,ELC-TRE-01-UL,1260709043020,126070904300001064,TRUE
2026-08-04 10:29:15.934,CPP-Horizontalplating-01-UL,1260606004010,126072906300078004,TRUE
2026-08-04 10:29:19.231,WIR-Vdevelop-01-UL,1260619002000,"12606190020002B028,BD",TRUE
2026-08-04 10:29:15.074,WIR-Vdevelop-01-L,1260619002010,12606190020002B175,TRUE
2026-08-04 10:29:21.924,LIN-INNDES-01-L,,126080106200012060,TRUE
2026-08-04 10:29:13.000,LIN-INNTRE-02-UL-2,,126080300600012079,TRUE
2026-08-04 10:29:53.591,WIR-Vdevelop-01-UL,1260619002000,"12606190020002B025,BD",TRUE
2026-08-04 10:29:51.087,LIN-INNDES-01-L,,126080106200012058,TRUE
2026-08-04 10:29:51.050,ELC-TRE-01-UL,1260709043020,126070904300001028,TRUE
2026-08-04 10:29:50.718,LIN-INNLDI-01-L,1260801118000,126080111800004018,TRUE
2026-08-04 10:29:49.696,LSR-Debrowning-01-L,1260713001080,126071300100049045,TRUE
2026-08-04 10:29:49.564,LIN-OUTTRE-01-L,1260706048000,126070604800001056,TRUE
2026-08-04 10:29:48.982,CPP-Patternplating-01-L,1260606004000,12606060040001C108,TRUE
2026-08-04 10:29:48.759,LSR-Debrowning-01-UL,1260713001080,126071300100049059,TRUE
2026-08-04 10:29:47.466,CPP-Patternplating-01-UL,1260711011000,126071400100058027,TRUE
2026-08-04 10:29:47.029,WIR-Vdevelop-01-L,1260619002010,12606190020002B174,TRUE
2026-08-04 10:29:43.814,AOI-RESAOI-01-UL,1260716047000,126071604700001028,TRUE
2026-08-04 10:29:43.004,LIN-INNDES-02-UL,,126080106500006016,TRUE
2026-08-04 10:29:43.117,LAM-BOP-02-UL,1260731043000,126073104300004037,TRUE
2026-08-04 10:29:42.654,WIR-LDI-01-L,,12606230980002B047,TRUE
2026-08-04 10:29:37.253,LIN-INNTRE-02-UL-1,,Error_202608041729372535,FALSE
2026-08-04 10:29:42.466,WIR-LDI-01-UL,,12606230980002B040,TRUE
2026-08-04 10:29:36.475,LAM-BOP-02-L,1260731043000,126073104300004052,TRUE
2026-08-04 10:29:30.253,SMK-BRU-02-UL,1260716041020,126071604100001010,TRUE
2026-08-04 10:24:35.751,AOI-PEP-01-L,1260801057000,126080105700002057,TRUE
2026-08-04 10:30:02.722,ELC-TRE-01-L,1260716029000,126071602900001006,TRUE
2026-08-04 10:30:00.635,LAM-BOP-02-L,1260731043000,126073104300004048,TRUE
2026-08-04 10:29:59.972,SMK-BRU-02-L,1260716041020,126071604100001007,TRUE
2026-08-04 10:29:59.799,AOI-RESAOI-01-UL,1260716047000,126071604700001012,TRUE
2026-08-04 10:29:57.334,LIN-INNDES-02-UL,,126080106500006017,TRUE
2026-08-04 10:29:56.483,LIN-INNLDI-01-L,1260801118000,126080111800004026,TRUE
2026-08-04 10:19:57.842,LIN-INNDES-02-L,,126080106500006052,TRUE
2026-08-04 10:30:24.253,LIN-OUTTRE-01-L,1260706048000,126070604800001012,TRUE
2026-08-04 10:30:23.876,WIR-SE-01-L,1260630180000,12606301800003A045,TRUE
2026-08-04 10:30:25.124,LIN-INNLDI-01-L,1260801118000,126080111800004014,TRUE
2026-08-04 10:30:22.795,WIR-Vdevelop-01-L,1260619002010,12606190020002B173,TRUE
2026-08-04 10:30:21.738,ELC-TRE-01-UL,1260709043020,126070904300001035,TRUE
2026-08-04 10:30:20.184,LIN-INNDES-01-L,,126080106200012056,TRUE
2026-08-04 10:30:19.098,ELC-TRE-01-L,1260716029000,126071602900001058,TRUE
2026-08-04 10:30:17.166,LSR-Debrowning-01-L,1260713001080,126071300100049044,TRUE
2026-08-04 10:30:15.528,WIR-Decoatbake-01-UL,1260710001010,126071000100049159,TRUE
2026-08-04 10:30:15.181,LSR-Debrowning-01-UL,1260713001080,126071300100049058,TRUE
2026-08-04 10:30:14.607,WIR-LDI-01-L,,12606230980002B048,TRUE
2026-08-04 10:30:14.128,AOI-RESAOI-01-UL,1260716047000,126071604700001006,TRUE
2026-08-04 10:30:12.739,LIN-INNDES-02-UL,,126080106500006018,TRUE
2026-08-04 10:30:12.136,LAM-BOP-02-L,1260731043000,126073104300004046,TRUE
2026-08-04 10:30:12.013,WIR-Pretreatment-01-UL,1260611097010,12606110970001C224,TRUE
2026-08-04 10:30:04.810,CPP-Horizontalplating-01-UL,1260606004010,126072906300078005,TRUE
2026-08-04 10:29:53.591,WIR-Vdevelop-01-UL,1260619002000,"12606190020002B025,BD",TRUE
2026-08-04 10:19:57.842,LIN-INNDES-02-L,,126080106500006052,TRUE
2026-08-04 10:30:45.954,WIR-LDI-01-L,,12606230980002B045,TRUE
2026-08-04 10:30:44.737,WIR-SE-01-L,1260630180000,12606301800003A052,TRUE
2026-08-04 10:30:43.497,LSR-Debrowning-01-L,1260713001080,126071300100049043,TRUE
2026-08-04 10:30:43.125,CPP-Patternplating-01-L,1260606004000,12606060040001C112,TRUE
2026-08-04 10:30:41.641,CPP-Patternplating-01-UL,1260711011000,126071400100058029,TRUE
2026-08-04 10:30:41.519,LIN-OUTTRE-01-L,1260706048000,126070604800001046,TRUE
2026-08-04 10:30:40.945,LIN-INNDES-02-UL,,126080106500006020,TRUE
2026-08-04 10:30:39.984,LIN-INNLDI-01-L,1260801118000,126080111800004012,TRUE
2026-08-04 10:30:39.005,ELC-TRE-01-L,1260716029000,126071602900001044,TRUE
2026-08-04 10:30:38.235,CPP-Horizontalplating-01-UL,1260606004010,126072906300078015,TRUE
2026-08-04 10:30:38.043,LSR-Debrowning-01-UL,1260713001080,126071300100049057,TRUE
2026-08-04 10:30:36.942,ELC-TRE-01-UL,1260709043020,126070904300001044,TRUE
2026-08-04 10:30:36.577,LAM-BOP-02-L,1260731043000,126073104300004044,TRUE
2026-08-04 10:30:34.812,LIN-INNDES-01-L,,126080106200012055,TRUE
2026-08-04 10:30:33.758,ROU-RIN-01-UL,,Error_202608041730337588,FALSE
2026-08-04 10:30:33.711,AOI-RESAOI-01-UL,1260716047000,126071604700001010,TRUE
2026-08-04 10:29:59.972,SMK-BRU-02-L,1260716041020,126071604100001007,TRUE
2026-08-04 10:31:02.669,LSR-Debrowning-01-UL,1260713001080,126071300100049056,TRUE
2026-08-04 10:31:03.845,LIN-INNDES-01-L,,126080106200012053,TRUE
2026-08-04 10:31:02.385,CPP-Horizontalplating-01-UL,1260606004010,126072906300078013,TRUE
2026-08-04 10:31:00.698,WIR-Decoatbake-01-UL,1260710001010,126071000100049158,TRUE
2026-08-04 10:30:59.737,LIN-INNLDI-01-L,1260801118000,126080111800004010,TRUE
2026-08-04 10:30:58.901,WIR-Vdevelop-01-L,1260619002010,12606190020002B172,TRUE
2026-08-04 10:30:55.683,ROU-RIN-01-UL,,Error_202608041730556833,FALSE
2026-08-04 10:30:59.001,LAM-BOP-02-L,1260731043000,126073104300004040,TRUE
2026-08-04 10:30:55.024,LIN-INNDES-02-UL,,126080106500006029,TRUE
2026-08-04 10:30:55.116,ELC-TRE-01-L,1260716029000,126071602900001034,TRUE
2026-08-04 10:30:52.741,ELC-TRE-01-UL,1260709043020,126070904300001021,TRUE
2026-08-04 10:30:50.189,WIR-Pretreatment-01-UL,1260611097010,12606110970001C222,TRUE
2026-08-04 10:30:48.392,WIR-LDI-01-UL,,12606230980002B037,TRUE
2026-08-04 10:30:48.551,AOI-RESAOI-01-UL,1260716047000,126071604700001078,TRUE
2026-08-04 10:31:18.376,LIN-INNDES-01-L,,126080106200012052,TRUE
2026-08-04 10:31:18.371,WIR-LDI-01-UL,,12606230980002B038,TRUE
2026-08-04 10:31:17.604,WIR-LDI-01-L,,12606230980002B052,TRUE
2026-08-04 10:31:16.845,LAM-BOP-02-UL,1260731043000,126073104300004031,TRUE
2026-08-04 10:31:14.162,LIN-INNLDI-01-L,1260801118000,126080111800004008,TRUE
2026-08-04 10:31:10.041,LIN-INNDES-02-UL,,126080106500006030,TRUE
2026-08-04 10:31:09.310,LSR-Debrowning-01-L,1260713001080,126071300100049042,TRUE
2026-08-04 10:31:07.804,ELC-TRE-01-UL,1260709043020,126070904300001072,TRUE
2026-08-04 10:31:10.741,ELC-TRE-01-L,1260716029000,126071602900001031,TRUE
2026-08-04 10:31:07.678,AOI-RESAOI-01-UL,1260716047000,126071604700001041,TRUE
2026-08-04 10:31:05.680,WIR-SE-01-L,1260630180000,12606301800003A046,TRUE
2026-08-04 10:31:30.864,WIR-SE-01-L,1260630180000,12606301800003A043,TRUE
2026-08-04 10:31:29.483,LSR-Debrowning-01-UL,1260713001080,126071300100049055,TRUE
2026-08-04 10:31:28.574,WIR-Pretreatment-01-UL,1260611097010,12606110970001C220,TRUE
2026-08-04 10:31:25.585,ELC-TRE-01-L,1260716029000,126071602900001028,TRUE
2026-08-04 10:31:24.323,LIN-INNDES-02-UL,,126080106500006031,TRUE
2026-08-04 10:31:23.491,LIN-INNLDI-01-L,1260801118000,126080111800004016,TRUE
2026-08-04 10:31:22.538,ELC-TRE-01-UL,1260709043020,126070904300001039,TRUE
2026-08-04 10:31:51.424,LAM-BOP-02-UL,1260731043000,126073104300004033,TRUE
2026-08-04 10:31:49.996,CPP-Horizontalplating-01-UL,1260606004010,126072906300078008,TRUE
2026-08-04 10:31:49.022,LIN-INNLDI-01-L,1260801118000,126080111800004004,TRUE
2026-08-04 10:31:49.918,WIR-LDI-01-L,,12606230980002B049,TRUE
2026-08-04 10:31:47.862,LIN-INNDES-01-L,,126080106200012050,TRUE
2026-08-04 10:31:48.856,WIR-LDI-01-UL,,12606230980002B041,TRUE
2026-08-04 10:31:45.245,WIR-Decoatbake-01-UL,1260710001010,126071000100049149,TRUE
2026-08-04 10:31:40.116,ELC-TRE-01-L,1260716029000,126071602900001033,TRUE
2026-08-04 10:31:39.649,LIN-INNTRE-02-UL-2,,126080300700002001,TRUE
2026-08-04 10:31:35.860,LSR-Debrowning-01-L,1260713001080,126071300100049041,TRUE
2026-08-04 10:31:36.527,CPP-Patternplating-01-L,1260606004000,12606060040001C107,TRUE
2026-08-04 10:31:38.589,LIN-INNDES-02-UL,,126080106500006032,TRUE
2026-08-04 10:31:34.949,CPP-Patternplating-01-UL,1260711011000,126071400100058034,TRUE
2026-08-04 10:31:34.777,WIR-Vdevelop-01-L,1260619002010,12606190020002B171,TRUE
2026-08-04 10:31:34.368,LIN-INNTRE-02-UL-1,,126080300700002002,TRUE
2026-08-04 10:30:41.519,LIN-OUTTRE-01-L,1260706048000,126070604800001046,TRUE
2026-08-04 10:32:14.975,LIN-INNLDI-01-L,1260801118000,126080111800004010,TRUE
2026-08-04 10:32:14.373,CPP-Horizontalplating-01-UL,1260606004010,126072906300078009,TRUE
2026-08-04 10:32:10.685,WIR-Vdevelop-01-L,1260619002010,12606190020002B169,TRUE
2026-08-04 10:32:16.690,LIN-INNDES-01-L,,126080106200012048,TRUE
2026-08-04 10:32:10.683,ELC-TRE-01-L,1260716029000,126071602900001037,TRUE
2026-08-04 10:32:07.372,WIR-Pretreatment-01-UL,1260611097010,12606110970001C214,TRUE
2026-08-04 10:32:05.838,LIN-INNTRE-02-UL-2,,126080300700002003,TRUE
2026-08-04 10:31:58.901,LIN-INNTRE-02-UL-1,,126080300700002004,TRUE
2026-08-04 10:32:02.844,LSR-Debrowning-01-L,1260713001080,126071300100049040,TRUE
2026-08-04 10:31:57.147,WIR-SE-01-L,1260630180000,12606301800003A053,TRUE
2026-08-04 10:31:56.156,LSR-Debrowning-01-UL,1260713001080,126071300100049054,TRUE
2026-08-04 10:32:08.045,LIN-INNDES-02-UL,,126080106500006034,TRUE
2026-08-04 09:49:48.214,WIR-Decoatbake-01-L,1260707002000,126070700200049050,TRUE
2026-08-04 10:32:32.285,LIN-INNDES-01-L,,126080106200012047,TRUE
2026-08-04 10:32:30.842,WIR-Decoatbake-01-UL,1260710001010,126071000100049150,TRUE
2026-08-04 10:32:30.092,CPP-Patternplating-01-L,1260606004000,12606060040001C113,TRUE
2026-08-04 10:32:29.298,LSR-Debrowning-01-L,1260713001080,126071300100049039,TRUE
2026-08-04 10:32:28.389,CPP-Patternplating-01-UL,1260711011000,126071400100058033,TRUE
2026-08-04 10:32:27.732,WIR-Pretreatment-01-UL,1260611097010,12606110970001C212,TRUE
2026-08-04 10:32:26.793,LIN-INNTRE-02-UL-2,,126080300700002005,TRUE
2026-08-04 10:32:25.543,ELC-TRE-01-L,1260716029000,126071602900001018,TRUE
2026-08-04 10:32:25.518,LAM-BOP-02-UL,1260731043000,126073104300004029,TRUE
2026-08-04 10:32:22.780,LIN-INNDES-02-UL,,126080106500006035,TRUE
2026-08-04 10:32:23.883,WIR-SE-01-L,1260630180000,12606301800003A038,TRUE
2026-08-04 10:32:22.642,LSR-Debrowning-01-UL,1260713001080,126071300100049053,TRUE
2026-08-04 10:32:22.558,LIN-INNTRE-02-UL-1,,126080300700002006,TRUE
2026-08-04 10:32:21.404,WIR-LDI-01-L,,12606230980002B050,TRUE
2026-08-04 10:32:19.049,WIR-LDI-01-UL,,12606230980002B042,TRUE
2026-08-04 10:32:14.975,LIN-INNLDI-01-L,1260801118000,126080111800004010,TRUE
2026-08-04 10:32:31.279,SMK-BRU-02-UL,1260716041020,126071604100001030,TRUE
2026-08-04 10:32:55.565,LSR-Debrowning-01-L,1260713001080,126071300100049038,TRUE
2026-08-04 10:32:54.203,LIN-INNTRE-02-UL-2,,126080300700002007,TRUE
2026-08-04 10:32:53.219,WIR-LDI-01-L,,12606230980002B053,TRUE
2026-08-04 10:32:51.081,LIN-INNDES-02-UL,,126080106500006037,TRUE
2026-08-04 10:32:49.437,WIR-LDI-01-UL,,12606230980002B039,TRUE
2026-08-04 10:32:49.431,LIN-INNLDI-01-L,1260801118000,126080111800004006,TRUE
2026-08-04 10:32:49.064,LSR-Debrowning-01-UL,1260713001080,126071300100049052,TRUE
2026-08-04 10:32:48.191,LAM-BOP-02-UL,1260731043000,126073104300004023,TRUE
2026-08-04 10:32:46.155,WIR-Vdevelop-01-L,1260619002010,12606190020002B164,TRUE
2026-08-04 10:32:45.816,LIN-INNDES-01-L,,126080106200012046,TRUE
2026-08-04 10:32:46.153,LIN-INNTRE-02-UL-1,,126080300700002008,TRUE
2026-08-04 10:32:44.649,WIR-SE-01-L,1260630180000,12606301800003A047,TRUE
2026-08-04 10:32:50.832,LAM-BOP-02-L,1260731043000,126073104300004038,TRUE
2026-08-04 10:32:37.718,CPP-Horizontalplating-01-UL,1260606004010,126072906300078010,TRUE
2026-08-04 10:32:41.623,ELC-TRE-01-L,1260716029000,126071602900001069,TRUE
2026-08-04 10:30:41.519,LIN-OUTTRE-01-L,1260706048000,126070604800001046,TRUE
2026-08-04 10:33:04.642,WIR-Pretreatment-01-UL,1260611097010,12606110970001C210,TRUE
2026-08-04 10:33:03.426,LAM-BOP-02-L,1260731043000,126073104300004036,TRUE
2026-08-04 10:33:00.563,SMK-BRU-02-UL,1260716041020,126071604100001047,TRUE
2026-08-04 10:33:02.126,CPP-Horizontalplating-01-UL,1260606004010,126072906300078002,TRUE
2026-08-04 10:32:59.192,LAM-BOP-02-UL,1260731043000,126073104300004021,TRUE
2026-08-04 10:33:00.442,LIN-INNDES-01-L,,126080106200012045,TRUE
2026-08-04 10:32:56.468,ELC-TRE-01-L,1260716029000,126071602900001059,TRUE
2026-08-04 10:33:24.034,CPP-Patternplating-01-L,1260606004000,12606060040001C061,TRUE
2026-08-04 10:33:22.760,LIN-INNLDI-01-L,1260801118000,126080111800004002,TRUE
2026-08-04 10:33:22.411,LSR-Debrowning-01-L,1260713001080,126071300100049037,TRUE
2026-08-04 10:33:21.581,CPP-Patternplating-01-UL,1260711011000,126071400100058035,TRUE
2026-08-04 10:33:22.206,WIR-Vdevelop-01-L,1260619002010,12606190020002B163,TRUE
2026-08-04 10:33:19.440,WIR-LDI-01-UL,,12606230980002B046,TRUE
2026-08-04 10:33:21.366,LAM-BOP-02-UL,1260731043000,126073104300004017,TRUE
2026-08-04 10:33:17.569,AOI-PEP-01-L,1260801056000,126080101400012042,TRUE
2026-08-04 10:33:17.000,LIN-INNTRE-02-UL-2,,126080300700002009,TRUE
2026-08-04 10:33:15.737,LSR-Debrowning-01-UL,1260713001080,126071300100049051,TRUE
2026-08-04 10:33:15.455,WIR-Decoatbake-01-UL,1260710001010,126071000100049147,TRUE
2026-08-04 10:33:15.131,LIN-INNDES-01-L,,126080106200012044,TRUE
2026-08-04 10:33:12.158,ELC-TRE-01-L,1260716029000,126071602900001075,TRUE
2026-08-04 10:33:10.328,LIN-INNTRE-02-UL-1,,126080300700002010,TRUE
2026-08-04 10:33:05.714,WIR-SE-01-L,1260630180000,12606301800003A048,TRUE
2026-08-04 10:33:13.725,LAM-BOP-02-L,1260731043000,126073104300004032,TRUE
2026-08-04 10:26:06.958,WIR-Pretreatment-01-L,1260611097010,12606110970001C188,TRUE
2026-08-04 10:05:15.024,WIR-TrayCleaning-01-L,,,FALSE
2026-08-04 10:33:44.506,SMK-BRU-01-L,1260725015010,M0960013A2000G-0607,TRUE
2026-08-04 10:33:44.086,LIN-INNDES-01-L,,126080106200012042,TRUE
2026-08-04 10:33:43.492,AOI-PEP-01-UL,1260801056000,126080101400012042,TRUE
2026-08-04 10:33:43.387,WIR-SE-01-L,1260630180000,12606301800003A041,TRUE
2026-08-04 10:33:43.195,LAM-BOP-02-UL,1260731043000,126073104300004013,TRUE
2026-08-04 10:33:42.440,LSR-Debrowning-01-UL,1260713001080,126071300100049050,TRUE
2026-08-04 10:33:42.065,ELC-TRE-01-L,1260716029000,126071602900001054,TRUE
2026-08-04 10:33:41.132,WIR-Pretreatment-01-UL,1260611097010,12606110970001C216,TRUE
2026-08-04 10:33:40.055,LAM-BOP-02-L,1260731043000,126073104300004030,TRUE
2026-08-04 10:33:36.632,ROU-RIN-01-UL,,Error_202608041733366321,FALSE
2026-08-04 10:33:36.017,LIN-INNTRE-02-UL-2,,126080300700002011,TRUE
2026-08-04 10:33:33.861,LIN-INNTRE-02-UL-1,,126080300700002012,TRUE
2026-08-04 10:33:29.908,SMK-BRU-02-UL,1260716041020,126071604100001055,TRUE
2026-08-04 10:33:25.378,WIR-LDI-01-L,,12606230980002B054,TRUE
2026-08-04 10:33:25.300,CPP-Horizontalplating-01-UL,1260606004010,126072906300078003,TRUE
2026-08-04 10:33:22.760,LIN-INNLDI-01-L,1260801118000,126080111800004002,TRUE
2026-08-04 10:33:28.898,AOI-PEP-01-L,1260801056000,126080101400012044,TRUE
2026-08-04 10:34:02.064,LIN-OUTTRE-01-L,1260706048020,126070604800001080,TRUE
2026-08-04 10:34:02.322,LAM-BOP-02-L,1260731043000,126073104300004026,TRUE
2026-08-04 10:34:00.646,SMK-BRU-02-UL,1260716041020,126071604100001014,TRUE
2026-08-04 10:34:00.425,WIR-Decoatbake-01-UL,1260710001010,126071000100049148,TRUE
2026-08-04 10:33:59.972,LIN-INNTRE-02-UL-2,,126080300700002013,TRUE
2026-08-04 10:33:58.739,ELC-TRE-01-L,1260716029000,126071602900001065,TRUE
2026-08-04 10:33:58.634,LIN-INNDES-01-L,,126080106200012041,TRUE
2026-08-04 10:33:58.582,LIN-INNTRE-02-UL-1,,126080300700002014,TRUE
2026-08-04 10:33:58.080,WIR-Vdevelop-01-L,1260619002010,12606190020002B162,TRUE
2026-08-04 10:33:57.596,WIR-LDI-01-L,,12606230980002B051,TRUE
2026-08-04 10:33:57.441,GLD-RinseENEPIG-01-UL,,126072107500100400197,TRUE
2026-08-04 10:33:56.146,LIN-INNDES-02-L,,126080106400004079,TRUE
2026-08-04 10:33:54.524,LAM-BOP-02-UL,1260731043000,126073104300004011,TRUE
2026-08-04 10:33:49.690,WIR-LDI-01-UL,,12606230980002B043,TRUE
2026-08-04 10:33:49.493,CPP-Horizontalplating-01-UL,1260606004010,126072906300078011,TRUE
2026-08-04 10:33:46.159,ELC-TRE-01-UL,1260716029000,126071602900001006,TRUE
2026-08-04 10:26:06.958,WIR-Pretreatment-01-L,1260611097010,12606110970001C188,TRUE
2026-08-04 10:34:24.599,LIN-INNDES-02-L,,126080106400004077,TRUE
2026-08-04 10:34:25.708,WIR-Pretreatment-01-UL,1260611097010,12606110970001C184,TRUE
2026-08-04 10:34:24.239,LIN-INNTRE-02-UL-2,,126080300700002015,TRUE
2026-08-04 10:34:23.536,LIN-INNTRE-02-UL-1,,126080300700002016,TRUE
2026-08-04 10:34:22.959,ELC-TRE-01-UL,1260716029000,126071602900001044,TRUE
2026-08-04 10:34:19.489,WIR-LDI-01-UL,,12606230980002B044,TRUE
2026-08-04 10:34:19.049,LIN-OUTTRE-01-L,1260706048020,126070604800001078,TRUE
2026-08-04 10:34:16.822,LAM-BOP-02-UL,1260731043000,126073104300004003,TRUE
2026-08-04 10:34:17.660,CPP-Patternplating-01-L,1260606004000,12606060040001C111,TRUE
2026-08-04 10:34:15.550,CPP-Patternplating-01-UL,1260711011000,126071400100058052,TRUE
2026-08-04 10:34:13.587,LIN-INNDES-01-L,,126080106200012040,TRUE
2026-08-04 10:34:13.509,LAM-BOP-02-L,1260731043000,126073104300004024,TRUE
2026-08-04 10:34:13.535,CPP-Horizontalplating-01-UL,1260606004010,126072906300078006,TRUE
2026-08-04 10:34:13.068,ELC-TRE-01-L,1260716029000,126071602900001015,TRUE
2026-08-04 10:34:09.935,WIR-SE-01-L,1260630180000,12606301800003A039,TRUE
2026-08-04 10:34:08.754,LSR-Debrowning-01-UL,1260713001080,126071300100049049,TRUE
2026-08-04 10:26:06.958,WIR-Pretreatment-01-L,1260611097010,12606110970001C188,TRUE
2026-08-04 10:34:38.382,ELC-TRE-01-UL,1260716029000,126071602900001034,TRUE
2026-08-04 10:34:38.490,LIN-INNDES-02-L,,126080106400004076,TRUE
2026-08-04 10:34:37.411,CPP-Horizontalplating-01-UL,1260606004010,126072906300078012,TRUE
2026-08-04 10:34:36.520,GLD-RinseENEPIG-01-UL,,126072107500100400198,TRUE
2026-08-04 10:34:36.451,WIR-SE-01-L,1260630180000,12606301800003A040,TRUE
2026-08-04 10:34:35.286,LSR-Debrowning-01-UL,1260713001080,126071300100049048,TRUE
2026-08-04 10:34:35.678,LIN-OUTTRE-01-L,1260706048020,126070604800001062,TRUE
2026-08-04 10:34:34.208,WIR-Vdevelop-01-L,1260619002010,12606190020002B161,TRUE
2026-08-04 10:34:34.177,LIN-INNDES-02-UL,,126080106500006002,TRUE
2026-08-04 10:34:29.397,SMK-BRU-02-UL,1260716041020,126071604100001012,TRUE
2026-08-04 10:34:29.318,WIR-LDI-01-L,,12606230980002B057,TRUE
2026-08-04 10:34:28.073,LAM-BOP-02-UL,1260731043000,126073104300004001,TRUE
2026-08-04 10:34:29.259,ELC-TRE-01-L,1260716029000,126071602900001004,TRUE
2026-08-04 10:34:28.027,LIN-INNDES-01-L,,126080106200012039,TRUE
2026-08-04 10:34:15.550,CPP-Patternplating-01-UL,1260711011000,126071400100058052,TRUE
2026-08-04 10:34:54.133,ELC-TRE-01-UL,1260716029000,126071602900001031,TRUE
2026-08-04 10:34:53.506,LIN-INNDES-02-L,,126080106400004075,TRUE
2026-08-04 10:34:52.647,LIN-OUTTRE-01-L,1260706048020,126070604800001009,TRUE
2026-08-04 10:34:50.083,WIR-LDI-01-UL,,12606230980002B047,TRUE
2026-08-04 10:34:49.904,LAM-BOP-02-UL,1260731043000,126073104300004076,TRUE
2026-08-04 10:34:48.067,LIN-INNTRE-02-UL-2,,126080300700002017,TRUE
2026-08-04 10:34:47.974,WIR-Pretreatment-01-UL,1260611097010,12606110970001C190,TRUE
2026-08-04 10:34:46.301,LIN-INNTRE-02-UL-1,,126080300700002018,TRUE
2026-08-04 10:34:43.930,ELC-TRE-01-L,1260716029000,126071602900001030,TRUE
2026-08-04 10:34:45.255,WIR-Decoatbake-01-UL,1260710001010,126071000100049145,TRUE
2026-08-04 10:34:42.341,LIN-INNDES-01-L,,126080106200012037,TRUE
2026-08-04 10:33:22.760,LIN-INNLDI-01-L,1260801118000,126080111800004002,TRUE
2026-08-04 10:35:06.383,LIN-INNDES-02-L,,126080106400004074,TRUE
2026-08-04 10:35:03.475,CPP-Horizontalplating-01-UL,1260606004010,126072501300400097,TRUE
2026-08-04 10:35:02.984,WIR-SE-01-L,1260630180000,12606301800003A008,TRUE
2026-08-04 10:35:01.873,LAM-BOP-02-UL,1260731043000,126073104300004074,TRUE
2026-08-04 10:35:02.333,LSR-Debrowning-01-UL,1260713001080,126071300100049047,TRUE
2026-08-04 10:35:01.537,WIR-LDI-01-L,,12606230980002B058,TRUE
2026-08-04 10:35:00.446,ELC-TRE-01-L,1260716029000,126071602900001032,TRUE
2026-08-04 10:34:58.006,LIN-OUTDES-01-UL,1260709031020,126071406300001034,TRUE
2026-08-04 10:34:57.773,SMK-BRU-02-UL,1260716041020,126071604100001011,TRUE
2026-08-04 10:34:56.810,LIN-INNDES-01-L,,126080106200012036,TRUE
2026-08-04 10:31:07.678,AOI-RESAOI-01-UL,1260716047000,126071604700001041,TRUE
2026-08-04 10:35:33.461,LIN-INNTRE-02-UL-1,,126080300700002022,TRUE
2026-08-04 10:35:33.397,WIR-LDI-01-L,,12606230980002B056,TRUE
2026-08-04 10:35:32.616,WIR-Pretreatment-01-UL,1260611097010,12606110970001C198,TRUE
2026-08-04 10:35:31.509,ELC-TRE-01-L,1260716029000,126071602900001012,TRUE
2026-08-04 10:35:30.413,WIR-Decoatbake-01-UL,1260710001010,126071000100049174,TRUE
2026-08-04 10:35:28.524,LSR-Debrowning-01-UL,1260713001080,126071300100049046,TRUE
2026-08-04 10:35:27.820,LIN-OUTDES-01-UL,1260709031020,126071406300001010,TRUE
2026-08-04 10:35:29.407,WIR-SE-01-L,1260630180000,12606301800003A009,TRUE
2026-08-04 10:35:27.587,SMK-BRU-02-UL,1260716041020,126071604100001078,TRUE
2026-08-04 10:35:27.147,CPP-Horizontalplating-01-UL,1260606004010,126072501300400095,TRUE
2026-08-04 10:35:27.023,LIN-OUTTRE-01-L,1260706048020,126070604800001068,TRUE
2026-08-04 10:35:26.066,LIN-INNDES-01-L,,126080106200012034,TRUE
2026-08-04 10:35:23.707,LAM-BOP-02-UL,1260731043000,126073104300004070,TRUE
2026-08-04 10:35:22.973,LAM-BOP-02-L,1260731043000,126073104300004022,TRUE
2026-08-04 10:35:23.525,ELC-TRE-01-UL,1260716029000,126071602900001033,TRUE
2026-08-04 10:35:20.116,WIR-LDI-01-UL,,12606230980002B048,TRUE
2026-08-04 10:35:20.712,LIN-INNDES-02-L,,126080106400004073,TRUE
2026-08-04 10:35:11.865,LIN-INNTRE-02-UL-2,,126080300700002019,TRUE
2026-08-04 10:35:11.241,CPP-Patternplating-01-L,1260606004000,12606060040001C116,TRUE
2026-08-04 10:35:09.678,WIR-Vdevelop-01-L,1260619002010,12606190020002B159,TRUE
2026-08-04 10:35:09.116,CPP-Patternplating-01-UL,1260711011000,126071400100058054,TRUE
2026-08-04 10:31:07.678,AOI-RESAOI-01-UL,1260716047000,126071604700001041,TRUE
2026-08-04 04:34:32.464,SMK-TRE-01-UL,1260722003000,126072200300001003,TRUE
2026-08-04 10:35:40.570,LIN-INNDES-01-L,,126080106200012033,TRUE
2026-08-04 10:35:39.619,ELC-TRE-01-UL,1260716029000,126071602900001010,TRUE
2026-08-04 10:35:38.741,LAM-BOP-02-L,1260731043000,126073104300004020,TRUE
2026-08-04 10:35:35.836,LIN-INNTRE-02-UL-2,,126080300700002027,TRUE
2026-08-04 10:35:39.043,SMK-BRU-01-UL,1260725015010,M0960013A2000G-0607,TRUE
2026-08-04 10:35:35.540,LIN-INNDES-02-L,,126080106400004072,TRUE
2026-08-04 10:35:35.381,LAM-BOP-02-UL,1260731043000,126073104300004068,TRUE
2026-08-04 10:36:03.308,ELC-TRE-01-L,1260716029000,126071602900001047,TRUE
2026-08-04 10:36:02.745,LIN-INNDES-02-L,,126080106400004070,TRUE
2026-08-04 10:36:02.694,CPP-Patternplating-01-UL,1260711011000,126071400100058055,TRUE
2026-08-04 10:36:01.540,LIN-OUTTRE-01-L,1260706048020,126070604800001015,TRUE
2026-08-04 10:35:57.793,SMK-BRU-02-UL,1260716041020,126071604100001042,TRUE
2026-08-04 10:35:57.320,LAM-BOP-02-UL,1260731043000,126073104300004064,TRUE
2026-08-04 10:35:56.063,WIR-SE-01-L,1260630180000,12606301800003A005,TRUE
2026-08-04 10:35:55.461,LIN-INNDES-01-L,,126080106200012032,TRUE
2026-08-04 10:35:55.013,LSR-Debrowning-01-UL,1260713001080,126071300100049045,TRUE
2026-08-04 10:35:54.913,WIR-Pretreatment-01-UL,1260611097010,12606110970001C202,TRUE
2026-08-04 10:36:01.320,LAM-BOP-02-L,1260731043000,126073104300004012,TRUE
2026-08-04 10:35:54.293,ELC-TRE-01-UL,1260716029000,126071602900001037,TRUE
2026-08-04 10:35:50.006,WIR-LDI-01-UL,,12606230980002B045,TRUE
2026-08-04 10:35:52.444,CPP-Horizontalplating-01-UL,1260606004010,126072906300078014,TRUE
2026-08-04 10:35:45.477,WIR-Vdevelop-01-L,1260619002010,12606190020002B158,TRUE
2026-08-04 10:35:39.043,SMK-BRU-01-UL,1260725015010,M0960013A2000G-0607,TRUE
2026-08-04 10:36:24.198,LIN-INNDES-01-L,,126080106200012030,TRUE
2026-08-04 10:36:24.164,WIR-Vdevelop-01-UL,1260619002010,"12606190020002B177,BD",TRUE
2026-08-04 10:36:23.680,LAM-BOP-02-L,1260731043000,126073104300004008,TRUE
2026-08-04 10:36:22.564,WIR-SE-01-L,1260630180000,12606301800003A007,TRUE
2026-08-04 10:36:21.625,LSR-Debrowning-01-UL,1260713001080,126071300100049044,TRUE
2026-08-04 10:36:20.992,WIR-Vdevelop-01-L,1260619002010,12606190020002B160,TRUE
2026-08-04 10:36:20.086,WIR-LDI-01-UL,,12606230980002B052,TRUE
2026-08-04 10:36:19.992,LAM-BOP-02-UL,1260731043000,126073104300004058,TRUE
2026-08-04 10:36:19.121,ELC-TRE-01-L,1260716029000,126071602900001066,TRUE
2026-08-04 10:36:18.884,LIN-OUTTRE-01-L,1260706048020,126070604800001005,TRUE
2026-08-04 10:36:17.183,LIN-INNDES-02-L,,126080106400004069,TRUE
2026-08-04 10:36:16.827,ROU-RIN-01-UL,,Error_202608041736168270,FALSE
2026-08-04 10:36:16.445,WIR-Pretreatment-01-UL,1260611097010,12606110970001C205,TRUE
2026-08-04 10:36:15.336,WIR-Decoatbake-01-UL,1260710001010,126071000100049173,TRUE
2026-08-04 10:36:25.871,ELC-TRE-01-UL,1260716029000,126071602900001069,TRUE
2026-08-04 10:36:06.053,CPP-Patternplating-01-L,1260606004000,12606060040001C115,TRUE
2026-08-04 10:36:05.553,WIR-LDI-01-L,,12606230980002B004,TRUE
2026-08-04 10:36:41.822,LIN-INNTRE-02-UL-2,,126080300700002023,TRUE
2026-08-04 10:36:40.811,ELC-TRE-01-UL,1260716029000,126071602900001059,TRUE
2026-08-04 10:36:42.032,LAM-BOP-02-UL,1260731043000,126073104300004054,TRUE
2026-08-04 10:36:39.510,LIN-INNTRE-02-UL-1,,126080300700002024,TRUE
2026-08-04 10:36:39.088,WIR-Pretreatment-01-UL,1260611097010,12606110970001C201,TRUE
2026-08-04 10:36:39.072,CPP-Horizontalplating-01-UL,1260606004010,126072906300078007,TRUE
2026-08-04 10:36:37.416,WIR-LDI-01-L,,12606230980002B003,TRUE
2026-08-04 10:36:35.948,LIN-OUTTRE-01-L,1260706048020,126070604800001021,TRUE
2026-08-04 10:36:34.950,ELC-TRE-01-L,1260716029000,126071602900001036,TRUE
2026-08-04 10:36:34.903,LAM-BOP-02-L,1260731043000,126073104300004006,TRUE
2026-08-04 10:36:38.732,LIN-INNDES-01-L,,126080106200012029,TRUE
2026-08-04 10:36:31.574,LIN-INNDES-02-L,,126080106400004068,TRUE
2026-08-04 10:36:28.136,SMK-BRU-02-UL,1260716041020,126071604100001043,TRUE
2026-08-04 10:36:56.261,CPP-Patternplating-01-UL,1260711011000,126071400100058053,TRUE
2026-08-04 10:36:56.061,SMK-BRU-02-UL,1260716041020,126071604100001032,TRUE
2026-08-04 10:36:55.451,ELC-TRE-01-UL,1260716029000,126071602900001075,TRUE
2026-08-04 10:36:53.374,LIN-INNDES-01-L,,126080106200012028,TRUE
2026-08-04 10:36:53.343,LAM-BOP-02-UL,1260731043000,126073104300004052,TRUE
2026-08-04 10:36:53.229,LIN-OUTTRE-01-L,1260706048020,126070604800001014,TRUE
2026-08-04 10:36:53.013,LIN-INNTRE-02-UL-2,,126080300700002029,TRUE
2026-08-04 10:36:50.275,WIR-LDI-01-UL,,12606230980002B049,TRUE
2026-08-04 10:36:49.388,LIN-INNTRE-02-UL-1,,126080300700002026,TRUE
2026-08-04 10:36:48.767,LSR-Debrowning-01-UL,1260713001080,126071300100049043,TRUE
2026-08-04 10:36:49.129,WIR-SE-01-L,1260630180000,12606301800003A001,TRUE
2026-08-04 10:36:46.793,LIN-INNDES-02-L,,126080106400004067,TRUE
2026-08-04 10:36:50.623,ELC-TRE-01-L,1260716029000,126071602900001020,TRUE
2026-08-04 10:36:45.983,LAM-BOP-02-L,1260731043000,126073104300004004,TRUE
2026-08-04 10:31:07.678,AOI-RESAOI-01-UL,1260716047000,126071604700001041,TRUE
2026-08-04 10:37:05.467,ELC-TRE-01-L,1260716029000,126071602900001068,TRUE
2026-08-04 10:37:03.483,LIN-INNTRE-02-UL-2,,126080300700002025,TRUE
2026-08-04 10:37:00.386,WIR-Decoatbake-01-UL,1260710001010,126071000100049172,TRUE
2026-08-04 10:37:01.354,WIR-Pretreatment-01-UL,1260611097010,12606110970001C196,TRUE
2026-08-04 10:36:58.920,LIN-INNTRE-02-UL-1,,126080300700002028,TRUE
2026-08-04 10:36:59.684,LIN-INNDES-02-L,,126080106400004066,TRUE
2026-08-04 10:36:58.870,CPP-Patternplating-01-L,1260606004000,12606060040001C114,TRUE
2026-08-04 10:36:58.261,WIR-Vdevelop-01-UL,1260619002010,"12606190020002B176,BD",TRUE
2026-08-04 10:36:57.452,LAM-BOP-02-L,1260731043000,126073103700004054,TRUE
2026-08-04 10:36:56.808,WIR-Vdevelop-01-L,1260619002010,12606190020002B180,TRUE
2026-08-04 10:37:32.669,WIR-Vdevelop-01-UL,1260619002010,"12606190020002B175,BD",TRUE
2026-08-04 10:37:32.638,WIR-Vdevelop-01-L,1260619002010,12606190020002B179,TRUE
2026-08-04 10:37:31.580,LAM-BOP-02-L,1260731043000,126073105500004052,TRUE
2026-08-04 10:37:30.431,ROU-RIN-01-UL,,Error_202608041737304318,FALSE
2026-08-04 10:37:28.737,LAM-BOP-02-UL,1260731043000,126073104300004046,TRUE
2026-08-04 10:37:28.407,LIN-INNDES-02-L,,126080106400004064,TRUE
2026-08-04 10:37:27.728,LIN-INNTRE-02-UL-1,,126080300700002034,TRUE
2026-08-04 10:37:27.372,LIN-OUTTRE-01-L,1260706048020,126070604800001022,TRUE
2026-08-04 10:37:26.029,ELC-TRE-01-UL,1260716029000,126071602900001054,TRUE
2026-08-04 10:37:24.869,LIN-INNTRE-02-UL-2,,126080300700002021,TRUE
2026-08-04 10:37:23.841,WIR-Pretreatment-01-UL,1260611097010,12606110970001C195,TRUE
2026-08-04 10:37:22.361,LIN-INNDES-01-L,,126080106200012026,TRUE
2026-08-04 10:37:22.233,ELC-TRE-01-L,1260716029000,126071602900001064,TRUE
2026-08-04 10:37:19.966,WIR-LDI-01-UL,,12606230980002B050,TRUE
2026-08-04 10:37:14.832,LSR-Debrowning-01-UL,1260713001080,126071300100049042,TRUE
2026-08-04 10:37:09.683,WIR-LDI-01-L,,12606230980002B055,TRUE
2026-08-04 10:37:15.614,WIR-SE-01-L,1260630180000,12606301800003A003,TRUE
2026-08-04 10:37:42.577,ELC-TRE-01-UL,1260716029000,126071602900001065,TRUE
2026-08-04 10:37:42.564,LIN-INNDES-02-L,,126080106400004063,TRUE
2026-08-04 10:37:42.535,LAM-BOP-02-L,1260731043000,126073105500004015,TRUE
2026-08-04 10:37:41.697,ROU-RIN-01-UL,,Error_202608041737416977,FALSE
2026-08-04 10:37:41.568,LSR-Debrowning-01-UL,1260713001080,126071300100049041,TRUE
2026-08-04 10:37:41.466,WIR-LDI-01-L,,12606230980002B022,TRUE
2026-08-04 10:37:38.624,SMK-BRU-02-UL,1260716041020,126071604100001064,TRUE
2026-08-04 10:37:37.338,LIN-INNTRE-02-UL-1,,126080300700002036,TRUE
2026-08-04 10:37:37.155,ELC-TRE-01-L,1260716029000,126071602900001055,TRUE
2026-08-04 10:37:37.166,LIN-INNTRE-02-UL-2,,126080300700002033,TRUE
2026-08-04 10:37:37.004,LIN-INNDES-01-L,,126080106200012025,TRUE
2026-08-04 10:37:36.584,WIR-SE-01-L,1260630180000,12606301800003A004,TRUE
2026-08-04 10:38:01.016,LIN-OUTTRE-01-L,1260706048020,126070604800001051,TRUE
2026-08-04 10:37:57.734,ELC-TRE-01-UL,1260716029000,126071602900001015,TRUE
2026-08-04 10:37:57.151,LIN-INNDES-02-L,,126080106400004062,TRUE
2026-08-04 10:37:56.995,LIN-INNTRE-02-UL-2,,126080300700002037,TRUE
2026-08-04 10:37:54.365,LAM-BOP-02-L,1260731043000,126073105500004003,TRUE
2026-08-04 10:37:53.115,LAM-BOP-02-UL,1260731043000,126073104300004044,TRUE
2026-08-04 10:37:52.654,CPP-Patternplating-01-L,1260606004000,12606060040001C099,TRUE
2026-08-04 10:37:52.256,ELC-TRE-01-L,1260716029000,126071602900001038,TRUE
2026-08-04 10:37:51.442,LIN-INNDES-01-L,,126080106200012024,TRUE
2026-08-04 10:37:50.044,WIR-LDI-01-UL,,12606230980002B053,TRUE
2026-08-04 10:37:49.982,CPP-Patternplating-01-UL,1260711011000,126071400100058007,TRUE
2026-08-04 10:37:46.076,WIR-Pretreatment-01-UL,1260611097010,12606110970001C187,TRUE
2026-08-04 10:37:45.451,WIR-Decoatbake-01-UL,1260710001010,126071000100049171,TRUE
2026-08-04 10:37:55.917,LIN-INNTRE-02-UL-1,,126080300700002040,TRUE
2026-08-04 10:19:29.418,LIN-INNTRE-01-UL,1260803009000,126080300900006080,TRUE
2026-08-04 10:38:24.668,LIN-INNDES-02-L,,126080106400004060,TRUE
2026-08-04 10:38:23.657,ELC-TRE-01-L,1260716029000,126071602900001019,TRUE
2026-08-04 10:38:23.060,LIN-INNTRE-02-UL-2,,126080300700002041,TRUE
2026-08-04 10:38:21.575,LIN-INNTRE-02-UL-1,,126080300700002046,TRUE
2026-08-04 10:38:20.959,LIN-INNDES-01-L,,126080106200012022,TRUE
2026-08-04 10:38:20.452,WIR-LDI-01-UL,,12606230980002B054,TRUE
2026-08-04 10:38:18.189,LIN-OUTTRE-01-L,1260706048020,126070604800001001,TRUE
2026-08-04 10:38:13.818,GLD-RinseENEPIG-01-UL,,22605270180001C088,TRUE
2026-08-04 10:38:15.958,LAM-BOP-02-UL,1260731043000,126073104300004040,TRUE
2026-08-04 10:38:13.436,WIR-LDI-01-L,,12606230980002B026,TRUE
2026-08-04 10:38:08.463,WIR-SE-01-L,1260630180000,12606301800003A055,TRUE
2026-08-04 10:38:13.094,ELC-TRE-01-UL,1260716029000,126071602900001004,TRUE
2026-08-04 10:38:08.358,WIR-Vdevelop-01-L,1260619002010,12606190020002B178,TRUE
2026-08-04 10:38:08.287,LSR-Debrowning-01-UL,1260713001080,126071300100049040,TRUE
2026-08-04 10:38:07.874,WIR-Pretreatment-01-UL,1260611097010,12606110970001C186,TRUE
2026-08-04 10:38:07.436,WIR-Vdevelop-01-UL,1260619002010,"12606190020002B174,BD",TRUE
2026-08-04 10:38:05.880,LAM-BOP-02-L,1260731043000,126073103700004033,TRUE
2026-08-04 10:29:59.972,SMK-BRU-02-L,1260716041020,126071604100001007,TRUE
2026-08-04 10:33:28.898,AOI-PEP-01-L,1260801056000,126080101400012044,TRUE
2026-08-04 10:38:30.361,WIR-Decoatbake-01-UL,1260710001010,126071000100049180,TRUE
2026-08-04 10:38:30.095,WIR-Pretreatment-01-UL,1260611097010,12606110970001C191,TRUE
2026-08-04 10:38:28.500,SMK-BRU-02-UL,1260716041020,126071604100001074,TRUE
2026-08-04 10:38:27.860,ELC-TRE-01-UL,1260716029000,126071602900001030,TRUE
2026-08-04 10:35:27.820,LIN-OUTDES-01-UL,1260709031020,126071406300001010,TRUE
2026-08-04 10:38:54.563,ELC-TRE-01-L,1260716029000,126071602900001021,TRUE
2026-08-04 10:38:52.833,LIN-OUTTRE-01-L,1260706048020,126070604800001055,TRUE
2026-08-04 10:38:53.971,LIN-INNDES-02-L,,126080106400004058,TRUE
2026-08-04 10:38:51.446,GLD-RinseENEPIG-01-UL,,22605233310001C206,TRUE
2026-08-04 10:38:51.002,WIR-LDI-01-UL,,12606230980002B051,TRUE
2026-08-04 10:38:49.680,LIN-INNDES-01-L,,126080106200012020,TRUE
2026-08-04 10:38:47.170,LIN-INNTRE-02-UL-2,,126080300700002043,TRUE
2026-08-04 10:38:46.361,CPP-Patternplating-01-L,1260606004000,12606060040001C118,TRUE
2026-08-04 10:38:45.811,LIN-INNTRE-02-UL-1,,126080300700002048,TRUE
2026-08-04 10:38:45.627,WIR-LDI-01-L,,12606230980002B029,TRUE
2026-08-04 10:38:43.877,CPP-Patternplating-01-UL,1260711011000,126071400100058008,TRUE
2026-08-04 10:38:41.721,WIR-Vdevelop-01-UL,1260619002010,"12606190020002B173,BD",TRUE
2026-08-04 10:38:43.797,ELC-TRE-01-UL,1260716029000,126071602900001032,TRUE
2026-08-04 10:38:35.029,WIR-SE-01-L,1260630180000,12606301800003A056,TRUE
2026-08-04 10:38:52.627,WIR-Pretreatment-01-UL,1260611097010,12606110970001C183,TRUE
2026-08-04 10:38:34.819,LSR-Debrowning-01-UL,1260713001080,126071300100049039,TRUE
2026-08-04 10:39:14.659,ELC-TRE-01-UL,1260716029000,126071602900001012,TRUE
2026-08-04 10:39:10.773,LIN-INNTRE-02-UL-2,,126080300700002045,TRUE
2026-08-04 10:39:10.064,ELC-TRE-01-L,1260716029000,126071602900001046,TRUE
2026-08-04 10:39:10.038,LIN-OUTTRE-01-L,1260706048020,126070604800001029,TRUE
2026-08-04 10:39:09.172,LIN-INNTRE-02-UL-1,,126080300700002050,TRUE
2026-08-04 10:39:07.044,ROU-RIN-01-UL,,Error_202608041739070441,FALSE
2026-08-04 10:39:05.399,LIN-INNDES-01-L,,126080106200012019,TRUE
2026-08-04 10:39:01.868,LAM-BOP-02-L,1260731044000,126073104400006002,TRUE
2026-08-04 10:39:01.461,LSR-Debrowning-01-UL,1260713001080,126071300100049038,TRUE
2026-08-04 10:39:07.128,LIN-INNDES-02-L,,126080106400004057,TRUE
2026-08-04 10:39:01.453,WIR-SE-01-L,1260630180000,12606301800003A002,TRUE
2026-08-04 10:39:01.018,WIR-Vdevelop-01-L,1260619002010,12606190020002B168,TRUE
2026-08-04 10:39:24.925,ELC-TRE-01-L,1260716029000,126071602900001045,TRUE
2026-08-04 10:39:21.614,WIR-LDI-01-UL,,12606230980002B057,TRUE
2026-08-04 10:39:19.323,LIN-INNDES-01-L,,126080106200012018,TRUE
2026-08-04 10:39:18.926,WIR-Decoatbake-01-L,1260707002010,126070700200049165,TRUE
2026-08-04 10:39:17.864,WIR-LDI-01-L,,12606230980002B014,TRUE
2026-08-04 10:39:16.534,WIR-Vdevelop-01-UL,1260619002010,"12606190020002B172,BB",TRUE
2026-08-04 10:39:20.988,LIN-INNDES-02-L,,126080106400004056,TRUE
2026-08-04 10:39:15.487,WIR-Decoatbake-01-UL,1260710001010,126071000100049178,TRUE
2026-08-04 10:39:15.400,LAM-BOP-02-L,1260731044000,126073104400006001,TRUE
2026-08-04 10:39:15.003,WIR-Pretreatment-01-UL,1260611097010,12606110970001C180,TRUE
2026-08-04 10:39:43.788,LIN-OUTTRE-01-L,1260706048020,126070604800001027,TRUE
2026-08-04 10:39:43.765,ROU-RIN-01-UL,,Error_202608041739437657,FALSE
2026-08-04 10:39:40.490,WIR-Decoatbake-01-L,1260707002010,126070700200049164,TRUE
2026-08-04 10:39:39.926,ELC-TRE-01-L,1260716029000,126071602900001079,TRUE
2026-08-04 10:39:39.833,CPP-Patternplating-01-L,1260606004000,12606060040001C067,TRUE
2026-08-04 10:39:37.286,CPP-Patternplating-01-UL,1260711011000,126071400100058009,TRUE
2026-08-04 10:39:38.933,LAM-BOP-02-L,1260731044000,126073104400006004,TRUE
2026-08-04 10:39:37.208,WIR-Pretreatment-01-UL,1260611097010,12606110970001C204,TRUE
2026-08-04 10:39:37.004,WIR-Vdevelop-01-L,1260619002010,12606190020002B132,TRUE
2026-08-04 10:39:35.738,LIN-INNDES-02-L,,126080106400004055,TRUE
2026-08-04 10:39:34.946,LIN-INNTRE-02-UL-1,,Error_202608041739349465,FALSE
2026-08-04 10:39:33.946,LIN-INNTRE-02-UL-2,,126080300700002047,TRUE
2026-08-04 10:39:33.573,LIN-INNDES-01-L,,126080106200012017,TRUE
2026-08-04 10:39:33.364,SMK-BRU-02-UL,1260716041020,126071604100001057,TRUE
2026-08-04 10:39:28.103,LSR-Debrowning-01-UL,1260713001080,126071300100049037,TRUE
2026-08-04 10:39:32.145,ELC-TRE-01-UL,1260716029000,126071602900001050,TRUE
2026-08-04 10:39:28.018,WIR-SE-01-L,1260630180000,12606301800003A060,TRUE
2026-08-04 10:29:59.972,SMK-BRU-02-L,1260716041020,126071604100001007,TRUE
2026-08-04 10:39:27.837,GLD-RinseENEPIG-01-UL,,22605233310001C229,TRUE
2026-08-04 10:40:00.301,WIR-Decoatbake-01-UL,1260710001010,126071000100049177,TRUE
2026-08-04 10:39:59.473,WIR-Pretreatment-01-UL,1260611097010,12606110970001C189,TRUE
2026-08-04 10:39:58.805,LIN-INNTRE-02-UL-2,,126080300700002049,TRUE
2026-08-04 10:40:00.650,LIN-INNLDI-01-L,1260801121000,126080112100010080,TRUE
2026-08-04 10:39:56.212,LIN-INNTRE-02-UL-1,,126080300700002054,TRUE
2026-08-04 10:39:54.661,WIR-SE-01-L,1260630180000,12606301800003A057,TRUE
2026-08-04 10:39:55.620,ELC-TRE-01-L,1260716029000,126071602900001003,TRUE
2026-08-04 10:39:52.020,WIR-LDI-01-UL,,12606230980002B058,TRUE
2026-08-04 10:39:51.645,WIR-Vdevelop-01-UL,1260619002010,"12606190020002B171,BD",TRUE
2026-08-04 10:39:50.667,LAM-BOP-02-L,1260731044000,126073104400006005,TRUE
2026-08-04 10:39:49.708,WIR-LDI-01-L,,12606230980002B013,TRUE
2026-08-04 10:39:49.036,LIN-INNDES-02-L,,126080106400004054,TRUE
2026-08-04 10:39:48.136,LIN-INNDES-01-L,,126080106200012016,TRUE
2026-08-04 10:39:47.041,ELC-TRE-01-UL,1260716029000,126071602900001047,TRUE
2026-08-04 10:40:18.276,LIN-OUTTRE-01-L,1260706048020,126070604800001041,TRUE
2026-08-04 10:40:18.574,ELC-TRE-01-UL,1260716029000,126071602900001036,TRUE
2026-08-04 10:40:17.448,LIN-INNDES-02-L,,126080106400004051,TRUE
2026-08-04 10:40:17.356,LIN-INNDES-01-L,,126080106200012014,TRUE
2026-08-04 10:40:16.302,WIR-Decoatbake-01-L,1260707002010,126070700200049163,TRUE
2026-08-04 10:40:14.778,LAM-BOP-02-L,1260731044000,126073104400006007,TRUE
2026-08-04 10:40:13.228,LIN-INNLDI-01-L,1260801121000,126080112100010078,TRUE
2026-08-04 10:40:12.708,WIR-Vdevelop-01-L,1260619002010,12606190020002B155,TRUE
2026-08-04 10:40:10.277,ELC-TRE-01-L,1260716029000,126071602900001001,TRUE
2026-08-04 10:40:07.341,LAM-BOP-02-UL,1260731043000,126073104300004038,TRUE
2026-08-04 10:40:10.433,SMK-BRU-02-L,1260716041020,126071604100001003,TRUE
2026-08-04 10:40:05.559,GLD-RinseENEPIG-01-UL,,22605233310001C228,TRUE
2026-08-04 10:40:04.542,SMK-BRU-02-UL,1260716041020,126071604100001028,TRUE
2026-08-04 10:04:40.257,AOI-RESAOI-01-L,1260716047000,126071604700001022,TRUE
2026-08-04 10:40:44.744,LIN-INNTRE-02-UL-1,,126080300700002058,TRUE
2026-08-04 10:40:44.084,WIR-Pretreatment-01-UL,1260611097010,12606110970001C209,TRUE
2026-08-04 10:40:40.673,ROU-RIN-01-UL,,Error_202608041740406730,FALSE
2026-08-04 10:40:40.396,SMK-BRU-01-L,1260725015010,M0960013A2000G-0607,TRUE
2026-08-04 10:40:40.325,LAM-BOP-02-L,1260731044000,126073104400006009,TRUE
2026-08-04 10:40:39.702,SMK-BRU-02-L,1260716041020,126071604100001056,TRUE
2026-08-04 10:40:35.323,LIN-OUTTRE-01-L,1260706048020,126070604800001033,TRUE
2026-08-04 10:40:34.998,SMK-BRU-02-UL,1260716041020,126071604100001051,TRUE
2026-08-04 10:40:33.998,ELC-TRE-01-UL,1260716029000,126071602900001020,TRUE
2026-08-04 10:40:42.178,WIR-SE-01-L,1260630180000,12606301800003A049,TRUE
2026-08-04 10:40:33.769,CPP-Patternplating-01-L,1260606004000,12606060040001C070,TRUE
2026-08-04 10:40:30.816,CPP-Patternplating-01-UL,1260711011000,126071400100058014,TRUE
2026-08-04 10:40:31.903,LIN-INNDES-01-L,,126080106200012013,TRUE
2026-08-04 10:40:30.761,LIN-INNDES-02-L,,126080106400004050,TRUE
2026-08-04 10:40:30.200,LAM-BOP-02-UL,1260731043000,126073104300004032,TRUE
2026-08-04 10:40:29.150,LIN-INNLDI-01-L,1260801121000,126080112100010076,TRUE
2026-08-04 10:40:22.024,LIN-INNTRE-02-UL-2,,126080300700002051,TRUE
2026-08-04 10:40:26.222,WIR-Vdevelop-01-UL,1260619002010,"12606190020002B169,BD",TRUE
2026-08-04 10:40:21.878,WIR-LDI-01-UL,,12606230980002B056,TRUE
2026-08-04 10:40:21.566,WIR-LDI-01-L,,12606230980002B016,TRUE
2026-08-04 10:40:10.277,ELC-TRE-01-L,1260716029000,126071602900001001,TRUE
2026-08-04 10:35:27.820,LIN-OUTDES-01-UL,1260709031020,126071406300001010,TRUE
2026-08-04 10:40:53.663,WIR-Decoatbake-01-L,1260707002010,126070700200049162,TRUE
2026-08-04 10:40:53.538,WIR-LDI-01-L,,12606230980002B009,TRUE
2026-08-04 10:40:52.888,LIN-OUTTRE-01-L,1260706048020,126070604800001043,TRUE
2026-08-04 10:40:52.116,WIR-LDI-01-UL,,12606230980002B004,TRUE
2026-08-04 10:40:50.780,LAM-BOP-02-L,1260731044000,126073104400006010,TRUE
2026-08-04 10:40:49.940,ELC-TRE-01-UL,1260716029000,126071602900001068,TRUE
2026-08-04 10:40:48.616,WIR-Vdevelop-01-L,1260619002010,12606190020002B153,TRUE
2026-08-04 10:40:47.309,LIN-INNLDI-01-L,1260801121000,126080112100010074,TRUE
2026-08-04 10:40:46.560,LIN-INNDES-01-L,,126080106200012012,TRUE
2026-08-04 10:40:45.403,LAM-BOP-02-UL,1260731043000,126073104300004034,TRUE
2026-08-04 10:40:45.350,WIR-Decoatbake-01-UL,1260710001010,126071000100049176,TRUE
2026-08-04 10:40:45.120,LIN-INNDES-02-L,,126080106400004049,TRUE
2026-08-04 10:40:10.277,ELC-TRE-01-L,1260716029000,126071602900001001,TRUE
2026-08-04 10:40:46.385,LIN-INNTRE-02-UL-2,,126080300700002053,TRUE
2026-08-04 10:41:18.017,LSR-Debrowning-01-L,1260713001000,126071300100049035,TRUE
2026-08-04 10:41:15.624,LIN-INNDES-01-L,,126080106200012010,TRUE
2026-08-04 10:41:15.155,LAM-BOP-02-L,1260731044000,126073104400006012,TRUE
2026-08-04 10:41:14.179,WIR-SE-01-L,1260630180000,12606301800003A050,TRUE
2026-08-04 10:41:14.105,LIN-INNDES-02-L,,126080106400004047,TRUE
2026-08-04 10:41:12.168,LIN-INNLDI-01-L,1260801121000,126080112100010080,TRUE
2026-08-04 10:41:09.948,LIN-INNTRE-02-UL-2,,126080300700002055,TRUE
2026-08-04 10:41:09.905,LIN-OUTTRE-01-L,1260706048020,126070604800001028,TRUE
2026-08-04 10:41:09.406,SMK-BRU-02-L,1260716041020,126071604100001040,TRUE
2026-08-04 10:41:09.047,LIN-INNTRE-02-UL-1,,126080300700002060,TRUE
2026-08-04 10:41:08.811,LAM-BOP-02-UL,1260731043000,126073104300004028,TRUE
2026-08-04 10:41:06.288,WIR-Pretreatment-01-UL,1260611097010,12606110970001C200,TRUE
2026-08-04 10:41:03.172,SMK-BRU-02-UL,1260716041020,126071604100001053,TRUE
2026-08-04 10:41:03.533,GLD-RinseENEPIG-01-UL,,22605233310001C072,TRUE
2026-08-04 10:41:05.750,ELC-TRE-01-UL,1260716029000,126071602900001064,TRUE
2026-08-04 10:41:30.297,LIN-INNDES-01-L,,126080106200012009,TRUE
2026-08-04 10:41:30.272,WIR-Decoatbake-01-UL,1260710001010,126071000100049167,TRUE
2026-08-04 10:41:29.944,WIR-Decoatbake-01-L,1260707002010,126070700200049161,TRUE
2026-08-04 10:41:28.819,WIR-Pretreatment-01-UL,1260611097010,12606110970001C207,TRUE
2026-08-04 10:41:28.462,SMK-BRU-01-L,1260725015010,Error_202608041741284621,FALSE
2026-08-04 10:41:28.123,LIN-INNLDI-01-L,1260801121000,126080112100010078,TRUE
2026-08-04 10:41:27.600,CPP-Patternplating-01-L,1260606004000,12606060040001C069,TRUE
2026-08-04 10:41:27.465,LIN-INNDES-02-L,,126080106400004046,TRUE
2026-08-04 10:41:27.141,LIN-OUTTRE-01-L,1260706048020,126070604800001074,TRUE
2026-08-04 10:41:25.788,WIR-LDI-01-L,,12606230980002B008,TRUE
2026-08-04 10:41:24.663,WIR-Vdevelop-01-L,1260619002010,12606190020002B154,TRUE
2026-08-04 10:41:22.335,WIR-LDI-01-UL,,12606230980002B003,TRUE
2026-08-04 10:41:24.257,CPP-Patternplating-01-UL,1260711011000,126071400100058013,TRUE
2026-08-04 10:41:20.781,ELC-TRE-01-UL,1260716029000,126071602900001055,TRUE
2026-08-04 10:41:19.109,LAM-BOP-02-UL,1260731043000,126073104300004026,TRUE
2026-08-04 10:41:56.857,LIN-INNTRE-02-UL-1,,126080300700002064,TRUE
2026-08-04 10:41:56.568,LSR-Debrowning-01-L,1260713001000,126071300100049033,TRUE
2026-08-04 10:41:56.184,LIN-INNDES-02-L,,126080106400004044,TRUE
2026-08-04 10:41:53.423,LAM-BOP-02-L,1260731044000,126073104400006014,TRUE
2026-08-04 10:41:50.500,ELC-TRE-01-UL,1260716029000,126071602900001078,TRUE
2026-08-04 10:41:52.757,WIR-LDI-01-UL,,12606230980002B055,TRUE
2026-08-04 10:41:50.484,WIR-Pretreatment-01-UL,1260611097010,12606110970001C203,TRUE
2026-08-04 10:41:46.171,LIN-INNLDI-01-L,1260801121000,126080112100010076,TRUE
2026-08-04 10:41:44.876,LIN-INNDES-01-L,,126080106200012008,TRUE
2026-08-04 10:41:44.239,LIN-OUTTRE-01-L,1260706048020,126070604800001023,TRUE
2026-08-04 10:41:39.078,SMK-BRU-02-L,1260716041020,126071604100001025,TRUE
2026-08-04 10:41:35.368,WIR-SE-01-L,1260630180000,12606301800003A016,TRUE
2026-08-04 10:41:35.350,WIR-Vdevelop-01-UL,1260619002010,"12606190020002B164,BD",TRUE
2026-08-04 10:41:33.810,LIN-INNTRE-02-UL-2,,126080300700002057,TRUE
2026-08-04 10:41:42.416,GLD-RinseENEPIG-01-UL,,22605233310001C082,TRUE
2026-08-04 10:41:32.812,SMK-BRU-02-UL,1260716041020,126071604100001048,TRUE
2026-08-04 10:40:10.277,ELC-TRE-01-L,1260716029000,126071602900001001,TRUE
2026-08-04 10:42:15.478,WIR-Decoatbake-01-UL,1260710001010,126071000100049165,TRUE
2026-08-04 10:42:14.604,LIN-INNLDI-01-L,1260801121000,126080112100010064,TRUE
2026-08-04 10:42:14.424,LIN-INNDES-01-L,,126080106200012006,TRUE
2026-08-04 10:42:13.213,WIR-Pretreatment-01-UL,1260611097010,12606110970001C208,TRUE
2026-08-04 10:42:10.513,LIN-INNDES-02-L,,126080106400004043,TRUE
2026-08-04 10:42:09.916,WIR-Vdevelop-01-UL,1260619002010,"12606190020002B163,BB",TRUE
2026-08-04 10:42:07.356,WIR-SE-01-L,1260630180000,12606301800003A017,TRUE
2026-08-04 10:42:06.962,WIR-Decoatbake-01-L,1260707002010,126070700200049153,TRUE
2026-08-04 10:42:05.251,LAM-BOP-02-L,1260731044000,126073104400006015,TRUE
2026-08-04 10:42:02.038,LIN-OUTTRE-01-L,1260706048020,126070604800001020,TRUE
2026-08-04 10:42:02.140,SMK-BRU-02-UL,1260716041020,126071604100001013,TRUE
2026-08-04 10:42:01.861,AOI-PEP-01-L,1260801056000,126080101400012046,TRUE
2026-08-04 10:42:06.547,ELC-TRE-01-UL,1260716029000,126071602900001019,TRUE
2026-08-04 10:42:00.664,WIR-Vdevelop-01-L,1260619002010,12606190020002B152,TRUE
2026-08-04 10:41:58.451,LIN-INNTRE-02-UL-2,,126080300700002059,TRUE
2026-08-04 10:41:57.414,WIR-LDI-01-L,,12606230980002B010,TRUE
2026-08-04 10:42:28.894,LIN-INNDES-01-L,,126080106200012005,TRUE
2026-08-04 10:42:28.201,LIN-INNTRE-02-UL-2,,126080300700002061,TRUE
2026-08-04 10:42:25.944,GLD-RinseENEPIG-01-UL,,22605233310001C226,TRUE
2026-08-04 10:42:23.992,LIN-INNDES-02-L,,126080106400004042,TRUE
2026-08-04 10:42:23.350,LSR-Debrowning-01-L,1260713001000,126071300100049032,TRUE
2026-08-04 10:42:23.025,WIR-LDI-01-UL,,12606230980002B022,TRUE
2026-08-04 10:42:22.370,LIN-INNLDI-01-L,1260801121000,126080112100010072,TRUE
2026-08-04 10:42:21.322,CPP-Patternplating-01-L,1260606004000,12606060040001C066,TRUE
2026-08-04 10:42:22.282,ELC-TRE-01-UL,1260716029000,126071602900001074,TRUE
2026-08-04 10:42:18.460,LIN-OUTTRE-01-L,1260706048020,126070604800001052,TRUE
2026-08-04 10:42:20.888,LIN-INNTRE-02-UL-1,,126080300700002066,TRUE
2026-08-04 10:42:18.103,CPP-Patternplating-01-UL,1260711011000,126071400100058050,TRUE
2026-08-04 10:42:16.955,LAM-BOP-02-L,1260731044000,126073104400006016,TRUE
2026-08-04 10:42:17.391,SMK-BRU-02-L,1260716041020,Error_202608041742173916,FALSE
2026-08-04 10:42:44.509,WIR-Vdevelop-01-UL,1260619002010,"12606190020002B162,BB",TRUE
2026-08-04 10:42:44.374,LIN-INNTRE-02-UL-1,,126080300700002068,TRUE
2026-08-04 10:42:43.271,LIN-INNDES-01-L,,126080106200012004,TRUE
2026-08-04 10:42:43.791,WIR-Decoatbake-01-L,1260707002010,126070700200049170,TRUE
2026-08-04 10:42:42.849,AOI-PEP-01-L,1260801056000,126080101400012048,TRUE
2026-08-04 10:42:39.802,LAM-BOP-02-UL,1260731043000,126073104300004022,TRUE
2026-08-04 10:42:42.161,LAM-BOP-02-L,1260731044000,126073104400006018,TRUE
2026-08-04 10:42:38.339,LIN-INNLDI-01-L,1260801121000,126080112100010070,TRUE
2026-08-04 10:42:37.532,ELC-TRE-01-UL,1260716029000,126071602900001021,TRUE
2026-08-04 10:42:38.090,LIN-INNDES-02-L,,126080106400004041,TRUE
2026-08-04 10:42:35.463,WIR-Pretreatment-01-UL,1260611097010,12606110970001C199,TRUE
2026-08-04 10:42:36.369,WIR-Vdevelop-01-L,1260619002010,12606190020002B151,TRUE
2026-08-04 10:42:34.820,LIN-OUTTRE-01-L,1260706048020,126070604800001034,TRUE
2026-08-04 10:42:30.253,ELC-TRE-01-L,1260716029020,126071602900001022,TRUE
2026-08-04 10:42:33.654,WIR-SE-01-L,1260630180000,12606301800003A059,TRUE
2026-08-04 10:42:29.509,WIR-LDI-01-L,,12606230980002B005,TRUE
2026-08-04 10:43:07.152,LIN-INNLDI-01-L,1260801121000,126080112100010058,TRUE
2026-08-04 10:43:07.031,LIN-INNDES-02-L,,126080106400004039,TRUE
2026-08-04 10:43:06.460,LAM-BOP-02-UL,1260731043000,126073104300004016,TRUE
2026-08-04 10:43:05.621,GLD-RinseENEPIG-01-UL,,22605233310001C108,TRUE
2026-08-04 10:43:05.407,LIN-INNTRE-02-UL-2,,Error_202608041743054071,FALSE
2026-08-04 10:43:01.463,WIR-LDI-01-L,,12606230980002B060,TRUE
2026-08-04 10:43:00.323,WIR-Decoatbake-01-UL,1260710001010,126071000100049164,TRUE
2026-08-04 10:43:00.265,WIR-SE-01-L,1260630180000,12606301800003A025,TRUE
2026-08-04 10:42:59.991,AOI-PEP-01-L,1260801056000,126080101400012050,TRUE
2026-08-04 10:42:57.912,LIN-INNDES-01-L,,126080106200012003,TRUE
2026-08-04 10:42:57.526,WIR-Pretreatment-01-UL,1260611097010,12606110970001C206,TRUE
2026-08-04 10:42:53.787,AOI-PEP-01-UL,1260801056000,126080101400012046,TRUE
2026-08-04 10:42:53.275,WIR-LDI-01-UL,,12606230980002B026,TRUE
2026-08-04 10:42:52.922,ELC-TRE-01-UL,1260716029000,126071602900001046,TRUE
2026-08-04 10:42:53.070,LIN-OUTTRE-01-L,1260706048020,126070604800001040,TRUE
2026-08-04 10:42:52.016,SMK-BRU-02-L,1260716041020,Error_202608041742520166,FALSE
2026-08-04 10:42:48.602,LSR-Debrowning-01-L,1260713001000,126071300100049031,TRUE
2026-08-04 10:42:47.685,SMK-BRU-01-L,1260725015010,M0960013A2000G-0607,TRUE
2026-08-04 10:43:01.969,ELC-TRE-01-L,1260716029020,126071602900001029,TRUE
2026-08-04 10:42:47.588,ROU-RIN-01-UL,,Error_202608041742475882,FALSE
2026-08-04 10:43:23.971,ELC-TRE-01-UL,1260716029000,126071602900001079,TRUE
2026-08-04 10:43:23.510,WIR-LDI-01-UL,,12606230980002B029,TRUE
2026-08-04 10:43:22.825,LIN-INNLDI-01-L,1260801121000,126080112100010056,TRUE
2026-08-04 10:43:21.837,AOI-PEP-01-UL,1260801056000,126080101400012050,TRUE
2026-08-04 10:43:20.885,WIR-Decoatbake-01-L,1260707002010,126070700200049169,TRUE
2026-08-04 10:43:20.750,LIN-INNDES-02-L,,126080106400004038,TRUE
2026-08-04 10:43:19.993,AOI-PEP-01-L,1260801056000,126080101400012054,TRUE
2026-08-04 10:43:19.714,WIR-Pretreatment-01-UL,1260611097010,12606110970001C194,TRUE
2026-08-04 10:43:18.964,WIR-Vdevelop-01-UL,1260619002010,"12606190020002B161,BD",TRUE
2026-08-04 10:43:18.462,LAM-BOP-02-UL,1260731043000,126073104300004012,TRUE
2026-08-04 10:43:18.451,SMK-BRU-01-L,1260725015010,M0960013A2000G-0607,TRUE
2026-08-04 10:43:18.079,ELC-TRE-01-L,1260716029020,126071602900001013,TRUE
2026-08-04 10:43:16.735,LIN-INNTRE-02-UL-2,,126080300700002065,TRUE
2026-08-04 10:43:15.231,LSR-Debrowning-01-L,1260713001000,126071300100049030,TRUE
2026-08-04 10:43:14.901,CPP-Patternplating-01-L,1260606004000,12606060040001C065,TRUE
2026-08-04 10:43:15.454,SMK-BRU-02-L,1260716041020,126071604100001016,TRUE
2026-08-04 10:43:10.071,LIN-OUTTRE-01-L,1260706048020,126070604800001075,TRUE
2026-08-04 10:43:13.438,SMK-BRU-02-UL,1260716041020,126071604100001005,TRUE
2026-08-04 10:43:11.526,CPP-Patternplating-01-UL,1260711011000,126071400100058005,TRUE
2026-08-04 10:43:12.523,LIN-INNDES-01-L,,126080106200012002,TRUE
2026-08-04 10:42:42.161,LAM-BOP-02-L,1260731044000,126073104400006018,TRUE
2026-08-04 10:43:12.417,WIR-Vdevelop-01-L,1260619002010,12606190020002B149,TRUE
2026-08-04 10:43:07.938,LIN-INNTRE-02-UL-1,,126080300700002070,TRUE
2026-08-04 10:43:32.797,LIN-INNTRE-02-UL-1,,126080300700002072,TRUE
2026-08-04 10:43:31.290,AOI-PEP-01-L,1260801056000,126080105600012037,TRUE
2026-08-04 10:43:29.415,LAM-BOP-02-UL,1260731043000,126073104300004010,TRUE
2026-08-04 10:43:31.107,LIN-INNLDI-01-L,1260801121000,126080112100010064,TRUE
2026-08-04 10:43:27.595,WIR-SE-01-UL,1260630180000,12606301800003A037,TRUE
2026-08-04 10:43:27.322,LIN-OUTTRE-01-L,1260706048020,126070604800001003,TRUE
2026-08-04 10:43:27.212,LIN-INNDES-01-L,,126080106200012001,TRUE
2026-08-04 10:43:26.783,WIR-SE-01-L,1260630180000,12606301800003A020,TRUE
2026-08-04 10:43:54.416,LAM-BOP-02-L,1260731044000,126073104400006019,TRUE
2026-08-04 10:43:54.183,WIR-LDI-01-UL,,12606230980002B014,TRUE
2026-08-04 10:43:53.755,ELC-TRE-01-UL,1260716029000,126071602900001001,TRUE
2026-08-04 10:43:53.269,WIR-SE-01-L,1260630180000,12606301800003A021,TRUE
2026-08-04 10:43:53.181,AOI-PEP-01-L,1260801056000,126080105600012078,TRUE
2026-08-04 10:43:51.837,LAM-BOP-02-UL,1260731043000,126073104300004006,TRUE
2026-08-04 10:43:49.692,ELC-TRE-01-L,1260716029020,126071602900001080,TRUE
2026-08-04 10:43:49.002,LIN-INNDES-02-L,,126080106400004036,TRUE
2026-08-04 10:43:48.230,WIR-Vdevelop-01-L,1260619002010,12606190020002B150,TRUE
2026-08-04 10:43:47.672,GLD-RinseENEPIG-01-UL,,22605233310001C222,TRUE
2026-08-04 10:43:47.638,LIN-INNLDI-01-L,1260801121000,126080112100010062,TRUE
2026-08-04 10:43:45.472,LIN-INNTRE-02-UL-2,,126080300700002067,TRUE
2026-08-04 10:43:49.439,LIN-INNDES-02-UL,,126080106400004079,TRUE
2026-08-04 10:43:45.448,WIR-Decoatbake-01-UL,1260710001010,126071000100049163,TRUE
2026-08-04 10:43:44.073,LIN-OUTTRE-01-L,1260706048020,126070604800001006,TRUE
2026-08-04 10:43:45.051,SMK-BRU-02-L,1260716041020,126071604100001002,TRUE
2026-08-04 10:43:42.260,WIR-Pretreatment-01-UL,1260611097010,12606110970001C182,TRUE
2026-08-04 10:43:42.029,AOI-PEP-01-UL,1260801056000,126080101400012054,TRUE
2026-08-04 10:43:40.917,CPP-Horizontalplating-01-L,1260709070000,126072501300400116,TRUE
2026-08-04 10:43:33.370,WIR-LDI-01-L,,12606230980002B059,TRUE
2026-08-04 10:43:42.110,LSR-Debrowning-01-L,1260713001000,126071300100049029,TRUE
2026-08-04 10:43:34.535,SMK-BRU-02-UL,1260716041020,126071604100001039,TRUE
2026-08-04 10:26:06.958,WIR-Pretreatment-01-L,1260611097010,12606110970001C188,TRUE
2026-08-04 10:43:18.451,SMK-BRU-01-L,1260725015010,M0960013A2000G-0607,TRUE
2026-08-04 10:44:02.361,LIN-INNDES-02-L,,126080106400004035,TRUE
2026-08-04 10:44:02.129,LIN-INNTRE-02-UL-2,,126080300700002069,TRUE
2026-08-04 10:44:01.121,LIN-OUTTRE-01-L,1260706048020,126070604800001060,TRUE
2026-08-04 10:43:57.261,WIR-Decoatbake-01-L,1260707002010,126070700200049168,TRUE
2026-08-04 10:43:56.503,LIN-INNTRE-02-UL-1,,126080300700002074,TRUE
2026-08-04 10:43:56.998,LIN-INNLDI-01-L,1260801121000,126080112100010052,TRUE
2026-08-04 10:43:58.246,WIR-Vdevelop-01-UL,1260619002010,"12606190020002B159,BB",TRUE
2026-08-04 10:43:55.432,AOI-PEP-01-UL,1260801056000,126080105600012037,TRUE
2026-08-04 10:43:54.416,LAM-BOP-02-L,1260731044000,126073104400006019,TRUE
2026-08-04 10:43:53.755,ELC-TRE-01-UL,1260716029000,126071602900001001,TRUE
2026-08-04 10:26:06.958,WIR-Pretreatment-01-L,1260611097010,12606110970001C188,TRUE
2026-08-04 10:44:25.933,AOI-PEP-01-UL,1260801056000,126080105600012077,TRUE
2026-08-04 10:44:25.776,LAM-BOP-02-UL,1260731043000,126073105500004024,TRUE
2026-08-04 10:44:24.389,WIR-LDI-01-UL,,12606230980002B013,TRUE
2026-08-04 10:44:24.136,AOI-PEP-01-L,1260801056000,126080105600012075,TRUE
2026-08-04 10:44:24.029,WIR-Vdevelop-01-L,1260619002010,12606190020002B167,TRUE
2026-08-04 10:44:22.395,LIN-INNTRE-02-UL-1,,Error_202608041744223959,FALSE
2026-08-04 10:44:22.360,LIN-INNLDI-01-L,1260801121000,126080112100010058,TRUE
2026-08-04 10:44:21.895,LIN-INNTRE-02-UL-2,,126080300700002071,TRUE
2026-08-04 10:44:20.475,WIR-SE-01-UL,1260630180000,12606301800003A052,TRUE
2026-08-04 10:44:19.522,ELC-TRE-01-L,1260716029020,126071602900001073,TRUE
2026-08-04 10:44:17.268,LIN-INNDES-02-UL,,126080106400004077,TRUE
2026-08-04 10:44:16.659,LIN-INNDES-02-L,,126080106400004034,TRUE
2026-08-04 10:44:14.288,SMK-BRU-02-L,1260716041020,126071604100001033,TRUE
2026-08-04 10:44:14.162,WIR-SE-01-L,1260630180000,12606301800003A022,TRUE
2026-08-04 10:44:08.559,CPP-Patternplating-01-L,1260606004000,12606060040001C068,TRUE
2026-08-04 10:44:08.440,LSR-Debrowning-01-L,1260713001000,126071300100049028,TRUE
2026-08-04 10:44:05.543,CPP-Patternplating-01-UL,1260711011000,126071400100058056,TRUE
2026-08-04 10:44:08.147,SMK-BRU-02-UL,1260716041020,126071604100001058,TRUE
2026-08-04 10:44:05.200,WIR-LDI-01-L,,12606230980002B021,TRUE
2026-08-04 10:44:04.731,WIR-Pretreatment-01-UL,1260611097010,12606110970001C185,TRUE
2026-08-04 10:44:19.183,LIN-OUTTRE-01-L,1260706048020,126070604800001049,TRUE
2026-08-04 10:44:04.622,CPP-Horizontalplating-01-L,1260709070000,126072501300400117,TRUE
2026-08-04 10:26:06.958,WIR-Pretreatment-01-L,1260611097010,12606110970001C188,TRUE
2026-08-04 10:43:54.416,LAM-BOP-02-L,1260731044000,126073104400006019,TRUE
2026-08-04 10:44:42.174,LIN-INNLDI-01-L,1260801121000,126080112100010056,TRUE
2026-08-04 10:44:36.965,LAM-BOP-02-UL,1260731043000,126073105500004060,TRUE
2026-08-04 10:44:36.185,LIN-OUTTRE-01-L,1260706048020,126070604800001016,TRUE
2026-08-04 10:44:34.665,ELC-TRE-01-L,1260716029020,126071602900001007,TRUE
2026-08-04 10:44:34.480,AOI-PEP-01-UL,1260801056000,126080105600012076,TRUE
2026-08-04 10:44:35.176,LSR-Debrowning-01-L,1260713001000,126071300100049027,TRUE
2026-08-04 10:44:33.514,WIR-Decoatbake-01-L,1260707002010,126070700200049167,TRUE
2026-08-04 10:44:33.485,CPP-Horizontalplating-01-L,1260709070000,12607090700003I001,TRUE
2026-08-04 10:44:32.871,AOI-PEP-01-L,1260801056000,126080105600012074,TRUE
2026-08-04 10:44:32.623,WIR-Vdevelop-01-UL,1260619002010,"12606190020002B158,BD",TRUE
2026-08-04 10:44:37.248,WIR-LDI-01-L,,12606230980002B028,TRUE
2026-08-04 10:44:31.751,LIN-INNDES-02-UL,,126080106400004076,TRUE
2026-08-04 10:44:31.485,LIN-INNDES-02-L,,126080106400004033,TRUE
2026-08-04 10:44:30.451,WIR-Decoatbake-01-UL,1260710001010,126071000100049156,TRUE
2026-08-04 10:44:27.410,GLD-RinseENEPIG-01-UL,,22605233310001C085,TRUE
2026-08-04 10:44:27.123,WIR-Pretreatment-01-UL,1260611097010,12606110970001C188,TRUE
2026-08-04 10:44:22.395,LIN-INNTRE-02-UL-1,,Error_202608041744223959,FALSE
2026-08-04 10:26:06.958,WIR-Pretreatment-01-L,1260611097010,12606110970001C188,TRUE
2026-08-04 10:45:02.936,CPP-Patternplating-01-L,1260606004000,12606060040001C110,TRUE
2026-08-04 10:45:01.928,LSR-Debrowning-01-L,1260713001000,126071300100049026,TRUE
2026-08-04 10:44:59.889,WIR-Vdevelop-01-L,1260619002010,12606190020002B166,TRUE
2026-08-04 10:45:03.061,AOI-PEP-01-UL,1260801056000,126080105600012073,TRUE
2026-08-04 10:44:59.514,LAM-BOP-02-UL,1260731043000,126073105500004015,TRUE
2026-08-04 10:44:59.393,LIN-INNDES-02-UL,,126080106400004074,TRUE
2026-08-04 10:44:58.939,LIN-INNDES-02-L,,126080106400004031,TRUE
2026-08-04 10:44:58.639,CPP-Patternplating-01-UL,1260711011000,126071400100058059,TRUE
2026-08-04 10:44:56.830,LIN-INNLDI-01-L,1260801121000,126080112100010054,TRUE
2026-08-04 10:44:57.904,CPP-Horizontalplating-01-L,1260709070000,12607090700003I002,TRUE
2026-08-04 10:44:54.732,WIR-LDI-01-UL,,12606230980002B016,TRUE
2026-08-04 10:44:53.014,LIN-OUTTRE-01-L,1260706048020,126070604800001002,TRUE
2026-08-04 10:44:53.279,AOI-PEP-01-L,1260801056000,126080105600012072,TRUE
2026-08-04 10:44:47.266,ROU-RIN-01-UL,,Error_202608041744472669,FALSE
2026-08-04 10:44:47.133,WIR-SE-01-UL,1260630180000,12606301800003A046,TRUE
2026-08-04 10:44:46.352,WIR-SE-01-L,1260630180000,12606301800003A018,TRUE
2026-08-04 10:44:50.463,ELC-TRE-01-L,1260716029020,126071602900001061,TRUE
2026-08-04 10:44:46.085,LIN-INNTRE-02-UL-2,,126080300700002073,TRUE
2026-08-04 10:44:44.294,LAM-BOP-02-L,1260731044000,126073104400006020,TRUE
2026-08-04 10:44:43.929,LIN-INNTRE-02-UL-1,,126080300700002078,TRUE
2026-08-04 10:44:32.623,WIR-Vdevelop-01-UL,1260619002010,"12606190020002B158,BD",TRUE
2026-08-04 10:44:43.806,SMK-BRU-02-L,1260716041020,126071604100001046,TRUE
2026-08-04 10:26:06.958,WIR-Pretreatment-01-L,1260611097010,12606110970001C188,TRUE
2026-08-04 10:45:26.893,LIN-INNDES-02-UL,,126080106400004072,TRUE
2026-08-04 10:45:26.519,LIN-INNDES-02-L,,126080106400004029,TRUE
2026-08-04 10:45:25.237,LIN-INNLDI-01-L,1260801121000,126080112100010042,TRUE
2026-08-04 10:45:25.175,WIR-LDI-01-UL,,12606230980002B009,TRUE
2026-08-04 10:45:24.704,AOI-PEP-01-UL,1260801056000,126080105600012071,TRUE
2026-08-04 10:45:23.845,AOI-PEP-01-L,1260801056000,126080105600012069,TRUE
2026-08-04 10:45:22.751,LAM-BOP-02-UL,1260731043000,126073103700004078,TRUE
2026-08-04 10:45:21.998,ELC-TRE-01-L,1260716029020,126071602900001063,TRUE
2026-08-04 10:45:15.389,WIR-Decoatbake-01-UL,1260710001010,126071000100049155,TRUE
2026-08-04 10:45:13.836,WIR-SE-01-UL,1260630180000,12606301800003A043,TRUE
2026-08-04 10:45:10.357,WIR-Decoatbake-01-L,1260707002010,126070700200049177,TRUE
2026-08-04 10:45:10.352,LIN-INNTRE-02-UL-2,,126080300700002075,TRUE
2026-08-04 10:45:13.138,SMK-BRU-02-L,1260716041020,126071604100001034,TRUE
2026-08-04 10:45:10.107,WIR-Vdevelop-01-UL,1260619002010,"12606190020002B160,BD",TRUE
2026-08-04 10:45:10.015,LIN-OUTTRE-01-L,1260706048020,126070604800001045,TRUE
2026-08-04 10:45:09.357,WIR-LDI-01-L,,12606230980002B036,TRUE
2026-08-04 10:45:08.446,LIN-INNTRE-02-UL-1,,126080300700002080,TRUE
2026-08-04 10:45:07.352,WIR-SE-01-L,1260630180000,12606301800003A019,TRUE
2026-08-04 10:45:05.209,GLD-RinseENEPIG-01-UL,,22605233310001C199,TRUE
2026-08-04 10:44:57.904,CPP-Horizontalplating-01-L,1260709070000,12607090700003I002,TRUE
2026-08-04 10:26:06.958,WIR-Pretreatment-01-L,1260611097010,12606110970001C188,TRUE
2026-08-04 10:45:45.237,WIR-Vdevelop-01-UL,1260619002010,"12606190020002B180,BD",TRUE
2026-08-04 10:45:45.190,AOI-PEP-01-UL,1260801056000,126080105600012069,TRUE
2026-08-04 10:45:41.645,LIN-INNLDI-01-L,1260801121000,126080112100010040,TRUE
2026-08-04 10:45:42.379,LIN-INNDES-02-UL,,126080106400004071,TRUE
2026-08-04 10:45:40.664,WIR-SE-01-UL,1260630180000,12606301800003A053,TRUE
2026-08-04 10:45:41.082,LIN-INNDES-02-L,,126080106400004028,TRUE
2026-08-04 10:45:35.628,WIR-Vdevelop-01-L,1260619002010,12606190020002B165,TRUE
2026-08-04 10:45:41.425,WIR-LDI-01-L,,12606230980002B030,TRUE
2026-08-04 10:45:39.367,WIR-SE-01-L,1260630180000,12606301800003A014,TRUE
2026-08-04 10:45:33.840,LIN-INNTRE-02-UL-2,,126080300700002077,TRUE
2026-08-04 10:45:10.015,LIN-OUTTRE-01-L,1260706048020,126070604800001045,TRUE
2026-08-04 10:45:29.534,CPP-Horizontalplating-01-L,1260709070000,126072501300400040,TRUE
2026-08-04 10:45:13.138,SMK-BRU-02-L,1260716041020,126071604100001034,TRUE
2026-08-04 10:45:28.554,LSR-Debrowning-01-L,1260713001000,126071300100049025,TRUE
2026-08-04 10:44:27.123,WIR-Pretreatment-01-UL,1260611097010,12606110970001C188,TRUE
2026-08-04 10:45:37.562,ELC-TRE-01-L,1260716029020,126071602900001005,TRUE
2026-08-04 10:44:44.294,LAM-BOP-02-L,1260731044000,126073104400006020,TRUE
2026-08-04 10:26:06.958,WIR-Pretreatment-01-L,1260611097010,12606110970001C188,TRUE
2026-08-04 10:45:56.191,CPP-Patternplating-01-L,1260606004000,12606060040001C064,TRUE
2026-08-04 10:45:56.021,LIN-INNDES-02-UL,,126080106400004070,TRUE
2026-08-04 10:45:55.446,LSR-Debrowning-01-L,1260713001000,126071300100049024,TRUE
2026-08-04 10:45:55.724,LIN-INNDES-02-L,,126080106400004027,TRUE
2026-08-04 10:45:55.441,WIR-LDI-01-UL,,12606230980002B008,TRUE
2026-08-04 10:45:49.661,LIN-INNLDI-01-L,1260801121000,126080112100010048,TRUE
2026-08-04 10:45:47.913,GLD-RinseENEPIG-01-UL,,22605233310001C213,TRUE
2026-08-04 10:45:52.519,CPP-Patternplating-01-UL,1260711011000,126071400100058043,TRUE
2026-08-04 10:45:52.156,ELC-TRE-01-L,1260716029020,126071602900001002,TRUE
2026-08-04 10:45:47.050,CPP-Horizontalplating-01-L,1260709070000,126072501300400019,TRUE
2026-08-04 10:45:47.365,ROU-RIN-01-UL,,Error_202608041745473653,FALSE
2026-08-04 10:45:46.831,WIR-Decoatbake-01-L,1260707002010,126070700200049176,TRUE
2026-08-04 10:46:06.883,WIR-SE-01-UL,1260630180000,12606301800003A038,TRUE
2026-08-04 10:46:02.887,LIN-INNLDI-01-L,1260801121000,126080112100010038,TRUE
2026-08-04 10:46:00.729,WIR-Decoatbake-01-UL,1260710001010,126071000100049168,TRUE
2026-08-04 10:46:05.681,WIR-SE-01-L,1260630180000,12606301800003A015,TRUE
2026-08-04 10:45:57.793,LIN-INNTRE-02-UL-2,,126080300700002079,TRUE
2026-08-04 10:45:57.222,LIN-INNDES-01-L,,126080106100010006,TRUE
2026-08-04 10:46:32.037,LAM-BOP-02-UL,1260731043000,126073104400006001,TRUE
2026-08-04 10:46:30.312,ELC-TRE-01-UL,1260716029020,126071602900001014,TRUE
2026-08-04 10:46:28.286,AOI-PEP-01-UL,1260801056000,126080105600012068,TRUE
2026-08-04 10:46:27.269,AOI-PEP-01-L,1260801056000,126080105600012066,TRUE
2026-08-04 10:46:27.105,GLD-RinseENEPIG-01-UL,,22605233310001C102,TRUE
2026-08-04 10:46:26.801,LIN-INNDES-01-L,,126080106100010010,TRUE
2026-08-04 10:46:26.633,WIR-SE-01-L,1260630180000,12606301800003A011,TRUE
2026-08-04 10:46:26.575,LIN-INNLDI-01-L,1260801121000,126080112100010044,TRUE
2026-08-04 10:46:25.326,WIR-LDI-01-UL,,12606230980002B010,TRUE
2026-08-04 10:46:24.619,LIN-INNDES-02-UL,,126080106400004068,TRUE
2026-08-04 10:46:24.156,ELC-TRE-01-L,1260716029020,126071602900001027,TRUE
2026-08-04 10:46:24.104,LIN-INNDES-02-L,,126080106400004025,TRUE
2026-08-04 10:46:24.060,WIR-Decoatbake-01-L,1260707002010,126070700200049174,TRUE
2026-08-04 10:46:21.558,LSR-Debrowning-01-L,1260713001000,126071300100049023,TRUE
2026-08-04 10:46:13.512,WIR-LDI-01-L,,12606230980002B027,TRUE
2026-08-04 10:46:19.872,WIR-Vdevelop-01-UL,1260619002010,"12606190020002B179,BD",TRUE
2026-08-04 10:46:17.515,SMK-BRU-02-UL,1260716041020,126071604100001022,TRUE
2026-08-04 10:46:11.574,WIR-Vdevelop-01-L,1260619002010,12606190020002B148,TRUE
2026-08-04 10:45:57.793,LIN-INNTRE-02-UL-2,,126080300700002079,TRUE
2026-08-04 10:45:10.015,LIN-OUTTRE-01-L,1260706048020,126070604800001045,TRUE
2026-08-04 10:44:44.294,LAM-BOP-02-L,1260731044000,126073104400006020,TRUE
2026-08-04 10:46:45.435,WIR-Decoatbake-01-UL,1260710001010,126071000100049123,TRUE
2026-08-04 10:46:43.685,LIN-INNLDI-01-L,1260801121000,126080112100010042,TRUE
2026-08-04 10:46:43.284,SMK-BRU-02-UL,1260716041020,126071604100001038,TRUE
2026-08-04 10:46:41.414,LIN-INNDES-01-L,,126080106100010012,TRUE
2026-08-04 10:46:42.882,LAM-BOP-02-UL,1260731044000,126073104400006003,TRUE
2026-08-04 10:46:39.345,ELC-TRE-01-L,1260716029020,126071602900001017,TRUE
2026-08-04 10:46:37.678,AOI-PEP-01-UL,1260801056000,126080105600012067,TRUE
2026-08-04 10:46:37.464,LIN-INNDES-02-UL,,126080106400004067,TRUE
2026-08-04 10:46:36.209,AOI-PEP-01-L,1260801056000,126080105600012065,TRUE
2026-08-04 10:46:38.902,LIN-INNDES-02-L,,126080106400004024,TRUE
2026-08-04 10:46:33.021,LAM-BOP-02-L,1260731044000,126073104400006021,TRUE
2026-08-04 10:46:32.603,WIR-SE-01-UL,1260630180000,12606301800003A047,TRUE
2026-08-04 10:47:01.640,LIN-INNLDI-01-L,1260801121000,126080112100010040,TRUE
2026-08-04 10:47:01.294,WIR-Decoatbake-01-L,1260707002010,126070700200049172,TRUE
2026-08-04 10:46:59.777,WIR-SE-01-UL,1260630180000,12606301800003A048,TRUE
2026-08-04 10:46:58.793,WIR-SE-01-L,1260630180000,12606301800003A012,TRUE
2026-08-04 10:46:57.820,AOI-PEP-01-UL,1260801056000,126080105600012065,TRUE
2026-08-04 10:46:56.710,LAM-BOP-02-L,1260731044000,126073104400006023,TRUE
2026-08-04 10:46:56.585,AOI-PEP-01-L,1260801056000,126080105600012063,TRUE
2026-08-04 10:46:56.210,LAM-BOP-02-UL,1260731044000,126073104400006004,TRUE
2026-08-04 10:46:55.107,WIR-Vdevelop-01-UL,1260619002010,"12606190020002B178,BB",TRUE
2026-08-04 10:46:54.425,ELC-TRE-01-L,1260716029020,126071602900001057,TRUE
2026-08-04 10:46:52.527,LIN-INNDES-02-UL,,126080106400004066,TRUE
2026-08-04 10:46:48.732,LSR-Debrowning-01-L,1260713001000,126071300100049022,TRUE
2026-08-04 10:46:51.949,LIN-INNDES-02-L,,126080106400004023,TRUE
2026-08-04 10:47:01.362,ELC-TRE-01-UL,1260716029020,126071602900001013,TRUE
2026-08-04 10:46:47.247,LSR-Debrowning-01-UL,1260713001000,126071300100049036,TRUE
2026-08-04 10:46:56.185,WIR-LDI-01-UL,,12606230980002B005,TRUE
2026-08-04 10:46:49.935,CPP-Patternplating-01-L,1260606004000,12606060040001C063,TRUE
2026-08-04 10:46:45.982,CPP-Patternplating-01-UL,1260711011000,126071400100058044,TRUE
2026-08-04 10:46:47.076,WIR-Vdevelop-01-L,1260619002010,12606190020002B145,TRUE
2026-08-04 10:46:55.742,LIN-INNDES-01-L,,126080106100010018,TRUE
2026-08-04 10:46:27.105,GLD-RinseENEPIG-01-UL,,22605233310001C102,TRUE
2026-08-04 10:47:22.873,WIR-Vdevelop-01-L,1260619002010,12606190020002B146,TRUE
2026-08-04 10:47:22.398,LIN-OUTTRE-01-L,1260611066000,126061106600001028,TRUE
2026-08-04 10:47:22.124,LIN-INNLDI-01-L,1260801121000,126080112100010038,TRUE
2026-08-04 10:47:20.998,LIN-INNDES-02-UL,,126080106400004064,TRUE
2026-08-04 10:47:21.492,LAM-BOP-02-L,1260731044000,126073104400006025,TRUE
2026-08-04 10:47:19.617,LAM-BOP-02-UL,1260731044000,126073104400006006,TRUE
2026-08-04 10:47:17.055,AOI-PEP-01-L,1260801056000,126080105600012061,TRUE
2026-08-04 10:47:20.670,LIN-INNDES-02-L,,126080106400004021,TRUE
2026-08-04 10:47:17.070,AOI-PEP-01-UL,1260801056000,126080105600012063,TRUE
2026-08-04 10:47:16.879,ELC-TRE-01-UL,1260716029020,126071602900001052,TRUE
2026-08-04 10:47:13.763,LSR-Debrowning-01-UL,1260713001000,126071300100049035,TRUE
2026-08-04 10:47:15.138,LSR-Debrowning-01-L,1260713001000,126071300100049021,TRUE
2026-08-04 10:47:09.660,ELC-TRE-01-L,1260716029020,126071602900001039,TRUE
2026-08-04 10:47:10.164,LIN-INNDES-01-L,,126080106100010016,TRUE
2026-08-04 10:46:55.107,WIR-Vdevelop-01-UL,1260619002010,"12606190020002B178,BB",TRUE
2026-08-04 10:47:04.660,SMK-BRU-02-UL,1260716041020,126071604100001035,TRUE
2026-08-04 10:47:40.969,LIN-INNLDI-01-L,1260801121000,126080112100010036,TRUE
2026-08-04 10:47:40.882,ELC-TRE-01-L,1260716029020,126071602900001024,TRUE
2026-08-04 10:47:39.513,CPP-Patternplating-01-UL,1260711011000,126071400100058041,TRUE
2026-08-04 10:47:39.461,LIN-INNDES-01-L,,126080106100010020,TRUE
2026-08-04 10:47:39.071,LIN-OUTTRE-01-L,1260611066000,126061106600001062,TRUE
2026-08-04 10:47:37.945,AOI-PEP-01-L,1260801056000,126080105600012058,TRUE
2026-08-04 10:47:38.326,WIR-Decoatbake-01-L,1260707002010,126070700200049171,TRUE
2026-08-04 10:47:37.883,AOI-PEP-01-UL,1260801056000,126080105600012061,TRUE
2026-08-04 10:47:35.420,LIN-INNDES-02-L,,126080106400004020,TRUE
2026-08-04 10:47:35.154,LIN-INNDES-02-UL,,126080106400004063,TRUE
2026-08-04 10:47:32.914,LAM-BOP-02-L,1260731044000,126073104400006026,TRUE
2026-08-04 10:47:32.896,ELC-TRE-01-UL,1260716029020,126071602900001080,TRUE
2026-08-04 10:47:31.633,LAM-BOP-02-UL,1260731044000,126073104400006007,TRUE
2026-08-04 10:47:30.638,WIR-Decoatbake-01-UL,1260710001010,126071000100049170,TRUE
2026-08-04 10:47:28.013,WIR-LDI-01-UL,,12606230980002B060,TRUE
2026-08-04 10:47:30.138,WIR-Vdevelop-01-UL,1260619002010,"12606190020002B168,BD",TRUE
2026-08-04 10:47:26.949,WIR-SE-01-UL,1260630180000,12606301800003A041,TRUE
2026-08-04 10:47:26.090,WIR-SE-01-L,1260630180000,12606301800003A013,TRUE
2026-08-04 10:47:57.539,LAM-BOP-02-L,1260731044000,126073104400006028,TRUE
2026-08-04 10:47:57.062,LIN-INNLDI-01-L,1260801121000,126080112100010034,TRUE
2026-08-04 10:47:56.585,ELC-TRE-01-L,1260716029020,126071602900001076,TRUE
2026-08-04 10:47:55.540,LIN-OUTTRE-01-L,1260611066000,126061106600001047,TRUE
2026-08-04 10:47:54.086,LIN-INNDES-01-L,,126080106100010022,TRUE
2026-08-04 10:47:56.851,LAM-BOP-02-UL,1260731044000,126073104400006009,TRUE
2026-08-04 10:47:51.809,WIR-SE-01-L,1260630180000,12606301800003A036,TRUE
2026-08-04 10:47:50.014,LIN-INNDES-02-UL,,126080106400004062,TRUE
2026-08-04 10:47:52.794,WIR-SE-01-UL,1260630180000,12606301800003A039,TRUE
2026-08-04 10:47:48.607,LIN-INNDES-02-L,,126080106400004019,TRUE
2026-08-04 10:47:47.772,ELC-TRE-01-UL,1260716029020,126071602900001070,TRUE
2026-08-04 10:47:48.305,AOI-PEP-01-UL,1260801056000,126080105600012060,TRUE
2026-08-04 10:47:47.711,AOI-PEP-01-L,1260801056000,126080105600012057,TRUE
2026-08-04 10:47:43.484,CPP-Patternplating-01-L,1260606004000,12606060040001C109,TRUE
2026-08-04 10:47:41.687,LSR-Debrowning-01-L,1260713001000,126071300100049020,TRUE
2026-08-04 10:47:40.359,LSR-Debrowning-01-UL,1260713001000,126071300100049034,TRUE
2026-08-04 10:15:24.848,ELC-RED-01-UL,1260709037020,126070903700010039,TRUE
2026-08-04 10:48:12.479,LIN-OUTTRE-01-L,1260611066000,126061106600001063,TRUE
2026-08-04 10:48:12.653,WIR-SE-01-L,1260630180000,12606301800003A031,TRUE
2026-08-04 10:48:12.289,ELC-TRE-01-L,1260716029020,126071602900001016,TRUE
2026-08-04 10:48:08.441,LSR-Debrowning-01-L,1260713001000,126071300100049019,TRUE
2026-08-04 10:48:10.478,LAM-BOP-02-L,1260731044000,126073104400006029,TRUE
2026-08-04 10:48:08.603,AOI-PEP-01-UL,1260801056000,126080105600012057,TRUE
2026-08-04 10:48:07.915,LAM-BOP-02-UL,1260731044000,126073104400006010,TRUE
2026-08-04 10:48:08.072,AOI-PEP-01-L,1260801056000,126080105600012054,TRUE
2026-08-04 10:48:06.298,LIN-INNLDI-01-L,1260801121000,126080112100010024,TRUE
2026-08-04 10:48:02.970,LIN-INNDES-02-UL,,126080106400004061,TRUE
2026-08-04 10:48:02.955,LSR-Debrowning-01-UL,1260713001000,126071300100049033,TRUE
2026-08-04 10:48:02.954,LIN-INNDES-02-L,,126080106400004018,TRUE
2026-08-04 10:48:04.578,WIR-Vdevelop-01-UL,1260619002010,"12606190020002B132,BD",TRUE
2026-08-04 10:48:02.585,ELC-TRE-01-UL,1260716029020,126071602900001073,TRUE
2026-08-04 10:48:08.650,LIN-INNDES-01-L,,126080106100010024,TRUE
2026-08-04 10:48:00.076,WIR-LDI-01-UL,,12606230980002B059,TRUE
2026-08-04 10:47:58.513,WIR-Vdevelop-01-L,1260619002010,12606190020002B143,TRUE
2026-08-04 10:26:06.958,WIR-Pretreatment-01-L,1260611097010,12606110970001C188,TRUE
2026-08-04 10:48:33.759,ELC-TRE-01-UL,1260716029020,126071602900001061,TRUE
2026-08-04 10:48:34.156,WIR-Vdevelop-01-L,1260619002010,12606190020002B144,TRUE
2026-08-04 10:48:33.422,CPP-Patternplating-01-UL,1260711011000,126071400100058022,TRUE
2026-08-04 10:48:33.526,LAM-BOP-02-L,1260731044000,126073104400006031,TRUE
2026-08-04 10:48:32.144,LIN-INNLDI-01-L,1260801121000,126080112100010030,TRUE
2026-08-04 10:48:32.245,LAM-BOP-02-UL,1260731044000,126073104400006012,TRUE
2026-08-04 10:48:31.846,LIN-INNDES-02-UL,,126080106400004059,TRUE
2026-08-04 10:48:31.453,WIR-LDI-01-UL,,12606230980002B021,TRUE
2026-08-04 10:48:30.588,AOI-PEP-01-UL,1260801056000,126080105600012054,TRUE
2026-08-04 10:48:29.701,LIN-OUTTRE-01-L,1260611066000,126061106600001034,TRUE
2026-08-04 10:48:29.276,AOI-PEP-01-L,1260801056000,126080105600012052,TRUE
2026-08-04 10:48:31.971,LIN-INNDES-02-L,,126080106400004016,TRUE
2026-08-04 10:48:27.832,LSR-Debrowning-01-UL,1260713001000,126071300100049032,TRUE
2026-08-04 10:48:27.306,ELC-TRE-01-L,1260716029020,126071602900001051,TRUE
2026-08-04 10:48:23.541,LIN-INNDES-01-L,,126080106100010026,TRUE
2026-08-04 10:48:19.184,WIR-SE-01-UL,1260630180000,12606301800003A040,TRUE
2026-08-04 10:48:15.875,WIR-Decoatbake-01-L,1260707002010,126070700200049004,TRUE
2026-08-04 10:48:15.515,WIR-Decoatbake-01-UL,1260710001010,126071000100049166,TRUE
2026-08-04 10:26:06.958,WIR-Pretreatment-01-L,1260611097010,12606110970001C188,TRUE
2026-08-04 10:48:54.733,LIN-OUTTRE-01-UL,1260710007000,126070604800001059,TRUE
2026-08-04 10:48:54.681,LSR-Debrowning-01-UL,1260713001000,126071300100049031,TRUE
2026-08-04 10:48:53.391,WIR-Decoatbake-01-L,1260707002010,126070700200049178,TRUE
2026-08-04 10:48:52.480,LIN-INNDES-01-L,,126080106100010048,TRUE
2026-08-04 10:48:50.929,LIN-INNLDI-01-L,1260801121000,126080112100010028,TRUE
2026-08-04 10:48:49.869,ELC-TRE-01-UL,1260716029020,126071602900001060,TRUE
2026-08-04 10:48:48.808,AOI-PEP-01-UL,1260801056000,126080105600012052,TRUE
2026-08-04 10:48:46.436,LIN-OUTTRE-01-L,1260611066000,126061106600001040,TRUE
2026-08-04 10:48:45.605,LAM-BOP-02-L,1260731044000,126073104400006032,TRUE
2026-08-04 10:48:45.315,LIN-INNDES-02-L,,126080106400004015,TRUE
2026-08-04 10:48:45.268,LIN-INNDES-02-UL,,126080106400004058,TRUE
2026-08-04 10:48:44.827,WIR-SE-01-L,1260630180000,12606301800003A034,TRUE
2026-08-04 10:48:43.213,ELC-TRE-01-L,1260716029020,126071602900001041,TRUE
2026-08-04 10:48:39.297,WIR-Vdevelop-01-UL,1260619002010,"12606190020002B155,BD",TRUE
2026-08-04 10:48:35.051,LSR-Debrowning-01-L,1260713001000,126071300100049018,TRUE
2026-08-04 10:48:37.437,CPP-Patternplating-01-L,1260606004000,12606060040001C081,TRUE
2026-08-04 10:26:06.958,WIR-Pretreatment-01-L,1260611097010,12606110970001C188,TRUE
2026-08-04 10:48:45.562,WIR-SE-01-UL,1260630180000,12606301800003A008,TRUE
2026-08-04 10:49:14.096,LIN-INNDES-02-UL,,126080106400004056,TRUE
2026-08-04 10:49:13.594,WIR-Vdevelop-01-UL,1260619002010,"12606190020002B153,BB",TRUE
2026-08-04 10:49:12.893,LIN-INNDES-02-L,,126080106400004013,TRUE
2026-08-04 10:49:13.402,ELC-TRE-01-L,1260716029020,126071602900001056,TRUE
2026-08-04 10:49:12.565,WIR-SE-01-UL,1260630180000,12606301800003A009,TRUE
2026-08-04 10:49:11.237,WIR-SE-01-L,1260630180000,12606301800003A033,TRUE
2026-08-04 10:49:10.372,LAM-BOP-02-UL,1260731044000,126073104400006014,TRUE
2026-08-04 10:49:10.094,WIR-Vdevelop-01-L,1260619002010,12606190020002B141,TRUE
2026-08-04 10:49:07.871,AOI-PEP-01-UL,1260801056000,126080105600012051,TRUE
2026-08-04 10:49:09.435,LAM-BOP-02-L,1260731044000,126073104400006034,TRUE
2026-08-04 10:49:07.028,LIN-INNDES-01-L,,126080106100010064,TRUE
2026-08-04 10:49:06.851,LIN-INNLDI-01-L,1260801121000,126080112100010026,TRUE
2026-08-04 10:49:06.120,ELC-TRE-01-UL,1260716029020,126071602900001063,TRUE
2026-08-04 10:49:05.871,AOI-PEP-01-L,1260801056000,126080105600012048,TRUE
2026-08-04 10:49:04.079,WIR-LDI-01-UL,,12606230980002B028,TRUE
2026-08-04 10:49:03.468,LIN-OUTTRE-01-L,1260611066000,126061106600001038,TRUE
2026-08-04 10:49:01.743,LSR-Debrowning-01-L,1260713001000,126071300100049017,TRUE
2026-08-04 10:49:00.629,SMK-BRU-01-UL,1260725015010,M0960013A2000G-0607,TRUE
2026-08-04 10:48:37.437,CPP-Patternplating-01-L,1260606004000,12606060040001C081,TRUE
2026-08-04 10:49:00.487,WIR-Decoatbake-01-UL,1260710001010,126071000100049179,TRUE
2026-08-04 10:49:25.460,LIN-INNLDI-01-L,1260801121000,126080112100010024,TRUE
2026-08-04 10:49:22.171,LAM-BOP-02-UL,1260731044000,126073104400006015,TRUE
2026-08-04 10:49:21.905,LAM-BOP-02-L,1260731044000,126073104400006035,TRUE
2026-08-04 10:49:21.718,LIN-INNDES-01-L,,126080106100010066,TRUE
2026-08-04 10:49:21.621,ELC-TRE-01-UL,1260716029020,126071602900001005,TRUE
2026-08-04 10:49:21.512,LSR-Debrowning-01-UL,1260713001000,126071300100049030,TRUE
2026-08-04 10:49:19.390,AOI-PEP-01-UL,1260801056000,126080105600012049,TRUE
2026-08-04 10:49:20.470,LIN-OUTTRE-01-L,1260611066000,126061106600001002,TRUE
2026-08-04 10:49:17.749,AOI-PEP-01-L,1260801056000,126080105600012047,TRUE
2026-08-04 10:49:45.844,LAM-BOP-02-L,1260731044000,126073104400006037,TRUE
2026-08-04 10:49:45.752,WIR-Vdevelop-01-L,1260619002010,12606190020002B142,TRUE
2026-08-04 10:49:43.828,ELC-TRE-01-L,1260716029020,126071602900001011,TRUE
2026-08-04 10:49:45.252,WIR-Decoatbake-01-UL,1260710001010,126071000100049175,TRUE
2026-08-04 10:49:42.348,LIN-INNDES-02-L,,126080106400004011,TRUE
2026-08-04 10:49:38.395,WIR-SE-01-UL,1260630180000,12606301800003A005,TRUE
2026-08-04 10:49:41.476,LIN-INNLDI-01-L,1260801121000,126080112100010022,TRUE
2026-08-04 10:49:41.973,LIN-INNDES-02-UL,,126080106400004054,TRUE
2026-08-04 10:49:37.752,LIN-OUTTRE-01-L,1260611066000,126061106600001027,TRUE
2026-08-04 10:49:36.265,LIN-INNDES-01-L,,126080106100010068,TRUE
2026-08-04 10:49:37.738,WIR-SE-01-L,1260630180000,12606301800003A030,TRUE
2026-08-04 10:49:35.455,WIR-LDI-01-UL,,12606230980002B036,TRUE
2026-08-04 10:49:36.296,ELC-TRE-01-UL,1260716029020,126071602900001002,TRUE
2026-08-04 10:49:30.970,CPP-Patternplating-01-L,1260606004000,12606060040001C078,TRUE
2026-08-04 10:49:33.562,LAM-BOP-02-UL,1260731044000,126073104400006016,TRUE
2026-08-04 10:49:29.530,AOI-PEP-01-UL,1260801056000,126080105600012048,TRUE
2026-08-04 10:49:29.642,WIR-Decoatbake-01-L,1260707002010,126070700200049173,TRUE
2026-08-04 10:49:28.626,LIN-OUTTRE-01-UL,1260710007000,126070604800001076,TRUE
2026-08-04 10:49:28.263,LSR-Debrowning-01-L,1260713001000,126071300100049016,TRUE
2026-08-04 10:49:27.811,AOI-PEP-01-L,1260801056000,126080105600012046,TRUE
2026-08-04 10:49:26.970,CPP-Patternplating-01-UL,1260711011000,126071400100058019,TRUE
2026-08-04 10:04:40.257,AOI-RESAOI-01-L,1260716047000,126071604700001022,TRUE
2026-08-04 10:50:04.285,WIR-SE-01-L,1260630180000,12606301800003A032,TRUE
2026-08-04 10:50:02.785,LIN-OUTTRE-01-UL,1260710007000,126070604800001038,TRUE
2026-08-04 10:49:59.663,LIN-INNLDI-01-L,1260801121000,126080112100010020,TRUE
2026-08-04 10:49:59.453,ELC-TRE-01-L,1260716029020,126071602900001040,TRUE
2026-08-04 10:49:58.673,LAM-BOP-02-UL,1260731044000,126073104400006018,TRUE
2026-08-04 10:49:58.363,LIN-INNTRE-02-UL-2,,126080300800004001,TRUE
2026-08-04 10:49:58.094,LAM-BOP-02-L,1260731044000,126073104400006038,TRUE
2026-08-04 10:49:56.613,LIN-INNTRE-02-UL-1,,126080300800004002,TRUE
2026-08-04 10:49:56.146,LIN-INNDES-02-UL,,126080106400004053,TRUE
2026-08-04 10:49:55.036,LIN-OUTTRE-01-L,1260611066000,126061106600001031,TRUE
2026-08-04 10:49:54.936,LSR-Debrowning-01-L,1260713001000,126071300100049015,TRUE
2026-08-04 10:49:54.143,WIR-LDI-01-L,,12606110970001C233,TRUE
2026-08-04 10:49:51.515,ELC-TRE-01-UL,1260716029020,126071602900001025,TRUE
2026-08-04 10:49:50.891,LIN-INNDES-01-L,,126080106100010070,TRUE
2026-08-04 10:49:50.416,ROU-RIN-01-UL,,Error_202608041749504167,FALSE
2026-08-04 10:49:50.140,SMK-BRU-02-UL,1260716041020,126071604100001007,TRUE
2026-08-04 10:49:49.815,WIR-Vdevelop-01-UL,1260619002010,"12606190020002B154,BD",TRUE
2026-08-04 10:49:47.842,LSR-Debrowning-01-UL,1260713001000,126071300100049029,TRUE
2026-08-04 10:49:45.252,WIR-Decoatbake-01-UL,1260710001010,126071000100049175,TRUE
2026-08-04 10:50:23.353,LIN-INNDES-02-UL,,126080106400004050,TRUE
2026-08-04 10:50:23.128,WIR-Vdevelop-01-UL,1260619002010,"12606190020002B152,BB",TRUE
2026-08-04 10:50:22.565,LAM-BOP-02-L,1260731044000,126073104400006040,TRUE
2026-08-04 10:50:22.502,ELC-TRE-01-UL,1260716029020,126071602900001017,TRUE
2026-08-04 10:50:22.348,LIN-INNTRE-02-UL-2,,126080300800004003,TRUE
2026-08-04 10:50:21.581,WIR-Vdevelop-01-L,1260619002010,12606190020002B139,TRUE
2026-08-04 10:50:21.452,LSR-Debrowning-01-L,1260713001000,126071300100049014,TRUE
2026-08-04 10:50:20.973,LIN-INNTRE-02-UL-1,,126080300800004004,TRUE
2026-08-04 10:50:20.800,CPP-Patternplating-01-UL,1260711011000,126071400100058020,TRUE
2026-08-04 10:50:20.034,LIN-INNDES-01-L,,126080106100010074,TRUE
2026-08-04 10:50:16.102,LIN-INNLDI-01-L,1260801121000,126080112100010018,TRUE
2026-08-04 10:50:14.577,LSR-Debrowning-01-UL,1260713001000,126071300100049028,TRUE
2026-08-04 10:50:14.345,ELC-TRE-01-L,1260716029020,126071602900001062,TRUE
2026-08-04 10:50:12.200,ROU-RIN-01-UL,,Error_202608041750122002,FALSE
2026-08-04 10:50:11.833,LIN-OUTTRE-01-L,1260611066000,126061106600001066,TRUE
2026-08-04 10:50:09.863,WIR-LDI-01-L,,12606110970001C227,TRUE
2026-08-04 10:50:08.847,WIR-LDI-01-UL,,12606230980002B030,TRUE
2026-08-04 10:50:06.509,WIR-Decoatbake-01-L,1260707002010,126070700200049175,TRUE
2026-08-04 10:50:05.613,WIR-SE-01-UL,1260630180000,12606301800003A007,TRUE
2026-08-04 10:31:07.678,AOI-RESAOI-01-UL,1260716047000,126071604700001041,TRUE
2026-08-04 10:04:40.257,AOI-RESAOI-01-L,1260716047000,126071604700001022,TRUE
2026-08-04 10:50:43.408,LIN-OUTTRE-01-L,1260611066000,126061106600001009,TRUE
2026-08-04 10:50:41.124,LSR-Debrowning-01-UL,1260713001000,126071300100049027,TRUE
2026-08-04 10:50:37.730,LIN-INNDES-02-UL,,126080106400004049,TRUE
2026-08-04 10:50:38.520,WIR-LDI-01-UL,,12606230980002B027,TRUE
2026-08-04 10:50:37.564,ELC-TRE-01-UL,1260716029020,126071602900001057,TRUE
2026-08-04 10:50:36.049,LIN-OUTTRE-01-UL,1260710007000,126070604800001069,TRUE
2026-08-04 10:50:35.113,LAM-BOP-02-L,1260731044000,126073104400006041,TRUE
2026-08-04 10:50:36.286,WIR-LDI-01-L,,12606230980002B171,TRUE
2026-08-04 10:50:34.879,LIN-INNDES-01-L,,126080106100010076,TRUE
2026-08-04 10:50:34.806,LIN-INNLDI-01-L,1260801121000,126080112100010016,TRUE
2026-08-04 10:50:31.460,WIR-SE-01-UL,1260630180000,12606301800003A001,TRUE
2026-08-04 10:50:30.757,WIR-SE-01-L,1260630180000,12606301800003A026,TRUE
2026-08-04 10:50:29.158,ELC-TRE-01-L,1260716029020,126071602900001043,TRUE
2026-08-04 10:50:25.535,CPP-Patternplating-01-L,1260606004000,12606060040001C077,TRUE
2026-08-04 10:26:06.958,WIR-Pretreatment-01-L,1260611097010,12606110970001C188,TRUE
2026-08-04 10:50:53.144,ELC-TRE-01-UL,1260716029020,126071602900001039,TRUE
2026-08-04 10:50:52.249,LIN-INNDES-02-UL,,126080106400004048,TRUE
2026-08-04 10:50:51.104,LIN-INNLDI-01-L,1260801121000,126080112100010014,TRUE
2026-08-04 10:50:49.394,LIN-INNDES-01-L,,126080106100010078,TRUE
2026-08-04 10:50:48.468,LSR-Debrowning-01-L,1260713001000,126071300100049013,TRUE
2026-08-04 10:50:46.965,LIN-INNTRE-02-UL-2,,126080300800004005,TRUE
2026-08-04 10:50:46.926,LAM-BOP-02-L,1260731044000,126073104400006042,TRUE
2026-08-04 10:50:44.793,LIN-INNTRE-02-UL-1,,126080300800004006,TRUE
2026-08-04 10:50:44.142,ELC-TRE-01-L,1260716029020,126071602900001077,TRUE
2026-08-04 10:50:44.317,WIR-Decoatbake-01-L,1260707002010,126070700200049179,TRUE
2026-08-04 10:51:15.183,AOI-RESAOI-01-L,1260716047020,126071604700001018,TRUE
2026-08-04 10:51:14.973,ELC-TRE-01-L,1260716029020,126071602900001071,TRUE
2026-08-04 10:51:14.906,LSR-Debrowning-01-L,1260713001000,126071300100049012,TRUE
2026-08-04 10:51:14.133,CPP-Patternplating-01-UL,1260711011000,126071400100058032,TRUE
2026-08-04 10:51:12.397,LAM-BOP-02-L,1260731044000,126073104400006044,TRUE
2026-08-04 10:51:11.490,LAM-BOP-02-UL,1260731044000,126073104400006019,TRUE
2026-08-04 10:51:10.762,LIN-INNTRE-02-UL-2,,126080300800004007,TRUE
2026-08-04 10:51:10.417,LIN-OUTTRE-01-UL,1260710007000,126070604800001063,TRUE
2026-08-04 10:51:09.558,LIN-INNLDI-01-L,1260801121000,126080112100010012,TRUE
2026-08-04 10:51:08.050,ELC-TRE-01-UL,1260716029020,126071602900001053,TRUE
2026-08-04 10:51:08.793,LIN-INNTRE-02-UL-1,,126080300800004008,TRUE
2026-08-04 10:51:07.922,LSR-Debrowning-01-UL,1260713001000,126071300100049026,TRUE
2026-08-04 10:51:05.157,LIN-INNDES-02-UL,,126080106400004047,TRUE
2026-08-04 10:51:04.100,LIN-INNDES-01-L,,126080106100010077,TRUE
2026-08-04 10:51:02.132,WIR-Vdevelop-01-UL,1260619002010,"12606190020002B151,BD",TRUE
2026-08-04 10:51:00.034,LIN-OUTTRE-01-L,1260611066000,126061106600001072,TRUE
2026-08-04 10:50:58.758,WIR-SE-01-UL,1260630180000,12606301800003A003,TRUE
2026-08-04 10:50:57.429,WIR-Vdevelop-01-L,1260619002010,12606190020002B157,TRUE
2026-08-04 10:50:57.337,WIR-SE-01-L,1260630180000,12606301800003A027,TRUE
2026-08-04 10:26:06.958,WIR-Pretreatment-01-L,1260611097010,12606110970001C188,TRUE
2026-08-04 10:51:34.597,LIN-INNDES-02-UL,,126080106400004045,TRUE
2026-08-04 10:51:33.637,AOI-RESAOI-01-L,1260716047020,126071604700001035,TRUE
2026-08-04 10:51:34.328,LSR-Debrowning-01-UL,1260713001000,126071300100049025,TRUE
2026-08-04 10:51:33.320,LIN-INNDES-01-L,,126080106100010046,TRUE
2026-08-04 10:51:33.309,LIN-OUTTRE-01-L,1260611066000,126061106600001008,TRUE
2026-08-04 10:51:33.137,WIR-Vdevelop-01-L,1260619002010,12606190020002B156,TRUE
2026-08-04 10:51:32.273,AOI-PEP-01-UL,1260801056000,126080105600012047,TRUE
2026-08-04 10:51:30.473,ELC-TRE-01-L,1260716029020,126071602900001035,TRUE
2026-08-04 10:51:25.590,LIN-INNLDI-01-L,1260801121000,126080112100010010,TRUE
2026-08-04 10:51:23.848,ELC-TRE-01-UL,1260716029020,126071602900001024,TRUE
2026-08-04 10:51:24.417,WIR-SE-01-UL,1260630180000,12606301800003A004,TRUE
2026-08-04 10:51:23.698,WIR-SE-01-L,1260630180000,12606301800003A028,TRUE
2026-08-04 10:51:23.085,LAM-BOP-02-L,1260731044000,126073104400006045,TRUE
2026-08-04 10:51:21.338,WIR-Decoatbake-01-L,1260707002010,126070700200049134,TRUE
2026-08-04 10:51:18.989,SMK-BRU-02-UL,1260716041020,126071604100001009,TRUE
2026-08-04 10:51:18.510,CPP-Patternplating-01-L,1260606004000,12606060040001C080,TRUE
2026-08-04 10:46:27.105,GLD-RinseENEPIG-01-UL,,22605233310001C102,TRUE
2026-08-04 10:51:49.918,LIN-OUTTRE-01-L,1260611066000,126061106600001032,TRUE
2026-08-04 10:51:51.559,WIR-SE-01-UL,1260630180000,12606301800003A055,TRUE
2026-08-04 10:51:48.281,LIN-INNDES-01-L,,126080106100010044,TRUE
2026-08-04 10:51:45.896,ELC-TRE-01-L,1260716029020,126071602900001009,TRUE
2026-08-04 10:51:48.753,LIN-INNDES-02-UL,,126080106400004044,TRUE
2026-08-04 10:51:44.887,LIN-OUTTRE-01-UL,1260710007000,126070604800001071,TRUE
2026-08-04 10:51:47.374,LAM-BOP-02-L,1260731044000,126073104400006047,TRUE
2026-08-04 10:51:43.746,LIN-INNLDI-01-L,1260801121000,126080112100010008,TRUE
2026-08-04 10:51:39.896,ELC-TRE-01-UL,1260716029020,126071602900001076,TRUE
2026-08-04 10:51:41.094,LSR-Debrowning-01-L,1260713001000,126071300100049011,TRUE
2026-08-04 10:51:42.059,AOI-RESAOI-01-UL,1260716047020,126071604700001025,TRUE
2026-08-04 10:51:37.201,WIR-Vdevelop-01-UL,1260619002010,"12606190020002B149,BD",TRUE
2026-08-04 10:51:34.936,LIN-INNTRE-02-UL-1,,Error_202608041751349361,FALSE
2026-08-04 10:51:34.795,LIN-INNTRE-02-UL-2,,126080300800004009,TRUE
2026-08-04 10:51:33.137,WIR-Vdevelop-01-L,1260619002010,12606190020002B156,TRUE
2026-08-04 10:45:47.050,CPP-Horizontalplating-01-L,1260709070000,126072501300400019,TRUE
2026-08-04 10:51:23.698,WIR-SE-01-L,1260630180000,12606301800003A028,TRUE
2026-08-04 10:52:12.235,CPP-Patternplating-01-L,1260606004000,12606060040001C073,TRUE
2026-08-04 10:52:11.899,ELC-TRE-01-UL,1260716029020,126071602900001051,TRUE
2026-08-04 10:52:11.515,LAM-BOP-02-L,1260731044000,126073104400006049,TRUE
2026-08-04 10:52:09.762,LIN-INNLDI-01-L,1260801121000,126080112100010075,TRUE
2026-08-04 10:52:08.875,WIR-Vdevelop-01-L,1260619002010,12606190020002B138,TRUE
2026-08-04 10:52:08.309,WIR-SE-01-L,1260630180000,12606301800003A023,TRUE
2026-08-04 10:52:07.785,LSR-Debrowning-01-L,1260713001000,126071300100049010,TRUE
2026-08-04 10:52:07.469,CPP-Patternplating-01-UL,1260711011000,126071400100058030,TRUE
2026-08-04 10:52:06.512,LIN-OUTTRE-01-L,1260611066000,126061106600001037,TRUE
2026-08-04 10:52:04.919,AOI-RESAOI-01-UL,1260716047020,126071604700001018,TRUE
2026-08-04 10:52:04.437,AOI-PEP-01-UL,1260801056000,126080105600012046,TRUE
2026-08-04 10:52:02.687,LIN-INNDES-01-L,,126080106100010042,TRUE
2026-08-04 10:52:02.202,AOI-PEP-01-L,1260801056000,126080105600012044,TRUE
2026-08-04 10:52:02.036,LIN-INNDES-02-UL,,126080106400004043,TRUE
2026-08-04 10:52:01.484,LAM-BOP-02-UL,1260731044000,126073104400006020,TRUE
2026-08-04 10:52:01.492,ELC-TRE-01-L,1260716029020,126071602900001008,TRUE
2026-08-04 10:52:01.064,LSR-Debrowning-01-UL,1260713001000,126071300100049024,TRUE
2026-08-04 10:51:59.874,WIR-Decoatbake-01-L,1260707002010,126070700200049145,TRUE
2026-08-04 10:51:59.079,LIN-INNTRE-02-UL-1,,Error_202608041751590799,FALSE
2026-08-04 10:51:58.579,LIN-INNTRE-02-UL-2,,126080300800004011,TRUE
2026-08-04 10:51:56.637,AOI-RESAOI-01-L,1260716047020,126071604700001044,TRUE
2026-08-04 10:52:27.676,LSR-Debrowning-01-UL,1260713001000,126071300100049023,TRUE
2026-08-04 10:52:27.372,AOI-RESAOI-01-UL,1260716047020,126071604700001035,TRUE
2026-08-04 10:52:26.900,ELC-TRE-01-UL,1260716029020,126071602900001041,TRUE
2026-08-04 10:52:23.344,LAM-BOP-02-L,1260731044000,126073104400006050,TRUE
2026-08-04 10:52:23.450,LIN-OUTTRE-01-L,1260611066000,126061106600001001,TRUE
2026-08-04 10:52:22.675,LIN-INNTRE-02-UL-2,,126080300800004013,TRUE
2026-08-04 10:52:19.872,AOI-RESAOI-01-L,1260716047020,126071604700001002,TRUE
2026-08-04 10:52:19.075,LIN-OUTTRE-01-UL,1260710007000,126070604800001011,TRUE
2026-08-04 10:52:18.966,LIN-INNLDI-01-L,1260801121000,126080112100010004,TRUE
2026-08-04 10:52:18.482,WIR-SE-01-UL,1260630180000,12606301800003A056,TRUE
2026-08-04 10:52:17.343,LIN-INNDES-01-L,,126080106100010040,TRUE
2026-08-04 10:52:21.040,LIN-INNTRE-02-UL-1,,126080300800004014,TRUE
2026-08-04 10:52:17.212,ELC-TRE-01-L,1260716029020,126071602900001026,TRUE
2026-08-04 10:52:17.172,AOI-PEP-01-UL,1260801056000,126080105600012045,TRUE
2026-08-04 10:52:16.812,AOI-PEP-01-L,1260801056000,126080105600012043,TRUE
2026-08-04 10:52:44.930,LIN-INNTRE-02-UL-1,,126080300800004016,TRUE
2026-08-04 10:52:44.924,WIR-LDI-01-L,,12606230980002B172,TRUE
2026-08-04 10:52:44.642,WIR-Vdevelop-01-L,1260619002010,12606190020002B135,TRUE
2026-08-04 10:52:44.294,WIR-SE-01-UL,1260630180000,12606301800003A002,TRUE
2026-08-04 10:52:43.939,LIN-INNLDI-01-L,1260801121000,126080112100010071,TRUE
2026-08-04 10:52:42.671,AOI-RESAOI-01-L,1260716047020,126071604700001049,TRUE
2026-08-04 10:52:41.916,SMK-BRU-02-UL,1260716041020,126071604100001003,TRUE
2026-08-04 10:52:42.469,AOI-PEP-01-UL,1260801056000,126080105600012043,TRUE
2026-08-04 10:52:41.745,ELC-TRE-01-UL,1260716029020,126071602900001042,TRUE
2026-08-04 10:52:35.517,WIR-Decoatbake-01-L,1260707002010,126070700200049142,TRUE
2026-08-04 10:52:40.391,AOI-PEP-01-L,1260801056000,126080105600012041,TRUE
2026-08-04 10:52:35.359,LAM-BOP-02-L,1260731044000,126073104400006051,TRUE
2026-08-04 10:52:34.271,LSR-Debrowning-01-L,1260713001000,126071300100049009,TRUE
2026-08-04 10:52:40.108,LIN-OUTTRE-01-L,1260611066000,126061106600001039,TRUE
2026-08-04 10:52:33.666,ELC-TRE-01-L,1260716029020,126071602900001072,TRUE
2026-08-04 10:52:31.797,LIN-INNDES-01-L,,126080106100010050,TRUE
2026-08-04 10:52:30.750,WIR-Vdevelop-01-UL,1260619002010,"12606190020002B150,BD",TRUE
2026-08-04 10:52:29.138,WIR-SE-01-L,1260630180000,12606301800003A024,TRUE
2026-08-04 10:53:04.510,AOI-PEP-01-L,1260801056000,126080105600012039,TRUE
2026-08-04 10:53:01.785,CPP-Patternplating-01-UL,1260711011000,126071400100058028,TRUE
2026-08-04 10:53:00.631,LSR-Debrowning-01-L,1260713001000,126071300100049008,TRUE
2026-08-04 10:53:03.970,LIN-INNLDI-01-L,1260801121000,126080112100010069,TRUE
2026-08-04 10:52:59.588,LAM-BOP-02-L,1260731044000,126073104400006061,TRUE
2026-08-04 10:52:58.105,ELC-TRE-01-UL,1260716029020,126071602900001056,TRUE
2026-08-04 10:52:57.780,LIN-OUTTRE-01-L,1260611066000,126061106600001007,TRUE
2026-08-04 10:53:00.979,LIN-INNDES-01-L,,126080106100010038,TRUE
2026-08-04 10:52:54.193,LSR-Debrowning-01-UL,1260713001000,126071300100049022,TRUE
2026-08-04 10:52:58.738,WIR-Vdevelop-01-UL,1260619002010,"12606190020002B167,BD",TRUE
2026-08-04 10:52:50.138,WIR-SE-01-L,1260630180000,12606301800003A006,TRUE
2026-08-04 10:52:51.374,AOI-RESAOI-01-UL,1260716047020,126071604700001044,TRUE
2026-08-04 10:52:52.202,LIN-OUTTRE-01-UL,1260710007000,126070604800001073,TRUE
2026-08-04 10:52:52.485,AOI-PEP-01-UL,1260801056000,126080105600012042,TRUE
2026-08-04 10:52:47.351,LIN-INNTRE-02-UL-2,,126080300800004015,TRUE
2026-08-04 10:52:35.517,WIR-Decoatbake-01-L,1260707002010,126070700200049142,TRUE
2026-08-04 10:53:24.060,LAM-BOP-02-L,1260731044000,126073104400006054,TRUE
2026-08-04 10:53:23.864,WIR-Vdevelop-01-L,1260619002010,12606190020002B136,TRUE
2026-08-04 10:53:20.898,LSR-Debrowning-01-UL,1260713001000,126071300100049021,TRUE
2026-08-04 10:53:18.753,LIN-INNLDI-01-L,1260801121000,126080112100010067,TRUE
2026-08-04 10:53:15.622,AOI-PEP-01-L,1260801056000,126080105600012038,TRUE
2026-08-04 10:53:14.937,LIN-OUTTRE-01-L,1260611066000,126061106600001010,TRUE
2026-08-04 10:53:14.265,AOI-RESAOI-01-UL,1260716047020,126071604700001002,TRUE
2026-08-04 10:53:17.668,AOI-PEP-01-UL,1260801056000,126080105600012040,TRUE
2026-08-04 10:53:12.277,SMK-BRU-02-UL,1260716041020,126071604100001056,TRUE
2026-08-04 10:53:12.902,ELC-TRE-01-UL,1260716029020,126071602900001067,TRUE
2026-08-04 10:53:15.793,LIN-INNDES-01-L,,126080106100010041,TRUE
2026-08-04 10:53:11.796,WIR-SE-01-UL,1260630180000,12606301800003A060,TRUE
2026-08-04 10:53:11.521,WIR-LDI-01-L,,12606230980002B173,TRUE
2026-08-04 10:53:11.260,LIN-INNTRE-02-UL-2,,126080300800004017,TRUE
2026-08-04 10:53:09.416,LIN-INNTRE-02-UL-1,,126080300800004018,TRUE
2026-08-04 10:53:11.077,WIR-SE-01-L,1260630180000,12606301800003A044,TRUE
2026-08-04 10:53:11.156,AOI-RESAOI-01-L,1260716047020,126071604700001013,TRUE
2026-08-04 10:53:06.083,CPP-Patternplating-01-L,1260606004000,12606060040001C076,TRUE
2026-08-04 10:52:33.666,ELC-TRE-01-L,1260716029020,126071602900001072,TRUE
2026-08-04 10:53:12.255,WIR-Decoatbake-01-L,1260707002010,126070700200049143,TRUE
2026-08-04 10:53:34.079,AOI-RESAOI-01-L,1260716047020,126071604700001007,TRUE
2026-08-04 10:53:32.548,LIN-OUTTRE-01-L,1260611066000,126061106600001035,TRUE
2026-08-04 10:53:33.685,LIN-INNTRE-02-UL-1,,126080300800004020,TRUE
2026-08-04 10:53:30.514,LIN-INNDES-01-L,,126080106100010052,TRUE
2026-08-04 10:53:28.347,LIN-INNLDI-01-L,1260801121000,126080112100010075,TRUE
2026-08-04 10:53:27.602,LSR-Debrowning-01-L,1260713001000,126071300100049007,TRUE
2026-08-04 10:53:27.500,LIN-OUTTRE-01-UL,1260710007000,126070604800001036,TRUE
2026-08-04 10:53:26.599,WIR-Vdevelop-01-UL,1260619002010,"12606190020002B166,BD",TRUE
2026-08-04 10:53:26.232,AOI-PEP-01-L,1260801056000,126080105600012036,TRUE
2026-08-04 10:53:25.528,LIN-INNTRE-02-UL-2,,126080300800004019,TRUE
2026-08-04 10:53:12.255,WIR-Decoatbake-01-L,1260707002010,126070700200049143,TRUE
2026-08-04 10:53:28.060,AOI-PEP-01-UL,1260801056000,126080105600012039,TRUE
2026-08-04 10:53:28.074,ELC-TRE-01-UL,1260716029020,126071602900001011,TRUE
2026-08-04 10:52:33.666,ELC-TRE-01-L,1260716029020,126071602900001072,TRUE
2026-08-04 10:36:39.072,CPP-Horizontalplating-01-UL,1260606004010,126072906300078007,TRUE
2026-08-04 10:53:44.843,LIN-INNDES-01-L,,126080106100010054,TRUE
2026-08-04 10:53:44.426,LIN-INNLDI-01-L,1260801121000,126080112100010073,TRUE
2026-08-04 10:53:42.653,ELC-TRE-01-UL,1260716029020,126071602900001040,TRUE
2026-08-04 10:53:37.235,AOI-RESAOI-01-UL,1260716047020,126071604700001049,TRUE
2026-08-04 10:53:41.606,SMK-BRU-02-UL,1260716041020,126071604100001040,TRUE
2026-08-04 10:53:36.845,WIR-SE-01-UL,1260630180000,12606301800003A057,TRUE
2026-08-04 10:53:36.189,WIR-SE-01-L,1260630180000,12606301800003A029,TRUE
2026-08-04 10:53:36.140,LAM-BOP-02-L,1260731044000,126073104400006058,TRUE
2026-08-04 10:54:14.816,LIN-INNDES-01-L,,126080106100010058,TRUE
2026-08-04 10:54:14.208,LIN-INNLDI-01-L,1260801121000,126080112100010061,TRUE
2026-08-04 10:54:13.832,AOI-PEP-01-UL,1260801056000,126080105600012034,TRUE
2026-08-04 10:54:13.391,ELC-TRE-01-UL,1260716029020,126071602900001043,TRUE
2026-08-04 10:54:12.613,LAM-BOP-02-L,1260731044000,126073104400006057,TRUE
2026-08-04 10:54:13.785,LAM-BOP-02-UL,1260731044000,126073104400006023,TRUE
2026-08-04 10:54:11.785,AOI-PEP-01-L,1260801056000,126080105600012032,TRUE
2026-08-04 10:54:05.458,LIN-OUTTRE-01-L,1260611066000,126061106600001049,TRUE
2026-08-04 10:54:04.440,WIR-SE-01-UL,1260630180000,12606301800003A058,TRUE
2026-08-04 10:54:14.261,LSR-Debrowning-01-UL,1260713001000,126071300100049019,TRUE
2026-08-04 10:54:11.453,SMK-BRU-02-UL,1260716041020,126071604100001025,TRUE
2026-08-04 10:54:02.427,AOI-RESAOI-01-UL,1260716047020,126071604700001013,TRUE
2026-08-04 10:54:00.023,CPP-Patternplating-01-L,1260606004000,12606060040001C075,TRUE
2026-08-04 10:54:02.114,LIN-OUTTRE-01-UL,1260710007000,126070604800001004,TRUE
2026-08-04 10:53:59.031,LIN-INNTRE-02-UL-2,,126080300800004021,TRUE
2026-08-04 10:53:58.992,WIR-Vdevelop-01-UL,1260619002010,"12606190020002B165,BB",TRUE
2026-08-04 10:53:59.554,WIR-Vdevelop-01-L,1260619002010,12606190020002B133,TRUE
2026-08-04 10:53:57.128,WIR-SE-01-L,1260630180000,12606301800003A143,TRUE
2026-08-04 10:53:55.195,CPP-Patternplating-01-UL,1260711011000,126071400100058051,TRUE
2026-08-04 10:53:54.119,LSR-Debrowning-01-L,1260713001000,126071300100049006,TRUE
2026-08-04 10:52:33.666,ELC-TRE-01-L,1260716029020,126071602900001072,TRUE
2026-08-04 10:53:48.538,WIR-Decoatbake-01-L,1260707002010,126070700200049140,TRUE
2026-08-04 10:53:57.155,LIN-INNTRE-02-UL-1,,126080300800004022,TRUE
2026-08-04 10:53:51.987,AOI-RESAOI-01-L,1260716047020,126071604700001073,TRUE
2026-08-04 10:45:47.050,CPP-Horizontalplating-01-L,1260709070000,126072501300400019,TRUE
2026-08-04 10:54:29.348,WIR-SE-01-L,1260630180000,12606301800003A054,TRUE
2026-08-04 10:54:30.520,WIR-SE-01-UL,1260630180000,12606301800003A049,TRUE
2026-08-04 10:54:28.586,LIN-INNLDI-01-L,1260801121000,126080112100010059,TRUE
2026-08-04 10:54:29.209,LIN-INNDES-01-L,,126080106100010060,TRUE
2026-08-04 10:54:26.334,AOI-PEP-01-UL,1260801056000,126080105600012033,TRUE
2026-08-04 10:54:25.631,LAM-BOP-02-UL,1260731044000,126073104400006024,TRUE
2026-08-04 10:54:27.706,ELC-TRE-01-UL,1260716029020,126071602900001077,TRUE
2026-08-04 10:54:25.521,LAM-BOP-02-L,1260731044000,126073104400006059,TRUE
2026-08-04 10:54:25.323,WIR-Decoatbake-01-L,1260707002010,126070700200049141,TRUE
2026-08-04 10:54:23.974,AOI-PEP-01-L,1260801056000,126080105600012031,TRUE
2026-08-04 10:54:25.099,AOI-RESAOI-01-UL,1260716047020,126071604700001007,TRUE
2026-08-04 10:54:22.287,LIN-OUTTRE-01-L,1260611066000,126061106600001077,TRUE
2026-08-04 10:54:20.683,LSR-Debrowning-01-L,1260713001000,126071300100049005,TRUE
2026-08-04 10:54:19.196,WIR-LDI-01-UL,,12606110970001C233,TRUE
2026-08-04 10:54:11.453,SMK-BRU-02-UL,1260716041020,126071604100001025,TRUE
2026-08-04 10:54:57.087,AOI-PEP-01-L,1260801056000,126080105600012027,TRUE
2026-08-04 10:54:56.380,LIN-OUTTRE-01-L,1260611066000,126061106600001054,TRUE
2026-08-04 10:54:54.649,LIN-INNLDI-01-L,1260801121000,126080112100010065,TRUE
2026-08-04 10:54:52.515,WIR-Vdevelop-01-L,1260619002010,12606190020002B134,TRUE
2026-08-04 10:54:54.108,CPP-Patternplating-01-L,1260606004000,12606060040001C072,TRUE
2026-08-04 10:54:50.304,WIR-SE-01-L,1260630180000,12606301800003A051,TRUE
2026-08-04 10:54:49.900,LAM-BOP-02-UL,1260731044000,126073104400006026,TRUE
2026-08-04 10:54:49.259,LAM-BOP-02-L,1260731044000,126073104400006062,TRUE
2026-08-04 10:54:48.795,CPP-Patternplating-01-UL,1260711011000,126071400100058057,TRUE
2026-08-04 10:54:48.717,WIR-LDI-01-UL,,12606110970001C227,TRUE
2026-08-04 10:54:48.607,CPP-Horizontalplating-01-L,1260709070000,126072501300400111,TRUE
2026-08-04 10:54:48.197,AOI-PEP-01-UL,1260801056000,126080105600012031,TRUE
2026-08-04 10:54:47.251,LSR-Debrowning-01-L,1260713001000,126071300100049004,TRUE
2026-08-04 10:54:44.284,SMK-BRU-02-UL,1260716041020,126071604100001015,TRUE
2026-08-04 10:54:43.460,LIN-INNDES-01-L,,126080106100010062,TRUE
2026-08-04 10:54:40.829,LSR-Debrowning-01-UL,1260713001000,126071300100049018,TRUE
2026-08-04 10:54:43.190,ELC-TRE-01-UL,1260716029020,126071602900001023,TRUE
2026-08-04 10:54:37.349,LIN-OUTTRE-01-UL,1260710007000,126070604800001070,TRUE
2026-08-04 10:54:35.449,WIR-Vdevelop-01-UL,1260619002010,"12606190020002B148,BD",TRUE
2026-08-04 10:52:33.666,ELC-TRE-01-L,1260716029020,126071602900001072,TRUE
2026-08-04 10:55:03.212,LIN-INNLDI-01-L,1260801121000,126080112100010055,TRUE
2026-08-04 10:55:01.858,WIR-Decoatbake-01-L,1260707002010,126070700200049148,TRUE
2026-08-04 10:55:01.775,LAM-BOP-02-UL,1260731044000,126073104400006027,TRUE
2026-08-04 10:54:59.025,AOI-PEP-01-UL,1260801056000,126080105600012029,TRUE
2026-08-04 10:54:58.009,LIN-INNDES-01-L,,126080106100010004,TRUE
2026-08-04 10:55:01.022,LAM-BOP-02-L,1260731044000,126073104400006063,TRUE
2026-08-04 10:54:58.285,ELC-TRE-01-UL,1260716029020,126071602900001071,TRUE
2026-08-04 10:54:57.397,WIR-SE-01-UL,1260630180000,12606301800003A050,TRUE
2026-08-04 10:55:05.021,LIN-INNTRE-02-UL-1,,Error_202608041755050218,FALSE
2026-08-04 10:55:23.525,LIN-INNLDI-01-L,1260801121000,126080112100010053,TRUE
2026-08-04 10:55:23.228,WIR-SE-01-UL,1260630180000,12606301800003A016,TRUE
2026-08-04 10:55:22.585,LIN-INNTRE-02-UL-1,,126080300800004028,TRUE
2026-08-04 10:55:18.776,AOI-PEP-01-UL,1260801056000,126080105600012027,TRUE
2026-08-04 10:55:18.691,SMK-BRU-02-UL,1260716041020,126071604100001037,TRUE
2026-08-04 10:55:17.901,AOI-PEP-01-L,1260801056000,126080105600012025,TRUE
2026-08-04 10:55:16.178,LIN-INNTRE-02-UL-2,,126080300800004025,TRUE
2026-08-04 10:55:14.165,LAM-BOP-02-UL,1260731044000,126073104400006028,TRUE
2026-08-04 10:55:13.738,ELC-TRE-01-UL,1260716029020,126071602900001035,TRUE
2026-08-04 10:55:13.454,LSR-Debrowning-01-L,1260713001000,126071300100049003,TRUE
2026-08-04 10:55:12.634,LIN-INNDES-01-L,,126080106100010033,TRUE
2026-08-04 10:55:13.150,LAM-BOP-02-L,1260731044000,126073104400006064,TRUE
2026-08-04 10:55:11.715,LIN-OUTTRE-01-L,1260611066000,126061106600001053,TRUE
2026-08-04 10:55:10.367,LIN-OUTTRE-01-UL,1260710007000,126070604800001048,TRUE
2026-08-04 10:55:08.733,WIR-Vdevelop-01-UL,1260619002010,"12606190020002B145,BD",TRUE
2026-08-04 10:53:47.799,SMK-BRU-01-UL,1260725015010,M0960013A2000G-0607,TRUE
2026-08-04 10:55:07.485,LSR-Debrowning-01-UL,1260713001000,126071300100049017,TRUE
2026-08-04 10:55:48.465,LIN-INNLDI-01-L,1260801121000,126080112100010059,TRUE
2026-08-04 10:55:48.385,LIN-INNTRE-02-UL-2,,126080300800004031,TRUE
2026-08-04 10:55:48.287,SMK-BRU-02-UL,1260716041020,126071604100001016,TRUE
2026-08-04 10:55:47.548,CPP-Patternplating-01-L,1260606004000,12606060040001C071,TRUE
2026-08-04 10:55:44.756,ELC-TRE-01-UL,1260716029020,126071602900001008,TRUE
2026-08-04 10:55:44.729,LIN-OUTTRE-01-L,1260611066000,126061106600001044,TRUE
2026-08-04 10:55:43.870,LIN-OUTTRE-01-UL,1260710007000,126070604800001030,TRUE
2026-08-04 10:55:42.642,CPP-Patternplating-01-UL,1260711011000,126071400100058036,TRUE
2026-08-04 10:55:42.467,LIN-INNDES-01-L,,126080106100010037,TRUE
2026-08-04 10:55:40.441,LSR-Debrowning-01-L,1260713001000,126071300100049002,TRUE
2026-08-04 10:55:39.529,AOI-PEP-01-UL,1260801056000,126080105600012025,TRUE
2026-08-04 10:55:41.744,LIN-INNTRE-02-UL-1,,126080300800004032,TRUE
2026-08-04 10:55:38.561,LAM-BOP-02-UL,1260731044000,126073104400006030,TRUE
2026-08-04 10:55:37.779,AOI-PEP-01-L,1260801056000,126080105600012023,TRUE
2026-08-04 10:55:36.966,LAM-BOP-02-L,1260731044000,126073104400006066,TRUE
2026-08-04 10:55:43.095,WIR-Vdevelop-01-UL,1260619002010,"12606190020002B146,BD",TRUE
2026-08-04 10:55:28.782,WIR-Vdevelop-01-L,1260619002010,12606190020002B131,TRUE
2026-08-04 10:55:34.081,LSR-Debrowning-01-UL,1260713001000,126071300100049016,TRUE
2026-08-04 10:53:47.799,SMK-BRU-01-UL,1260725015010,M0960013A2000G-0607,TRUE
2026-08-04 10:56:04.411,WIR-Vdevelop-01-L,1260619002010,12606190020002B147,TRUE
2026-08-04 10:56:03.794,LIN-INNLDI-01-L,1260801121000,126080112100010057,TRUE
2026-08-04 10:56:02.501,LAM-BOP-02-UL,1260731044000,126073104400006032,TRUE
2026-08-04 10:56:01.884,ELC-TRE-01-UL,1260716029020,126071602900001026,TRUE
2026-08-04 10:56:01.548,LAM-BOP-02-L,1260731044000,126073104400006068,TRUE
2026-08-04 10:56:01.261,LIN-OUTTRE-01-L,1260611066000,126061106600001048,TRUE
2026-08-04 10:56:01.074,LIN-INNTRE-02-UL-1,,126080300800004036,TRUE
2026-08-04 10:56:00.473,LSR-Debrowning-01-UL,1260713001000,126071300100049015,TRUE
2026-08-04 10:55:59.843,AOI-PEP-01-UL,1260801056000,126080105600012023,TRUE
2026-08-04 10:55:58.668,LIN-INNTRE-02-UL-2,,126080300800004033,TRUE
2026-08-04 10:55:58.445,ELC-TRE-01-L,1260627140000,126062714000001021,TRUE
2026-08-04 10:55:58.343,AOI-PEP-01-L,1260801056000,126080105600012021,TRUE
2026-08-04 10:55:56.812,LIN-INNDES-01-L,,126080106100010039,TRUE
2026-08-04 10:55:51.495,WIR-LDI-01-L,,12606230980002B174,TRUE
2026-08-04 10:55:50.462,WIR-SE-01-UL,1260630180000,12606301800003A017,TRUE
2026-08-04 10:26:06.958,WIR-Pretreatment-01-L,1260611097010,12606110970001C188,TRUE
2026-08-04 10:56:20.162,WIR-LDI-01-L,,12606230980002B175,TRUE
2026-08-04 10:56:20.136,LIN-INNTRE-02-UL-2,,126080300800004037,TRUE
2026-08-04 10:56:19.271,AOI-PEP-01-L,1260801056000,126080105600012017,TRUE
2026-08-04 10:56:19.568,AOI-PEP-01-UL,1260801056000,126080105600012021,TRUE
2026-08-04 10:56:17.949,LIN-INNTRE-02-UL-1,,126080300800004040,TRUE
2026-08-04 10:56:17.276,SMK-BRU-02-UL,1260716041020,126071604100001002,TRUE
2026-08-04 10:56:17.809,LIN-OUTTRE-01-L,1260611066000,126061106600001068,TRUE
2026-08-04 10:56:17.325,LIN-INNDES-02-UL,,126080106400004025,TRUE
2026-08-04 10:56:17.072,ELC-TRE-01-UL,1260716029020,126071602900001072,TRUE
2026-08-04 10:56:16.942,WIR-Vdevelop-01-UL,1260619002010,"12606190020002B143,BB",TRUE
2026-08-04 10:56:17.011,WIR-SE-01-UL,1260630180000,12606301800003A059,TRUE
2026-08-04 10:56:14.565,LAM-BOP-02-UL,1260731044000,126073104400006033,TRUE
2026-08-04 10:56:15.010,ELC-TRE-01-L,1260627140000,126062714000001078,TRUE
2026-08-04 10:56:13.831,LAM-BOP-02-L,1260731044000,126073104400006069,TRUE
2026-08-04 10:56:12.596,LIN-INNLDI-01-L,1260801121000,126080112100010047,TRUE
2026-08-04 10:56:11.439,LIN-INNDES-01-L,,126080106100010045,TRUE
2026-08-04 10:54:48.717,WIR-LDI-01-UL,,12606110970001C227,TRUE
2026-08-04 10:56:07.488,LSR-Debrowning-01-L,1260713001000,126071300100049001,TRUE
2026-08-04 10:26:06.958,WIR-Pretreatment-01-L,1260611097010,12606110970001C188,TRUE
2026-08-04 10:56:41.475,AOI-PEP-01-UL,1260801056000,126080105600012017,TRUE
2026-08-04 10:56:41.324,LIN-INNTRE-02-UL-1,,126080300800004042,TRUE
2026-08-04 10:56:41.070,CPP-Patternplating-01-L,1260606004000,12606060040001C074,TRUE
2026-08-04 10:56:40.850,LIN-INNDES-01-L,,126080106100010032,TRUE
2026-08-04 10:56:40.445,WIR-Vdevelop-01-L,1260619002010,12606190020002B124,TRUE
2026-08-04 10:56:39.912,AOI-PEP-01-L,1260801056000,126080105600012015,TRUE
2026-08-04 10:56:38.412,LAM-BOP-02-UL,1260731044000,126073104400006035,TRUE
2026-08-04 10:56:38.800,LIN-INNLDI-01-L,1260801121000,126080112100010053,TRUE
2026-08-04 10:56:37.897,LAM-BOP-02-L,1260731044000,126073104400006071,TRUE
2026-08-04 10:56:36.195,CPP-Patternplating-01-UL,1260711011000,126071400100058058,TRUE
2026-08-04 10:56:34.767,LIN-OUTTRE-01-L,1260611066000,126061106600001067,TRUE
2026-08-04 10:56:30.356,LIN-INNDES-02-UL,,126080106400004024,TRUE
2026-08-04 10:56:30.012,ELC-TRE-01-L,1260627140000,126062714000001071,TRUE
2026-08-04 10:56:28.497,LIN-INNDES-02-L,,126080106400004010,TRUE
2026-08-04 10:56:17.072,ELC-TRE-01-UL,1260716029020,126071602900001072,TRUE
2026-08-04 10:56:26.958,LSR-Debrowning-01-UL,1260713001000,126071300100049014,TRUE
2026-08-04 09:30:14.625,ELC-INS-01-L,1260703072020,Error_202608041630146255,FALSE
2026-08-04 10:56:55.428,LIN-INNDES-01-L,,126080106100010028,TRUE
2026-08-04 10:56:53.536,LSR-Debrowning-01-UL,1260713001000,126071300100049013,TRUE
2026-08-04 10:56:52.228,WIR-LDI-01-L,,12606230980002B176,TRUE
2026-08-04 10:56:51.915,WIR-Vdevelop-01-UL,1260619002010,"12606190020002B144,BD",TRUE
2026-08-04 10:56:51.584,AOI-PEP-01-UL,1260801056000,126080105600012016,TRUE
2026-08-04 10:56:51.220,LIN-OUTTRE-01-L,1260611066000,126061106600001006,TRUE
2026-08-04 10:56:50.928,LAM-BOP-02-UL,1260731044000,126073104400006036,TRUE
2026-08-04 10:56:50.272,AOI-PEP-01-L,1260801056000,126080105600012014,TRUE
2026-08-04 10:56:50.256,LAM-BOP-02-L,1260731044000,126073104400006072,TRUE
2026-08-04 10:56:47.739,LIN-INNLDI-01-L,1260801121000,126080112100010043,TRUE
2026-08-04 10:56:46.699,SMK-BRU-02-UL,1260716041020,126071604100001033,TRUE
2026-08-04 10:56:45.699,ELC-TRE-01-L,1260627140000,126062714000001039,TRUE
2026-08-04 10:56:44.325,LIN-INNDES-02-UL,,126080106400004023,TRUE
2026-08-04 10:56:44.027,LIN-INNTRE-02-UL-2,,126080300800004039,TRUE
2026-08-04 10:53:47.799,SMK-BRU-01-UL,1260725015010,M0960013A2000G-0607,TRUE
2026-08-04 10:56:43.466,WIR-SE-01-UL,1260630180000,12606301800003A025,TRUE
2026-08-04 10:57:15.934,ELC-TRE-01-L,1260627140000,126062714000001018,TRUE
2026-08-04 10:57:16.244,WIR-Vdevelop-01-L,1260619002010,12606190020002B129,TRUE
2026-08-04 10:57:15.590,SMK-BRU-02-UL,1260716041020,126071604100001046,TRUE
2026-08-04 10:57:15.225,LAM-BOP-02-UL,1260731044000,126073104400006038,TRUE
2026-08-04 10:57:13.748,LIN-INNDES-02-UL,,126080106400004021,TRUE
2026-08-04 10:57:14.319,LAM-BOP-02-L,1260731044000,126073104400006074,TRUE
2026-08-04 10:57:13.599,LIN-INNLDI-01-L,1260801121000,126080112100010049,TRUE
2026-08-04 10:57:12.007,AOI-PEP-01-UL,1260801056000,126080105600012014,TRUE
2026-08-04 10:57:09.967,WIR-SE-01-UL,1260630180000,12606301800003A020,TRUE
2026-08-04 10:57:11.600,AOI-PEP-01-L,1260801056000,126080105600012012,TRUE
2026-08-04 10:57:08.174,LIN-OUTTRE-01-L,1260611066000,126061106600001011,TRUE
2026-08-04 10:57:09.960,LIN-INNDES-01-L,,126080106100010036,TRUE
2026-08-04 10:57:07.216,LIN-INNTRE-02-UL-2,,126080300800004041,TRUE
2026-08-04 10:57:05.466,LIN-INNTRE-02-UL-1,,126080300800004044,TRUE
2026-08-04 10:56:07.488,LSR-Debrowning-01-L,1260713001000,126071300100049001,TRUE
2026-08-04 10:54:50.304,WIR-SE-01-L,1260630180000,12606301800003A051,TRUE
2026-08-04 10:53:47.799,SMK-BRU-01-UL,1260725015010,M0960013A2000G-0607,TRUE
2026-08-04 10:57:32.695,AOI-PEP-01-UL,1260801056000,126080105600012012,TRUE
2026-08-04 10:57:32.820,LIN-INNLDI-01-L,1260801121000,126080112100010047,TRUE
2026-08-04 10:57:31.294,ELC-TRE-01-L,1260627140000,126062714000001005,TRUE
2026-08-04 10:57:29.885,CPP-Patternplating-01-UL,1260711011000,126071400100058002,TRUE
2026-08-04 10:57:29.422,LIN-INNTRE-02-UL-1,,126080300800004046,TRUE
2026-08-04 10:57:27.257,LAM-BOP-02-UL,1260731044000,126073104400006039,TRUE
2026-08-04 10:57:26.983,LIN-INNDES-02-UL,,126080106400004020,TRUE
2026-08-04 10:57:26.788,LAM-BOP-02-L,1260731044000,126073104400006075,TRUE
2026-08-04 10:57:26.650,WIR-Vdevelop-01-UL,1260619002010,"12606190020002B141,BD",TRUE
2026-08-04 10:57:25.483,LIN-INNDES-02-L,,126080106400004009,TRUE
2026-08-04 10:57:25.082,LIN-OUTTRE-01-L,1260611066000,126061106600001060,TRUE
2026-08-04 10:57:24.682,WIR-LDI-01-L,,12606230980002B178,TRUE
2026-08-04 10:57:24.632,LIN-INNDES-01-L,,126080106100010001,TRUE
2026-08-04 10:57:20.069,LSR-Debrowning-01-UL,1260713001000,126071300100049012,TRUE
2026-08-04 10:57:17.985,ROU-RIN-01-UL,,Error_202608041757179850,FALSE
2026-08-04 10:57:15.590,SMK-BRU-02-UL,1260716041020,126071604100001046,TRUE
2026-08-04 10:56:07.488,LSR-Debrowning-01-L,1260713001000,126071300100049001,TRUE
2026-08-04 10:57:31.913,AOI-PEP-01-L,1260801056000,126080105600012009,TRUE
2026-08-04 10:05:15.024,WIR-TrayCleaning-01-L,,,FALSE
2026-08-04 10:57:31.062,LIN-INNTRE-02-UL-2,,126080300800004043,TRUE
2026-08-04 10:57:54.846,LIN-INNDES-02-L,,126080106400004008,TRUE
2026-08-04 10:57:53.929,LIN-INNDES-01-L,,126080106100010005,TRUE
2026-08-04 10:57:53.751,LIN-INNTRE-02-UL-1,,126080300800004048,TRUE
2026-08-04 10:57:52.414,AOI-PEP-01-UL,1260801056000,126080105600012009,TRUE
2026-08-04 10:57:52.758,AOI-PEP-01-L,1260801056000,126080105600012007,TRUE
2026-08-04 10:57:52.029,WIR-Vdevelop-01-L,1260619002010,12606190020002B130,TRUE
2026-08-04 10:57:52.164,LAM-BOP-02-UL,1260731044000,126073104400006041,TRUE
2026-08-04 10:57:51.008,LAM-BOP-02-L,1260731044000,126073104400006077,TRUE
2026-08-04 10:57:48.274,LIN-INNLDI-01-L,1260801121000,126080112100010045,TRUE
2026-08-04 10:57:46.556,LSR-Debrowning-01-UL,1260713001000,126071300100049011,TRUE
2026-08-04 10:57:46.325,ELC-TRE-01-L,1260627140000,126062714000001024,TRUE
2026-08-04 10:57:45.903,SMK-BRU-02-UL,1260716041020,126071604100001034,TRUE
2026-08-04 10:57:45.085,LIN-OUTTRE-01-UL,1260710007000,126070604800001031,TRUE
2026-08-04 10:57:42.022,LIN-OUTTRE-01-L,1260611066000,126061106600001015,TRUE
2026-08-04 10:57:36.188,WIR-SE-01-UL,1260630180000,12606301800003A021,TRUE
2026-08-04 10:57:34.839,CPP-Patternplating-01-L,1260606004000,12606060040001C093,TRUE
2026-08-04 10:53:47.799,SMK-BRU-01-UL,1260725015010,M0960013A2000G-0607,TRUE
2026-08-04 10:58:12.320,LIN-OUTTRE-01-UL,1260710007000,126070604800001025,TRUE
2026-08-04 10:58:10.378,LIN-INNDES-02-UL,,126080106400004017,TRUE
2026-08-04 10:58:09.925,LIN-INNDES-02-L,,126080106400004007,TRUE
2026-08-04 10:58:08.633,LIN-INNDES-01-L,,126080106100010007,TRUE
2026-08-04 10:58:06.889,WIR-Decoatbake-01-L,1260707002010,126070700200049149,TRUE
2026-08-04 10:58:06.540,LIN-INNLDI-01-L,1260801121000,126080112100010043,TRUE
2026-08-04 10:58:06.273,AOI-PEP-01-UL,1260801056000,126080105600012008,TRUE
2026-08-04 10:58:03.914,LAM-BOP-02-UL,1260731044000,126073104400006042,TRUE
2026-08-04 10:58:04.289,AOI-PEP-01-L,1260801056000,126080105600012006,TRUE
2026-08-04 10:58:02.961,LAM-BOP-02-L,1260731044000,126073104400006078,TRUE
2026-08-04 10:58:02.189,WIR-SE-01-UL,1260630180000,12606301800003A022,TRUE
2026-08-04 10:58:01.278,ELC-TRE-01-L,1260627140000,126062714000001001,TRUE
2026-08-04 10:58:00.920,WIR-Vdevelop-01-UL,1260619002010,"12606190020002B142,BD",TRUE
2026-08-04 10:57:56.779,WIR-LDI-01-L,,12606230980002B177,TRUE
2026-08-04 10:57:55.111,LIN-INNTRE-02-UL-2,,126080300800004045,TRUE
2026-08-04 10:57:45.903,SMK-BRU-02-UL,1260716041020,126071604100001034,TRUE
2026-08-04 10:05:15.024,WIR-TrayCleaning-01-L,,,FALSE
2026-08-04 10:58:24.289,AOI-PEP-01-UL,1260801056000,126080105600012006,TRUE
2026-08-04 10:58:24.054,AOI-PEP-01-L,1260801056000,126080105600012004,TRUE
2026-08-04 10:58:23.536,LIN-INNDES-02-UL,,126080106400004016,TRUE
2026-08-04 10:58:23.320,LIN-INNDES-01-L,,126080106100010009,TRUE
2026-08-04 10:58:22.853,LIN-INNLDI-01-L,1260801121000,126080112100010041,TRUE
2026-08-04 10:58:23.272,CPP-Patternplating-01-UL,1260711011000,126071400100058042,TRUE
2026-08-04 10:58:19.158,LIN-INNTRE-02-UL-2,,126080300800004047,TRUE
2026-08-04 10:58:17.705,LIN-INNTRE-02-UL-1,,126080300800004050,TRUE
2026-08-04 10:58:16.999,ELC-TRE-01-L,1260627140000,126062714000001008,TRUE
2026-08-04 10:58:15.414,LAM-BOP-02-UL,1260731044000,126073104400006043,TRUE
2026-08-04 10:58:14.804,LAM-BOP-02-L,1260731044000,126073104400006079,TRUE
2026-08-04 10:58:13.181,LSR-Debrowning-01-UL,1260713001000,126071300100049010,TRUE
2026-08-04 10:36:39.072,CPP-Horizontalplating-01-UL,1260606004010,126072906300078007,TRUE
2026-08-04 10:58:44.932,AOI-PEP-01-L,1260801056000,126080105600012001,TRUE
2026-08-04 10:58:44.744,AOI-PEP-01-UL,1260801056000,126080105600012004,TRUE
2026-08-04 10:58:40.933,LIN-INNLDI-01-L,1260801121000,126080112100010039,TRUE
2026-08-04 10:58:41.316,LIN-INNTRE-02-UL-1,,126080300800004052,TRUE
2026-08-04 10:58:43.394,LIN-INNTRE-02-UL-2,,126080300800004049,TRUE
2026-08-04 10:58:40.056,LAM-BOP-02-UL,1260731044000,126073104400006045,TRUE
2026-08-04 10:58:38.695,WIR-Vdevelop-01-UL,1260619002010,"12606190020002B139,BD",TRUE
2026-08-04 10:58:38.317,LIN-INNDES-02-UL,,126080106400004015,TRUE
2026-08-04 10:58:33.030,ELC-TRE-01-L,1260627140000,126062714000001075,TRUE
2026-08-04 10:58:29.472,WIR-SE-01-UL,1260630180000,12606301800003A018,TRUE
2026-08-04 10:58:39.856,LSR-Debrowning-01-UL,1260713001000,126071300100049009,TRUE
2026-08-04 10:58:38.321,LIN-INNDES-01-L,,126080106100010011,TRUE
2026-08-04 10:58:28.585,WIR-LDI-01-L,,12606230980002B166,TRUE
2026-08-04 10:58:28.507,CPP-Patternplating-01-L,1260606004000,12606060040001C090,TRUE
2026-08-04 10:58:28.116,WIR-Vdevelop-01-L,1260619002010,12606190020002B127,TRUE
2026-08-04 10:58:27.430,LAM-BOP-02-L,1260731044000,126073104400006080,TRUE
2026-08-04 09:07:04.680,SMK-SPR-01-L,1260606001010,12606110960001C220,TRUE
2026-08-04 10:58:26.600,WIR-Decoatbake-01-L,1260707002010,126070700200049146,TRUE
2026-08-04 10:58:59.495,AOI-PEP-01-UL,1260801056000,126080105600012002,TRUE
2026-08-04 10:58:57.778,LIN-INNLDI-01-L,1260801121000,126080112100010037,TRUE
2026-08-04 10:58:56.386,AOI-PEP-01-L,1260801056000,126080105600012050,TRUE
2026-08-04 10:58:53.027,LIN-INNDES-01-L,,126080106100010013,TRUE
2026-08-04 10:58:51.916,LAM-BOP-02-UL,1260731044000,126073104400006046,TRUE
2026-08-04 10:58:52.019,WIR-SE-01-L,1260630180010,12606301800003A157,TRUE
2026-08-04 10:58:48.874,ELC-TRE-01-L,1260627140000,126062714000001045,TRUE
2026-08-04 10:58:51.475,LIN-INNDES-02-UL,,126080106400004014,TRUE
2026-08-04 10:58:47.932,WIR-LDI-01-UL,,12606230980002B171,TRUE
2026-08-04 10:26:06.958,WIR-Pretreatment-01-L,1260611097010,12606110970001C188,TRUE
2026-08-04 10:58:46.878,WIR-SE-01-UL,1260630180000,12606301800003A045,TRUE
2026-08-04 10:58:46.633,LIN-OUTTRE-01-UL,1260710007000,126070604800001008,TRUE
2026-08-04 10:59:12.457,WIR-SE-01-L,1260630180010,12606301800003A167,TRUE
2026-08-04 10:59:15.858,LIN-INNLDI-01-L,1260801121000,126080112100010035,TRUE
2026-08-04 10:59:07.792,AOI-PEP-01-UL,1260801056000,126080105600012001,TRUE
2026-08-04 10:59:07.317,LIN-INNTRE-02-UL-1,,Error_202608041759073175,FALSE
2026-08-04 10:59:08.670,LSR-Debrowning-01-L,1260713001010,126071300100049180,TRUE
2026-08-04 10:59:07.198,LIN-INNDES-01-L,,126080106100010015,TRUE
2026-08-04 10:59:07.301,LIN-INNTRE-02-UL-2,,126080300800004051,TRUE
2026-08-04 10:59:06.759,LIN-INNDES-02-UL,,126080106400004026,TRUE
2026-08-04 10:59:04.636,LAM-BOP-02-UL,1260731044000,126073104400006047,TRUE
2026-08-04 10:59:06.557,AOI-PEP-01-L,1260801056000,126080105600012080,TRUE
2026-08-04 10:59:06.342,LSR-Debrowning-01-UL,1260713001000,126071300100049008,TRUE
2026-08-04 10:59:04.363,WIR-SE-01-UL,1260630180000,12606301800003A019,TRUE
2026-08-04 10:59:04.516,ELC-TRE-01-L,1260627140000,126062714000001064,TRUE
2026-08-04 10:59:03.807,WIR-Vdevelop-01-L,1260619002010,12606190020002B128,TRUE
2026-08-04 10:26:06.958,WIR-Pretreatment-01-L,1260611097010,12606110970001C188,TRUE
2026-08-04 10:59:02.745,WIR-Decoatbake-01-L,1260707002010,126070700200049147,TRUE
2026-08-04 10:53:47.799,SMK-BRU-01-UL,1260725015010,M0960013A2000G-0607,TRUE
2026-08-04 10:59:00.714,WIR-LDI-01-L,,12606230980002B167,TRUE
2026-08-04 10:59:32.686,LSR-Debrowning-01-UL,1260713001000,126071300100049007,TRUE
2026-08-04 10:59:32.719,LIN-INNLDI-01-L,1260801121000,126080112100010033,TRUE
2026-08-04 10:59:32.608,WIR-LDI-01-L,,12606230980002B168,TRUE
2026-08-04 10:59:30.147,LIN-INNTRE-02-UL-1,,126080300800004056,TRUE
2026-08-04 10:59:31.038,LIN-INNTRE-02-UL-2,,126080300800004053,TRUE
2026-08-04 10:59:27.905,LSR-Debrowning-01-L,1260713001010,126071300100049179,TRUE
2026-08-04 10:59:28.604,LAM-BOP-02-UL,1260731044000,126073104400006049,TRUE
2026-08-04 10:59:26.964,AOI-PEP-01-UL,1260801056000,126080105600012080,TRUE
2026-08-04 10:59:22.604,LIN-INNDES-02-UL,,126080106400004027,TRUE
2026-08-04 10:59:22.419,CPP-Patternplating-01-L,1260606004000,12606060040001C089,TRUE
2026-08-04 10:59:22.396,WIR-SE-01-UL,1260630180000,12606301800003A014,TRUE
2026-08-04 10:59:23.261,LAM-BOP-02-L,1260731045000,126073105700008040,TRUE
2026-08-04 10:59:20.814,SMK-BRU-02-UL,1260716041020,126071604100001006,TRUE
2026-08-04 10:59:19.674,ELC-TRE-01-L,1260627140000,126062714000001023,TRUE
2026-08-04 10:59:17.216,CPP-Patternplating-01-UL,1260711011000,126071400100058040,TRUE
2026-08-04 10:59:20.245,LIN-OUTTRE-01-UL,1260710007000,126070604800001072,TRUE
2026-08-04 10:59:16.761,AOI-PEP-01-L,1260801056000,126080105600012059,TRUE
2026-08-04 10:54:48.607,CPP-Horizontalplating-01-L,1260709070000,126072501300400111,TRUE
2026-08-04 10:59:22.245,LIN-INNDES-01-L,,126080106100010017,TRUE
2026-08-04 10:58:47.932,WIR-LDI-01-UL,,12606230980002B171,TRUE
2026-08-04 10:54:25.099,AOI-RESAOI-01-UL,1260716047020,126071604700001007,TRUE
2026-08-04 10:59:52.199,LAM-BOP-02-UL,1260731044000,126073104400006051,TRUE
2026-08-04 10:59:51.340,LIN-INNDES-01-L,,126080106100010021,TRUE
2026-08-04 10:59:51.043,LIN-OUTTRE-01-L,1260611066020,126061106600001025,TRUE
2026-08-04 10:59:50.973,ELC-TRE-01-L,1260627140000,126062714000001032,TRUE
2026-08-04 10:59:50.439,LIN-INNLDI-01-L,1260801121000,126080112100010031,TRUE
2026-08-04 10:59:49.146,WIR-SE-01-UL,1260630180000,12606301800003A015,TRUE
2026-08-04 10:59:48.502,WIR-Vdevelop-01-UL,1260619002010,"12606190020002B157,BD",TRUE
2026-08-04 10:59:47.745,LIN-INNDES-02-UL,,126080106400004028,TRUE
2026-08-04 10:59:47.453,LSR-Debrowning-01-L,1260713001010,126071300100049178,TRUE
2026-08-04 10:59:45.293,LAM-BOP-02-L,1260731045000,126073104500008076,TRUE
2026-08-04 10:59:42.910,ELC-TRE-01-UL,1260627140000,126062714000001021,TRUE
2026-08-04 10:59:39.516,WIR-Vdevelop-01-L,1260619002010,12606190020002B125,TRUE
2026-08-04 10:59:39.375,WIR-LDI-01-UL,,12606230980002B172,TRUE
2026-08-04 10:59:35.762,AOI-PEP-01-UL,1260801056000,126080105600012059,TRUE
2026-08-04 10:59:40.589,LIN-INNDES-02-L,,126080106400004006,TRUE
2026-08-04 10:59:33.396,WIR-SE-01-L,1260630180010,12606301800003A144,TRUE
2026-08-04 10:59:39.266,WIR-Decoatbake-01-L,1260707002010,126070700200049144,TRUE
2026-08-04 11:00:13.318,ELC-TRE-01-UL,1260627140000,126062714000001071,TRUE
2026-08-04 11:00:10.938,CPP-Patternplating-01-UL,1260711011000,126071400100058037,TRUE
2026-08-04 11:00:09.792,LIN-INNDES-02-L,,126080106400004004,TRUE
2026-08-04 11:00:08.362,LIN-INNLDI-01-L,1260801121000,126080112100010029,TRUE
2026-08-04 11:00:07.746,LAM-BOP-02-L,1260731045000,126073104500008074,TRUE
2026-08-04 11:00:07.418,LIN-OUTTRE-01-L,1260611066020,126061106600001029,TRUE
2026-08-04 11:00:06.923,LSR-Debrowning-01-L,1260713001010,126071300100049177,TRUE
2026-08-04 11:00:06.058,LIN-INNDES-01-L,,126080106100010049,TRUE
2026-08-04 11:00:05.672,WIR-LDI-01-L,,12606230980002B169,TRUE
2026-08-04 11:00:04.183,LAM-BOP-02-UL,1260731044000,126073104400006052,TRUE
2026-08-04 11:00:01.735,ELC-INS-01-L,1260703036000,Error_202608041800017355,FALSE
2026-08-04 11:00:00.058,LIN-INNDES-02-UL,,126080106400004029,TRUE
2026-08-04 10:59:59.251,LSR-Debrowning-01-UL,1260713001000,126071300100049006,TRUE
2026-08-04 10:59:55.308,LIN-OUTTRE-01-UL,1260710007000,126070604800001032,TRUE
2026-08-04 10:59:55.228,LIN-INNTRE-02-UL-2,,126080300800004055,TRUE
2026-08-04 11:00:06.490,ELC-TRE-01-L,1260627140000,126062714000001036,TRUE
2026-08-04 10:59:54.459,WIR-SE-01-L,1260630180010,12606301800003A148,TRUE
2026-08-04 10:59:54.025,LIN-INNTRE-02-UL-1,,126080300800004058,TRUE
2026-08-04 11:00:35.777,LIN-INNDES-01-L,,126080106100010053,TRUE
2026-08-04 11:00:32.798,LSR-Debrowning-01-L,1260713001010,126071300100049176,TRUE
2026-08-04 11:00:30.736,WIR-Vdevelop-01-UL,1260619002010,"12606190020002B156,BB",TRUE
2026-08-04 11:00:30.417,LIN-INNDES-02-UL,,126080106400004032,TRUE
2026-08-04 11:00:29.699,LAM-BOP-02-L,1260731045000,126073104500008072,TRUE
2026-08-04 11:00:28.928,ELC-TRE-01-UL,1260627140000,126062714000001039,TRUE
2026-08-04 11:00:29.577,LIN-OUTTRE-01-UL,1260710007000,126070604800001039,TRUE
2026-08-04 11:00:28.605,LAM-BOP-02-UL,1260731044000,126073104400006053,TRUE
2026-08-04 11:00:27.284,LIN-INNLDI-01-L,1260801121000,126080112100010027,TRUE
2026-08-04 11:00:26.983,LIN-OUTDES-01-UL,1260709031020,126063031800001071,TRUE
2026-08-04 11:00:26.002,LSR-Debrowning-01-UL,1260713001000,126071300100049005,TRUE
2026-08-04 11:00:24.183,LIN-INNDES-02-L,,126080106400004003,TRUE
2026-08-04 11:00:24.046,LIN-OUTTRE-01-L,1260611066020,126061106600001069,TRUE
2026-08-04 11:00:22.772,ELC-TRE-01-L,1260627140000,126062714000001033,TRUE
2026-08-04 11:00:19.115,WIR-SE-01-L,1260630180010,12606301800003A133,TRUE
2026-08-04 11:00:20.822,LIN-INNTRE-02-UL-1,,Error_202608041800208222,FALSE
2026-08-04 11:00:18.884,LIN-INNTRE-02-UL-2,,126080300800004057,TRUE
2026-08-04 11:00:16.079,CPP-Patternplating-01-L,1260606004000,12606060040001C092,TRUE
2026-08-04 11:00:15.313,WIR-Vdevelop-01-L,1260619002010,12606190020002B126,TRUE
2026-08-04 11:00:15.595,WIR-Decoatbake-01-L,1260707002010,126070700200049155,TRUE
2026-08-04 11:00:15.162,WIR-SE-01-UL,1260630180000,12606301800003A011,TRUE
2026-08-04 10:59:16.761,AOI-PEP-01-L,1260801056000,126080105600012059,TRUE
2026-08-04 09:33:57.892,ELC-INS-01-UL,1260703072020,126070307200001069,TRUE
2026-08-04 11:00:45.916,WIR-SE-01-L,1260630180010,12606301800003A138,TRUE
2026-08-04 11:00:43.975,ELC-TRE-01-UL,1260627140000,126062714000001007,TRUE
2026-08-04 11:00:43.496,LIN-INNDES-02-UL,,126080106400004033,TRUE
2026-08-04 11:00:43.120,LIN-INNTRE-02-UL-2,,126080300800004059,TRUE
2026-08-04 11:00:43.143,LIN-INNLDI-01-L,1260801121000,126080112100010025,TRUE
2026-08-04 11:00:42.212,WIR-SE-01-UL,1260630180000,12606301800003A012,TRUE
2026-08-04 11:00:41.807,LIN-INNTRE-02-UL-1,,126080300800004062,TRUE
2026-08-04 11:00:40.762,LAM-BOP-02-UL,1260731044000,126073104400006054,TRUE
2026-08-04 11:00:40.371,LAM-BOP-02-L,1260731045000,126073104500008071,TRUE
2026-08-04 11:00:39.937,LIN-OUTTRE-01-L,1260611066020,126061106600001073,TRUE
2026-08-04 11:00:37.965,LIN-INNDES-02-L,,126080106400004002,TRUE
2026-08-04 11:00:38.381,ELC-TRE-01-L,1260627140000,126062714000001052,TRUE
2026-08-04 11:00:36.174,WIR-LDI-01-L,,12606230980002B170,TRUE
2026-08-04 11:00:36.143,CPP-Horizontalplating-01-L,1260709070000,126072501300400075,TRUE
2026-08-04 11:01:06.667,WIR-SE-01-L,1260630180010,12606301800003A121,TRUE
2026-08-04 11:01:06.010,LIN-INNTRE-02-UL-1,,126080300800004064,TRUE
2026-08-04 11:01:05.546,LAM-BOP-02-UL,1260731044000,126073104400006055,TRUE
2026-08-04 11:01:05.161,WIR-Vdevelop-01-UL,1260619002010,"12606190020002B138,BD",TRUE
2026-08-04 11:01:04.656,LIN-INNDES-01-L,,126080106100010057,TRUE
2026-08-04 11:01:04.333,CPP-Patternplating-01-UL,1260711011000,126071400100058038,TRUE
2026-08-04 11:01:04.157,LIN-OUTTRE-01-UL,1260710007000,126070604800001046,TRUE
2026-08-04 11:01:03.109,LAM-BOP-02-L,1260731045000,126073104500008069,TRUE
2026-08-04 11:01:01.801,LIN-INNLDI-01-L,1260801121000,126080112100010023,TRUE
2026-08-04 11:01:00.406,LIN-OUTDES-01-UL,1260709031020,126063031800001029,TRUE
2026-08-04 11:00:59.429,ELC-TRE-01-UL,1260627140000,126062714000001018,TRUE
2026-08-04 11:00:58.996,LIN-INNDES-02-UL,,126080106400004034,TRUE
2026-08-04 11:00:58.815,LSR-Debrowning-01-L,1260713001010,126071300100049175,TRUE
2026-08-04 11:00:56.750,LIN-OUTTRE-01-L,1260611066020,126061106600001033,TRUE
2026-08-04 11:00:53.429,ELC-TRE-01-L,1260627140000,126062714000001011,TRUE
2026-08-04 11:00:52.440,LSR-Debrowning-01-UL,1260713001000,126071300100049004,TRUE
2026-08-04 11:00:52.330,WIR-Decoatbake-01-L,1260707002010,126070700200049154,TRUE
2026-08-04 11:00:51.049,WIR-Vdevelop-01-L,1260619002010,12606190020002B123,TRUE
2026-08-04 11:00:51.746,LIN-INNDES-02-L,,126080106400004001,TRUE
2026-08-04 09:33:57.892,ELC-INS-01-UL,1260703072020,126070307200001069,TRUE
2026-08-04 11:00:48.987,CPP-Horizontalplating-01-L,1260709070000,126072501300400090,TRUE
2026-08-04 11:01:25.051,LSR-Debrowning-01-L,1260713001010,126071300100049174,TRUE
2026-08-04 11:01:24.102,ELC-TRE-01-L,1260627140000,126062714000001040,TRUE
2026-08-04 11:01:19.437,LIN-INNDES-01-L,,126080106100010059,TRUE
2026-08-04 11:01:18.910,LSR-Debrowning-01-UL,1260713001000,126071300100049003,TRUE
2026-08-04 11:01:17.562,LAM-BOP-02-UL,1260731044000,126073104400006056,TRUE
2026-08-04 11:01:15.170,LIN-INNDES-02-UL,,126080106400004035,TRUE
2026-08-04 11:01:17.520,LIN-INNLDI-01-L,1260801121000,126080112100010021,TRUE
2026-08-04 11:01:14.477,ELC-TRE-01-UL,1260627140000,126062714000001005,TRUE
2026-08-04 11:01:10.568,CPP-Horizontalplating-01-L,1260709070000,12607090700003I005,TRUE
2026-08-04 11:01:12.925,LIN-OUTTRE-01-L,1260611066020,126061106600001078,TRUE
2026-08-04 11:01:08.302,WIR-LDI-01-L,,12606230980002B161,TRUE
2026-08-04 11:01:08.026,WIR-SE-01-UL,1260630180000,12606301800003A013,TRUE
2026-08-04 11:01:09.943,CPP-Patternplating-01-L,1260606004000,12606060040001C085,TRUE
2026-08-04 11:01:07.651,LIN-INNTRE-02-UL-2,,126080300800004061,TRUE
2026-08-04 09:52:14.577,SDM-DI-01-L,,12606040010002B164,TRUE
2026-08-04 11:01:42.316,LAM-BOP-02-UL,1260731044000,126073104400006059,TRUE
2026-08-04 11:01:42.138,LIN-INNTRE-02-UL-2,,Error_202608041801421384,FALSE
2026-08-04 11:01:41.704,LIN-INNDES-02-UL,,126080106400004037,TRUE
2026-08-04 11:01:41.038,ELC-INS-01-UL,1260703036000,126070303600001049,TRUE
2026-08-04 11:01:39.725,WIR-Vdevelop-01-UL,1260619002010,"12606190020002B135,BD",TRUE
2026-08-04 11:01:39.353,ELC-TRE-01-L,1260627140000,126062714000001016,TRUE
2026-08-04 11:01:37.051,LIN-INNLDI-01-L,1260801121000,126080112100010019,TRUE
2026-08-04 11:01:39.041,WIR-SE-01-L,1260630180010,12606301800003A122,TRUE
2026-08-04 11:01:34.698,WIR-SE-01-UL,1260630180000,12606301800003A036,TRUE
2026-08-04 11:01:34.407,LIN-INNDES-01-L,,126080106100010061,TRUE
2026-08-04 11:01:33.538,CPP-Horizontalplating-01-L,1260709070000,12607090700003I006,TRUE
2026-08-04 11:01:30.305,ELC-TRE-01-UL,1260627140000,126062714000001024,TRUE
2026-08-04 11:01:31.934,LIN-INNTRE-02-UL-1,,126080300800004066,TRUE
2026-08-04 11:01:29.410,LIN-OUTTRE-01-L,1260611066020,126061106600001026,TRUE
2026-08-04 11:01:29.097,SDM-DI-01-UL,1260616091000,12606040010001C236,TRUE
2026-08-04 11:01:28.881,WIR-Decoatbake-01-L,1260707002010,126070700200049152,TRUE
2026-08-04 11:01:27.038,WIR-Vdevelop-01-L,1260619002010,12606190020002B140,TRUE
2026-08-04 11:01:04.157,LIN-OUTTRE-01-UL,1260710007000,126070604800001046,TRUE
2026-08-04 11:00:51.746,LIN-INNDES-02-L,,126080106400004001,TRUE
2026-08-04 10:43:18.451,SMK-BRU-01-L,1260725015010,M0960013A2000G-0607,TRUE
2026-08-04 11:01:54.453,LIN-INNTRE-02-UL-1,,126080300800004068,TRUE
2026-08-04 11:01:55.181,ELC-TRE-01-L,1260627140000,126062714000001028,TRUE
2026-08-04 11:01:53.894,LAM-BOP-02-UL,1260731044000,126073104400006060,TRUE
2026-08-04 11:01:51.520,LSR-Debrowning-01-L,1260713001010,126071300100049173,TRUE
2026-08-04 11:01:52.569,LIN-INNLDI-01-L,1260801121000,126080112100010017,TRUE
2026-08-04 11:01:49.347,LIN-INNDES-01-L,,126080106100010063,TRUE
2026-08-04 11:01:45.722,LSR-Debrowning-01-UL,1260713001000,126071300100049002,TRUE
2026-08-04 11:01:45.506,LIN-OUTTRE-01-L,1260611066020,126061106600001019,TRUE
2026-08-04 11:01:45.372,LIN-INNTRE-02-UL-2,,126080300800004063,TRUE
2026-08-04 11:01:45.009,ELC-TRE-01-UL,1260627140000,126062714000001001,TRUE
2026-08-04 11:01:33.538,CPP-Horizontalplating-01-L,1260709070000,12607090700003I006,TRUE
2026-08-04 09:52:14.577,SDM-DI-01-L,,12606040010002B164,TRUE
2026-08-04 11:02:12.224,LSR-Debrowning-01-UL,1260713001000,126071300100049001,TRUE
2026-08-04 11:02:12.100,LIN-INNLDI-01-L,1260801121000,126080112100010015,TRUE
2026-08-04 11:02:11.775,ELC-TRE-01-L,1260627140000,126062714000001059,TRUE
2026-08-04 11:02:08.379,LIN-INNDES-02-UL,,126080106400004041,TRUE
2026-08-04 11:02:06.503,LAM-BOP-02-UL,1260731044000,126073104400006062,TRUE
2026-08-04 11:02:06.274,WIR-Decoatbake-01-L,1260707002010,126070700200049151,TRUE
2026-08-04 11:02:05.480,WIR-SE-01-L,1260630180010,12606301800003A123,TRUE
2026-08-04 11:02:03.456,LIN-INNDES-01-L,,126080106100010065,TRUE
2026-08-04 11:02:03.446,CPP-Patternplating-01-L,1260606004000,12606060040001C088,TRUE
2026-08-04 11:02:02.712,WIR-Vdevelop-01-L,1260619002010,12606190020002B137,TRUE
2026-08-04 11:02:02.003,LIN-OUTTRE-01-L,1260611066020,126061106600001055,TRUE
2026-08-04 11:01:58.102,CPP-Patternplating-01-UL,1260711011000,126071400100058004,TRUE
2026-08-04 11:02:00.353,ELC-TRE-01-UL,1260627140000,126062714000001008,TRUE
2026-08-04 11:02:00.589,WIR-SE-01-UL,1260630180000,12606301800003A031,TRUE
2026-08-04 11:01:56.953,LIN-INNTRE-02-UL-2,,126080300800004065,TRUE
2026-08-04 11:01:56.009,CPP-Horizontalplating-01-L,1260709070000,126072501300400114,TRUE
2026-08-04 11:00:01.735,ELC-INS-01-L,1260703036000,Error_202608041800017355,FALSE
2026-08-04 10:06:03.437,ELC-RED-01-L,1260709037020,126070903700010039,TRUE
2026-08-04 09:52:14.577,SDM-DI-01-L,,12606040010002B164,TRUE
2026-08-04 11:02:32.103,ELC-TRE-01-UL,1260627140000,126062714000001045,TRUE
2026-08-04 11:02:32.738,LIN-INNDES-01-L,,126080106100010069,TRUE
2026-08-04 11:02:31.094,LIN-INNTRE-02-UL-2,,126080300800004067,TRUE
2026-08-04 11:02:29.879,LAM-BOP-02-UL,1260731044000,126073104400006064,TRUE
2026-08-04 11:02:27.621,WIR-SE-01-UL,1260630180000,12606301800003A034,TRUE
2026-08-04 11:02:27.228,ELC-TRE-01-L,1260627140000,126062714000001068,TRUE
2026-08-04 11:02:27.132,LIN-INNLDI-01-L,1260801121000,126080112100010013,TRUE
2026-08-04 11:02:19.604,CPP-Horizontalplating-01-L,1260709070000,126072501300400018,TRUE
2026-08-04 11:02:26.324,WIR-SE-01-L,1260630180010,12606301800003A125,TRUE
2026-08-04 11:02:18.443,LIN-OUTTRE-01-L,1260611066020,126061106600001050,TRUE
2026-08-04 11:02:18.124,LIN-INNTRE-02-UL-1,,126080300800004070,TRUE
2026-08-04 11:02:15.228,WIR-Vdevelop-01-UL,1260619002010,"12606190020002B136,BD",TRUE
2026-08-04 11:02:18.005,LSR-Debrowning-01-L,1260713001010,126071300100049172,TRUE
2026-08-04 11:02:53.951,WIR-SE-01-UL,1260630180000,12606301800003A033,TRUE
2026-08-04 11:02:53.832,LAM-BOP-02-UL,1260731044000,126073104400006066,TRUE
2026-08-04 11:02:51.793,CPP-Patternplating-01-UL,1260711011000,126071400100058017,TRUE
2026-08-04 11:02:51.538,LIN-OUTTRE-01-L,1260611066020,126061106600001042,TRUE
2026-08-04 11:02:53.679,ROU-RIN-01-UL,,Error_202608041802536797,FALSE
2026-08-04 11:02:50.122,WIR-Vdevelop-01-UL,1260619002010,"12606190020002B133,BD",TRUE
2026-08-04 11:02:47.707,LIN-INNDES-01-L,,126080106100010071,TRUE
2026-08-04 11:02:47.634,ELC-TRE-01-UL,1260627140000,126062714000001064,TRUE
2026-08-04 11:02:45.460,LIN-INNLDI-01-L,1260801121000,126080112100010011,TRUE
2026-08-04 11:02:44.063,LIN-INNTRE-02-UL-2,,126080300800004069,TRUE
2026-08-04 11:02:44.631,LSR-Debrowning-01-L,1260713001010,126071300100049171,TRUE
2026-08-04 11:02:43.647,LIN-OUTTRE-01-UL,1260710007000,126070604800001078,TRUE
2026-08-04 11:02:43.309,WIR-Decoatbake-01-L,1260707002010,126070700200049150,TRUE
2026-08-04 11:02:42.462,LIN-INNDES-02-UL,,126080106400004040,TRUE
2026-08-04 11:02:41.984,LIN-INNTRE-02-UL-1,,126080300800004072,TRUE
2026-08-04 11:02:41.916,ELC-TRE-01-L,1260627140000,126062714000001050,TRUE
2026-08-04 11:02:38.719,LIN-INNLDI-02-L,1260709019000,126070901900001048,TRUE
2026-08-04 11:02:38.465,WIR-Vdevelop-01-L,1260619002010,12606190020002B170,TRUE
2026-08-04 11:03:14.184,ELC-TRE-01-L,1260627140000,126062714000001004,TRUE
2026-08-04 11:03:14.154,WIR-Vdevelop-01-L,1260619002010,12606190020002B122,TRUE
2026-08-04 11:03:14.061,LIN-INNDES-02-L,,126080106800012056,TRUE
2026-08-04 11:03:07.423,LIN-INNTRE-02-UL-2,,126080300800004071,TRUE
2026-08-04 11:03:10.788,LSR-Debrowning-01-L,1260713001010,126071300100049169,TRUE
2026-08-04 11:03:06.567,LAM-BOP-02-UL,1260731044000,126073104400006067,TRUE
2026-08-04 11:03:06.392,LIN-INNTRE-02-UL-1,,126080300800004074,TRUE
2026-08-04 11:03:03.042,ELC-TRE-01-UL,1260627140000,126062714000001023,TRUE
2026-08-04 11:03:02.289,LIN-INNLDI-01-L,1260801121000,126080112100010009,TRUE
2026-08-04 11:03:02.114,LIN-INNDES-01-L,,126080106100010073,TRUE
2026-08-04 11:03:01.543,LIN-INNDES-02-UL,,126080106400004042,TRUE
2026-08-04 11:02:58.342,WIR-SE-01-L,1260630180010,12606301800003A126,TRUE
2026-08-04 11:02:57.044,CPP-Patternplating-01-L,1260606004000,12606060040001C087,TRUE
2026-08-04 11:02:57.282,LIN-INNLDI-02-L,1260709019000,126070901900001061,TRUE
2026-08-04 11:02:51.538,LIN-OUTTRE-01-L,1260611066020,126061106600001042,TRUE
2026-08-04 11:01:03.109,LAM-BOP-02-L,1260731045000,126073104500008069,TRUE
2026-08-04 10:59:20.814,SMK-BRU-02-UL,1260716041020,126071604100001006,TRUE
2026-08-04 11:03:24.906,WIR-SE-01-L,1260630180010,12606301800003A139,TRUE
2026-08-04 11:03:24.716,WIR-Vdevelop-01-UL,1260619002010,"12606190020002B134,BD",TRUE
2026-08-04 11:03:21.055,LIN-INNLDI-01-L,1260801121000,126080112100010007,TRUE
2026-08-04 11:03:20.718,WIR-SE-01-UL,1260630180000,12606301800003A030,TRUE
2026-08-04 11:03:19.887,ELC-TRE-01-UL,1260627140000,126062714000001066,TRUE
2026-08-04 11:03:19.576,WIR-Decoatbake-01-L,1260707002010,126070700200049159,TRUE
2026-08-04 11:03:18.620,LIN-OUTTRE-01-UL,1260710007000,126070604800001009,TRUE
2026-08-04 11:03:16.755,LIN-INNDES-01-L,,126080106100010075,TRUE
2026-08-04 11:03:16.424,LIN-INNLDI-02-L,1260709019000,126070901900001055,TRUE
2026-08-04 11:01:00.406,LIN-OUTDES-01-UL,1260709031020,126063031800001029,TRUE
2026-08-04 11:03:18.521,LAM-BOP-02-UL,1260731044000,126073104400006068,TRUE
2026-08-04 11:03:46.970,WIR-SE-01-UL,1260630180000,12606301800003A032,TRUE
2026-08-04 11:03:45.943,LIN-INNDES-01-L,,126080106100010023,TRUE
2026-08-04 11:03:45.530,CPP-Patternplating-01-UL,1260711011000,126071400100058018,TRUE
2026-08-04 11:03:44.746,ELC-TRE-01-L,1260627140000,126062714000001006,TRUE
2026-08-04 11:03:42.911,LAM-BOP-02-UL,1260731044000,126073104400006070,TRUE
2026-08-04 11:03:42.875,LIN-INNDES-02-L,,126080106800012060,TRUE
2026-08-04 11:03:40.222,LIN-INNLDI-02-L,1260709019000,126070901900001034,TRUE
2026-08-04 11:03:39.967,WIR-LDI-01-UL,,12606230980002B173,TRUE
2026-08-04 11:03:37.526,LSR-Debrowning-01-L,1260713001010,126071300100049170,TRUE
2026-08-04 11:03:36.822,LIN-INNLDI-01-L,1260801121000,126080112100010005,TRUE
2026-08-04 11:03:34.184,ELC-TRE-01-UL,1260627140000,126062714000001032,TRUE
2026-08-04 11:03:31.847,LIN-INNTRE-02-UL-2,,126080300800004073,TRUE
2026-08-04 11:03:30.599,AOI-PEP-01-L,1260801046000,126080101600004022,TRUE
2026-08-04 10:59:35.762,AOI-PEP-01-UL,1260801056000,126080105600012059,TRUE
2026-08-04 11:03:30.409,LIN-INNTRE-02-UL-1,,126080300800004076,TRUE
2026-08-04 11:04:05.584,AOI-PEP-01-L,1260801046000,126080101600004051,TRUE
2026-08-04 11:04:05.997,ELC-TRE-01-UL,1260627140000,126062714000001033,TRUE
2026-08-04 11:04:04.107,LSR-Debrowning-01-L,1260713001010,126071300100049168,TRUE
2026-08-04 11:04:01.618,LIN-INNLDI-02-L,1260709019000,126070901900001014,TRUE
2026-08-04 11:04:00.631,LIN-INNDES-01-L,,126080106100010025,TRUE
2026-08-04 11:03:59.654,ELC-TRE-01-L,1260627140000,126062714000001010,TRUE
2026-08-04 11:03:59.048,WIR-Vdevelop-01-UL,1260619002010,"12606190020002B131,BD",TRUE
2026-08-04 11:03:57.673,LIN-INNDES-02-L,,126080106800012062,TRUE
2026-08-04 11:03:55.602,LIN-INNTRE-02-UL-2,,126080300800004075,TRUE
2026-08-04 11:03:55.400,LIN-INNLDI-01-L,1260801121000,126080112100010003,TRUE
2026-08-04 11:03:55.084,LAM-BOP-02-UL,1260731044000,126073104400006071,TRUE
2026-08-04 11:03:54.290,LIN-INNTRE-02-UL-1,,126080300800004078,TRUE
2026-08-04 11:03:52.454,LIN-OUTTRE-01-UL,1260710007000,126070604800001068,TRUE
2026-08-04 11:03:50.702,CPP-Patternplating-01-L,1260606004000,12606060040001C084,TRUE
2026-08-04 11:03:51.362,WIR-SE-01-L,1260630180010,12606301800003A140,TRUE
2026-08-04 11:03:47.735,LIN-INNDES-02-UL,,126080106400004013,TRUE
2026-08-04 11:04:05.235,WIR-LDI-01-L,,12606230980002B162,TRUE
2026-08-04 11:03:50.124,WIR-Vdevelop-01-L,1260619002010,12606190020002B121,TRUE
2026-08-04 11:03:56.703,WIR-Decoatbake-01-L,1260707002010,126070700200049158,TRUE
2026-08-04 10:06:03.437,ELC-RED-01-L,1260709037020,126070903700010039,TRUE
2026-08-04 11:04:21.733,ELC-TRE-01-UL,1260627140000,126062714000001052,TRUE
2026-08-04 11:04:20.134,LIN-INNTRE-02-UL-1,,126080300800004080,TRUE
2026-08-04 11:04:19.319,LAM-BOP-02-UL,1260731044000,126073104400006073,TRUE
2026-08-04 11:04:17.487,LIN-OUTTRE-01-L,1260611066020,126061106600001045,TRUE
2026-08-04 11:04:15.928,LIN-INNDES-01-L,,126080106100010027,TRUE
2026-08-04 11:04:14.905,ELC-TRE-01-L,1260627140000,126062714000001077,TRUE
2026-08-04 11:04:14.743,LIN-INNLDI-02-L,1260709019000,126070901900001048,TRUE
2026-08-04 11:04:13.582,WIR-SE-01-UL,1260630180000,12606301800003A026,TRUE
2026-08-04 11:04:12.285,WIR-SE-01-L,1260630180010,12606301800003A141,TRUE
2026-08-04 11:04:11.986,LIN-INNDES-02-L,,126080106800012064,TRUE
2026-08-04 11:04:11.502,LIN-INNLDI-01-L,1260801121000,126080112100010001,TRUE
2026-08-04 11:03:50.702,CPP-Patternplating-01-L,1260606004000,12606060040001C084,TRUE
2026-08-04 11:03:50.124,WIR-Vdevelop-01-L,1260619002010,12606190020002B121,TRUE
2026-08-04 10:53:47.799,SMK-BRU-01-UL,1260725015010,M0960013A2000G-0607,TRUE
2026-08-04 11:04:26.361,LIN-INNDES-02-L,,126080106800012066,TRUE
2026-08-04 11:04:25.862,LIN-OUTTRE-01-UL,1260710007000,126070604800001015,TRUE
2026-08-04 11:04:25.228,LIN-INNTRE-02-UL-2,,Error_202608041804252284,FALSE
2026-08-04 11:04:24.134,LIN-INNLDI-02-L,1260709019000,126070901900001010,TRUE
2026-08-04 10:45:13.138,SMK-BRU-02-L,1260716041020,126071604100001034,TRUE
2026-08-04 11:04:46.882,LAM-BOP-02-L,1260731045000,126073104500008068,TRUE
2026-08-04 11:04:46.492,AOI-PEP-01-L,1260801046000,126080101600004045,TRUE
2026-08-04 11:04:45.718,ELC-TRE-01-L,1260627140000,126062714000001017,TRUE
2026-08-04 11:04:46.447,LIN-INNLDI-02-L,1260709019000,126070901900001074,TRUE
2026-08-04 11:04:45.429,LIN-INNDES-01-L,,126080106100010031,TRUE
2026-08-04 11:04:44.519,CPP-Patternplating-01-L,1260606004000,12606060040001C083,TRUE
2026-08-04 11:04:43.726,LAM-BOP-02-UL,1260731044000,126073104400006075,TRUE
2026-08-04 11:04:40.442,WIR-SE-01-UL,1260630180000,12606301800003A027,TRUE
2026-08-04 11:04:40.173,LIN-INNDES-02-L,,126080106800012068,TRUE
2026-08-04 11:04:37.846,WIR-LDI-01-UL,,12606230980002B174,TRUE
2026-08-04 11:04:39.033,CPP-Patternplating-01-UL,1260711011000,126071400100058015,TRUE
2026-08-04 11:04:37.327,ELC-TRE-01-UL,1260627140000,126062714000001011,TRUE
2026-08-04 11:04:34.049,WIR-Decoatbake-01-L,1260707002010,126070700200049157,TRUE
2026-08-04 11:04:33.425,LIN-OUTTRE-01-L,1260611066020,126061106600001059,TRUE
2026-08-04 11:04:33.815,WIR-Vdevelop-01-UL,1260619002010,"12606190020002B147,BD",TRUE
2026-08-04 11:04:33.244,LIN-INNTRE-02-UL-2,,126080300800004077,TRUE
2026-08-04 11:04:33.238,WIR-SE-01-L,1260630180010,12606301800003A132,TRUE
2026-08-04 11:04:30.142,LSR-Debrowning-01-L,1260713001010,126071300100049167,TRUE
2026-08-04 11:04:20.134,LIN-INNTRE-02-UL-1,,126080300800004080,TRUE
2026-08-04 09:52:14.577,SDM-DI-01-L,,12606040010002B164,TRUE
2026-08-04 11:05:16.418,AOI-PEP-01-L,1260801046000,126080102800004002,TRUE
2026-08-04 11:05:13.765,ELC-TRE-01-L,1260627140000,126062714000001044,TRUE
2026-08-04 11:05:16.739,LIN-OUTTRE-01-L,1260611066020,126061106600001016,TRUE
2026-08-04 11:05:11.666,AOI-PEP-01-UL,1260801046000,126080101600004022,TRUE
2026-08-04 11:05:11.132,WIR-SE-01-L,1260630180010,12606301800003A134,TRUE
2026-08-04 11:05:10.067,WIR-Decoatbake-01-L,1260707002010,126070700200049156,TRUE
2026-08-04 11:05:09.822,LAM-BOP-02-L,1260731045000,126073104500008066,TRUE
2026-08-04 11:05:08.567,WIR-Vdevelop-01-UL,1260619002010,"12606190020002B124,BD",TRUE
2026-08-04 11:05:08.502,LIN-INNDES-02-L,,126080106800012072,TRUE
2026-08-04 11:05:08.072,LAM-BOP-02-UL,1260731044000,126073104400006077,TRUE
2026-08-04 11:05:07.926,WIR-LDI-01-UL,,12606230980002B175,TRUE
2026-08-04 11:05:07.968,ELC-TRE-01-UL,1260627140000,126062714000001040,TRUE
2026-08-04 11:05:07.136,LIN-INNLDI-02-L,1260709019000,126070901900001072,TRUE
2026-08-04 11:05:06.975,WIR-SE-01-UL,1260630180000,12606301800003A028,TRUE
2026-08-04 11:05:05.098,LIN-OUTTRE-01-UL,1260710007000,Error_202608041805050989,FALSE
2026-08-04 11:04:58.487,LSR-Debrowning-01-UL,1260713001010,126071300100049180,TRUE
2026-08-04 11:05:02.958,WIR-LDI-01-L,,12606230980002B163,TRUE
2026-08-04 11:04:56.729,LIN-INNTRE-02-UL-2,,126080300800004079,TRUE
2026-08-04 11:04:56.549,LSR-Debrowning-01-L,1260713001010,126071300100049166,TRUE
2026-08-04 10:53:47.799,SMK-BRU-01-UL,1260725015010,M0960013A2000G-0607,TRUE
2026-08-04 04:34:32.464,SMK-TRE-01-UL,1260722003000,126072200300001003,TRUE
2026-08-04 11:05:38.860,ELC-TRE-01-UL,1260627140000,126062714000001028,TRUE
2026-08-04 11:05:38.099,CPP-Patternplating-01-L,1260606004000,12606060040001C086,TRUE
2026-08-04 11:05:37.896,WIR-LDI-01-UL,,12606230980002B176,TRUE
2026-08-04 11:05:37.555,WIR-SE-01-L,1260630180010,12606301800003A135,TRUE
2026-08-04 11:05:38.740,LIN-OUTTRE-01-L,1260611066020,126061106600001005,TRUE
2026-08-04 11:05:37.536,LIN-INNDES-02-L,,126080106800012076,TRUE
2026-08-04 11:05:36.812,AOI-PEP-01-UL,1260801046000,126080101600004045,TRUE
2026-08-04 11:05:35.005,WIR-LDI-01-L,,12606230980002B164,TRUE
2026-08-04 11:05:34.140,AOI-PEP-01-L,1260801046000,126080104600004051,TRUE
2026-08-04 11:05:33.929,WIR-SE-01-UL,1260630180000,12606301800003A023,TRUE
2026-08-04 11:05:33.349,CPP-Patternplating-01-UL,1260711011000,126071400100058011,TRUE
2026-08-04 11:05:31.843,LAM-BOP-02-L,1260731045000,126073105700008041,TRUE
2026-08-04 11:05:32.062,LAM-BOP-02-UL,1260731044000,126073104400006079,TRUE
2026-08-04 11:05:30.547,ELC-TRE-01-L,1260627140000,126062714000001070,TRUE
2026-08-04 11:05:30.746,LIN-INNLDI-02-L,1260709019000,126070901900001042,TRUE
2026-08-04 11:05:24.067,LSR-Debrowning-01-L,1260713001010,126071300100049165,TRUE
2026-08-04 11:05:24.067,LSR-Debrowning-01-UL,1260713001010,126071300100049179,TRUE
2026-08-04 11:05:44.469,LAM-BOP-02-UL,1260731044000,126073104400006080,TRUE
2026-08-04 11:05:43.115,WIR-Vdevelop-01-UL,1260619002010,"12606190020002B129,BD",TRUE
2026-08-04 11:05:42.765,LAM-BOP-02-L,1260731045000,126073104500008079,TRUE
2026-08-04 11:06:02.750,ELC-TRE-01-L,1260627140000,126062714000001002,TRUE
2026-08-04 11:06:04.782,LAM-BOP-02-L,1260731045000,126073104500008001,TRUE
2026-08-04 11:06:04.055,WIR-SE-01-L,1260630180010,12606301800003A136,TRUE
2026-08-04 11:06:02.520,ROU-RIN-01-UL,,Error_202608041806025202,FALSE
2026-08-04 11:06:00.788,LIN-OUTTRE-01-L,1260611066020,126061106600001075,TRUE
2026-08-04 11:05:59.273,WIR-SE-01-UL,1260630180000,12606301800003A024,TRUE
2026-08-04 11:05:57.038,LIN-OUTTRE-01-UL,1260710007000,126070604800001007,TRUE
2026-08-04 11:05:55.454,ELC-TRE-01-UL,1260627140000,126062714000001059,TRUE
2026-08-04 11:05:52.115,LIN-INNDES-02-L,,126080106800012078,TRUE
2026-08-04 11:05:49.599,LSR-Debrowning-01-L,1260713001010,126071300100049164,TRUE
2026-08-04 11:05:50.443,LSR-Debrowning-01-UL,1260713001010,126071300100049178,TRUE
2026-08-04 11:05:47.382,WIR-Decoatbake-01-L,1260707002010,126070700200049122,TRUE
2026-08-04 11:06:17.694,WIR-Vdevelop-01-UL,1260619002010,"12606190020002B130,BD",TRUE
2026-08-04 11:06:20.725,LIN-INNDES-02-L,,126080106800012022,TRUE
2026-08-04 11:06:16.166,LSR-Debrowning-01-L,1260713001010,126071300100049163,TRUE
2026-08-04 11:06:15.845,LAM-BOP-02-L,1260731045000,126073104500008002,TRUE
2026-08-04 11:06:13.135,LSR-Debrowning-01-UL,1260713001010,126071300100049177,TRUE
2026-08-04 11:06:10.251,ELC-TRE-01-UL,1260627140000,126062714000001068,TRUE
2026-08-04 11:06:09.617,LIN-OUTTRE-01-UL,1260710007000,126070604800001061,TRUE
2026-08-04 11:06:07.882,WIR-LDI-01-UL,,12606230980002B178,TRUE
2026-08-04 11:06:06.726,WIR-LDI-01-L,,12606230980002B165,TRUE
2026-08-04 11:01:00.406,LIN-OUTDES-01-UL,1260709031020,126063031800001029,TRUE
2026-08-04 11:06:35.680,LIN-INNDES-02-L,,126080106800012024,TRUE
2026-08-04 11:06:31.804,CPP-Patternplating-01-L,1260606004000,12606060040001C079,TRUE
2026-08-04 11:06:31.423,LIN-INNDES-01-L,,126080105800004027,TRUE
2026-08-04 11:06:29.673,AOI-PEP-01-L,1260801046000,126080104600004041,TRUE
2026-08-04 11:06:26.790,WIR-SE-01-UL,1260630180000,12606301800003A006,TRUE
2026-08-04 11:06:30.587,WIR-SE-01-L,1260630180010,12606301800003A158,TRUE
2026-08-04 11:06:26.861,LAM-BOP-02-L,1260731045000,126073104500008003,TRUE
2026-08-04 11:06:26.304,CPP-Patternplating-01-UL,1260711011000,126071400100058012,TRUE
2026-08-04 11:06:25.836,LIN-INNDES-02-UL,,126080106400004011,TRUE
2026-08-04 11:06:25.876,ELC-TRE-01-UL,1260627140000,126062714000001050,TRUE
2026-08-04 11:06:23.955,AOI-PEP-01-UL,1260801046000,126080102800004002,TRUE
2026-08-04 11:06:23.414,WIR-Decoatbake-01-L,1260707002010,126070700200049123,TRUE
2026-08-04 11:06:22.025,LIN-OUTTRE-01-L,1260611066020,126061106600001074,TRUE
2026-08-04 11:06:02.750,ELC-TRE-01-L,1260627140000,126062714000001002,TRUE
2026-08-04 11:06:52.728,WIR-SE-01-UL,1260630180000,12606301800003A044,TRUE
2026-08-04 11:06:52.483,WIR-Vdevelop-01-UL,1260619002010,"12606190020002B127,BB",TRUE
2026-08-04 11:06:51.893,AOI-PEP-01-L,1260801046000,126080104600004076,TRUE
2026-08-04 11:06:51.206,LAM-BOP-02-UL,1260731044000,126073104500008039,TRUE
2026-08-04 11:06:49.627,LAM-BOP-02-L,1260731045000,126073104500008005,TRUE
2026-08-04 11:06:49.418,SDM-DI-01-L,,12606160910001C092,TRUE
2026-08-04 11:06:49.790,LIN-INNDES-02-L,,126080106800012026,TRUE
2026-08-04 11:06:47.789,ROU-RIN-01-UL,,Error_202608041806477894,FALSE
2026-08-04 11:06:42.802,ELC-TRE-01-UL,1260627140000,126062714000001034,TRUE
2026-08-04 11:06:46.096,LIN-INNDES-01-L,,126080105800004029,TRUE
2026-08-04 11:06:43.651,LIN-OUTTRE-01-L,1260611066020,126061106600001021,TRUE
2026-08-04 11:06:37.836,WIR-LDI-01-UL,,12606230980002B177,TRUE
2026-08-04 11:06:38.820,WIR-LDI-01-L,,12606230980002B155,TRUE
2026-08-04 11:06:42.542,LSR-Debrowning-01-L,1260713001010,126071300100049162,TRUE
2026-08-04 11:06:43.808,LIN-INNDES-02-UL,,126080106400004012,TRUE
2026-08-04 11:06:37.792,LIN-OUTTRE-01-UL,1260710007000,126070604800001001,TRUE
2026-08-04 11:06:02.750,ELC-TRE-01-L,1260627140000,126062714000001002,TRUE
2026-08-04 11:06:37.448,LSR-Debrowning-01-UL,1260713001010,126071300100049176,TRUE
2026-08-04 11:07:12.730,LAM-BOP-02-UL,1260731045000,126073104500008041,TRUE
2026-08-04 11:07:12.340,LAM-BOP-02-L,1260731045000,126073104500008007,TRUE
2026-08-04 11:07:12.242,ELC-TRE-01-UL,1260627140000,126062714000001014,TRUE
2026-08-04 11:07:11.419,SDM-DI-01-L,,12606160910002B170,TRUE
2026-08-04 11:07:11.526,LIN-INNDES-02-UL,,126080106400004019,TRUE
2026-08-04 11:07:11.918,LIN-OUTTRE-01-UL,1260710007000,126070604800001055,TRUE
2026-08-04 11:07:10.840,AOI-PEP-01-UL,1260801046000,126080104600004041,TRUE
2026-08-04 11:07:10.809,WIR-LDI-01-L,,12606230980002B158,TRUE
2026-08-04 11:07:09.074,LSR-Debrowning-01-L,1260713001010,126071300100049161,TRUE
2026-08-04 11:07:08.168,WIR-LDI-01-UL,,12606230980002B166,TRUE
2026-08-04 11:07:05.246,LIN-OUTTRE-01-L,1260611066020,126061106600001051,TRUE
2026-08-04 11:07:04.229,LIN-INNDES-02-L,,126080106800012028,TRUE
2026-08-04 11:07:04.058,LSR-Debrowning-01-UL,1260713001010,126071300100049175,TRUE
2026-08-04 11:07:00.628,LIN-INNDES-01-L,,126080105800004031,TRUE
2026-08-04 11:07:09.074,AOI-PEP-01-L,1260801046000,126080104600004004,TRUE
2026-08-04 11:06:59.964,WIR-Decoatbake-01-L,1260707002010,126070700200049166,TRUE
2026-08-04 11:06:57.228,WIR-SE-01-L,1260630180010,12606301800003A147,TRUE
2026-08-04 11:07:33.372,LIN-INNDES-02-L,,126080106800012032,TRUE
2026-08-04 11:07:32.544,WIR-Vdevelop-01-UL,1260619002010,"12606190020002B128,BB",TRUE
2026-08-04 11:07:30.326,LSR-Debrowning-01-UL,1260713001010,126071300100049174,TRUE
2026-08-04 11:07:30.075,LIN-INNDES-01-L,,126080105800004035,TRUE
2026-08-04 11:07:27.869,ELC-TRE-01-UL,1260627140000,126062714000001006,TRUE
2026-08-04 11:07:26.890,LIN-OUTTRE-01-L,1260611066020,126061106600001020,TRUE
2026-08-04 11:07:25.434,CPP-Patternplating-01-L,1260606004000,12606060040001C082,TRUE
2026-08-04 11:07:24.731,LIN-INNDES-02-UL,,126080106400004009,TRUE
2026-08-04 11:07:24.527,LAM-BOP-02-UL,1260731045000,126073104500008042,TRUE
2026-08-04 11:07:24.449,AOI-PEP-01-UL,1260801046000,126080104600004076,TRUE
2026-08-04 11:07:24.029,AOI-PEP-01-L,1260801046000,126080104600004006,TRUE
2026-08-04 11:07:23.650,WIR-SE-01-L,1260630180010,12606301800003A137,TRUE
2026-08-04 11:07:22.933,LAM-BOP-02-L,1260731045000,126073104500008008,TRUE
2026-08-04 11:07:19.510,WIR-SE-01-UL,1260630180000,12606301800003A029,TRUE
2026-08-04 11:07:20.716,CPP-Patternplating-01-UL,1260711011000,126071400100058010,TRUE
2026-08-04 11:01:41.038,ELC-INS-01-UL,1260703036000,126070303600001049,TRUE
2026-08-04 11:07:35.545,LSR-Debrowning-01-L,1260713001010,126071300100049159,TRUE
2026-08-04 11:07:35.153,LAM-BOP-02-UL,1260731045000,126073104500008043,TRUE
2026-08-04 11:07:33.919,LAM-BOP-02-L,1260731045000,126073104500008009,TRUE
2026-08-04 11:07:33.809,AOI-PEP-01-UL,1260801046000,126080104600004004,TRUE
2026-08-04 11:07:32.075,AOI-PEP-01-L,1260801046000,126080104600004008,TRUE
2026-08-04 10:19:29.418,LIN-INNTRE-01-UL,1260803009000,126080300900006080,TRUE
2026-08-04 11:08:04.748,AOI-PEP-01-UL,1260801046000,126080104600004010,TRUE
2026-08-04 11:08:03.013,AOI-PEP-01-L,1260801046000,126080104600004014,TRUE
2026-08-04 11:08:02.436,LIN-INNDES-02-L,,126080106800012036,TRUE
2026-08-04 11:08:02.327,LSR-Debrowning-01-L,1260713001010,126071300100049160,TRUE
2026-08-04 11:07:59.873,LIN-INNDES-01-L,,126080105800004039,TRUE
2026-08-04 11:07:59.403,ELC-TRE-01-L,1260627140030,126062714000001057,TRUE
2026-08-04 11:07:58.309,ELC-TRE-01-UL,1260627140000,126062714000001077,TRUE
2026-08-04 11:07:57.313,LIN-INNTRE-02-UL-2,,126080301100010001,TRUE
2026-08-04 11:07:56.858,LSR-Debrowning-01-UL,1260713001010,126071300100049173,TRUE
2026-08-04 11:07:56.201,LAM-BOP-02-L,1260731045000,126073104500008011,TRUE
2026-08-04 11:07:50.357,WIR-SE-01-L,1260630180010,12606301800003A149,TRUE
2026-08-04 11:07:46.860,LIN-OUTTRE-01-UL,1260710007000,126070604800001044,TRUE
2026-08-04 11:07:45.763,WIR-SE-01-UL,1260630180000,12606301800003A143,TRUE
2026-08-04 11:07:43.045,WIR-LDI-01-L,,12606230980002B157,TRUE
2026-08-04 11:07:36.514,SDM-DI-01-L,,12606160910001C114,TRUE
2026-08-04 11:07:48.610,LIN-OUTTRE-01-L,1260611066020,126061106600001012,TRUE
2026-08-04 11:07:55.187,LIN-INNTRE-02-UL-1,,126080301100010002,TRUE
2026-08-04 11:07:56.826,LAM-BOP-02-UL,1260731045000,126073104500008001,TRUE
2026-08-04 11:07:36.419,WIR-Decoatbake-01-L,1260707002010,126070700200049121,TRUE
2026-08-04 11:07:38.372,WIR-LDI-01-UL,,12606230980002B167,TRUE
2026-08-04 11:01:41.038,ELC-INS-01-UL,1260703036000,126070303600001049,TRUE
2026-08-04 11:08:23.234,LSR-Debrowning-01-UL,1260713001010,126071300100049172,TRUE
2026-08-04 11:08:21.071,LIN-OUTTRE-01-UL,1260710007000,126070604800001026,TRUE
2026-08-04 11:08:20.863,LIN-INNTRE-02-UL-2,,126080301100010003,TRUE
2026-08-04 11:08:20.078,LAM-BOP-02-UL,1260731045000,126073104500008003,TRUE
2026-08-04 11:08:19.363,LIN-INNTRE-02-UL-1,,126080301100010004,TRUE
2026-08-04 11:08:17.562,CPP-Horizontalplating-01-L,1260709070000,126072501300400092,TRUE
2026-08-04 11:08:19.078,CPP-Patternplating-01-L,1260606004000,12606060040001C095,TRUE
2026-08-04 11:08:18.235,LAM-BOP-02-L,1260731045000,126073104500008013,TRUE
2026-08-04 11:08:16.779,WIR-SE-01-L,1260630180010,12606301800003A146,TRUE
2026-08-04 11:08:16.687,AOI-PEP-01-UL,1260801046000,126080104600004012,TRUE
2026-08-04 11:08:15.701,LIN-INNDES-02-L,,126080106800012038,TRUE
2026-08-04 11:08:15.374,WIR-LDI-01-L,,12606230980002B159,TRUE
2026-08-04 11:08:14.812,AOI-PEP-01-L,1260801046000,126080104600004016,TRUE
2026-08-04 11:08:14.390,LIN-INNDES-01-L,,126080105800004041,TRUE
2026-08-04 11:08:14.093,CPP-Patternplating-01-UL,1260711011000,126071400100058060,TRUE
2026-08-04 11:08:13.966,ELC-TRE-01-L,1260627140030,126062714000001074,TRUE
2026-08-04 11:08:13.624,SDM-DI-01-L,,12606160910001C117,TRUE
2026-08-04 11:08:13.485,WIR-Decoatbake-01-L,1260707002010,126070700200049135,TRUE
2026-08-04 11:08:13.248,ELC-TRE-01-UL,1260627140000,126062714000001049,TRUE
2026-08-04 11:08:12.701,WIR-SE-01-UL,1260630180000,12606301800003A054,TRUE
2026-08-04 11:08:09.878,LIN-INNLDI-02-L,1260709019000,126070901900001034,TRUE
2026-08-04 11:08:10.689,ROU-RIN-01-UL,,Error_202608041808106891,FALSE
2026-08-04 11:08:11.148,LIN-OUTTRE-01-L,1260611066020,126061106600001043,TRUE
2026-08-04 11:08:08.843,WIR-LDI-01-UL,,12606230980002B168,TRUE
2026-08-04 11:08:07.405,WIR-Vdevelop-01-UL,1260619002010,"12606190020002B125,BD",TRUE
2026-08-04 11:08:34.876,AOI-PEP-01-UL,1260801046000,126080104600004016,TRUE
2026-08-04 11:08:32.181,LIN-OUTTRE-01-L,1260611066020,126061106600001080,TRUE
2026-08-04 11:08:30.519,LIN-INNLDI-02-L,1260709019000,126070901900001038,TRUE
2026-08-04 11:08:30.399,LIN-INNDES-02-L,,126080106800012040,TRUE
2026-08-04 11:08:29.751,LAM-BOP-02-L,1260731045000,126073104500008014,TRUE
2026-08-04 11:08:28.829,LIN-INNDES-01-L,,126080105800004043,TRUE
2026-08-04 11:08:29.140,LSR-Debrowning-01-L,1260713001010,126071300100049158,TRUE
2026-08-04 11:08:28.810,ELC-TRE-01-UL,1260627140000,126062714000001017,TRUE
2026-08-04 11:08:28.779,ELC-TRE-01-L,1260627140030,126062714000001046,TRUE
2026-08-04 11:01:41.038,ELC-INS-01-UL,1260703036000,126070303600001049,TRUE
2026-08-04 11:08:52.208,LAM-BOP-02-L,1260731045000,126073104500008016,TRUE
2026-08-04 11:08:52.083,LIN-INNLDI-02-L,1260709019000,126070901900001010,TRUE
2026-08-04 11:08:50.156,WIR-Decoatbake-01-L,1260707002010,126070700200049129,TRUE
2026-08-04 11:08:47.421,WIR-LDI-01-L,,12606230980002B160,TRUE
2026-08-04 11:08:49.658,LSR-Debrowning-01-UL,1260713001010,126071300100049171,TRUE
2026-08-04 11:08:45.515,ELC-TRE-01-L,1260627140030,126062714000001015,TRUE
2026-08-04 11:08:44.926,LIN-INNTRE-02-UL-2,,126080301100010005,TRUE
2026-08-04 11:08:44.760,LIN-INNDES-02-L,,126080106800012042,TRUE
2026-08-04 11:08:44.082,LIN-INNDES-01-L,,126080105800004045,TRUE
2026-08-04 11:08:43.301,LIN-INNTRE-02-UL-1,,126080301100010006,TRUE
2026-08-04 11:08:43.265,WIR-SE-01-L,1260630180010,12606301800003A150,TRUE
2026-08-04 11:08:43.217,ELC-TRE-01-UL,1260627140000,126062714000001035,TRUE
2026-08-04 11:08:41.947,LIN-INNDES-02-UL,,126080106400004007,TRUE
2026-08-04 11:08:42.999,WIR-Vdevelop-01-UL,1260619002010,"12606190020002B126,BD",TRUE
2026-08-04 11:08:38.140,WIR-SE-01-UL,1260630180000,12606301800003A051,TRUE
2026-08-04 11:01:41.038,ELC-INS-01-UL,1260703036000,126070303600001049,TRUE
2026-08-04 11:08:38.999,WIR-LDI-01-UL,,12606230980002B169,TRUE
2026-08-04 11:09:16.263,LIN-OUTTRE-01-L,1260611066020,126061106600001018,TRUE
2026-08-04 11:09:16.112,LSR-Debrowning-01-UL,1260713001010,126071300100049169,TRUE
2026-08-04 11:09:13.975,LIN-INNLDI-02-L,1260709019000,126070901900001062,TRUE
2026-08-04 11:09:14.155,ELC-TRE-01-UL,1260627140000,126062714000001070,TRUE
2026-08-04 11:09:13.647,LAM-BOP-02-L,1260731045000,126073104500008018,TRUE
2026-08-04 11:09:13.464,LIN-INNDES-02-L,,126080106800012046,TRUE
2026-08-04 11:09:13.116,LIN-INNDES-01-L,,126080105800004049,TRUE
2026-08-04 11:09:12.953,CPP-Patternplating-01-L,1260606004000,12606060040001C096,TRUE
2026-08-04 11:09:09.484,WIR-LDI-01-UL,,12606230980002B170,TRUE
2026-08-04 11:09:09.812,WIR-SE-01-L,1260630180010,12606301800003A152,TRUE
2026-08-04 11:09:09.366,AOI-PEP-01-L,1260801046000,126080104600004028,TRUE
2026-08-04 11:09:09.178,LIN-INNTRE-02-UL-2,,126080301100010007,TRUE
2026-08-04 11:09:07.999,CPP-Patternplating-01-UL,1260711011000,126071400100058031,TRUE
2026-08-04 11:09:07.959,LIN-INNTRE-02-UL-1,,126080301100010008,TRUE
2026-08-04 11:09:01.257,ELC-TRE-01-L,1260627140030,126062714000001013,TRUE
2026-08-04 11:09:00.700,LIN-OUTTRE-01-UL,1260710007000,126070604800001033,TRUE
2026-08-04 11:08:55.330,LSR-Debrowning-01-L,1260713001010,126071300100049157,TRUE
2026-08-04 11:09:13.276,LIN-INNDES-02-UL,,Error_202608041809132767,FALSE
2026-08-04 11:08:38.140,WIR-SE-01-UL,1260630180000,12606301800003A051,TRUE
2026-08-04 11:04:11.502,LIN-INNLDI-01-L,1260801121000,126080112100010001,TRUE
2026-08-04 11:09:34.103,LIN-INNLDI-02-L,1260709019000,126070901900001077,TRUE
2026-08-04 11:09:33.509,LIN-INNTRE-02-UL-2,,126080301100010009,TRUE
2026-08-04 11:09:33.699,LIN-INNDES-02-UL,,126080106400004006,TRUE
2026-08-04 11:09:33.391,AOI-PEP-01-UL,1260801046000,126080104600004028,TRUE
2026-08-04 11:09:33.312,ELC-TRE-01-L,1260627140030,126062714000001026,TRUE
2026-08-04 11:09:32.212,LIN-INNTRE-02-UL-1,,126080301100010010,TRUE
2026-08-04 11:09:31.626,AOI-PEP-01-L,1260801046000,126080104600004032,TRUE
2026-08-04 11:09:30.093,ELC-TRE-01-UL,1260627140000,126062714000001025,TRUE
2026-08-04 11:09:26.246,LIN-INNDES-02-L,,126080106800012048,TRUE
2026-08-04 11:09:26.155,LAM-BOP-02-L,1260731045000,126073104500008019,TRUE
2026-08-04 11:09:27.844,LIN-INNDES-01-L,,126080105800004072,TRUE
2026-08-04 11:09:25.986,WIR-Decoatbake-01-L,1260707002010,126070700200049126,TRUE
2026-08-04 11:09:21.862,LSR-Debrowning-01-L,1260713001010,126071300100049156,TRUE
2026-08-04 11:09:21.325,LIN-OUTTRE-01-UL,1260710007000,126070604800001028,TRUE
2026-08-04 11:09:17.515,WIR-Vdevelop-01-UL,1260619002010,"12606190020002B123,BD",TRUE
2026-08-04 11:09:19.297,WIR-LDI-01-L,,12606230980002B151,TRUE
2026-08-04 11:09:07.999,CPP-Patternplating-01-UL,1260711011000,126071400100058031,TRUE
2026-08-04 11:08:38.140,WIR-SE-01-UL,1260630180000,12606301800003A051,TRUE
2026-08-04 11:01:41.038,ELC-INS-01-UL,1260703036000,126070303600001049,TRUE
2026-08-04 10:36:39.072,CPP-Horizontalplating-01-UL,1260606004010,126072906300078007,TRUE
2026-08-04 11:09:46.453,ELC-TRE-01-UL,1260627140000,126062714000001002,TRUE
2026-08-04 11:09:46.192,SDM-DI-01-L,,12606160910001C110,TRUE
2026-08-04 11:09:42.876,AOI-PEP-01-UL,1260801046000,126080104600004030,TRUE
2026-08-04 11:09:42.677,LSR-Debrowning-01-UL,1260713001010,126071300100049170,TRUE
2026-08-04 11:09:42.220,LIN-INNDES-01-L,,126080105800004074,TRUE
2026-08-04 11:09:41.686,LIN-OUTTRE-01-UL,1260710007000,126070604800001023,TRUE
2026-08-04 11:09:40.933,LIN-INNDES-02-L,,126080106800012050,TRUE
2026-08-04 11:09:39.704,WIR-LDI-01-UL,,12606230980002B161,TRUE
2026-08-04 11:09:38.077,LIN-OUTTRE-01-L,1260611066020,126061106600001013,TRUE
2026-08-04 11:08:38.140,WIR-SE-01-UL,1260630180000,12606301800003A051,TRUE
2026-08-04 11:09:36.532,LAM-BOP-02-L,1260731045000,126073104500008020,TRUE
2026-08-04 10:36:39.072,CPP-Horizontalplating-01-UL,1260606004010,126072906300078007,TRUE
2026-08-04 11:10:04.297,ELC-TRE-01-L,1260627140030,126062714000001072,TRUE
2026-08-04 11:10:02.753,WIR-Decoatbake-01-L,1260707002010,126070700200049127,TRUE
2026-08-04 11:10:01.628,CPP-Patternplating-01-UL,1260711011000,126071400100358618,TRUE
2026-08-04 11:10:02.499,LIN-INNDES-02-UL,,126080106400004004,TRUE
2026-08-04 11:09:58.552,LAM-BOP-02-L,1260731045000,126073104500008022,TRUE
2026-08-04 11:09:57.333,LIN-INNDES-01-L,,126080105800004076,TRUE
2026-08-04 11:09:59.585,LIN-OUTTRE-01-L,1260611066020,126061106600001061,TRUE
2026-08-04 11:09:57.478,LIN-INNTRE-02-UL-2,,126080301100010011,TRUE
2026-08-04 11:09:55.171,LIN-INNDES-02-L,,126080106800012071,TRUE
2026-08-04 11:09:57.306,LIN-INNTRE-02-UL-1,,126080301100010012,TRUE
2026-08-04 11:09:53.080,WIR-Vdevelop-01-UL,1260619002010,"12606190020002B140,BD",TRUE
2026-08-04 11:09:51.517,WIR-LDI-01-L,,12606230980002B152,TRUE
2026-08-04 11:09:48.271,LSR-Debrowning-01-L,1260713001010,126071300100049155,TRUE
2026-08-04 11:09:51.425,AOI-PEP-01-UL,1260801046000,126080104600004032,TRUE
2026-08-04 11:09:46.453,ELC-TRE-01-UL,1260627140000,126062714000001002,TRUE
2026-08-04 10:36:39.072,CPP-Horizontalplating-01-UL,1260606004010,126072906300078007,TRUE
2026-08-04 11:10:24.703,LIN-INNDES-02-L,,126080106800012075,TRUE
2026-08-04 11:10:23.688,LIN-OUTTRE-01-L,1260611066020,126061106600001046,TRUE
2026-08-04 11:10:22.973,WIR-LDI-01-L,,12606230980002B153,TRUE
2026-08-04 11:10:21.716,LIN-INNTRE-02-UL-2,,126080301100010013,TRUE
2026-08-04 11:10:21.021,LAM-BOP-02-L,1260731045000,126073104500008024,TRUE
2026-08-04 11:10:20.377,ELC-TRE-01-L,1260627140030,126062714000001041,TRUE
2026-08-04 11:10:20.262,LIN-INNTRE-02-UL-1,,126080301100010014,TRUE
2026-08-04 11:10:17.413,WIR-SE-01-L,1260630180010,12606301800003A145,TRUE
2026-08-04 11:10:15.687,LIN-INNDES-02-UL,,126080106400004003,TRUE
2026-08-04 11:10:14.678,LSR-Debrowning-01-L,1260713001010,126071300100049153,TRUE
2026-08-04 11:10:12.709,LIN-INNDES-01-L,,126080105800004078,TRUE
2026-08-04 11:10:10.316,WIR-LDI-01-UL,,12606230980002B162,TRUE
2026-08-04 11:10:09.115,LSR-Debrowning-01-UL,1260713001010,126071300100049168,TRUE
2026-08-04 11:10:07.271,AOI-PEP-01-L,1260801046000,126080104600004034,TRUE
2026-08-04 11:10:06.988,CPP-Patternplating-01-L,1260606004000,12606060040001C097,TRUE
2026-08-04 11:10:01.628,CPP-Patternplating-01-UL,1260711011000,126071400100358618,TRUE
2026-08-04 11:08:38.140,WIR-SE-01-UL,1260630180000,12606301800003A051,TRUE
2026-08-04 11:10:35.190,ELC-TRE-01-L,1260627140030,126062714000001027,TRUE
2026-08-04 11:10:32.147,LAM-BOP-02-L,1260731045000,126073104500008025,TRUE
2026-08-04 11:10:30.080,LIN-INNDES-02-UL,,126080106400004002,TRUE
2026-08-04 11:10:28.084,AOI-PEP-01-UL,1260801046000,126080104600004034,TRUE
2026-08-04 11:10:26.256,LIN-INNDES-01-L,,126080105800004080,TRUE
2026-08-04 11:10:06.988,CPP-Patternplating-01-L,1260606004000,12606060040001C097,TRUE
2026-08-04 11:10:28.551,WIR-Vdevelop-01-UL,1260619002010,"12606190020002B137,BD",TRUE
2026-08-04 11:10:55.697,LIN-INNDES-01-L,,126080105800004003,TRUE
2026-08-04 11:10:54.649,CPP-Patternplating-01-UL,1260711011000,126071400100358605,TRUE
2026-08-04 11:10:53.811,ROU-RIN-01-UL,,Error_202608041810538115,FALSE
2026-08-04 11:10:54.572,LAM-BOP-02-L,1260731045000,126073104500008027,TRUE
2026-08-04 11:10:52.129,LIN-INNDES-02-L,,126080106800012079,TRUE
2026-08-04 11:10:51.316,ELC-TRE-01-L,1260627140030,126062714000001020,TRUE
2026-08-04 11:10:45.701,LIN-INNTRE-02-UL-2,,126080301100010015,TRUE
2026-08-04 11:10:45.689,LIN-OUTTRE-01-L,1260611066020,126061106600001036,TRUE
2026-08-04 11:10:44.217,LIN-INNTRE-02-UL-1,,126080301100010016,TRUE
2026-08-04 11:10:54.946,WIR-LDI-01-L,,12606230980002B154,TRUE
2026-08-04 11:10:43.584,AOI-PEP-01-L,1260801046000,126080104600004036,TRUE
2026-08-04 11:10:43.929,WIR-SE-01-L,1260630180010,12606301800003A142,TRUE
2026-08-04 11:10:43.362,LIN-INNDES-02-UL,,126080106400004001,TRUE
2026-08-04 11:10:42.095,LIN-OUTTRE-01-UL,1260710007000,126070604800001052,TRUE
2026-08-04 11:10:41.506,WIR-LDI-01-UL,,12606230980002B163,TRUE
2026-08-04 11:10:38.755,WIR-Decoatbake-01-L,1260707002010,126070700200049124,TRUE
2026-08-04 11:10:35.772,LSR-Debrowning-01-UL,1260713001010,126071300100049167,TRUE
2026-08-04 11:10:41.475,LSR-Debrowning-01-L,1260713001010,126071300100049154,TRUE
2026-08-04 09:39:23.834,LIN-OUTDEV-01-L,1260703066020,126070306600001040,TRUE
2026-08-04 11:00:01.735,ELC-INS-01-L,1260703036000,Error_202608041800017355,FALSE
2026-08-04 11:11:10.448,LIN-INNDES-01-L,,126080105800004005,TRUE
2026-08-04 11:11:09.373,LIN-INNTRE-02-UL-2,,126080301100010017,TRUE
2026-08-04 11:11:08.576,LIN-INNTRE-02-UL-1,,126080301100010018,TRUE
2026-08-04 11:11:08.533,LIN-OUTTRE-01-L,1260611066020,126061106600001024,TRUE
2026-08-04 11:11:08.085,LSR-Debrowning-01-L,1260713001010,126071300100049151,TRUE
2026-08-04 11:11:07.110,ROU-RIN-01-UL,,Error_202608041811071109,FALSE
2026-08-04 11:11:06.238,ELC-TRE-01-L,1260627140030,126062714000001009,TRUE
2026-08-04 11:11:05.417,LAM-BOP-02-L,1260731045000,126073104500008028,TRUE
2026-08-04 11:11:05.130,LIN-INNDES-02-L,,126080106800012002,TRUE
2026-08-04 11:11:02.618,WIR-Vdevelop-01-UL,1260619002010,"12606190020002B170,BD",TRUE
2026-08-04 11:11:02.132,LSR-Debrowning-01-UL,1260713001010,126071300100049166,TRUE
2026-08-04 11:09:46.192,SDM-DI-01-L,,12606160910001C110,TRUE
2026-08-04 11:11:00.133,CPP-Patternplating-01-L,1260606004000,12606060040001C062,TRUE
2026-08-04 10:53:47.799,SMK-BRU-01-UL,1260725015010,M0960013A2000G-0607,TRUE
2026-08-04 11:11:10.307,WIR-SE-01-L,1260630180010,12606301800003A160,TRUE
2026-08-04 11:11:32.484,LIN-INNTRE-02-UL-1,,126080301100010020,TRUE
2026-08-04 11:11:28.863,LIN-OUTTRE-01-L,1260611066020,126061106600001057,TRUE
2026-08-04 11:11:28.572,LSR-Debrowning-01-UL,1260713001010,126071300100049165,TRUE
2026-08-04 11:11:28.558,LAM-BOP-02-L,1260731045000,126073104500008030,TRUE
2026-08-04 11:11:26.993,WIR-LDI-01-L,,12606230980002B156,TRUE
2026-08-04 11:11:26.834,ELC-TRE-01-UL,1260627140030,126062714000001047,TRUE
2026-08-04 11:11:25.073,LIN-INNDES-01-L,,126080105800004007,TRUE
2026-08-04 11:11:21.303,ELC-TRE-01-L,1260627140030,126062714000001042,TRUE
2026-08-04 11:11:21.087,WIR-Decoatbake-01-L,1260707002010,126070700200049125,TRUE
2026-08-04 11:11:19.396,LIN-INNDES-02-L,,126080106800012004,TRUE
2026-08-04 11:11:17.292,AOI-PEP-01-L,1260801046000,126080104600004038,TRUE
2026-08-04 11:11:14.863,LIN-OUTTRE-01-UL,1260710007000,126070604800001040,TRUE
2026-08-04 11:11:00.133,CPP-Patternplating-01-L,1260606004000,12606060040001C062,TRUE
2026-08-04 11:10:41.506,WIR-LDI-01-UL,,12606230980002B163,TRUE
2026-08-04 11:11:18.633,SDM-DI-01-L,,12606160910001C064,TRUE
2026-08-04 11:00:01.735,ELC-INS-01-L,1260703036000,Error_202608041800017355,FALSE
2026-08-04 11:11:55.372,LAM-BOP-02-L,1260731045000,126073104500008032,TRUE
2026-08-04 11:11:55.041,LSR-Debrowning-01-UL,1260713001010,126071300100049164,TRUE
2026-08-04 11:11:54.809,LIN-INNDES-01-L,,126080105800004028,TRUE
2026-08-04 11:11:53.822,CPP-Patternplating-01-L,1260606004000,12606060040001C091,TRUE
2026-08-04 11:11:52.944,ELC-TRE-01-L,1260627140030,126062714000001038,TRUE
2026-08-04 11:11:52.650,SDM-DI-01-UL,1260616091000,12606160910002B129,TRUE
2026-08-04 11:11:49.135,CPP-Patternplating-01-UL,1260711011000,126071400100358622,TRUE
2026-08-04 11:11:50.910,LIN-OUTTRE-01-L,1260611066020,126061106600001056,TRUE
2026-08-04 11:11:49.082,LIN-OUTTRE-01-UL,1260710007000,126070604800001003,TRUE
2026-08-04 11:11:47.304,LIN-INNDES-02-L,,126080106800012008,TRUE
2026-08-04 11:11:42.663,ELC-TRE-01-UL,1260627140030,126062714000001057,TRUE
2026-08-04 11:11:41.993,WIR-LDI-01-UL,,12606230980002B165,TRUE
2026-08-04 11:11:37.136,WIR-SE-01-L,1260630180010,12606301800003A159,TRUE
2026-08-04 11:11:36.837,WIR-Vdevelop-01-UL,1260619002010,"12606190020002B122,BD",TRUE
2026-08-04 11:11:34.275,LSR-Debrowning-01-L,1260713001010,126071300100049152,TRUE
2026-08-04 11:11:33.437,LIN-INNTRE-02-UL-2,,126080301100010019,TRUE
2026-08-04 11:12:08.460,ELC-TRE-01-L,1260627140030,126062714000001037,TRUE
2026-08-04 11:12:09.137,LIN-INNDES-01-L,,126080105800004030,TRUE
2026-08-04 11:12:06.762,LAM-BOP-02-L,1260731045000,126073104500008033,TRUE
2026-08-04 11:12:03.700,WIR-SE-01-L,1260630180010,12606301800003A162,TRUE
2026-08-04 11:12:03.356,LAM-BOP-02-UL,1260731045000,126073104500008004,TRUE
2026-08-04 11:12:02.029,AOI-PEP-01-UL,1260801046000,126080104600004036,TRUE
2026-08-04 11:12:00.494,LSR-Debrowning-01-L,1260713001010,126071300100049149,TRUE
2026-08-04 11:12:01.649,LIN-INNDES-02-L,,126080106800012010,TRUE
2026-08-04 11:12:00.029,AOI-PEP-01-L,1260801046000,126080104600004040,TRUE
2026-08-04 11:11:57.869,WIR-Decoatbake-01-L,1260707002010,126070700200049132,TRUE
2026-08-04 11:11:57.891,LIN-INNTRE-02-UL-2,,126080301100010021,TRUE
2026-08-04 11:11:59.322,WIR-LDI-01-L,,12606230980002B146,TRUE
2026-08-04 11:11:57.100,ELC-TRE-01-UL,1260627140030,126062714000001074,TRUE
2026-08-04 11:11:56.094,LIN-INNTRE-02-UL-1,,126080301100010022,TRUE
2026-08-04 09:39:23.834,LIN-OUTDEV-01-L,1260703066020,126070306600001040,TRUE
2026-08-04 11:12:26.695,ELC-INS-01-L,1260703036000,126070303600001076,TRUE
2026-08-04 11:12:25.983,LAM-BOP-02-UL,1260731045000,126073104500008006,TRUE
2026-08-04 11:12:23.842,LIN-INNDES-01-L,,126080105800004032,TRUE
2026-08-04 11:12:23.350,ELC-TRE-01-L,1260627140030,126062714000001069,TRUE
2026-08-04 11:12:22.733,AOI-PEP-01-UL,1260801046000,126080104600004040,TRUE
2026-08-04 11:12:22.049,LIN-OUTTRE-01-UL,1260710007000,126070604800001060,TRUE
2026-08-04 11:12:21.480,LSR-Debrowning-01-UL,1260713001010,126071300100049163,TRUE
2026-08-04 11:12:21.076,AOI-PEP-01-L,1260801046000,126080104600004021,TRUE
2026-08-04 11:12:17.342,LAM-BOP-02-L,1260731045000,126073104500008034,TRUE
2026-08-04 11:12:16.059,WIR-SE-01-UL,1260630180010,12606301800003A157,TRUE
2026-08-04 11:12:16.342,LIN-INNDES-02-L,,126080106800012014,TRUE
2026-08-04 11:12:12.104,WIR-LDI-01-UL,,12606230980002B155,TRUE
2026-08-04 11:12:12.850,ELC-TRE-01-UL,1260627140030,126062714000001046,TRUE
2026-08-04 11:12:12.314,LIN-OUTTRE-01-L,1260611066020,126061106600001064,TRUE
2026-08-04 11:12:11.432,WIR-Vdevelop-01-UL,1260619002010,"12606190020002B121,BB",TRUE
2026-08-04 11:12:44.737,LIN-INNDES-02-L,,126080106800012018,TRUE
2026-08-04 11:12:44.352,ELC-TRE-01-UL,1260627140030,126062714000001013,TRUE
2026-08-04 11:12:43.415,ELC-INS-01-L,1260703036000,126070303600001059,TRUE
2026-08-04 11:12:42.446,WIR-LDI-01-UL,,12606230980002B158,TRUE
2026-08-04 11:12:42.305,CPP-Patternplating-01-UL,1260711011000,126071400100358601,TRUE
2026-08-04 11:12:40.625,AOI-PEP-01-L,1260801046000,126080104600004025,TRUE
2026-08-04 11:12:40.078,LAM-BOP-02-L,1260731045000,126073104500008036,TRUE
2026-08-04 11:12:39.899,ELC-TRE-01-L,1260627140030,126062714000001073,TRUE
2026-08-04 11:12:38.438,LIN-INNDES-01-L,,126080105800004034,TRUE
2026-08-04 11:12:38.037,LAM-BOP-02-UL,1260731045000,126073104500008007,TRUE
2026-08-04 11:12:34.290,WIR-Decoatbake-01-L,1260707002010,126070700200049133,TRUE
2026-08-04 11:12:33.581,LIN-OUTTRE-01-L,1260611066020,126061106600001017,TRUE
2026-08-04 11:12:31.180,WIR-LDI-01-L,,12606230980002B147,TRUE
2026-08-04 11:12:41.844,AOI-PEP-01-UL,1260801046000,126080104600004021,TRUE
2026-08-04 11:12:30.264,WIR-SE-01-L,1260630180010,12606301800003A154,TRUE
2026-08-04 11:12:27.137,LSR-Debrowning-01-L,1260713001010,126071300100049150,TRUE
2026-08-04 11:01:41.038,ELC-INS-01-UL,1260703036000,126070303600001049,TRUE
2026-08-04 11:13:04.163,LIN-INNTRE-02-UL-1,,Error_202608041813041635,FALSE
2026-08-04 11:13:04.039,LIN-INNTRE-02-UL-2,,126080301100010023,TRUE
2026-08-04 11:13:03.219,LAM-BOP-02-L,1260731045000,126073104500008038,TRUE
2026-08-04 11:13:02.993,WIR-LDI-01-L,,12606230980002B148,TRUE
2026-08-04 11:13:02.383,CPP-Horizontalplating-01-UL,1260606004010,Error_202608041813023839,FALSE
2026-08-04 11:13:02.219,AOI-PEP-01-L,1260801046000,126080104600004029,TRUE
2026-08-04 11:13:02.094,AOI-PEP-01-UL,1260801046000,126080104600004025,TRUE
2026-08-04 11:12:59.594,LAM-BOP-02-UL,1260731045000,126073104500008037,TRUE
2026-08-04 11:13:00.496,ELC-TRE-01-UL,1260627140030,126062714000001031,TRUE
2026-08-04 11:12:58.254,LIN-INNDES-02-L,,126080106800012020,TRUE
2026-08-04 11:12:57.384,ELC-INS-01-L,1260703036000,126070303600001044,TRUE
2026-08-04 11:12:56.672,WIR-SE-01-L,1260630180010,12606301800003A151,TRUE
2026-08-04 11:12:55.737,LIN-OUTTRE-01-L,1260611066020,126061106600001065,TRUE
2026-08-04 11:12:55.136,ELC-TRE-01-L,1260627140030,126062714000001053,TRUE
2026-08-04 11:12:53.888,LSR-Debrowning-01-L,1260713001010,126071300100049147,TRUE
2026-08-04 11:12:53.500,LIN-INNDES-01-L,,126080105800004036,TRUE
2026-08-04 11:12:51.753,LIN-OUTDEV-01-L,1260706042000,126070604200001048,TRUE
2026-08-04 11:12:50.399,ROU-RIN-01-UL,,Error_202608041812503995,FALSE
2026-08-04 11:12:52.908,LIN-INNDES-02-UL,,126080106800012054,TRUE
2026-08-04 11:12:49.347,LIN-OUTTRE-01-UL,1260710007000,126070604800001016,TRUE
2026-08-04 11:12:47.840,LSR-Debrowning-01-UL,1260713001010,126071300100049162,TRUE
2026-08-04 11:13:22.100,LIN-INNDES-02-UL,,126080106800012058,TRUE
2026-08-04 11:13:21.532,LAM-BOP-02-UL,1260731045000,126073104500008074,TRUE
2026-08-04 11:13:21.555,LIN-INNTRE-02-UL-1,,126080301100010028,TRUE
2026-08-04 11:13:20.391,LSR-Debrowning-01-L,1260713001010,126071300100049148,TRUE
2026-08-04 11:13:19.344,LAM-BOP-02-L,1260731045000,126073104500008039,TRUE
2026-08-04 11:13:18.268,LIN-OUTDEV-01-L,1260706042000,126070604200001026,TRUE
2026-08-04 11:13:17.063,ELC-TRE-01-UL,1260627140030,126062714000001026,TRUE
2026-08-04 11:13:16.368,ROU-RIN-01-UL,,Error_202608041813163686,FALSE
2026-08-04 11:13:16.565,LIN-OUTTRE-01-L,1260611066020,126061106600001004,TRUE
2026-08-04 11:13:16.024,CPP-Patternplating-01-L,1260606004010,12606060040001C231,TRUE
2026-08-04 11:13:14.921,LSR-Debrowning-01-UL,1260713001010,126071300100049161,TRUE
2026-08-04 11:13:13.331,LIN-OUTTRE-01-UL,1260710007000,126070604800001045,TRUE
2026-08-04 11:13:14.898,LIN-INNTRE-02-UL-2,,126080301100010025,TRUE
2026-08-04 11:13:15.386,ELC-INS-01-UL,1260703036000,126070303600001076,TRUE
2026-08-04 11:13:13.266,AOI-PEP-01-L,1260801046000,126080104600004031,TRUE
2026-08-04 11:13:12.599,LIN-INNDES-02-L,,126080106800012051,TRUE
2026-08-04 11:13:13.219,AOI-PEP-01-UL,1260801046000,126080104600004027,TRUE
2026-08-04 11:13:12.478,WIR-LDI-01-UL,,12606230980002B157,TRUE
2026-08-04 11:13:11.573,ELC-INS-01-L,1260703036000,126070303600001061,TRUE
2026-08-04 11:13:11.341,ELC-TRE-01-L,1260627140030,126062714000001063,TRUE
2026-08-04 11:13:11.071,WIR-Decoatbake-01-L,1260707002010,126070700200049130,TRUE
2026-08-04 11:13:08.719,WIR-SE-01-UL,1260630180010,12606301800003A144,TRUE
2026-08-04 11:13:07.891,LIN-INNDES-01-L,,126080105800004002,TRUE
2026-08-04 11:13:42.588,WIR-LDI-01-UL,,12606230980002B159,TRUE
2026-08-04 11:13:42.229,CPP-Patternplating-01-L,1260606004010,12606060040001C240,TRUE
2026-08-04 11:13:42.235,ELC-TRE-01-L,1260627140030,126062714000001030,TRUE
2026-08-04 11:13:41.580,AOI-PEP-01-L,1260801046000,126080104600004033,TRUE
2026-08-04 11:13:41.266,LSR-Debrowning-01-UL,1260713001010,126071300100049159,TRUE
2026-08-04 11:13:41.252,LAM-BOP-02-L,1260731045000,126073104500008041,TRUE
2026-08-04 11:13:40.789,LIN-INNDES-02-L,,126080106800012055,TRUE
2026-08-04 11:13:40.712,LIN-INNTRE-02-UL-1,,126080301100010032,TRUE
2026-08-04 11:13:38.691,LIN-OUTTRE-01-L,1260611066020,126061106600001014,TRUE
2026-08-04 11:13:38.519,LIN-OUTDEV-01-L,1260706042000,126070604200001034,TRUE
2026-08-04 11:13:37.805,LIN-INNTRE-02-UL-2,,Error_202608041813378058,FALSE
2026-08-04 11:13:37.316,AOI-RESAOI-01-L,1260716047020,126071604700001047,TRUE
2026-08-04 11:13:37.283,LIN-INNDES-01-L,,126080105800004006,TRUE
2026-08-04 11:13:36.950,ELC-INS-01-L,1260703036000,126070303600001064,TRUE
2026-08-04 11:13:36.994,CPP-Patternplating-01-UL,1260711011000,126071400100358623,TRUE
2026-08-04 11:13:36.741,LIN-INNDES-02-UL,,126080106800012060,TRUE
2026-08-04 11:13:35.502,AOI-PEP-01-UL,1260801046000,126080104600004031,TRUE
2026-08-04 11:13:32.469,LAM-BOP-02-UL,1260731045000,126073104500008073,TRUE
2026-08-04 11:13:31.453,ELC-TRE-01-UL,1260627140030,126062714000001067,TRUE
2026-08-04 11:13:34.775,WIR-LDI-01-L,,12606230980002B149,TRUE
2026-08-04 11:13:26.752,WIR-SE-01-UL,1260630180010,12606301800003A167,TRUE
2026-08-04 11:13:23.237,WIR-SE-01-L,1260630180010,12606301800003A153,TRUE
2026-08-04 11:13:25.266,SDM-DI-01-UL,1260616091000,12606160910001C120,TRUE
2026-08-04 11:13:26.965,ELC-INS-01-UL,1260703036000,126070303600001049,TRUE
2026-08-04 11:13:13.331,LIN-OUTTRE-01-UL,1260710007000,126070604800001045,TRUE
2026-08-04 11:13:11.071,WIR-Decoatbake-01-L,1260707002010,126070700200049130,TRUE
2026-08-04 11:13:55.503,LAM-BOP-02-UL,1260731045000,126073104500008071,TRUE
2026-08-04 11:13:54.602,LIN-INNDES-02-L,,126080106800012057,TRUE
2026-08-04 11:13:52.456,LAM-BOP-02-L,1260731045000,126073104500008042,TRUE
2026-08-04 11:13:53.386,LIN-INNTRE-02-UL-2,,Error_202608041813533862,FALSE
2026-08-04 11:13:51.831,LIN-INNDES-01-L,,126080105800004008,TRUE
2026-08-04 11:13:50.586,LIN-INNDES-02-UL,,126080106800012062,TRUE
2026-08-04 11:13:51.363,LIN-OUTTRE-01-UL,1260710007000,126061106600001062,TRUE
2026-08-04 11:13:50.433,LIN-INNTRE-02-UL-1,,126080301100010034,TRUE
2026-08-04 11:13:50.253,WIR-SE-01-L,1260630180010,12606301800003A156,TRUE
2026-08-04 11:13:47.594,ELC-TRE-01-UL,1260627140030,126062714000001072,TRUE
2026-08-04 11:13:47.516,LSR-Debrowning-01-L,1260713001010,126071300100049146,TRUE
2026-08-04 11:13:46.546,ELC-INS-01-UL,1260703036000,126070303600001059,TRUE
2026-08-04 11:13:47.510,WIR-Decoatbake-01-L,1260707002010,126070700200049131,TRUE
2026-08-04 11:13:44.502,WIR-SE-01-UL,1260630180010,12606301800003A148,TRUE
2026-08-04 11:14:08.636,LIN-INNTRE-02-UL-2,,Error_202608041814086368,FALSE
2026-08-04 11:14:09.257,ELC-INS-01-UL,1260703036000,126070303600001044,TRUE
2026-08-04 11:14:07.914,LIN-INNDES-02-L,,126080106800012059,TRUE
2026-08-04 11:14:07.737,LSR-Debrowning-01-UL,1260713001010,126071300100049160,TRUE
2026-08-04 11:14:07.269,AOI-RESAOI-01-UL,1260716047020,126071604700001073,TRUE
2026-08-04 11:14:06.987,LIN-INNDES-01-L,,126080105800004010,TRUE
2026-08-04 11:14:06.831,LAM-BOP-02-UL,1260731045000,126073104500008070,TRUE
2026-08-04 11:14:06.979,WIR-LDI-01-L,,12606230980002B150,TRUE
2026-08-04 11:14:05.071,LIN-INNDES-02-UL,,126080106800012064,TRUE
2026-08-04 11:14:04.738,AOI-RESAOI-01-L,1260716047020,126071604700001066,TRUE
2026-08-04 11:14:03.627,ELC-TRE-01-UL,1260627140030,126062714000001041,TRUE
2026-08-04 11:14:03.612,LAM-BOP-02-L,1260731045000,126073104500008043,TRUE
2026-08-04 11:14:01.980,LIN-INNTRE-02-UL-1,,Error_202608041814019805,FALSE
2026-08-04 11:14:02.708,WIR-SE-01-UL,1260630180010,12606301800003A133,TRUE
2026-08-04 11:14:01.160,LIN-OUTTRE-01-L,1260611066020,126061106600001079,TRUE
2026-08-04 11:13:58.144,LIN-OUTDEV-01-L,1260706042000,126070604200001051,TRUE
2026-08-04 11:13:58.073,CPP-Horizontalplating-01-L,1260709070000,126072501300400005,TRUE
2026-08-04 11:13:58.064,ELC-TRE-01-L,1260627140030,126062714000001065,TRUE
2026-08-04 11:13:56.970,ELC-INS-01-L,1260703036000,126070303600001039,TRUE
2026-08-04 11:14:36.418,LIN-INNDES-02-L,,126080106800012063,TRUE
2026-08-04 11:14:36.121,ELC-INS-01-L,1260703036000,126070303600001073,TRUE
2026-08-04 11:14:36.100,LIN-INNDES-01-L,,126080105800004014,TRUE
2026-08-04 11:14:36.100,LIN-OUTTRE-01-UL,1260710007000,126061106600001040,TRUE
2026-08-04 11:14:35.182,CPP-Patternplating-01-L,1260606004010,12606060040001C239,TRUE
2026-08-04 11:14:35.003,ELC-TRE-01-UL,1260627140030,126062714000001020,TRUE
2026-08-04 11:14:34.332,LSR-Debrowning-01-UL,1260713001010,126071300100049158,TRUE
2026-08-04 11:14:32.824,LIN-INNDES-02-UL,,126080106800012068,TRUE
2026-08-04 11:14:31.021,AOI-RESAOI-01-UL,1260716047020,126071604700001047,TRUE
2026-08-04 11:14:30.292,CPP-Patternplating-01-UL,1260711011000,126071400100358616,TRUE
2026-08-04 11:14:29.115,LAM-BOP-02-UL,1260731045000,126073104500008068,TRUE
2026-08-04 11:14:29.096,LIN-INNTRE-02-UL-2,,126080301100010031,TRUE
2026-08-04 11:14:29.012,ELC-INS-01-UL,1260703036000,126070303600001061,TRUE
2026-08-04 11:14:28.959,WIR-SE-01-UL,1260630180010,12606301800003A138,TRUE
2026-08-04 11:14:28.768,ELC-TRE-01-L,1260627140030,126062714000001062,TRUE
2026-08-04 11:14:28.037,AOI-RESAOI-01-L,1260716047020,126071604700001027,TRUE
2026-08-04 11:14:25.959,LAM-BOP-02-L,1260731045000,126073104500008045,TRUE
2026-08-04 11:14:24.495,WIR-Decoatbake-01-L,1260707002010,126070700200049128,TRUE
2026-08-04 11:14:22.198,CPP-Horizontalplating-01-L,1260709070000,12607090700003I008,TRUE
2026-08-04 11:14:13.190,LSR-Debrowning-01-L,1260713001010,126071300100049145,TRUE
2026-08-04 11:14:16.927,WIR-SE-01-L,1260630180010,12606301800003A155,TRUE
2026-08-04 11:14:28.502,LIN-INNTRE-02-UL-1,,126080301100010042,TRUE
2026-08-04 11:14:17.740,LIN-OUTDEV-01-L,1260706042000,126070604200001029,TRUE
2026-08-04 11:14:01.160,LIN-OUTTRE-01-L,1260611066020,126061106600001079,TRUE
2026-08-04 11:14:12.995,WIR-LDI-01-UL,,12606230980002B160,TRUE
2026-08-04 11:14:51.544,LIN-INNDES-02-L,,126080106800012065,TRUE
2026-08-04 11:14:51.070,LIN-INNDES-01-L,,126080105800004016,TRUE
2026-08-04 11:14:48.029,LAM-BOP-02-L,1260731045000,126073104500008047,TRUE
2026-08-04 11:14:49.257,LIN-INNTRE-02-UL-1,,Error_202608041814492577,FALSE
2026-08-04 11:14:49.191,ELC-TRE-01-UL,1260627140030,126062714000001009,TRUE
2026-08-04 11:14:47.731,LIN-INNDES-02-UL,,126080106800012070,TRUE
2026-08-04 11:14:50.788,LAM-BOP-02-UL,1260731045000,126073104500008066,TRUE
2026-08-04 11:14:46.717,ELC-INS-01-UL,1260703036000,126070303600001064,TRUE
2026-08-04 11:14:42.932,WIR-LDI-01-UL,,12606230980002B151,TRUE
2026-08-04 11:14:45.745,CPP-Horizontalplating-01-L,1260709070000,12607090700003I007,TRUE
2026-08-04 11:14:44.347,ELC-TRE-01-L,1260627140030,126062714000001055,TRUE
2026-08-04 11:14:39.261,WIR-LDI-01-L,,12606230980002B141,TRUE
2026-08-04 11:14:39.692,LSR-Debrowning-01-L,1260713001010,126071300100049144,TRUE
2026-08-04 11:14:38.151,CPP-Horizontalplating-01-UL,1260606004010,126072501300400103,TRUE
2026-08-04 11:14:37.584,LIN-OUTDEV-01-L,1260706042000,126070604200001068,TRUE
2026-08-04 11:14:37.634,WIR-SE-01-L,1260630180010,12606301800003A168,TRUE
2026-08-04 11:15:06.374,LSR-Debrowning-01-L,1260713001010,126071300100049143,TRUE
2026-08-04 11:15:06.243,LIN-INNTRE-02-UL-1,,126080301100010050,TRUE
2026-08-04 11:15:05.805,LIN-INNDES-01-L,,126080105800004053,TRUE
2026-08-04 11:15:05.753,ELC-TRE-01-UL,1260627140030,126062714000001042,TRUE
2026-08-04 11:15:05.592,LIN-INNDES-02-L,,126080106800012067,TRUE
2026-08-04 11:15:04.155,ELC-INS-01-UL,1260703036000,126070303600001039,TRUE
2026-08-04 11:15:01.913,LAM-BOP-02-UL,1260731045000,126073104500008065,TRUE
2026-08-04 11:15:01.873,LIN-INNDES-02-UL,,126080106800012072,TRUE
2026-08-04 11:15:01.293,WIR-Decoatbake-01-L,1260707002010,126070700200049138,TRUE
2026-08-04 11:15:00.796,LSR-Debrowning-01-UL,1260713001010,126071300100049157,TRUE
2026-08-04 11:15:00.590,CPP-Horizontalplating-01-UL,1260606004010,126072501300400044,TRUE
2026-08-04 11:14:59.722,ELC-TRE-01-L,1260627140030,126062714000001080,TRUE
2026-08-04 11:14:59.300,ROU-RIN-01-UL,,Error_202608041814593001,FALSE
2026-08-04 11:14:59.117,LAM-BOP-02-L,1260731045000,126073104500008048,TRUE
2026-08-04 11:14:58.477,LIN-OUTTRE-01-UL,1260710007000,126061106600001002,TRUE
2026-08-04 11:14:55.771,SDM-DI-01-UL,1260616091000,12606160910002B147,TRUE
2026-08-04 11:14:57.134,LIN-OUTDEV-01-L,1260706042000,126070604200001030,TRUE
2026-08-04 11:14:55.139,ELC-INS-01-L,1260703036000,126070303600001074,TRUE
2026-08-04 11:14:54.213,WIR-SE-01-UL,1260630180010,12606301800003A121,TRUE
2026-08-04 11:14:45.745,CPP-Horizontalplating-01-L,1260709070000,12607090700003I007,TRUE
2026-08-04 11:15:22.213,LAM-BOP-02-L,1260731045000,126073104500008050,TRUE
2026-08-04 11:15:21.568,ELC-TRE-01-UL,1260627140030,126062714000001051,TRUE
2026-08-04 11:15:21.371,WIR-SE-01-UL,1260630180010,12606301800003A122,TRUE
2026-08-04 11:15:21.275,LIN-OUTTRE-01-UL,1260710007000,126061106600001031,TRUE
2026-08-04 11:15:20.276,LIN-INNDES-01-L,,126080105800004055,TRUE
2026-08-04 11:15:18.969,LIN-INNDES-02-L,,126080106800012069,TRUE
2026-08-04 11:15:16.665,LIN-OUTDEV-01-L,1260706042000,126070604200001040,TRUE
2026-08-04 11:15:16.312,LIN-INNDES-02-UL,,126080106800012074,TRUE
2026-08-04 11:15:16.020,ELC-TRE-01-L,1260627140030,126062714000001056,TRUE
2026-08-04 11:15:15.887,LIN-INNTRE-02-UL-1,,126080301100010052,TRUE
2026-08-04 11:15:13.702,ELC-INS-01-L,1260703036000,126070303600001078,TRUE
2026-08-04 11:15:13.326,WIR-LDI-01-UL,,12606230980002B152,TRUE
2026-08-04 11:15:12.839,LAM-BOP-02-UL,1260731045000,126073104500008064,TRUE
2026-08-04 11:15:11.248,WIR-LDI-01-L,,12606230980002B142,TRUE
2026-08-04 11:15:10.089,LIN-INNLDI-02-L,1260709019000,126070901900001072,TRUE
2026-08-04 11:15:10.045,CPP-Horizontalplating-01-L,1260709070000,12607090700003I902,TRUE
2026-08-04 11:15:09.496,WIR-SE-01-L,1260630180010,12606301800003A170,TRUE
2026-08-04 11:15:44.780,LAM-BOP-02-L,1260731045000,126073104500008052,TRUE
2026-08-04 11:15:44.733,LIN-INNTRE-02-UL-1,,126080301100010058,TRUE
2026-08-04 11:15:44.184,LIN-OUTTRE-01-UL,1260710007000,126061106600001023,TRUE
2026-08-04 11:15:43.174,WIR-LDI-01-L,,12606230980002B143,TRUE
2026-08-04 11:15:43.674,WIR-LDI-01-UL,,12606230980002B153,TRUE
2026-08-04 11:15:43.001,ELC-INS-01-UL,1260703036000,126070303600001073,TRUE
2026-08-04 11:15:37.721,WIR-Decoatbake-01-L,1260707002010,126070700200049139,TRUE
2026-08-04 11:15:36.787,ELC-TRE-01-UL,1260627140030,126062714000001038,TRUE
2026-08-04 11:15:36.230,WIR-SE-01-L,1260630180010,12606301800003A173,TRUE
2026-08-04 11:15:34.996,LIN-INNDES-01-L,,126080105800004057,TRUE
2026-08-04 11:15:33.735,ELC-INS-01-L,1260703036000,126070303600001057,TRUE
2026-08-04 11:15:34.965,LAM-BOP-02-UL,1260731045000,126073104500008062,TRUE
2026-08-04 11:15:36.323,LIN-OUTDEV-01-L,1260706042000,126070604200001021,TRUE
2026-08-04 11:15:33.517,LIN-INNDES-02-L,,126080106800012021,TRUE
2026-08-04 11:15:33.173,CPP-Horizontalplating-01-L,1260709070000,12607090700003I901,TRUE
2026-08-04 11:15:31.364,ELC-TRE-01-L,1260627140030,126062714000001043,TRUE
2026-08-04 11:15:32.706,LSR-Debrowning-01-L,1260713001010,126071300100049142,TRUE
2026-08-04 11:15:30.701,LIN-INNLDI-02-L,1260709019000,126070901900001064,TRUE
2026-08-04 11:15:29.478,AOI-RESAOI-01-UL,1260716047020,126071604700001066,TRUE
2026-08-04 11:15:28.735,CPP-Patternplating-01-L,1260606004010,12606060040001C190,TRUE
2026-08-04 11:15:27.174,LSR-Debrowning-01-UL,1260713001010,126071300100049156,TRUE
2026-08-04 11:15:23.702,CPP-Patternplating-01-UL,1260711011000,126071400100358613,TRUE
2026-08-04 11:15:00.590,CPP-Horizontalplating-01-UL,1260606004010,126072501300400044,TRUE
2026-08-04 11:14:01.160,LIN-OUTTRE-01-L,1260611066020,126061106600001079,TRUE
2026-08-04 11:15:30.501,LIN-INNDES-02-UL,,126080106800012076,TRUE
2026-08-04 10:44:27.123,WIR-Pretreatment-01-UL,1260611097010,12606110970001C188,TRUE
2026-08-04 10:26:06.958,WIR-Pretreatment-01-L,1260611097010,12606110970001C188,TRUE
2026-08-04 11:16:01.425,ELC-INS-01-UL,1260703036000,126070303600001074,TRUE
2026-08-04 11:16:01.176,LIN-INNDES-02-L,,126080106800012025,TRUE
2026-08-04 11:15:59.894,LIN-INNDES-02-UL,,126080106800012080,TRUE
2026-08-04 11:15:57.202,LAM-BOP-02-UL,1260731045000,126073104500008060,TRUE
2026-08-04 11:15:56.580,CPP-Horizontalplating-01-L,1260709070000,12607090700003I004,TRUE
2026-08-04 11:15:56.859,LIN-INNTRE-02-UL-1,,Error_202608041815568596,FALSE
2026-08-04 11:15:56.325,LIN-OUTDEV-01-L,1260706042000,126070604200001066,TRUE
2026-08-04 11:15:53.600,LSR-Debrowning-01-UL,1260713001010,126071300100049155,TRUE
2026-08-04 11:15:59.415,LSR-Debrowning-01-L,1260713001010,126071300100049141,TRUE
2026-08-04 11:15:55.718,LAM-BOP-02-L,1260731045000,126073104500008053,TRUE
2026-08-04 11:15:53.096,ELC-INS-01-L,1260703036000,126070303600001070,TRUE
2026-08-04 11:15:53.014,LIN-INNLDI-02-L,1260709019000,126070901900001038,TRUE
2026-08-04 11:15:50.093,LIN-INNDES-01-L,,126080105800004059,TRUE
2026-08-04 11:15:47.499,WIR-SE-01-UL,1260630180010,12606301800003A123,TRUE
2026-08-04 11:15:46.178,ELC-TRE-01-L,1260627140030,126062714000001022,TRUE
2026-08-04 11:15:52.413,ELC-TRE-01-UL,1260627140030,126062714000001037,TRUE
2026-08-04 11:16:21.081,ELC-INS-01-UL,1260703036000,126070303600001078,TRUE
2026-08-04 11:16:20.908,CPP-Horizontalplating-01-L,1260709070000,12607090700003I003,TRUE
2026-08-04 11:16:20.466,AOI-RESAOI-01-L,1260716047020,126071604700001058,TRUE
2026-08-04 11:16:19.533,LIN-INNDES-01-L,,126080105800004063,TRUE
2026-08-04 11:16:20.243,LSR-Debrowning-01-UL,1260713001010,126071300100049153,TRUE
2026-08-04 11:16:18.674,LAM-BOP-02-L,1260731045000,126073104500008055,TRUE
2026-08-04 11:16:19.423,LAM-BOP-02-UL,1260731045000,126073104500008058,TRUE
2026-08-04 11:16:16.669,ELC-TRE-01-L,1260627140030,126062714000001054,TRUE
2026-08-04 11:16:17.736,CPP-Patternplating-01-UL,1260711011000,126071400100358611,TRUE
2026-08-04 11:16:15.670,LIN-OUTDEV-01-L,1260706042000,126070604200001032,TRUE
2026-08-04 11:16:15.208,LIN-INNDES-02-L,,126080106800012027,TRUE
2026-08-04 11:16:14.971,WIR-LDI-01-L,,12606230980002B144,TRUE
2026-08-04 11:16:14.705,WIR-Decoatbake-01-L,1260707002010,126070700200049136,TRUE
2026-08-04 11:16:14.922,WIR-SE-01-UL,1260630180010,12606301800003A125,TRUE
2026-08-04 11:16:14.299,WIR-LDI-01-UL,,12606230980002B154,TRUE
2026-08-04 11:16:14.549,LIN-INNLDI-02-L,1260709019000,126070901900001024,TRUE
2026-08-04 11:16:14.113,LIN-INNLDI-01-L,1260801122000,126080112200012074,TRUE
2026-08-04 11:16:13.364,LIN-INNDES-02-UL,,126080106800012022,TRUE
2026-08-04 11:16:13.299,LIN-INNTRE-02-UL-1,,126080301100010064,TRUE
2026-08-04 11:16:08.245,ELC-TRE-01-UL,1260627140030,126062714000001069,TRUE
2026-08-04 11:16:11.706,ELC-INS-01-L,1260703036000,126070303600001048,TRUE
2026-08-04 11:16:01.827,WIR-SE-01-L,1260630180010,12606301800003A169,TRUE
2026-08-04 11:16:06.263,LIN-OUTTRE-01-UL,1260710007000,126061106600001072,TRUE
2026-08-04 11:16:46.493,LSR-Debrowning-01-UL,1260713001010,126071300100049154,TRUE
2026-08-04 11:16:45.915,LIN-INNDES-02-L,,126080106800012031,TRUE
2026-08-04 11:16:44.785,WIR-LDI-01-UL,,12606230980002B156,TRUE
2026-08-04 11:16:43.764,AOI-RESAOI-01-UL,1260716047020,126071604700001027,TRUE
2026-08-04 11:16:43.503,CPP-Horizontalplating-01-L,1260709070000,126072501300400012,TRUE
2026-08-04 11:16:42.409,LIN-INNTRE-02-UL-1,,126080301100010070,TRUE
2026-08-04 11:16:42.237,LAM-BOP-02-UL,1260731045000,126073104500008056,TRUE
2026-08-04 11:16:42.789,LIN-INNDES-02-UL,,126080106800012026,TRUE
2026-08-04 11:16:41.421,LIN-OUTTRE-01-L,1260616054000,126061605400001079,TRUE
2026-08-04 11:16:41.035,ELC-INS-01-UL,1260703036000,126070303600001057,TRUE
2026-08-04 11:16:41.237,LAM-BOP-02-L,1260731045000,126073104500008057,TRUE
2026-08-04 11:16:40.409,WIR-SE-01-UL,1260630180010,12606301800003A126,TRUE
2026-08-04 11:16:38.327,ELC-TRE-01-UL,1260627140030,126062714000001053,TRUE
2026-08-04 11:16:35.483,LIN-OUTDEV-01-L,1260706042000,126070604200001047,TRUE
2026-08-04 11:16:35.221,LIN-INNLDI-02-L,1260709019000,126070901900001062,TRUE
2026-08-04 11:16:34.639,AOI-RESAOI-01-L,1260716047020,126071604700001014,TRUE
2026-08-04 11:16:33.986,LIN-INNDES-01-L,,126080105800004065,TRUE
2026-08-04 11:16:32.749,ELC-TRE-01-L,1260627140030,126062714000001076,TRUE
2026-08-04 11:16:31.478,SDM-DI-01-UL,1260616091000,12606160910002B168,TRUE
2026-08-04 11:16:30.588,LIN-INNLDI-01-L,1260801122000,126080112200012072,TRUE
2026-08-04 11:16:31.254,ELC-INS-01-L,1260703036000,126070303600001055,TRUE
2026-08-04 11:16:28.280,LIN-OUTTRE-01-UL,1260710007000,126061106600001008,TRUE
2026-08-04 11:16:25.790,LSR-Debrowning-01-L,1260713001010,126071300100049140,TRUE
2026-08-04 11:16:27.597,WIR-SE-01-L,1260630180010,12606301800003A172,TRUE
2026-08-04 11:16:22.518,CPP-Patternplating-01-L,1260606004010,12606060040001C189,TRUE
2026-08-04 11:16:14.705,WIR-Decoatbake-01-L,1260707002010,126070700200049136,TRUE
2026-08-04 11:16:54.484,ELC-TRE-01-UL,1260627140030,126062714000001063,TRUE
2026-08-04 11:16:53.300,LAM-BOP-02-UL,1260731045000,126073104500008055,TRUE
2026-08-04 11:16:53.066,LAM-BOP-02-L,1260731045000,126073104500008058,TRUE
2026-08-04 11:16:52.942,WIR-SE-01-L,1260630180010,12606301800003A161,TRUE
2026-08-04 11:16:52.255,WIR-Decoatbake-01-L,1260707002010,126070700200049137,TRUE
2026-08-04 11:16:52.212,LSR-Debrowning-01-L,1260713001010,126071300100049139,TRUE
2026-08-04 11:16:52.037,LIN-INNTRE-02-UL-1,,126080301100010072,TRUE
2026-08-04 11:16:50.973,ELC-INS-01-L,1260703036000,126070303600001075,TRUE
2026-08-04 11:16:49.999,LIN-OUTTRE-01-UL,1260710007000,126061106600001037,TRUE
2026-08-04 11:16:49.316,LIN-INNDES-01-L,,126080105800004067,TRUE
2026-08-04 11:16:48.583,LIN-INNLDI-01-L,1260801122000,126080112200012070,TRUE
2026-08-04 11:16:54.906,LIN-OUTDEV-01-L,1260706042000,126070604200001023,TRUE
2026-08-04 11:16:48.484,ELC-TRE-01-L,1260627140030,126062714000001012,TRUE
2026-08-04 11:16:47.378,WIR-LDI-01-L,,12606230980002B145,TRUE
2026-08-04 11:17:16.007,CPP-Patternplating-01-L,1260606004010,12606060040001C186,TRUE
2026-08-04 11:17:15.285,LAM-BOP-02-UL,1260731045000,126073104500008053,TRUE
2026-08-04 11:17:15.066,LAM-BOP-02-L,1260731045000,126073104500008060,TRUE
2026-08-04 11:17:14.516,LIN-OUTDEV-01-L,1260706042000,126070604200001073,TRUE
2026-08-04 11:17:15.148,WIR-LDI-01-UL,,12606230980002B146,TRUE
2026-08-04 11:17:12.167,LIN-INNDES-02-L,,126080106800012035,TRUE
2026-08-04 11:17:11.579,LIN-OUTTRE-01-UL,1260710007000,126061106600001039,TRUE
2026-08-04 11:17:11.432,LIN-INNDES-02-UL,,126080106800012030,TRUE
2026-08-04 11:17:11.287,CPP-Patternplating-01-UL,1260711011000,126071400100358607,TRUE
2026-08-04 11:17:10.943,LIN-INNTRE-02-UL-1,,126080301100010076,TRUE
2026-08-04 11:17:11.095,ELC-TRE-01-UL,1260627140030,126062714000001061,TRUE
2026-08-04 11:17:10.818,LIN-INNLDI-01-L,1260801122000,126080112200012076,TRUE
2026-08-04 11:17:09.116,ELC-INS-01-L,1260703036000,126070303600001058,TRUE
2026-08-04 11:17:07.022,CPP-Horizontalplating-01-L,1260709070000,126072501300400057,TRUE
2026-08-04 11:17:07.818,WIR-SE-01-UL,1260630180010,12606301800003A139,TRUE
2026-08-04 11:17:03.750,ELC-TRE-01-L,1260627140030,126062714000001079,TRUE
2026-08-04 11:17:03.362,LIN-INNDES-01-L,,126080105800004069,TRUE
2026-08-04 11:17:00.250,LIN-OUTTRE-01-L,1260616054000,126061605400001064,TRUE
2026-08-04 11:16:59.209,ELC-INS-01-UL,1260703036000,126070303600001070,TRUE
2026-08-04 11:16:57.927,LIN-INNLDI-02-L,1260709019000,126070901900001037,TRUE
2026-08-04 11:17:13.168,LSR-Debrowning-01-UL,1260713001010,126071300100049151,TRUE
2026-08-04 10:19:29.418,LIN-INNTRE-01-UL,1260803009000,126080300900006080,TRUE
2026-08-04 11:17:32.911,LIN-INNDES-01-L,,126080105800004073,TRUE
2026-08-04 11:17:30.636,CPP-Horizontalplating-01-L,1260709070000,126072501300400013,TRUE
2026-08-04 11:17:30.023,LIN-INNTRE-02-UL-1,,126080301100010080,TRUE
2026-08-04 11:17:29.195,ELC-INS-01-L,1260703036000,126070303600001015,TRUE
2026-08-04 11:17:28.930,WIR-Decoatbake-01-L,1260707002010,126070700200049160,TRUE
2026-08-04 11:17:28.990,LIN-INNLDI-01-L,1260801122000,126080112200012074,TRUE
2026-08-04 11:17:27.938,AOI-RESAOI-01-L,1260716047020,126071604700001003,TRUE
2026-08-04 11:17:26.864,LAM-BOP-02-L,1260731045000,126073104500008061,TRUE
2026-08-04 11:17:26.795,LIN-INNDES-02-L,,126080106800012037,TRUE
2026-08-04 11:17:26.205,ELC-TRE-01-UL,1260627140030,126062714000001030,TRUE
2026-08-04 11:17:26.458,LAM-BOP-02-UL,1260731045000,126073104500008052,TRUE
2026-08-04 11:17:22.407,LIN-OUTTRE-01-L,1260616054000,126061605400001020,TRUE
2026-08-04 11:17:25.950,LIN-INNDES-02-UL,,126080106800012032,TRUE
2026-08-04 11:17:19.273,WIR-LDI-01-L,,12606230980002B135,TRUE
2026-08-04 11:17:19.116,ELC-INS-01-UL,1260703036000,126070303600001048,TRUE
2026-08-04 11:17:18.903,LSR-Debrowning-01-L,1260713001010,126071300100049138,TRUE
2026-08-04 11:17:18.741,WIR-SE-01-L,1260630180010,12606301800003A163,TRUE
2026-08-04 11:17:18.329,AOI-RESAOI-01-UL,1260716047020,126071604700001058,TRUE
2026-08-04 11:17:18.095,ELC-TRE-01-L,1260627140030,126062714000001048,TRUE
2026-08-04 11:17:51.658,AOI-RESAOI-01-UL,1260716047020,126071604700001014,TRUE
2026-08-04 11:17:53.280,LIN-INNDES-02-UL,,126080106800012036,TRUE
2026-08-04 11:17:51.374,WIR-LDI-01-L,,12606230980002B138,TRUE
2026-08-04 11:17:48.429,ELC-INS-01-L,1260703036000,126070303600001020,TRUE
2026-08-04 11:17:48.456,ELC-TRE-01-L,1260627140030,126062714000001060,TRUE
2026-08-04 11:17:47.520,LIN-INNDES-01-L,,126080105800004075,TRUE
2026-08-04 11:17:47.923,AOI-RESAOI-01-L,1260716047020,126071604700001064,TRUE
2026-08-04 11:17:49.333,LAM-BOP-02-L,1260731045000,126073104500008063,TRUE
2026-08-04 11:17:45.589,LIN-INNLDI-01-L,1260801122000,126080112200012072,TRUE
2026-08-04 11:17:45.655,LSR-Debrowning-01-L,1260713001010,126071300100049137,TRUE
2026-08-04 11:17:45.280,WIR-LDI-01-UL,,12606230980002B147,TRUE
2026-08-04 11:17:49.208,LAM-BOP-02-UL,1260731045000,126073104500008050,TRUE
2026-08-04 11:17:40.862,ELC-TRE-01-UL,1260627140030,126062714000001065,TRUE
2026-08-04 11:17:44.476,WIR-SE-01-L,1260630180010,12606301800003A164,TRUE
2026-08-04 11:17:40.778,LIN-INNDES-02-L,,126080106800012039,TRUE
2026-08-04 11:17:44.376,LIN-OUTTRE-01-L,1260616054000,126061605400001051,TRUE
2026-08-04 11:17:39.467,LSR-Debrowning-01-UL,1260713001010,126071300100049152,TRUE
2026-08-04 11:17:38.851,ELC-INS-01-UL,1260703036000,126070303600001055,TRUE
2026-08-04 11:17:34.350,WIR-SE-01-UL,1260630180010,12606301800003A140,TRUE
2026-08-04 11:17:34.470,LIN-OUTDEV-01-L,1260706042000,126070604200001011,TRUE
2026-08-04 11:17:33.391,LIN-OUTTRE-01-UL,1260710007000,126061106600001010,TRUE
2026-08-04 11:17:30.023,LIN-INNTRE-02-UL-1,,126080301100010080,TRUE
2026-08-04 11:18:16.306,ELC-INS-01-UL,1260703036000,126070303600001058,TRUE
2026-08-04 11:18:15.347,AOI-RESAOI-01-UL,1260716047020,126071604700001003,TRUE
2026-08-04 11:18:15.347,WIR-LDI-01-UL,,12606230980002B148,TRUE
2026-08-04 11:18:14.885,LIN-INNLDI-01-L,1260801122000,126080112200012060,TRUE
2026-08-04 11:18:13.238,LIN-OUTDEV-01-L,1260706042000,126070604200001035,TRUE
2026-08-04 11:18:11.922,LSR-Debrowning-01-L,1260713001010,126071300100049136,TRUE
2026-08-04 11:18:11.786,ELC-TRE-01-UL,1260627140030,126062714000001062,TRUE
2026-08-04 11:18:11.428,LAM-BOP-02-UL,1260731045000,126073104500008048,TRUE
2026-08-04 11:18:10.908,CPP-Patternplating-01-L,1260606004010,12606060040001C185,TRUE
2026-08-04 11:18:09.947,WIR-SE-01-L,1260630180010,12606301800003A166,TRUE
2026-08-04 11:18:08.719,LIN-INNDES-02-L,,126080106800012043,TRUE
2026-08-04 11:18:07.829,LIN-INNDES-02-UL,,126080106800012038,TRUE
2026-08-04 11:18:07.056,ELC-INS-01-L,1260703036000,126070303600001040,TRUE
2026-08-04 11:18:06.783,LIN-OUTTRE-01-L,1260616054000,126061605400001078,TRUE
2026-08-04 11:18:05.984,LSR-Debrowning-01-UL,1260713001010,126071300100049149,TRUE
2026-08-04 11:18:05.783,AOI-RESAOI-01-L,1260716047020,126071604700001042,TRUE
2026-08-04 11:18:05.156,SDM-DI-01-UL,1260616091000,12606160910001C110,TRUE
2026-08-04 11:18:05.049,CPP-Patternplating-01-UL,1260711011000,126071400100358624,TRUE
2026-08-04 11:18:02.193,LIN-INNDES-01-L,,126080105800004077,TRUE
2026-08-04 11:18:00.289,WIR-SE-01-UL,1260630180010,12606301800003A141,TRUE
2026-08-04 11:17:55.671,ROU-RIN-01-UL,,Error_202608041817556711,FALSE
2026-08-04 11:17:48.456,ELC-TRE-01-L,1260627140030,126062714000001060,TRUE
2026-08-04 02:52:28.688,SMK-DIX-01-L,1260710031000,126071003100001023,TRUE
2026-08-04 11:17:54.876,LIN-OUTTRE-01-UL,1260710007000,126061106600001052,TRUE
2026-08-04 11:18:32.705,LSR-Debrowning-01-UL,1260713001010,126071300100049150,TRUE
2026-08-04 11:18:32.198,LIN-INNLDI-01-L,1260801122000,126080112200012058,TRUE
2026-08-04 11:18:31.680,LIN-INNDES-01-L,,126080105800004023,TRUE
2026-08-04 11:18:30.299,ROU-RIN-01-UL,,Error_202608041818302999,FALSE
2026-08-04 11:18:28.160,AOI-RESAOI-01-L,1260716047020,126071604700001009,TRUE
2026-08-04 11:18:28.926,LIN-OUTTRE-01-L,1260616054000,126061605400001024,TRUE
2026-08-04 11:18:27.568,ELC-TRE-01-UL,1260627140030,126062714000001055,TRUE
2026-08-04 11:18:26.791,ELC-INS-01-L,1260703036000,126070303600001065,TRUE
2026-08-04 11:18:26.183,WIR-SE-01-UL,1260630180010,12606301800003A132,TRUE
2026-08-04 11:18:23.473,WIR-LDI-01-L,,12606230980002B137,TRUE
2026-08-04 11:18:22.876,LIN-INNDES-02-L,,126080106800012045,TRUE
2026-08-04 11:18:22.422,LIN-INNDES-02-UL,,126080106800012040,TRUE
2026-08-04 11:18:22.194,LAM-BOP-02-UL,1260731045000,126073104500008047,TRUE
2026-08-04 11:18:16.708,LIN-OUTTRE-01-UL,1260710007000,126061106600001077,TRUE
2026-08-04 11:17:48.456,ELC-TRE-01-L,1260627140030,126062714000001060,TRUE
2026-08-04 11:18:45.352,LAM-BOP-02-UL,1260731045000,126073104500008045,TRUE
2026-08-04 11:18:45.240,WIR-LDI-01-UL,,12606230980002B149,TRUE
2026-08-04 11:18:42.850,ELC-TRE-01-UL,1260627140030,126062714000001080,TRUE
2026-08-04 11:18:38.855,LIN-INNLDI-01-L,1260801122000,126080112200012066,TRUE
2026-08-04 11:18:38.598,LSR-Debrowning-01-L,1260713001010,126071300100049135,TRUE
2026-08-04 11:18:38.551,LIN-OUTTRE-01-UL,1260710007000,126061106600001054,TRUE
2026-08-04 11:18:37.709,AOI-RESAOI-01-UL,1260716047020,126071604700001064,TRUE
2026-08-04 11:18:37.424,LIN-INNDES-02-L,,126080106800012047,TRUE
2026-08-04 11:18:36.799,LIN-INNDES-02-UL,,126080106800012042,TRUE
2026-08-04 11:18:36.307,ELC-INS-01-UL,1260703036000,126070303600001015,TRUE
2026-08-04 11:18:33.238,LIN-OUTDEV-01-L,1260706042000,126070604200001064,TRUE
2026-08-04 11:18:09.947,WIR-SE-01-L,1260630180010,12606301800003A166,TRUE
2026-08-04 11:19:05.981,LIN-INNLDI-01-L,1260801122000,126080112200012054,TRUE
2026-08-04 11:19:05.021,LIN-OUTDEV-01-UL,1260703066020,126070604200001048,TRUE
2026-08-04 11:19:05.315,LIN-INNDES-02-L,,126080106800012001,TRUE
2026-08-04 11:19:04.768,LIN-INNDES-02-UL,,126080106800012046,TRUE
2026-08-04 11:19:04.724,LSR-Debrowning-01-L,1260713001010,126071300100049133,TRUE
2026-08-04 11:19:04.920,ELC-INS-01-L,1260703036000,126070303600001042,TRUE
2026-08-04 11:19:01.336,LIN-INNDES-01-L,,126080105800004011,TRUE
2026-08-04 11:19:03.319,CPP-Horizontalplating-01-UL,1260606004010,126072501300400003,TRUE
2026-08-04 11:19:00.883,LAM-BOP-02-UL,1260731045000,126073104500008035,TRUE
2026-08-04 11:19:03.483,CPP-Patternplating-01-L,1260606004010,12606060040001C188,TRUE
2026-08-04 11:19:00.286,LIN-OUTTRE-01-UL,1260710007000,126061106600001076,TRUE
2026-08-04 11:18:59.054,ELC-TRE-01-UL,1260627140030,126062714000001056,TRUE
2026-08-04 11:18:59.802,AOI-RESAOI-01-UL,1260716047020,126071604700001042,TRUE
2026-08-04 11:18:59.052,LSR-Debrowning-01-UL,1260713001010,126071300100049147,TRUE
2026-08-04 11:18:58.616,CPP-Patternplating-01-UL,1260711011000,126071400100358603,TRUE
2026-08-04 11:18:55.256,WIR-LDI-01-L,,12606230980002B139,TRUE
2026-08-04 11:18:54.793,ELC-INS-01-UL,1260703036000,126070303600001020,TRUE
2026-08-04 11:18:54.622,WIR-SE-01-L,1260630180010,12606301800003A165,TRUE
2026-08-04 11:18:53.544,WIR-SE-01-UL,1260630180010,12606301800003A134,TRUE
2026-08-04 11:18:53.693,LIN-OUTDEV-01-L,1260706042000,126070604200001024,TRUE
2026-08-04 11:18:56.521,AOI-RESAOI-01-L,1260716047020,126071604700001048,TRUE
2026-08-04 11:18:51.458,LIN-OUTTRE-01-L,1260616054000,126061605400001046,TRUE
2026-08-04 11:19:20.826,WIR-SE-01-UL,1260630180010,12606301800003A135,TRUE
2026-08-04 11:19:19.988,LIN-INNDES-02-L,,126080106800012003,TRUE
2026-08-04 11:19:19.445,AOI-RESAOI-01-L,1260716047020,126071604700001070,TRUE
2026-08-04 11:19:18.957,LIN-INNDES-02-UL,,126080106800012048,TRUE
2026-08-04 11:19:15.993,LIN-INNDES-01-L,,126080105800004013,TRUE
2026-08-04 11:19:15.898,WIR-LDI-01-UL,,12606230980002B150,TRUE
2026-08-04 11:19:15.671,WIR-SE-01-L,1260630180010,12606301800003A171,TRUE
2026-08-04 11:19:14.701,ELC-INS-01-UL,1260703036000,126070303600001040,TRUE
2026-08-04 11:19:13.747,LIN-INNLDI-01-L,1260801122000,126080112200012062,TRUE
2026-08-04 11:19:13.476,LIN-OUTTRE-01-L,1260616054000,126061605400001062,TRUE
2026-08-04 11:19:14.586,ELC-TRE-01-UL,1260627140030,126062714000001043,TRUE
2026-08-04 11:19:12.210,LIN-OUTDEV-01-L,1260706042000,126070604200001063,TRUE
2026-08-04 11:19:12.030,LAM-BOP-02-UL,1260731045000,126073104500008034,TRUE
2026-08-04 11:19:45.431,WIR-LDI-01-UL,,12606230980002B141,TRUE
2026-08-04 11:19:45.448,LIN-INNDES-01-L,,126080105800004017,TRUE
2026-08-04 11:19:44.540,ELC-TRE-01-UL,1260627140030,126062714000001019,TRUE
2026-08-04 11:19:43.750,ELC-INS-01-L,1260703036000,126070303600001050,TRUE
2026-08-04 11:19:44.399,LIN-OUTTRE-01-UL,1260710007000,126061106600001067,TRUE
2026-08-04 11:19:41.914,AOI-RESAOI-01-L,1260716047020,126071604700001026,TRUE
2026-08-04 11:19:41.634,LAM-BOP-02-L,1260731046000,126073104600010061,TRUE
2026-08-04 11:19:40.218,LIN-INNLDI-01-L,1260801122000,126080112200012050,TRUE
2026-08-04 11:19:38.289,ELC-TRE-01-L,1260713037000,126071303700001012,TRUE
2026-08-04 11:19:37.164,SDM-DI-01-UL,1260616091000,12606160910001C064,TRUE
2026-08-04 11:19:36.641,WIR-SE-01-L,1260630180010,12606301800003A174,TRUE
2026-08-04 11:19:35.585,LIN-OUTTRE-01-L,1260616054000,126061605400001056,TRUE
2026-08-04 11:19:34.134,LAM-BOP-02-UL,1260731045000,126073104500008032,TRUE
2026-08-04 11:19:34.210,LIN-INNDES-02-L,,126080106800012005,TRUE
2026-08-04 11:19:33.609,ELC-INS-01-UL,1260703036000,126070303600001065,TRUE
2026-08-04 11:19:33.538,LIN-INNDES-02-UL,,126080106800012050,TRUE
2026-08-04 11:19:32.273,LIN-OUTDEV-01-L,1260706042000,126070604200001012,TRUE
2026-08-04 11:19:33.148,LIN-OUTDEV-01-UL,1260703066020,126070604200001026,TRUE
2026-08-04 11:19:31.523,LSR-Debrowning-01-L,1260713001010,126071300100049134,TRUE
2026-08-04 11:19:27.431,WIR-LDI-01-L,,12606230980002B140,TRUE
2026-08-04 11:19:27.212,CPP-Horizontalplating-01-UL,1260606004010,126072501300400116,TRUE
2026-08-04 11:19:25.944,LSR-Debrowning-01-UL,1260713001010,126071300100049148,TRUE
2026-08-04 11:19:23.007,AOI-RESAOI-01-UL,1260716047020,126071604700001009,TRUE
2026-08-04 11:14:29.096,LIN-INNTRE-02-UL-2,,126080301100010031,TRUE
2026-08-04 11:20:00.182,LIN-INNDES-01-L,,126080105800004019,TRUE
2026-08-04 11:19:59.642,LIN-INNLDI-01-L,1260801122000,126080112200012048,TRUE
2026-08-04 11:19:59.275,WIR-LDI-01-L,,12606230980002B132,TRUE
2026-08-04 11:19:58.212,LIN-OUTTRE-01-L,1260616054000,126061605400001018,TRUE
2026-08-04 11:19:57.603,LSR-Debrowning-01-L,1260713001010,126071300100049131,TRUE
2026-08-04 11:19:57.556,CPP-Patternplating-01-L,1260606004010,12606060040001C181,TRUE
2026-08-04 11:19:57.681,WIR-SE-01-L,1260630180010,12606301800003A176,TRUE
2026-08-04 11:19:53.791,LAM-BOP-02-L,1260731046000,126073104600010058,TRUE
2026-08-04 11:19:54.446,CPP-Horizontalplating-01-UL,1260606004010,126072501300400117,TRUE
2026-08-04 11:19:52.656,ELC-INS-01-UL,1260703036000,126070303600001077,TRUE
2026-08-04 11:19:52.102,LSR-Debrowning-01-UL,1260713001010,126071300100049146,TRUE
2026-08-04 11:19:51.837,LIN-OUTDEV-01-L,1260706042000,126070604200001038,TRUE
2026-08-04 11:19:52.087,CPP-Patternplating-01-UL,1260711011000,126071400100358619,TRUE
2026-08-04 11:19:49.478,LIN-OUTDEV-01-UL,1260703066020,126070604200001051,TRUE
2026-08-04 11:19:48.429,LIN-INNDES-02-UL,,126080106800012071,TRUE
2026-08-04 11:19:46.783,WIR-SE-01-UL,1260630180010,12606301800003A136,TRUE
2026-08-04 11:19:56.963,LAM-BOP-02-UL,1260731045000,126073104500008030,TRUE
2026-08-04 11:19:47.726,LIN-INNDES-02-L,,126080106800012007,TRUE
2026-08-04 11:19:52.994,ELC-TRE-01-L,1260713037000,126071303700001075,TRUE
2026-08-04 10:49:45.252,WIR-Decoatbake-01-UL,1260710001010,126071000100049175,TRUE
2026-08-04 11:19:46.259,AOI-RESAOI-01-UL,1260716047020,126071604700001048,TRUE
2026-08-04 02:52:28.688,SMK-DIX-01-L,1260710031000,126071003100001023,TRUE
2026-08-04 11:20:15.476,LIN-INNDES-02-UL,,126080106800012075,TRUE
2026-08-04 11:20:15.838,WIR-LDI-01-UL,,12606230980002B142,TRUE
2026-08-04 11:20:16.120,ELC-TRE-01-UL,1260627140030,126062714000001076,TRUE
2026-08-04 11:20:15.179,LIN-INNDES-02-L,,126080106800012011,TRUE
2026-08-04 11:20:14.885,LIN-INNDES-01-L,,126080105800004021,TRUE
2026-08-04 11:20:12.141,ELC-INS-01-UL,1260703036000,126070303600001042,TRUE
2026-08-04 11:20:14.548,LIN-INNLDI-01-L,1260801122000,126080112200012046,TRUE
2026-08-04 11:20:13.534,WIR-SE-01-UL,1260630180010,12606301800003A158,TRUE
2026-08-04 11:20:09.400,AOI-RESAOI-01-UL,1260716047020,126071604700001070,TRUE
2026-08-04 11:20:11.993,LIN-OUTDEV-01-L,1260706042000,126070604200001060,TRUE
2026-08-04 11:20:09.072,LAM-BOP-02-UL,1260731045000,126073104500008029,TRUE
2026-08-04 11:20:04.587,AOI-RESAOI-01-L,1260716047020,126071604700001032,TRUE
2026-08-04 11:20:08.636,ELC-TRE-01-L,1260713037000,126071303700001064,TRUE
2026-08-04 11:20:03.414,ROU-RIN-01-UL,,Error_202608041820034149,FALSE
2026-08-04 02:52:28.688,SMK-DIX-01-L,1260710031000,126071003100001023,TRUE
2026-08-04 11:20:05.962,LIN-OUTTRE-01-UL,1260710007000,126061106600001011,TRUE
2026-08-04 11:20:34.127,LIN-INNLDI-01-L,1260801122000,126080112200012044,TRUE
2026-08-04 11:20:31.794,LIN-OUTDEV-01-UL,1260703066020,126070604200001029,TRUE
2026-08-04 11:20:31.731,AOI-RESAOI-01-UL,1260716047020,126071604700001026,TRUE
2026-08-04 11:20:31.730,ELC-TRE-01-UL,1260627140030,126062714000001012,TRUE
2026-08-04 11:20:02.766,ELC-INS-01-L,1260703036000,126070303600001071,TRUE
2026-08-04 11:20:31.628,ELC-INS-01-UL,1260703036000,126070303600001066,TRUE
2026-08-04 11:20:31.480,WIR-LDI-01-L,,12606230980002B131,TRUE
2026-08-04 11:20:29.964,LIN-INNDES-01-L,,126080105800004038,TRUE
2026-08-04 11:20:29.745,LAM-BOP-02-L,1260731046000,126073104600010052,TRUE
2026-08-04 11:20:27.294,LIN-OUTTRE-01-UL,1260710007000,126061106600001015,TRUE
2026-08-04 11:20:29.742,LIN-INNDES-02-L,,126080106800012013,TRUE
2026-08-04 11:20:26.387,AOI-RESAOI-01-L,1260716047020,126071604700001033,TRUE
2026-08-04 11:20:24.010,LSR-Debrowning-01-L,1260713001010,126071300100049132,TRUE
2026-08-04 11:20:23.714,ELC-TRE-01-L,1260713037000,126071303700001026,TRUE
2026-08-04 11:20:22.470,ELC-INS-01-L,1260703036000,126070303600001008,TRUE
2026-08-04 11:20:20.362,WIR-SE-01-L,1260630180010,12606301800003A124,TRUE
2026-08-04 11:20:05.432,LAM-BOP-02-L,1260731046000,126073104600010056,TRUE
2026-08-04 11:20:19.776,LIN-OUTTRE-01-L,1260616054000,126061605400001036,TRUE
2026-08-04 11:20:30.195,LIN-INNDES-02-UL,,126080106800012077,TRUE
2026-08-04 11:20:18.338,CPP-Horizontalplating-01-UL,1260606004010,12607090700003I001,TRUE
2026-08-04 11:20:11.993,LIN-OUTDEV-01-L,1260706042000,126070604200001060,TRUE
2026-08-04 11:20:18.556,LSR-Debrowning-01-UL,1260713001010,126071300100049145,TRUE
2026-08-04 11:20:19.995,LAM-BOP-02-UL,1260731045000,126073104500008028,TRUE
2026-08-04 11:20:46.480,WIR-LDI-01-UL,,12606230980002B143,TRUE
2026-08-04 11:20:46.355,CPP-Patternplating-01-UL,1260711011000,126071400100358615,TRUE
2026-08-04 11:20:44.933,LSR-Debrowning-01-UL,1260713001010,126071300100049144,TRUE
2026-08-04 11:20:46.114,WIR-SE-01-L,1260630180010,12606301800003A175,TRUE
2026-08-04 11:20:47.323,ELC-TRE-01-UL,1260627140030,126062714000001079,TRUE
2026-08-04 11:20:46.748,LAM-BOP-02-UL,1260731045000,126073104500008026,TRUE
2026-08-04 11:20:44.244,LIN-INNDES-02-L,,126080106800012015,TRUE
2026-08-04 11:20:44.325,LIN-INNDES-01-L,,126080105800004040,TRUE
2026-08-04 11:20:41.746,LAM-BOP-02-L,1260731046000,126073104600010046,TRUE
2026-08-04 11:20:41.660,ELC-INS-01-L,1260703036000,126070303600001001,TRUE
2026-08-04 11:20:43.510,LIN-INNDES-02-UL,,126080106800012079,TRUE
2026-08-04 11:20:41.920,LIN-OUTTRE-01-L,1260616054000,126061605400001070,TRUE
2026-08-04 11:20:39.986,LIN-INNLDI-01-L,1260801122000,126080112200012052,TRUE
2026-08-04 11:20:38.355,ELC-TRE-01-L,1260713037000,126071303700001029,TRUE
2026-08-04 11:20:41.855,CPP-Horizontalplating-01-UL,1260606004010,12607090700003I002,TRUE
2026-08-04 11:20:40.208,WIR-SE-01-UL,1260630180010,12606301800003A147,TRUE
2026-08-04 11:21:01.175,ELC-INS-01-L,1260703036000,126070303600001005,TRUE
2026-08-04 11:21:01.808,ELC-TRE-01-UL,1260627140030,126062714000001048,TRUE
2026-08-04 11:20:58.097,LIN-INNLDI-01-L,1260801122000,126080112200012050,TRUE
2026-08-04 11:20:58.323,LIN-INNDES-02-L,,126080106800012017,TRUE
2026-08-04 11:20:59.158,LIN-INNDES-01-L,,126080105800004042,TRUE
2026-08-04 11:20:58.002,LAM-BOP-02-UL,1260731045000,126073104500008025,TRUE
2026-08-04 11:20:54.641,LAM-BOP-02-L,1260731046000,126073104600010044,TRUE
2026-08-04 11:20:54.183,ELC-TRE-01-L,1260713037000,126071303700001031,TRUE
2026-08-04 11:20:57.525,LIN-INNDES-02-UL,,126080106800012002,TRUE
2026-08-04 11:20:52.623,LIN-OUTDEV-01-UL,1260703066020,126070604200001068,TRUE
2026-08-04 11:20:50.754,ELC-INS-01-UL,1260703036000,126070303600001050,TRUE
2026-08-04 11:20:52.857,AOI-RESAOI-01-UL,1260716047020,126071604700001032,TRUE
2026-08-04 11:20:50.589,LSR-Debrowning-01-L,1260713001010,126071300100049130,TRUE
2026-08-04 11:20:50.138,LIN-OUTTRE-01-UL,1260710007000,126061106600001071,TRUE
2026-08-04 11:20:49.696,ROU-RIN-01-UL,,Error_202608041820496963,FALSE
2026-08-04 02:52:28.688,SMK-DIX-01-L,1260710031000,126071003100001023,TRUE
2026-08-04 11:20:51.105,CPP-Patternplating-01-L,1260606004010,12606060040001C184,TRUE
2026-08-04 11:20:48.576,AOI-RESAOI-01-L,1260716047020,126071604700001004,TRUE
2026-08-04 11:03:50.124,WIR-Vdevelop-01-L,1260619002010,12606190020002B121,TRUE
2026-08-04 11:21:25.670,LIN-OUTTRE-01-L,1260616054000,126061605400001043,TRUE
2026-08-04 11:21:25.652,ROU-RIN-01-UL,,Error_202608041821256523,FALSE
2026-08-04 11:21:24.074,ELC-TRE-01-L,1260713037000,126071303700001018,TRUE
2026-08-04 11:21:23.803,LIN-INNLDI-01-L,1260801122000,126080112200012038,TRUE
2026-08-04 11:21:20.286,ELC-INS-01-L,1260703036000,126070303600001033,TRUE
2026-08-04 11:21:18.052,LAM-BOP-02-L,1260731046000,126073104600010040,TRUE
2026-08-04 11:21:20.022,LAM-BOP-02-UL,1260731045000,126073104500008023,TRUE
2026-08-04 11:21:17.184,LSR-Debrowning-01-L,1260713001010,126071300100049129,TRUE
2026-08-04 11:21:16.824,ELC-TRE-01-UL,1260627140030,126062714000001003,TRUE
2026-08-04 11:21:14.998,AOI-RESAOI-01-UL,1260716047020,126071604700001033,TRUE
2026-08-04 11:21:16.761,WIR-LDI-01-UL,,12606230980002B144,TRUE
2026-08-04 11:21:13.645,LIN-INNDES-01-L,,126080105800004044,TRUE
2026-08-04 11:21:13.043,LIN-INNDES-02-L,,126080106800012019,TRUE
2026-08-04 11:21:12.185,LIN-OUTTRE-01-UL,1260710007000,126061106600001049,TRUE
2026-08-04 11:21:25.277,LIN-INNDES-02-UL,,126080106800012006,TRUE
2026-08-04 11:21:11.974,WIR-SE-01-L,1260630180010,12606301800003A178,TRUE
2026-08-04 11:21:11.325,LSR-Debrowning-01-UL,1260713001010,126071300100049143,TRUE
2026-08-04 11:21:11.107,AOI-RESAOI-01-L,1260716047020,126071604700001075,TRUE
2026-08-04 11:21:09.691,ELC-INS-01-UL,1260703036000,126070303600001071,TRUE
2026-08-04 11:21:08.356,SDM-DI-01-UL,1260616091000,12606160910001C066,TRUE
2026-08-04 11:21:08.670,LIN-OUTDEV-01-UL,1260703066020,126070604200001030,TRUE
2026-08-04 11:21:07.067,WIR-SE-01-UL,1260630180010,12606301800003A137,TRUE
2026-08-04 11:21:05.058,CPP-Horizontalplating-01-UL,1260606004010,126072501300400040,TRUE
2026-08-04 11:21:03.574,WIR-LDI-01-L,,12606230980002B134,TRUE
2026-08-04 10:46:27.105,GLD-RinseENEPIG-01-UL,,22605233310001C102,TRUE
2026-08-04 11:21:43.733,LSR-Debrowning-01-L,1260713001010,126071300100049128,TRUE
2026-08-04 11:21:43.494,LIN-INNLDI-01-L,1260801122000,126080112200012036,TRUE
2026-08-04 11:21:42.834,LAM-BOP-02-UL,1260731045000,126073104500008021,TRUE
2026-08-04 11:21:42.381,LAM-BOP-02-L,1260731046000,126073104600010034,TRUE
2026-08-04 11:21:39.458,ELC-INS-01-L,1260703036000,126070303600001016,TRUE
2026-08-04 11:21:39.964,CPP-Patternplating-01-UL,1260711011000,126071400100358621,TRUE
2026-08-04 11:21:38.903,ELC-TRE-01-L,1260713037000,126071303700001019,TRUE
2026-08-04 11:21:43.475,LIN-INNDES-01-L,,126080105800004048,TRUE
2026-08-04 11:21:37.982,LSR-Debrowning-01-UL,1260713001010,126071300100049142,TRUE
2026-08-04 11:21:37.388,AOI-RESAOI-01-UL,1260716047020,126071604700001004,TRUE
2026-08-04 11:21:35.589,WIR-LDI-01-L,,12606230980002B133,TRUE
2026-08-04 11:21:33.748,LIN-OUTTRE-01-UL,1260710007000,126061106600001007,TRUE
2026-08-04 11:21:33.585,WIR-SE-01-UL,1260630180010,12606301800003A149,TRUE
2026-08-04 11:21:33.451,AOI-RESAOI-01-L,1260716047020,126071604700001065,TRUE
2026-08-04 11:21:39.450,LIN-INNDES-02-UL,,126080106800012008,TRUE
2026-08-04 11:21:32.045,LIN-OUTDEV-01-UL,1260703066020,126070604200001040,TRUE
2026-08-04 11:21:32.794,ELC-TRE-01-UL,1260627140030,126062714000001060,TRUE
2026-08-04 11:21:27.886,CPP-Horizontalplating-01-UL,1260606004010,126072501300400019,TRUE
2026-08-04 11:21:36.991,WIR-SE-01-L,1260630180010,12606301800003A177,TRUE
2026-08-04 10:43:18.451,SMK-BRU-01-L,1260725015010,M0960013A2000G-0607,TRUE
2026-08-04 11:21:29.161,ELC-INS-01-UL,1260703036000,126070303600001008,TRUE
2026-08-04 11:21:52.012,ROU-RIN-01-UL,,Error_202608041821520122,FALSE
2026-08-04 11:21:48.124,LIN-OUTDEV-01-UL,1260703066020,126070604200001021,TRUE
2026-08-04 11:21:46.778,WIR-LDI-01-UL,,12606230980002B145,TRUE
2026-08-04 11:21:47.389,LIN-OUTTRE-01-L,1260616054000,126061605400001010,TRUE
2026-08-04 11:21:45.278,CPP-Patternplating-01-L,1260606004010,12606060040001C183,TRUE
2026-08-04 11:21:49.085,ELC-INS-01-UL,1260703036000,126070303600001001,TRUE
2026-08-04 11:21:48.978,LIN-INNLDI-01-L,1260801122000,126080112200012044,TRUE
2026-08-04 11:21:13.043,LIN-INNDES-02-L,,126080106800012019,TRUE
2026-08-04 11:22:12.399,LIN-INNDES-01-L,,126080105800004052,TRUE
2026-08-04 11:22:10.234,LSR-Debrowning-01-L,1260713001010,126071300100049127,TRUE
2026-08-04 11:22:09.128,LIN-OUTTRE-01-L,1260616054000,126061605400001076,TRUE
2026-08-04 11:22:09.827,ELC-TRE-01-L,1260713037000,126071303700001027,TRUE
2026-08-04 11:22:08.951,LIN-INNDES-02-UL,,126080106800012014,TRUE
2026-08-04 11:22:07.328,WIR-LDI-01-L,,12606230980002B136,TRUE
2026-08-04 11:22:07.804,ELC-INS-01-UL,1260703036000,126070303600001005,TRUE
2026-08-04 11:22:07.284,LIN-OUTDEV-01-UL,1260703066020,126070604200001066,TRUE
2026-08-04 11:22:05.695,LAM-BOP-02-UL,1260731045000,126073104500008019,TRUE
2026-08-04 11:22:04.594,LSR-Debrowning-01-UL,1260713001010,126071300100049141,TRUE
2026-08-04 11:22:02.727,WIR-SE-01-L,1260630180010,12606301800003A035,TRUE
2026-08-04 11:22:07.139,LIN-INNLDI-01-L,1260801122000,126080112200012042,TRUE
2026-08-04 11:22:01.471,AOI-RESAOI-01-UL,1260716047020,126071604700001075,TRUE
2026-08-04 11:21:59.663,WIR-SE-01-UL,1260630180010,12606301800003A146,TRUE
2026-08-04 11:21:59.116,ELC-INS-01-L,1260703036000,126070303600001069,TRUE
2026-08-04 11:22:06.181,LAM-BOP-02-L,1260731046000,126073104600010030,TRUE
2026-08-04 11:21:57.455,LIN-OUTTRE-01-UL,1260710007000,126061106600001029,TRUE
2026-08-04 11:21:56.626,AOI-RESAOI-01-L,1260716047020,126071604700001063,TRUE
2026-08-04 11:22:37.273,ELC-INS-01-L,1260703036000,126070303600001021,TRUE
2026-08-04 11:22:36.595,LSR-Debrowning-01-L,1260713001010,126071300100049126,TRUE
2026-08-04 11:22:36.437,LIN-INNDES-02-UL,,126080106800012018,TRUE
2026-08-04 11:22:33.453,LIN-INNLDI-01-L,1260801122000,126080112200012030,TRUE
2026-08-04 11:22:33.239,CPP-Patternplating-01-UL,1260711011000,126071400100358609,TRUE
2026-08-04 11:22:31.704,GLD-RinseENEPIG-01-UL,,126072107500100400198,TRUE
2026-08-04 11:22:31.098,LIN-OUTTRE-01-L,1260616054000,126061605400001004,TRUE
2026-08-04 11:22:31.235,LSR-Debrowning-01-UL,1260713001010,126071300100049140,TRUE
2026-08-04 11:22:30.603,LAM-BOP-02-L,1260731046000,126073104600010026,TRUE
2026-08-04 11:22:29.681,WIR-SE-01-L,1260630180010,12606301800003A179,TRUE
2026-08-04 11:22:27.504,LIN-OUTDEV-01-UL,1260703066020,126070604200001032,TRUE
2026-08-04 11:22:27.478,LIN-INNDES-01-L,,126080105800004054,TRUE
2026-08-04 11:22:27.179,ELC-INS-01-UL,1260703036000,126070303600001033,TRUE
2026-08-04 11:22:25.390,ELC-TRE-01-L,1260713037000,126071303700001034,TRUE
2026-08-04 11:22:27.196,LAM-BOP-02-UL,1260731045000,126073104500008017,TRUE
2026-08-04 11:22:23.504,AOI-RESAOI-01-UL,1260716047020,126071604700001065,TRUE
2026-08-04 11:22:19.036,AOI-RESAOI-01-L,1260716047020,126071604700001020,TRUE
2026-08-04 11:22:18.395,LIN-OUTTRE-01-UL,1260710007000,126061106600001073,TRUE
2026-08-04 11:22:17.173,WIR-LDI-01-UL,,12606230980002B135,TRUE
2026-08-04 11:17:30.023,LIN-INNTRE-02-UL-1,,126080301100010080,TRUE
2026-08-04 11:22:46.617,ELC-INS-01-UL,1260703036000,126070303600001016,TRUE
2026-08-04 11:22:46.926,LIN-OUTDEV-01-UL,1260703066020,126070604200001047,TRUE
2026-08-04 11:22:45.567,AOI-RESAOI-01-UL,1260716047020,126071604700001063,TRUE
2026-08-04 11:22:44.314,SDM-DI-01-UL,1260616091000,12606160910002B132,TRUE
2026-08-04 11:22:43.181,LAM-BOP-02-L,1260731046000,126073104600010024,TRUE
2026-08-04 11:22:42.243,LIN-INNDES-01-L,,126080105800004056,TRUE
2026-08-04 11:22:42.954,LIN-INNLDI-01-L,1260801122000,126080112200012038,TRUE
2026-08-04 11:22:40.051,LIN-OUTTRE-01-UL,1260710007000,126061106600001078,TRUE
2026-08-04 11:22:39.537,WIR-LDI-01-L,,12606230980002B125,TRUE
2026-08-04 11:22:39.423,ELC-TRE-01-L,1260713037000,126071303700001040,TRUE
2026-08-04 11:22:41.911,AOI-RESAOI-01-L,1260716047020,126071604700001076,TRUE
2026-08-04 11:22:39.103,LAM-BOP-02-UL,1260731045000,126073104500008080,TRUE
2026-08-04 11:22:38.724,CPP-Patternplating-01-L,1260606004010,12606060040001C237,TRUE
2026-08-04 11:21:13.043,LIN-INNDES-02-L,,126080106800012019,TRUE
2026-08-04 11:22:59.753,LIN-INNLDI-01-L,1260801122000,126080112200012036,TRUE
2026-08-04 11:23:01.949,LAM-BOP-02-UL,1260731045000,126073104500008078,TRUE
2026-08-04 11:23:01.584,LIN-OUTTRE-01-UL,1260710007000,126061106600001019,TRUE
2026-08-04 11:22:57.166,ELC-INS-01-L,1260703036000,126070303600001062,TRUE
2026-08-04 11:22:56.683,LIN-INNDES-01-L,,126080105800004058,TRUE
2026-08-04 11:22:54.728,WIR-SE-01-L,1260630180010,12606301800003A127,TRUE
2026-08-04 11:22:58.756,AOI-RESAOI-01-L,1260716047020,126071604700001052,TRUE
2026-08-04 11:22:53.380,LIN-OUTTRE-01-L,1260616054000,126061605400001065,TRUE
2026-08-04 11:22:52.340,ROU-RIN-01-UL,,Error_202608041822523407,FALSE
2026-08-04 11:22:50.595,LIN-INNDES-02-UL,,126080106800012020,TRUE
2026-08-04 11:22:47.616,WIR-LDI-01-UL,,12606230980002B138,TRUE
2026-08-04 11:22:50.881,WIR-Vdevelop-01-L,1260623098000,12606230980002B037,TRUE
2026-08-04 11:22:33.239,CPP-Patternplating-01-UL,1260711011000,126071400100358609,TRUE
2026-08-04 11:22:54.565,ELC-TRE-01-L,1260713037000,126071303700001022,TRUE
2026-08-04 11:21:13.043,LIN-INNDES-02-L,,126080106800012019,TRUE
2026-08-04 11:22:57.642,LSR-Debrowning-01-UL,1260713001010,126071300100049139,TRUE
2026-08-04 11:23:24.759,ELC-INS-01-UL,1260703036000,126070303600001054,TRUE
2026-08-04 11:23:24.373,LAM-BOP-02-UL,1260731045000,126073104500008076,TRUE
2026-08-04 11:23:23.602,LIN-OUTTRE-01-UL,1260710007000,126061106600001050,TRUE
2026-08-04 11:23:24.192,LSR-Debrowning-01-UL,1260713001010,126071300100049138,TRUE
2026-08-04 11:23:22.381,ELC-TRE-01-UL,1260713037000,126071303700001012,TRUE
2026-08-04 11:23:19.276,WIR-SE-01-L,1260630180010,12606301800003A128,TRUE
2026-08-04 11:23:18.161,LIN-INNDES-02-UL,,126080106800012053,TRUE
2026-08-04 11:23:17.867,WIR-LDI-01-UL,,12606230980002B137,TRUE
2026-08-04 11:23:17.614,LIN-INNLDI-01-L,1260801122000,126080112200012034,TRUE
2026-08-04 11:23:15.772,LIN-OUTTRE-01-L,1260616054000,126061605400001066,TRUE
2026-08-04 11:23:15.666,ELC-INS-01-L,1260703036000,126070303600001002,TRUE
2026-08-04 11:23:13.820,WIR-Vdevelop-01-L,1260623098000,12606230980002B040,TRUE
2026-08-04 11:23:12.050,GLD-RinseENEPIG-01-UL,,126072107500100400161,TRUE
2026-08-04 11:23:11.403,LIN-INNDES-01-L,,126080105800004060,TRUE
2026-08-04 11:23:11.273,WIR-LDI-01-L,,12606230980002B127,TRUE
2026-08-04 11:23:11.053,ELC-TRE-01-L,1260713037000,126071303700001016,TRUE
2026-08-04 11:23:07.385,WIR-SE-01-UL,1260630180010,12606301800003A150,TRUE
2026-08-04 11:23:08.600,AOI-RESAOI-01-UL,1260716047020,126071604700001020,TRUE
2026-08-04 11:23:06.257,LIN-OUTDEV-01-UL,1260703066020,126070604200001023,TRUE
2026-08-04 11:23:04.455,LSR-Debrowning-01-L,1260713001010,126071300100049125,TRUE
2026-08-04 11:22:33.239,CPP-Patternplating-01-UL,1260711011000,126071400100358609,TRUE
2026-08-04 11:17:30.636,CPP-Horizontalplating-01-L,1260709070000,126072501300400013,TRUE
2026-08-04 11:23:37.836,LIN-OUTTRE-01-L,1260616054000,126061605400001059,TRUE
2026-08-04 11:23:37.678,ELC-TRE-01-UL,1260713037000,126071303700001075,TRUE
2026-08-04 11:23:35.717,LAM-BOP-02-UL,1260731045000,126073104500008075,TRUE
2026-08-04 11:23:35.634,ELC-INS-01-L,1260703036000,126070303600001056,TRUE
2026-08-04 11:23:34.427,LIN-INNLDI-01-L,1260801122000,126080112200012032,TRUE
2026-08-04 11:23:33.354,WIR-SE-01-UL,1260630180010,12606301800003A152,TRUE
2026-08-04 11:23:32.602,CPP-Patternplating-01-UL,1260711011000,126071400100358604,TRUE
2026-08-04 11:23:32.212,CPP-Patternplating-01-L,1260606004010,12606060040001C211,TRUE
2026-08-04 11:23:29.442,LSR-Debrowning-01-L,1260713001010,126071300100049124,TRUE
2026-08-04 11:23:30.071,AOI-RESAOI-01-UL,1260716047020,126071604700001076,TRUE
2026-08-04 11:23:29.227,LIN-OUTDEV-01-UL,1260703066020,126070604200001073,TRUE
2026-08-04 11:23:32.460,LIN-INNDES-02-UL,,126080106800012055,TRUE
2026-08-04 11:23:27.039,AOI-RESAOI-01-L,1260716047020,126071604700001001,TRUE
2026-08-04 11:23:25.631,ELC-TRE-01-L,1260713037000,126071303700001017,TRUE
2026-08-04 11:23:26.185,LIN-INNDES-01-L,,126080105800004062,TRUE
2026-08-04 11:23:56.098,LIN-INNDES-01-L,,126080105800004066,TRUE
2026-08-04 11:23:54.605,ELC-INS-01-L,1260703036000,126070303600001035,TRUE
2026-08-04 11:23:55.960,LSR-Debrowning-01-L,1260713001010,126071300100049123,TRUE
2026-08-04 11:23:53.022,ELC-TRE-01-UL,1260713037000,126071303700001064,TRUE
2026-08-04 11:23:53.040,AOI-RESAOI-01-UL,1260716047020,126071604700001052,TRUE
2026-08-04 11:23:52.507,LIN-INNLDI-01-L,1260801122000,126080112200012030,TRUE
2026-08-04 11:23:51.869,LIN-OUTDEV-01-UL,1260706042000,126070604200001001,TRUE
2026-08-04 11:23:50.600,LSR-Debrowning-01-UL,1260713001010,126071300100049137,TRUE
2026-08-04 11:23:48.213,WIR-LDI-01-UL,,12606230980002B139,TRUE
2026-08-04 11:23:46.689,LAM-BOP-02-UL,1260731045000,126073104500008016,TRUE
2026-08-04 11:23:45.948,WIR-Vdevelop-01-L,1260623098000,12606230980002B002,TRUE
2026-08-04 11:23:44.885,WIR-SE-01-L,1260630180010,12606301800003A129,TRUE
2026-08-04 11:23:44.524,AOI-RESAOI-01-L,1260716047020,126071604700001040,TRUE
2026-08-04 11:23:45.555,LIN-INNDES-02-UL,,126080106800012057,TRUE
2026-08-04 11:23:44.477,LIN-OUTTRE-01-UL,1260710007000,126061106600001070,TRUE
2026-08-04 11:23:44.308,ELC-INS-01-UL,1260703036000,126070303600001021,TRUE
2026-08-04 11:23:43.245,WIR-LDI-01-L,,12606230980002B128,TRUE
2026-08-04 11:23:40.053,ELC-TRE-01-L,1260713037000,126071303700001030,TRUE
2026-08-04 11:24:10.832,LIN-INNDES-01-L,,126080105800004068,TRUE
2026-08-04 11:24:10.339,WIR-SE-01-L,1260630180010,12606301800003A130,TRUE
2026-08-04 11:24:10.332,LAM-BOP-02-UL,1260731045000,126073104500008014,TRUE
2026-08-04 11:24:10.289,ELC-TRE-01-L,1260713037000,126071303700001011,TRUE
2026-08-04 11:24:10.274,GLD-RinseENEPIG-01-UL,,22605233310001C209,TRUE
2026-08-04 11:24:09.395,AOI-PEP-01-L,1260801046000,126080104600004035,TRUE
2026-08-04 11:24:08.915,LIN-INNLDI-01-L,1260801122000,126080112200012028,TRUE
2026-08-04 11:24:07.977,ELC-TRE-01-UL,1260713037000,126071303700001026,TRUE
2026-08-04 11:24:03.074,ELC-INS-01-UL,1260703036000,126070303600001062,TRUE
2026-08-04 11:24:05.400,LIN-OUTTRE-01-UL,1260710007000,126061106600001055,TRUE
2026-08-04 11:24:05.009,LIN-OUTDEV-01-UL,1260706042000,126070604200001001,TRUE
2026-08-04 11:24:00.743,LIN-INNDES-02-UL,,126080106800012059,TRUE
2026-08-04 11:23:59.884,LIN-OUTTRE-01-L,1260616054000,126061605400001073,TRUE
2026-08-04 11:23:59.947,LIN-OUTDEV-01-L,1260706042000,126070604200001006,TRUE
2026-08-04 11:22:43.181,LAM-BOP-02-L,1260731046000,126073104600010024,TRUE
2026-08-04 11:23:59.855,WIR-SE-01-UL,1260630180010,12606301800003A145,TRUE
2026-08-04 11:24:24.791,LIN-OUTDEV-01-UL,1260706042000,126070604200001035,TRUE
2026-08-04 11:24:24.401,AOI-RESAOI-01-UL,1260716047020,126071604700001001,TRUE
2026-08-04 11:24:23.914,ELC-TRE-01-UL,1260713037000,126071303700001029,TRUE
2026-08-04 11:24:23.359,ROU-RIN-01-UL,,Error_202608041824233598,FALSE
2026-08-04 11:24:22.917,ELC-INS-01-UL,1260703036000,126070303600001002,TRUE
2026-08-04 11:24:22.789,LSR-Debrowning-01-L,1260713001010,126071300100049122,TRUE
2026-08-04 11:24:22.198,LIN-OUTTRE-01-L,1260616054000,126061605400001042,TRUE
2026-08-04 11:24:21.606,WIR-Vdevelop-01-L,1260623098000,12606230980002B048,TRUE
2026-08-04 11:24:20.958,LAM-BOP-02-UL,1260731045000,126073104500008013,TRUE
2026-08-04 11:24:20.825,CPP-Patternplating-01-UL,1260711011000,126071400100358606,TRUE
2026-08-04 11:24:18.965,WIR-LDI-01-UL,,12606230980002B140,TRUE
2026-08-04 11:24:17.665,LIN-INNLDI-01-L,1260801122000,126080112200012018,TRUE
2026-08-04 11:24:17.102,LSR-Debrowning-01-UL,1260713001010,126071300100049136,TRUE
2026-08-04 11:24:16.854,LIN-OUTDEV-01-L,1260706042000,126070604200001059,TRUE
2026-08-04 11:24:16.489,AOI-PEP-01-UL,1260801046000,126080104600004033,TRUE
2026-08-04 11:24:15.524,LIN-INNDES-02-L,,126080106700010053,TRUE
2026-08-04 11:24:15.168,WIR-LDI-01-L,,12606230980002B130,TRUE
2026-08-04 11:24:13.836,SDM-DI-01-UL,1260616091000,12606160910002B126,TRUE
2026-08-04 11:24:13.159,ELC-INS-01-L,1260703036000,126070303600001032,TRUE
2026-08-04 11:24:14.571,LIN-INNDES-02-UL,,126080106800012061,TRUE
2026-08-04 11:24:44.996,LIN-OUTDEV-01-UL,1260706042000,126070604200001064,TRUE
2026-08-04 11:24:44.070,LAM-BOP-02-UL,1260731045000,126073104500008011,TRUE
2026-08-04 11:24:44.700,LIN-OUTTRE-01-L,1260616054000,126061605400001041,TRUE
2026-08-04 11:24:43.714,LIN-INNLDI-01-L,1260801122000,126080112200012024,TRUE
2026-08-04 11:24:43.385,LSR-Debrowning-01-UL,1260713001010,126071300100049135,TRUE
2026-08-04 11:24:43.699,LIN-INNDES-02-UL,,126080106800012065,TRUE
2026-08-04 11:24:42.161,ELC-INS-01-UL,1260703036000,126070303600001056,TRUE
2026-08-04 11:24:41.791,ELC-TRE-01-L,1260713037000,126071303700001039,TRUE
2026-08-04 11:24:39.944,LIN-INNDES-01-L,,126080105800004018,TRUE
2026-08-04 11:24:39.135,ELC-TRE-01-UL,1260713037000,126071303700001031,TRUE
2026-08-04 11:24:36.526,LIN-OUTDEV-01-L,1260706042000,126070604200001037,TRUE
2026-08-04 11:24:35.777,WIR-SE-01-L,1260630180010,12606301800003A131,TRUE
2026-08-04 11:24:32.754,ELC-INS-01-L,1260703036000,126070303600001019,TRUE
2026-08-04 11:24:30.637,LIN-INNDES-02-L,,126080106700010055,TRUE
2026-08-04 11:24:27.479,LIN-OUTTRE-01-UL,1260710007000,126061106600001026,TRUE
2026-08-04 11:24:27.043,WIR-SE-01-UL,1260630180010,12606301800003A142,TRUE
2026-08-04 11:24:25.950,CPP-Patternplating-01-L,1260606004010,12606060040001C182,TRUE
2026-08-04 11:24:24.401,AOI-RESAOI-01-UL,1260716047020,126071604700001001,TRUE
2026-08-04 11:21:27.886,CPP-Horizontalplating-01-UL,1260606004010,126072501300400019,TRUE
2026-08-04 11:25:00.693,ELC-INS-01-UL,1260703036000,126070303600001035,TRUE
2026-08-04 11:25:00.571,LAM-BOP-02-L,1260731046000,126073104600010022,TRUE
2026-08-04 11:24:58.388,LIN-INNDES-02-L,,126080106700010059,TRUE
2026-08-04 11:24:57.685,WIR-Vdevelop-01-L,1260623098000,12606230980002B047,TRUE
2026-08-04 11:24:56.888,LIN-INNDES-02-UL,,126080106800012067,TRUE
2026-08-04 11:24:56.356,LIN-OUTDEV-01-L,1260706042000,126070604200001077,TRUE
2026-08-04 11:24:55.682,ELC-TRE-01-L,1260713037000,126071303700001023,TRUE
2026-08-04 11:24:55.071,LIN-INNDES-01-L,,126080105800004020,TRUE
2026-08-04 11:24:54.932,ELC-TRE-01-UL,1260713037000,126071303700001010,TRUE
2026-08-04 11:24:54.727,LAM-BOP-02-UL,1260731045000,126073104500008010,TRUE
2026-08-04 11:24:53.121,WIR-SE-01-UL,1260630180010,12606301800003A160,TRUE
2026-08-04 11:24:52.357,LIN-INNLDI-01-L,1260801122000,126080112200012014,TRUE
2026-08-04 11:24:49.433,LIN-OUTTRE-01-UL,1260710007000,126061106600001033,TRUE
2026-08-04 11:24:49.483,WIR-LDI-01-UL,,12606230980002B132,TRUE
2026-08-04 11:24:48.963,LSR-Debrowning-01-L,1260713001010,126071300100049121,TRUE
2026-08-04 11:24:47.479,GLD-RinseENEPIG-01-UL,,22605233310001C181,TRUE
2026-08-04 11:24:47.748,WIR-LDI-01-L,,12606230980002B129,TRUE
2026-08-04 11:24:32.754,ELC-INS-01-L,1260703036000,126070303600001019,TRUE
2026-08-04 11:24:24.401,AOI-RESAOI-01-UL,1260716047020,126071604700001001,TRUE
2026-08-04 11:25:20.184,WIR-SE-01-UL,1260630180010,12606301800003A159,TRUE
2026-08-04 11:25:19.904,LIN-INNLDI-01-L,1260801122000,126080112200012020,TRUE
2026-08-04 11:25:19.828,CPP-Patternplating-01-L,1260606004010,12606060040001C202,TRUE
2026-08-04 11:25:19.719,WIR-LDI-01-L,,12606230980002B121,TRUE
2026-08-04 11:25:19.610,WIR-LDI-01-UL,,12606230980002B131,TRUE
2026-08-04 11:25:19.413,ELC-INS-01-UL,1260703036000,126070303600001032,TRUE
2026-08-04 11:25:15.593,LIN-OUTDEV-01-L,1260706042000,126070604200001072,TRUE
2026-08-04 11:25:14.953,CPP-Patternplating-01-UL,1260711011000,126071400100358602,TRUE
2026-08-04 11:25:12.667,LAM-BOP-02-L,1260731046000,126073104600010020,TRUE
2026-08-04 11:25:12.390,LIN-INNDES-02-L,,126080106700010061,TRUE
2026-08-04 11:25:11.871,ELC-TRE-01-L,1260713037000,126071303700001028,TRUE
2026-08-04 11:25:11.075,LIN-OUTTRE-01-UL,1260710007000,126061106600001042,TRUE
2026-08-04 11:25:10.906,LIN-INNDES-02-UL,,126080106800012069,TRUE
2026-08-04 11:25:09.838,LIN-INNDES-01-L,,126080105800004022,TRUE
2026-08-04 11:25:09.784,LSR-Debrowning-01-UL,1260713001010,126071300100049133,TRUE
2026-08-04 11:25:09.512,ELC-TRE-01-UL,1260713037000,126071303700001018,TRUE
2026-08-04 11:25:09.495,AOI-PEP-01-UL,1260801046000,126080104600004035,TRUE
2026-08-04 11:25:06.637,LIN-OUTTRE-01-L,1260616054000,126061605400001027,TRUE
2026-08-04 11:25:06.057,LAM-BOP-02-UL,1260731045000,126073104500008009,TRUE
2026-08-04 11:25:03.762,LIN-OUTDEV-01-UL,1260706042000,126070604200001024,TRUE
2026-08-04 11:24:24.401,AOI-RESAOI-01-UL,1260716047020,126071604700001001,TRUE
2026-08-04 11:25:37.047,LAM-BOP-02-L,1260731046000,126073104600010016,TRUE
2026-08-04 11:25:37.671,LIN-INNLDI-01-L,1260801122000,126080112200012018,TRUE
2026-08-04 11:25:36.881,LSR-Debrowning-01-UL,1260713001010,126071300100049134,TRUE
2026-08-04 11:25:35.155,LIN-OUTDEV-01-L,1260706042000,126070604200001010,TRUE
2026-08-04 11:25:33.376,WIR-Vdevelop-01-L,1260623098000,12606230980002B044,TRUE
2026-08-04 11:25:30.764,LIN-OUTTRE-01-UL,1260710007000,126061106600001045,TRUE
2026-08-04 11:25:27.389,LIN-OUTDEV-01-UL,1260706042000,126070604200001063,TRUE
2026-08-04 11:25:29.030,LIN-OUTTRE-01-L,1260616054000,126061605400001074,TRUE
2026-08-04 11:25:25.771,ELC-TRE-01-L,1260713037000,126071303700001066,TRUE
2026-08-04 11:25:26.579,LIN-INNDES-02-L,,126080106700010063,TRUE
2026-08-04 11:25:25.470,LIN-INNDES-02-UL,,126080106800012021,TRUE
2026-08-04 11:25:24.278,LIN-INNDES-01-L,,126080105800004024,TRUE
2026-08-04 11:25:24.740,GLD-RinseENEPIG-01-UL,,22605233310001C210,TRUE
2026-08-04 11:25:23.896,ELC-TRE-01-UL,1260713037000,126071303700001019,TRUE
2026-08-04 11:21:27.886,CPP-Horizontalplating-01-UL,1260606004010,126072501300400019,TRUE
2026-08-04 11:25:53.312,LIN-INNLDI-01-L,1260801122000,126080112200012016,TRUE
2026-08-04 11:25:53.283,LIN-INNDES-02-UL,,126080106800012025,TRUE
2026-08-04 11:25:51.751,WIR-LDI-01-L,,12606230980002B122,TRUE
2026-08-04 11:25:50.421,LIN-OUTTRE-01-UL,1260710007000,126061106600001059,TRUE
2026-08-04 11:25:49.579,WIR-LDI-01-UL,,12606230980002B134,TRUE
2026-08-04 11:25:51.218,LIN-OUTTRE-01-L,1260616054000,126061605400001034,TRUE
2026-08-04 11:25:48.094,LIN-INNTRE-02-UL-2,,126080301100010033,TRUE
2026-08-04 11:25:43.499,LIN-OUTDEV-01-UL,1260706042000,126070604200001012,TRUE
2026-08-04 11:25:49.032,LAM-BOP-02-L,1260731046000,126073104600010014,TRUE
2026-08-04 11:25:46.248,WIR-SE-01-UL,1260630180010,12606301800003A162,TRUE
2026-08-04 11:25:40.990,ELC-TRE-01-L,1260713037000,126071303700001044,TRUE
2026-08-04 11:25:40.393,LIN-INNDES-02-L,,126080106700010065,TRUE
2026-08-04 11:25:47.319,SDM-DI-01-UL,1260616091000,12606160910001C118,TRUE
2026-08-04 11:25:38.704,AOI-RESAOI-01-L,1260716047020,126071604700001072,TRUE
2026-08-04 11:25:39.568,ELC-TRE-01-UL,1260713037000,126071303700001065,TRUE
2026-08-04 11:24:32.754,ELC-INS-01-L,1260703036000,126070303600001019,TRUE
2026-08-04 11:26:13.393,CPP-Patternplating-01-L,1260606004010,12606060040001C201,TRUE
2026-08-04 11:26:13.218,AOI-PEP-01-L,1260801046000,126080104600004042,TRUE
2026-08-04 11:26:13.032,LIN-OUTTRE-01-L,1260616054000,126061605400001003,TRUE
2026-08-04 11:26:12.921,LAM-BOP-02-L,1260731046000,126073104600010008,TRUE
2026-08-04 11:26:11.627,LIN-INNLDI-01-L,1260801122000,126080112200012014,TRUE
2026-08-04 11:26:09.923,LIN-OUTTRE-01-UL,1260710007000,126061106600001058,TRUE
2026-08-04 11:26:11.602,ELC-TRE-01-L,1260713037000,126071303700001042,TRUE
2026-08-04 11:26:09.806,ELC-TRE-01-UL,1260713037000,126071303700001034,TRUE
2026-08-04 11:26:08.377,CPP-Patternplating-01-UL,1260711011000,126071400100358617,TRUE
2026-08-04 11:26:09.519,LIN-INNDES-02-L,,126080106700010069,TRUE
2026-08-04 11:26:09.473,WIR-Vdevelop-01-L,1260623098000,12606230980002B043,TRUE
2026-08-04 11:26:08.315,LIN-INNDES-02-UL,,126080106800012027,TRUE
2026-08-04 11:26:07.345,LIN-OUTDEV-01-UL,1260706042000,126070604200001038,TRUE
2026-08-04 11:26:06.095,AOI-RESAOI-01-UL,1260716047020,126071604700001040,TRUE
2026-08-04 11:26:05.970,LIN-INNTRE-02-UL-2,,126080301100010037,TRUE
2026-08-04 11:26:03.006,LSR-Debrowning-01-UL,1260713001010,126071300100049131,TRUE
2026-08-04 11:26:03.593,AOI-PEP-01-UL,1260801046000,126080104600004037,TRUE
2026-08-04 11:26:02.354,ROU-RIN-01-UL,,Error_202608041826023541,FALSE
2026-08-04 11:25:58.334,GLD-RinseENEPIG-01-UL,,22605233310001C191,TRUE
2026-08-04 11:25:57.672,AOI-RESAOI-01-L,1260716047020,126071604700001080,TRUE
2026-08-04 11:25:55.391,LIN-OUTDEV-01-L,1260706042000,126070604200001079,TRUE
2026-08-04 11:26:23.582,WIR-LDI-01-L,,12606230980002B124,TRUE
2026-08-04 11:26:23.535,LIN-INNDES-02-L,,126080106700010071,TRUE
2026-08-04 11:26:22.237,LIN-INNLDI-01-L,1260801122000,126080112200012004,TRUE
2026-08-04 11:26:22.706,LIN-INNDES-02-UL,,126080106800012029,TRUE
2026-08-04 11:26:21.409,AOI-RESAOI-01-L,1260716047020,126071604700001005,TRUE
2026-08-04 11:26:20.051,WIR-LDI-01-UL,,12606230980002B133,TRUE
2026-08-04 11:26:15.845,LIN-INNTRE-02-UL-2,,Error_202608041826158452,FALSE
2026-08-04 11:26:14.720,LIN-OUTDEV-01-L,1260706042000,126070604200001009,TRUE
2026-08-04 11:26:13.420,WIR-SE-01-UL,1260630180010,12606301800003A154,TRUE
2026-08-04 11:24:32.754,ELC-INS-01-L,1260703036000,126070303600001019,TRUE
2026-08-04 11:26:42.353,ELC-TRE-01-L,1260713037000,126071303700001021,TRUE
2026-08-04 11:26:42.396,AOI-PEP-01-UL,1260801046000,126080104600004042,TRUE
2026-08-04 11:26:39.915,ELC-TRE-01-UL,1260713037000,126071303700001022,TRUE
2026-08-04 11:26:39.784,LIN-INNTRE-02-UL-2,,Error_202608041826397841,FALSE
2026-08-04 11:26:39.583,AOI-PEP-01-L,1260801046000,126080104600004046,TRUE
2026-08-04 11:26:38.380,LAM-BOP-02-L,1260731046000,126073104600010004,TRUE
2026-08-04 11:26:37.801,LIN-INNDES-02-L,,126080106700010073,TRUE
2026-08-04 11:26:36.410,LIN-INNLDI-01-L,1260801122000,126080112200012002,TRUE
2026-08-04 11:26:35.112,LIN-OUTTRE-01-L,1260616054000,126061605400001007,TRUE
2026-08-04 11:26:35.050,LIN-INNDES-02-UL,,126080106800012031,TRUE
2026-08-04 11:26:34.618,GLD-RinseENEPIG-01-UL,,22605233310001C211,TRUE
2026-08-04 11:26:34.159,LIN-OUTDEV-01-L,1260706042000,126070604200001069,TRUE
2026-08-04 11:26:31.254,WIR-Decoatbake-01-UL,1260707002000,126070700200049049,TRUE
2026-08-04 11:26:39.970,WIR-SE-01-UL,1260630180010,12606301800003A151,TRUE
2026-08-04 11:26:29.909,AOI-RESAOI-01-UL,1260716047020,126071604700001072,TRUE
2026-08-04 11:26:29.456,LIN-OUTTRE-01-UL,1260710007000,126061106600001016,TRUE
2026-08-04 11:26:29.634,LSR-Debrowning-01-UL,1260713001010,126071300100049132,TRUE
2026-08-04 11:26:27.049,LIN-OUTDEV-01-UL,1260706042000,126070604200001060,TRUE
2026-08-04 03:48:38.190,SMK-TUN-01-UL,1260708022000,126070804600001068,TRUE
2026-08-04 11:27:04.124,LIN-INNDES-02-UL,,126080106800012035,TRUE
2026-08-04 11:27:03.536,LAM-BOP-02-L,1260731046000,126073104600010002,TRUE
2026-08-04 11:27:02.804,LIN-INNLDI-01-L,1260801122000,126080112200012008,TRUE
2026-08-04 11:26:58.833,LAM-BOP-02-UL,1260731045000,126073104600010061,TRUE
2026-08-04 11:26:57.270,LIN-OUTTRE-01-L,1260616054000,126061605400001061,TRUE
2026-08-04 11:26:59.723,LIN-INNTRE-02-UL-2,,Error_202608041826597236,FALSE
2026-08-04 11:26:57.074,ELC-TRE-01-L,1260713037000,126071303700001014,TRUE
2026-08-04 11:26:55.818,WIR-LDI-01-L,,12606230980002B123,TRUE
2026-08-04 11:26:56.104,LSR-Debrowning-01-UL,1260713001010,126071300100049130,TRUE
2026-08-04 11:26:54.067,LIN-OUTDEV-01-L,1260706042000,126070604200001014,TRUE
2026-08-04 11:26:55.105,ELC-TRE-01-UL,1260713037000,126071303700001016,TRUE
2026-08-04 11:26:50.067,WIR-LDI-01-UL,,12606230980002B136,TRUE
2026-08-04 11:26:52.442,AOI-RESAOI-01-UL,1260716047020,126071604700001080,TRUE
2026-08-04 11:26:49.036,LIN-OUTTRE-01-UL,1260710007000,126061106600001005,TRUE
2026-08-04 11:27:02.412,CPP-Patternplating-01-UL,1260711011000,126071400100358608,TRUE
2026-08-04 11:26:52.316,LIN-INNDES-02-L,,126080106700010075,TRUE
2026-08-04 11:26:45.348,WIR-Vdevelop-01-L,1260623098000,12606230980002B046,TRUE
2026-08-04 11:26:44.145,AOI-RESAOI-01-L,1260716047020,126071604700001056,TRUE
2026-08-04 11:27:18.765,LIN-INNDES-02-UL,,126080106800012037,TRUE
2026-08-04 11:27:18.585,LIN-INNTRE-02-UL-2,,Error_202608041827185850,FALSE
2026-08-04 11:27:18.146,ROU-RIN-01-UL,,Error_202608041827181469,FALSE
2026-08-04 11:27:15.755,AOI-RESAOI-01-UL,1260716047020,126071604700001005,TRUE
2026-08-04 11:27:16.240,WIR-Decoatbake-01-UL,1260707002000,126070700200049052,TRUE
2026-08-04 11:27:15.646,LAM-BOP-02-L,1260731046000,126073104600010079,TRUE
2026-08-04 11:27:11.590,ELC-TRE-01-L,1260713037000,126071303700001025,TRUE
2026-08-04 11:27:13.458,LIN-OUTDEV-01-L,1260706042000,126070604200001003,TRUE
2026-08-04 11:27:11.555,LIN-INNLDI-01-L,1260801122000,126080112200012077,TRUE
2026-08-04 11:27:10.932,GLD-RinseENEPIG-01-UL,,22605233310001C083,TRUE
2026-08-04 11:27:10.325,ELC-TRE-01-UL,1260713037000,126071303700001017,TRUE
2026-08-04 11:27:10.271,LAM-BOP-02-UL,1260731046000,126073104600010058,TRUE
2026-08-04 11:27:09.348,LIN-OUTTRE-01-UL,1260710007000,126061106600001075,TRUE
2026-08-04 11:27:07.207,AOI-RESAOI-01-L,1260716047020,126071604700001077,TRUE
2026-08-04 11:27:06.764,LIN-INNDES-02-L,,126080106700010077,TRUE
2026-08-04 11:27:06.944,CPP-Patternplating-01-L,1260606004010,12606060040001C198,TRUE
2026-08-04 11:27:06.567,WIR-SE-01-L,1260702011000,12607020110003A151,TRUE
2026-08-04 11:27:06.567,WIR-SE-01-UL,1260630180010,12606301800003A153,TRUE
2026-08-04 11:27:36.142,LIN-INNDES-02-L,,126080106700010033,TRUE
2026-08-04 11:27:34.756,LAM-BOP-02-UL,1260731046000,126073104600010054,TRUE
2026-08-04 11:27:35.509,LIN-INNTRE-02-UL-2,,Error_202608041827355096,FALSE
2026-08-04 11:27:33.818,LIN-INNDES-01-L,,126080109200012015,TRUE
2026-08-04 11:27:32.802,WIR-SE-01-UL,1260630180010,12606301800003A156,TRUE
2026-08-04 11:27:33.396,LIN-OUTDEV-01-L,1260706042000,126070604200001061,TRUE
2026-08-04 11:27:34.552,LIN-OUTTRE-01-UL,1260710007000,126061106600001021,TRUE
2026-08-04 11:27:30.005,AOI-RESAOI-01-L,1260716047020,126071604700001079,TRUE
2026-08-04 11:27:32.509,LIN-INNLDI-01-L,1260801122000,126080112200012075,TRUE
2026-08-04 11:27:29.146,LAM-BOP-02-L,1260731046000,126073104600010077,TRUE
2026-08-04 11:27:32.111,LIN-INNDES-02-UL,,126080106800012039,TRUE
2026-08-04 11:27:27.380,WIR-SE-01-L,1260702011000,12607020110003A165,TRUE
2026-08-04 11:27:24.934,ELC-TRE-01-UL,1260713037000,126071303700001030,TRUE
2026-08-04 11:27:25.934,ELC-TRE-01-L,1260713037000,126071303700001050,TRUE
2026-08-04 11:27:20.338,SDM-DI-01-UL,1260616091000,12606160910002B150,TRUE
2026-08-04 11:27:22.619,LSR-Debrowning-01-UL,1260713001010,126071300100049129,TRUE
2026-08-04 11:27:20.990,WIR-Vdevelop-01-L,1260623098000,12606230980002B039,TRUE
2026-08-04 11:27:20.256,WIR-LDI-01-UL,,12606230980002B125,TRUE
2026-08-04 11:27:19.740,LIN-OUTTRE-01-L,1260616054000,126061605400001072,TRUE
2026-08-04 11:27:51.744,LAM-BOP-02-L,1260731046000,126073104600010073,TRUE
2026-08-04 11:27:53.070,LIN-OUTDEV-01-L,1260706042000,126070604200001002,TRUE
2026-08-04 11:27:50.697,WIR-LDI-01-UL,,12606230980002B127,TRUE
2026-08-04 11:27:50.159,LIN-INNDES-02-L,,126080106700010035,TRUE
2026-08-04 11:27:49.412,WIR-SE-01-L,1260702011000,12607020110003A141,TRUE
2026-08-04 11:27:49.014,LSR-Debrowning-01-UL,1260713001010,126071300100049128,TRUE
2026-08-04 11:27:48.900,LIN-INNDES-01-L,,126080109200012014,TRUE
2026-08-04 11:27:46.807,LIN-INNLDI-01-L,1260801122000,126080112200012073,TRUE
2026-08-04 11:27:47.279,GLD-RinseENEPIG-01-UL,,22605233310001C231,TRUE
2026-08-04 11:27:46.619,LAM-BOP-02-UL,1260731046000,126073104600010052,TRUE
2026-08-04 11:27:46.409,LIN-INNDES-02-UL,,126080106800012041,TRUE
2026-08-04 11:27:42.837,LIN-INNTRE-02-UL-2,,126080301100010055,TRUE
2026-08-04 11:27:41.990,LIN-OUTTRE-01-L,1260616054000,126061605400001001,TRUE
2026-08-04 11:27:41.335,WIR-LDI-01-L,,12606230980002B126,TRUE
2026-08-04 11:27:40.919,ELC-TRE-01-L,1260713037000,126071303700001051,TRUE
2026-08-04 11:27:38.630,AOI-RESAOI-01-UL,1260716047020,126071604700001056,TRUE
2026-08-04 11:27:40.200,ELC-TRE-01-UL,1260713037000,126071303700001007,TRUE
2026-08-04 11:27:34.552,LIN-OUTTRE-01-UL,1260710007000,126061106600001021,TRUE
2026-08-04 11:27:30.005,AOI-RESAOI-01-L,1260716047020,126071604700001079,TRUE
2026-08-04 11:28:06.918,LIN-INNLDI-01-L,1260801122000,126080112200012071,TRUE
2026-08-04 11:28:05.417,LIN-INNTRE-02-UL-2,,126080301100010057,TRUE
2026-08-04 11:28:03.712,LAM-BOP-02-L,1260731046000,126073104600010071,TRUE
2026-08-04 11:28:03.550,LIN-INNDES-02-L,,126080106700010037,TRUE
2026-08-04 11:28:03.698,LIN-OUTTRE-01-L,1260616054000,126061605400001009,TRUE
2026-08-04 11:28:03.510,LIN-INNDES-01-L,,126080109200012012,TRUE
2026-08-04 11:28:00.846,LIN-INNDES-02-UL,,126080106800012043,TRUE
2026-08-04 11:28:01.664,AOI-RESAOI-01-UL,1260716047020,126071604700001077,TRUE
2026-08-04 11:28:00.775,CPP-Patternplating-01-L,1260606004010,12606060040001C197,TRUE
2026-08-04 11:28:00.480,WIR-Decoatbake-01-UL,1260707002000,126070700200049051,TRUE
2026-08-04 11:27:59.225,WIR-SE-01-UL,1260630180010,12606301800003A155,TRUE
2026-08-04 11:27:58.960,AOI-RESAOI-01-L,1260716047020,126071604700001024,TRUE
2026-08-04 11:27:58.837,LAM-BOP-02-UL,1260731046000,126073104600010046,TRUE
2026-08-04 11:27:56.900,WIR-Vdevelop-01-L,1260623098000,12606230980002B042,TRUE
2026-08-04 11:27:56.306,CPP-Patternplating-01-UL,1260711011000,126071400100358610,TRUE
2026-08-04 11:27:56.250,ELC-TRE-01-L,1260713037000,126071303700001048,TRUE
2026-08-04 11:27:55.872,ELC-TRE-01-UL,1260713037000,126071303700001011,TRUE
2026-08-04 11:27:53.070,LIN-OUTDEV-01-L,1260706042000,126070604200001002,TRUE
2026-08-04 11:27:54.272,ROU-RIN-01-UL,,Error_202608041827542723,FALSE
2026-08-04 11:28:22.573,AOI-RESAOI-01-L,1260716047020,126071604700001062,TRUE
2026-08-04 11:28:22.494,LAM-BOP-02-UL,1260731046000,126073104600010042,TRUE
2026-08-04 11:28:21.451,LIN-INNLDI-01-L,1260801122000,126080112200012069,TRUE
2026-08-04 11:28:20.980,WIR-LDI-01-UL,,12606230980002B128,TRUE
2026-08-04 11:28:15.536,LIN-INNDES-02-UL,,126080106800012045,TRUE
2026-08-04 11:28:15.499,LSR-Debrowning-01-UL,1260713001010,126071300100049127,TRUE
2026-08-04 11:28:15.151,LAM-BOP-02-L,1260731046000,126073104600010069,TRUE
2026-08-04 11:28:14.826,LSR-Debrowning-01-L,1260623097160,Error_202608041828148263,FALSE
2026-08-04 11:28:13.245,LIN-OUTDEV-01-L,1260706042000,126070604200001008,TRUE
2026-08-04 11:28:10.828,ELC-TRE-01-UL,1260713037000,126071303700001015,TRUE
2026-08-04 11:28:10.765,ELC-TRE-01-L,1260713037000,126071303700001068,TRUE
2026-08-04 11:28:17.729,LIN-INNDES-01-L,,126080109200012018,TRUE
2026-08-04 11:28:18.036,LIN-INNDES-02-L,,126080106700010039,TRUE
2026-08-04 11:28:09.274,LIN-OUTTRE-01-UL,1260710007000,126061106600001051,TRUE
2026-08-04 11:28:09.522,WIR-SE-01-L,1260702011000,12607020110003A163,TRUE
2026-08-04 11:27:56.306,CPP-Patternplating-01-UL,1260711011000,126071400100358610,TRUE
2026-08-04 11:28:45.489,LIN-INNDES-02-L,,126080106700010043,TRUE
2026-08-04 11:28:45.246,WIR-Decoatbake-01-UL,1260707002000,126070700200049024,TRUE
2026-08-04 11:28:45.246,WIR-Decoatbake-01-L,1260618003000,12606180030001C097,TRUE
2026-08-04 11:28:43.301,LIN-INNDES-02-UL,,126080106800012049,TRUE
2026-08-04 11:28:42.047,LIN-INNLDI-01-L,1260801122000,126080112200012067,TRUE
2026-08-04 11:28:42.017,ELC-TRE-01-L,1260713037000,126071303700001079,TRUE
2026-08-04 11:28:41.939,LSR-Debrowning-01-UL,1260713001010,126071300100049126,TRUE
2026-08-04 11:28:40.532,ELC-TRE-01-UL,1260713037000,126071303700001023,TRUE
2026-08-04 11:28:40.166,LAM-BOP-02-L,1260731046000,126073104600010065,TRUE
2026-08-04 11:28:35.479,LAM-BOP-02-UL,1260731046000,126073104600010040,TRUE
2026-08-04 11:28:32.652,WIR-Vdevelop-01-L,1260623098000,12606230980002B041,TRUE
2026-08-04 11:28:32.538,WIR-SE-01-L,1260702011000,12607020110003A144,TRUE
2026-08-04 11:28:32.291,LIN-INNDES-01-L,,126080109200012020,TRUE
2026-08-04 11:28:32.323,LIN-OUTDEV-01-L,1260706042000,126070604200001004,TRUE
2026-08-04 11:28:31.229,AOI-RESAOI-01-UL,1260716047020,126071604700001079,TRUE
2026-08-04 11:28:27.510,LIN-OUTTRE-01-UL,1260710007000,126061106600001020,TRUE
2026-08-04 11:28:26.010,LIN-OUTTRE-01-L,1260616054000,126061605400001038,TRUE
2026-08-04 11:28:35.341,LIN-INNTRE-02-UL-2,,126080301100010059,TRUE
2026-08-04 11:28:25.992,WIR-SE-01-UL,1260630180010,12606301800003A168,TRUE
2026-08-04 11:28:24.140,GLD-RinseENEPIG-01-UL,,22605233310001C217,TRUE
2026-08-04 09:07:04.680,SMK-SPR-01-L,1260606001010,12606110960001C220,TRUE
2026-08-04 11:28:55.254,LSR-Debrowning-01-L,1260623097160,12606230970001C107,TRUE
2026-08-04 11:28:54.512,CPP-Patternplating-01-L,1260606004010,12606060040001C199,TRUE
2026-08-04 11:28:54.307,AOI-RESAOI-01-UL,1260716047020,126071604700001024,TRUE
2026-08-04 11:28:53.129,SDM-DI-01-UL,1260616091000,12606160910001C072,TRUE
2026-08-04 11:28:52.010,WIR-SE-01-UL,1260630180010,12606301800003A170,TRUE
2026-08-04 11:28:52.229,LAM-BOP-02-L,1260731046000,126073104600010057,TRUE
2026-08-04 11:28:51.708,LIN-OUTTRE-01-UL,1260710007000,126061106600001012,TRUE
2026-08-04 11:28:51.635,LIN-OUTDEV-01-L,1260706042000,126070604200001065,TRUE
2026-08-04 11:28:51.184,WIR-LDI-01-UL,,12606230980002B130,TRUE
2026-08-04 11:28:49.935,LIN-INNTRE-02-UL-2,,126080301100010061,TRUE
2026-08-04 11:28:49.653,CPP-Patternplating-01-UL,1260711011000,126071400100358612,TRUE
2026-08-04 11:28:48.001,LIN-INNLDI-01-L,1260801122000,126080112200012075,TRUE
2026-08-04 11:28:47.792,LIN-OUTTRE-01-L,1260616054000,126061605400001025,TRUE
2026-08-04 11:28:47.213,LIN-INNDES-01-L,,126080109200012022,TRUE
2026-08-04 11:28:46.760,LAM-BOP-02-UL,1260731046000,126073104600010038,TRUE
2026-08-04 11:29:08.592,WIR-Vdevelop-01-L,1260623098000,12606230980002B057,TRUE
2026-08-04 11:29:08.348,LSR-Debrowning-01-UL,1260713001010,126071300100049125,TRUE
2026-08-04 11:29:05.892,LIN-INNLDI-01-L,1260801122000,126080112200012073,TRUE
2026-08-04 11:29:01.808,LAM-BOP-02-UL,1260731046000,126073104600010034,TRUE
2026-08-04 11:29:01.792,LIN-INNDES-01-L,,126080109200012024,TRUE
2026-08-04 11:29:04.107,LIN-INNTRE-02-UL-2,,126080301100010063,TRUE
2026-08-04 11:29:03.996,LAM-BOP-02-L,1260731046000,126073104600010055,TRUE
2026-08-04 11:28:59.786,LIN-INNDES-02-L,,126080106700010045,TRUE
2026-08-04 11:28:58.266,ROU-RIN-01-UL,,Error_202608041828582663,FALSE
2026-08-04 11:28:57.442,LIN-INNDES-02-UL,,126080106800012001,TRUE
2026-08-04 11:28:58.603,WIR-SE-01-L,1260702011000,12607020110003A143,TRUE
2026-08-04 11:28:56.751,ELC-TRE-01-L,1260713037000,126071303700001009,TRUE
2026-08-04 11:28:59.754,GLD-RinseENEPIG-01-UL,,22605233310001C220,TRUE
2026-08-04 11:28:56.642,ELC-TRE-01-UL,1260713037000,126071303700001028,TRUE
2026-08-04 11:28:54.307,AOI-RESAOI-01-UL,1260716047020,126071604700001024,TRUE
2026-08-04 11:28:22.573,AOI-RESAOI-01-L,1260716047020,126071604700001062,TRUE
2026-08-04 11:28:49.653,CPP-Patternplating-01-UL,1260711011000,126071400100358612,TRUE
2026-08-04 11:28:47.792,LIN-OUTTRE-01-L,1260616054000,126061605400001025,TRUE
2026-08-04 11:29:36.841,LIN-OUTTRE-01-UL,1260710007000,126061106600001080,TRUE
2026-08-04 11:29:35.576,LAM-BOP-02-UL,1260731046000,126073104600010028,TRUE
2026-08-04 11:29:34.443,GLD-RinseENEPIG-01-UL,,22605233310001C203,TRUE
2026-08-04 11:29:33.818,LSR-Debrowning-01-L,1260623097160,12606230970001C105,TRUE
2026-08-04 11:29:32.128,LIN-INNLDI-01-L,1260801122000,126080112200012061,TRUE
2026-08-04 11:29:32.889,LIN-INNTRE-02-UL-2,,126080301100010067,TRUE
2026-08-04 11:29:32.010,LIN-OUTTRE-01-L,1260616054000,126061605400001037,TRUE
2026-08-04 11:29:30.669,LIN-INNDES-01-L,,126080109200012028,TRUE
2026-08-04 11:29:30.640,WIR-Decoatbake-01-UL,1260707002000,126070700200049009,TRUE
2026-08-04 11:29:28.943,LIN-INNDES-02-L,,126080106700010049,TRUE
2026-08-04 11:29:28.279,LAM-BOP-02-L,1260731046000,126073104600010051,TRUE
2026-08-04 11:29:26.799,ELC-TRE-01-UL,1260713037000,126071303700001044,TRUE
2026-08-04 11:29:25.458,LIN-INNDES-02-UL,,126080106800012005,TRUE
2026-08-04 11:29:23.978,WIR-SE-01-L,1260702011000,12607020110003A145,TRUE
2026-08-04 11:29:21.421,WIR-LDI-01-UL,,12606230980002B129,TRUE
2026-08-04 11:29:21.280,LIN-INNLDI-02-L,1260709019000,126070901900001077,TRUE
2026-08-04 11:29:20.999,WIR-Decoatbake-01-L,1260618003000,12606180030001C099,TRUE
2026-08-04 11:29:34.802,LSR-Debrowning-01-UL,1260713001010,126071300100049124,TRUE
2026-08-04 11:29:16.572,WIR-SE-01-UL,1260630180010,12606301800003A173,TRUE
2026-08-04 11:28:54.307,AOI-RESAOI-01-UL,1260716047020,126071604700001024,TRUE
2026-08-04 11:29:11.589,LIN-OUTDEV-01-L,1260706042000,126070604200001041,TRUE
2026-08-04 11:29:12.345,ELC-TRE-01-L,1260713037000,126071303700001024,TRUE
2026-08-04 11:28:49.653,CPP-Patternplating-01-UL,1260711011000,126071400100358612,TRUE
2026-08-04 11:24:32.754,ELC-INS-01-L,1260703036000,126070303600001019,TRUE
2026-08-04 11:29:52.883,LIN-INNDES-02-UL,,126080106800012009,TRUE
2026-08-04 11:29:51.895,LIN-INNLDI-01-L,1260801122000,126080112200012059,TRUE
2026-08-04 11:29:49.906,CPP-Patternplating-01-UL,1260711011000,126071400100358614,TRUE
2026-08-04 11:29:49.528,WIR-SE-01-L,1260702011000,12607020110003A137,TRUE
2026-08-04 11:29:51.266,WIR-LDI-01-UL,,12606230980002B121,TRUE
2026-08-04 11:29:48.047,CPP-Patternplating-01-L,1260606004010,12606060040001C193,TRUE
2026-08-04 11:29:47.342,LIN-INNTRE-02-UL-2,,126080301100010069,TRUE
2026-08-04 11:29:47.560,LAM-BOP-02-UL,1260731046000,126073104600010026,TRUE
2026-08-04 11:29:44.359,WIR-Vdevelop-01-L,1260623098000,12606230980002B051,TRUE
2026-08-04 11:29:43.558,WIR-SE-01-UL,1260630180010,12606301800003A169,TRUE
2026-08-04 11:29:43.190,ROU-RIN-01-UL,,Error_202608041829431902,FALSE
2026-08-04 11:29:42.952,LIN-INNLDI-02-L,1260709019000,126070901900001004,TRUE
2026-08-04 11:29:42.214,ELC-TRE-01-UL,1260713037000,126071303700001045,TRUE
2026-08-04 11:29:42.132,LIN-INNDES-02-L,,126080106700010001,TRUE
2026-08-04 11:29:11.589,LIN-OUTDEV-01-L,1260706042000,126070604200001041,TRUE
2026-08-04 11:29:45.669,LIN-INNDES-01-L,,126080109200012030,TRUE
2026-08-04 11:28:54.307,AOI-RESAOI-01-UL,1260716047020,126071604700001024,TRUE
2026-08-04 11:24:32.754,ELC-INS-01-L,1260703036000,126070303600001019,TRUE
2026-08-04 11:30:01.592,LIN-INNTRE-02-UL-2,,126080301100010071,TRUE
2026-08-04 11:30:01.116,LSR-Debrowning-01-UL,1260713001010,126071300100049123,TRUE
2026-08-04 11:29:58.960,LSR-Debrowning-01-L,1260623097160,12606230970001C106,TRUE
2026-08-04 11:29:58.889,LIN-OUTTRE-01-UL,1260710007000,126061106600001003,TRUE
2026-08-04 11:30:00.124,LIN-INNDES-01-L,,126080109200012032,TRUE
2026-08-04 11:29:57.473,LIN-INNLDI-01-L,1260801122000,126080112200012067,TRUE
2026-08-04 11:29:58.249,LIN-INNLDI-02-L,1260709019000,126070901900001064,TRUE
2026-08-04 11:29:56.860,WIR-Decoatbake-01-L,1260618003000,12606180030001C102,TRUE
2026-08-04 11:29:56.636,ELC-TRE-01-UL,1260713037000,126071303700001042,TRUE
2026-08-04 11:30:00.374,LAM-BOP-02-UL,1260731046000,126073104600010024,TRUE
2026-08-04 11:29:56.414,LIN-INNDES-02-L,,126080106700010015,TRUE
2026-08-04 11:29:54.544,LIN-OUTTRE-01-L,1260616054000,126061605400001035,TRUE
2026-08-04 11:30:22.369,LIN-INNDES-02-UL,,126080106800012013,TRUE
2026-08-04 11:30:21.317,WIR-LDI-01-UL,,12606230980002B122,TRUE
2026-08-04 11:30:20.453,LIN-OUTTRE-01-UL,1260710007000,126061106600001018,TRUE
2026-08-04 11:30:20.020,WIR-Vdevelop-01-L,1260623098000,12606230980002B054,TRUE
2026-08-04 11:30:16.521,LIN-INNLDI-01-L,1260801122000,126080112200012065,TRUE
2026-08-04 11:30:18.859,LIN-INNLDI-02-L,1260709019000,126070901900001016,TRUE
2026-08-04 11:30:16.238,WIR-Decoatbake-01-UL,1260707002000,126070700200049032,TRUE
2026-08-04 11:30:15.890,LIN-INNTRE-02-UL-2,,126080301100010073,TRUE
2026-08-04 11:30:15.874,LIN-OUTTRE-01-L,1260616054000,126061605400001080,TRUE
2026-08-04 11:30:14.484,LIN-INNDES-01-L,,126080109200012034,TRUE
2026-08-04 11:30:15.075,WIR-SE-01-L,1260702011000,12607020110003A138,TRUE
2026-08-04 11:30:13.519,WIR-Vdevelop-01-UL,1260623098000,"12606230980002B038,BB",TRUE
2026-08-04 11:30:12.530,LIN-OUTDEV-01-UL,1260706042000,126070604200001059,TRUE
2026-08-04 11:30:11.228,LIN-INNDES-02-L,,126080106700010005,TRUE
2026-08-04 11:30:09.944,GLD-RinseENEPIG-01-UL,,22605233310001C219,TRUE
2026-08-04 11:30:10.308,ELC-TRE-01-UL,1260713037000,126071303700001004,TRUE
2026-08-04 11:30:09.091,WIR-SE-01-UL,1260630180010,12606301800003A172,TRUE
2026-08-04 11:29:11.589,LIN-OUTDEV-01-L,1260706042000,126070604200001041,TRUE
2026-08-04 11:28:54.307,AOI-RESAOI-01-UL,1260716047020,126071604700001024,TRUE
2026-08-04 10:15:24.848,ELC-RED-01-UL,1260709037020,126070903700010039,TRUE
2026-08-04 11:30:46.892,LAM-BOP-02-L,1260731046000,126073104600010045,TRUE
2026-08-04 11:30:43.502,LIN-INNDES-01-L,,126080109200012038,TRUE
2026-08-04 11:30:46.179,GLD-RinseENEPIG-01-UL,,22605233310001C204,TRUE
2026-08-04 11:30:43.126,LIN-OUTTRE-01-UL,1260710007000,126061106600001013,TRUE
2026-08-04 11:30:41.723,CPP-Patternplating-01-L,1260606004010,12606060040001C196,TRUE
2026-08-04 11:30:41.258,LIN-INNLDI-01-L,1260801122000,126080112200012053,TRUE
2026-08-04 11:30:40.998,ELC-TRE-01-UL,1260713037000,126071303700001014,TRUE
2026-08-04 11:30:40.765,WIR-SE-01-L,1260702011000,12607020110003A161,TRUE
2026-08-04 11:30:40.531,LIN-INNLDI-02-L,1260709019000,126070901900001024,TRUE
2026-08-04 11:30:39.795,LIN-INNDES-02-L,,126080106700010017,TRUE
2026-08-04 11:30:37.582,CPP-Patternplating-01-UL,1260711011000,126071400100358620,TRUE
2026-08-04 11:30:36.372,LIN-INNDES-02-UL,,126080106800012015,TRUE
2026-08-04 11:30:34.358,WIR-SE-01-UL,1260630180010,12606301800003A161,TRUE
2026-08-04 11:30:33.395,WIR-Decoatbake-01-L,1260618003000,12606180030001C113,TRUE
2026-08-04 11:30:30.116,SDM-DI-01-UL,1260616091000,12606160910001C061,TRUE
2026-08-04 11:30:27.507,LSR-Debrowning-01-UL,1260713001010,126071300100049122,TRUE
2026-08-04 11:30:25.616,LSR-Debrowning-01-L,1260623097160,12606230970001C103,TRUE
2026-08-04 11:29:12.345,ELC-TRE-01-L,1260713037000,126071303700001024,TRUE
2026-08-04 11:30:37.516,LIN-OUTTRE-01-L,1260616054000,126061605400001015,TRUE
2026-08-04 11:28:54.307,AOI-RESAOI-01-UL,1260716047020,126071604700001024,TRUE
2026-08-04 11:25:19.413,ELC-INS-01-UL,1260703036000,126070303600001032,TRUE
2026-08-04 10:15:24.848,ELC-RED-01-UL,1260709037020,126070903700010039,TRUE
2026-08-04 11:30:52.007,LSR-Debrowning-01-L,1260623097160,12606230970001C104,TRUE
2026-08-04 11:30:51.368,LIN-INNLDI-01-L,1260801122000,126080112200012061,TRUE
2026-08-04 11:30:53.509,ROU-RIN-01-UL,,Error_202608041830535096,FALSE
2026-08-04 11:30:51.723,WIR-LDI-01-UL,,12606230980002B124,TRUE
2026-08-04 11:30:51.031,LIN-INNDES-02-UL,,126080106800012017,TRUE
2026-08-04 11:30:47.798,LIN-OUTDEV-01-UL,1260706042000,126070604200001037,TRUE
2026-08-04 11:28:54.307,AOI-RESAOI-01-UL,1260716047020,126071604700001024,TRUE
2026-08-04 11:31:11.827,ELC-TRE-01-UL,1260713037000,126071303700001050,TRUE
2026-08-04 11:31:11.489,LAM-BOP-02-L,1260731046000,126073104600010039,TRUE
2026-08-04 11:31:08.721,LIN-INNDES-02-L,,126080106700010021,TRUE
2026-08-04 11:31:09.787,WIR-Decoatbake-01-L,1260618003000,12606180030001C111,TRUE
2026-08-04 11:31:07.659,LIN-OUTDEV-01-UL,1260706042000,126070604200001077,TRUE
2026-08-04 11:31:07.151,LIN-INNLDI-01-L,1260801122000,126080112200012059,TRUE
2026-08-04 11:31:06.256,WIR-SE-01-L,1260702011000,12607020110003A153,TRUE
2026-08-04 11:31:06.158,LIN-INNDES-02-UL,,126080106800012019,TRUE
2026-08-04 11:31:03.501,LIN-INNLDI-02-L,1260709019000,126070901900001020,TRUE
2026-08-04 11:31:04.752,LIN-OUTTRE-01-UL,1260710007000,126061106600001061,TRUE
2026-08-04 11:31:01.427,WIR-Decoatbake-01-UL,1260707002000,126070700200049017,TRUE
2026-08-04 11:31:00.362,AOI-RESAOI-01-UL,1260716047020,126071604700001062,TRUE
2026-08-04 11:30:59.584,WIR-SE-01-UL,1260630180010,12606301800003A163,TRUE
2026-08-04 11:30:56.223,WIR-Vdevelop-01-L,1260623098000,12606230980002B053,TRUE
2026-08-04 11:30:54.116,LSR-Debrowning-01-UL,1260713001010,126071300100049121,TRUE
2026-08-04 11:29:11.589,LIN-OUTDEV-01-L,1260706042000,126070604200001041,TRUE
2026-08-04 11:29:12.345,ELC-TRE-01-L,1260713037000,126071303700001024,TRUE
2026-08-04 11:31:12.801,LIN-INNDES-01-L,,126080109200012043,TRUE
2026-08-04 11:31:27.615,LIN-INNDES-01-L,,126080109200012045,TRUE
2026-08-04 11:31:28.084,LIN-OUTDEV-01-UL,1260706042000,126070604200001072,TRUE
2026-08-04 11:31:26.396,LIN-OUTTRE-01-UL,1260710007000,126061106600001046,TRUE
2026-08-04 11:31:25.762,LIN-INNLDI-01-L,1260801122000,126080112200012057,TRUE
2026-08-04 11:31:25.377,LIN-INNTRE-02-UL-2,,126080301100010075,TRUE
2026-08-04 11:31:25.922,ELC-TRE-01-UL,1260713037000,126071303700001051,TRUE
2026-08-04 11:31:25.491,WIR-SE-01-UL,1260630180010,12606301800003A164,TRUE
2026-08-04 11:31:24.381,ELC-INS-01-UL,1260703036000,126070303600001019,TRUE
2026-08-04 11:31:22.242,GLD-RinseENEPIG-01-UL,,22605233310001C233,TRUE
2026-08-04 11:31:24.111,LIN-INNLDI-02-L,1260709019000,126070901900001037,TRUE
2026-08-04 11:31:24.068,LAM-BOP-02-L,1260731046000,126073104600010035,TRUE
2026-08-04 11:31:21.880,LIN-INNDES-02-L,,126080106700010023,TRUE
2026-08-04 11:31:18.320,LSR-Debrowning-01-L,1260623097160,12606230970001C101,TRUE
2026-08-04 11:31:21.850,WIR-Vdevelop-01-UL,1260623098000,"12606230980002B037,BD",TRUE
2026-08-04 11:30:37.516,LIN-OUTTRE-01-L,1260616054000,126061605400001015,TRUE
2026-08-04 11:31:00.362,AOI-RESAOI-01-UL,1260716047020,126071604700001062,TRUE
2026-08-04 11:31:21.272,WIR-LDI-01-UL,,12606230980002B123,TRUE
2026-08-04 11:31:44.869,LSR-Debrowning-01-L,1260623097160,12606230970001C102,TRUE
2026-08-04 11:31:42.736,LIN-INNLDI-02-L,1260709019000,126070901900001004,TRUE
2026-08-04 11:31:41.992,LIN-INNDES-01-L,,126080109200012047,TRUE
2026-08-04 11:31:42.184,LIN-INNLDI-01-L,1260801122000,126080112200012055,TRUE
2026-08-04 11:31:41.720,ELC-TRE-01-UL,1260713037000,126071303700001048,TRUE
2026-08-04 11:31:39.768,LIN-INNTRE-02-UL-2,,126080301100010077,TRUE
2026-08-04 11:31:36.459,LIN-INNDES-02-L,,126080106700010025,TRUE
2026-08-04 11:31:35.569,LAM-BOP-02-L,1260731046000,126073104600010033,TRUE
2026-08-04 11:31:32.569,CPP-Patternplating-01-UL,1260711011000,126062800100400110,TRUE
2026-08-04 11:31:35.366,CPP-Patternplating-01-L,1260606004010,12606060040001C195,TRUE
2026-08-04 11:31:32.054,WIR-SE-01-L,1260702011000,12607020110003A155,TRUE
2026-08-04 11:31:31.881,WIR-Vdevelop-01-L,1260623098000,12606230980002B050,TRUE
2026-08-04 11:31:24.381,ELC-INS-01-UL,1260703036000,126070303600001019,TRUE
2026-08-04 11:29:12.345,ELC-TRE-01-L,1260713037000,126071303700001024,TRUE
2026-08-04 11:32:07.055,LIN-OUTDEV-01-UL,1260706042000,126070604200001079,TRUE
2026-08-04 11:32:06.394,LIN-INNLDI-02-L,1260709019000,126070901900001016,TRUE
2026-08-04 11:32:05.651,LAM-BOP-02-UL,1260731046000,126073104600010010,TRUE
2026-08-04 11:32:05.335,LIN-INNDES-02-L,,126080106700010029,TRUE
2026-08-04 11:32:03.117,LIN-OUTDEV-01-L,1260706042010,126070604200001055,TRUE
2026-08-04 11:32:00.901,LAM-BOP-02-L,1260731046000,126073104600010029,TRUE
2026-08-04 11:32:00.375,LIN-INNLDI-01-L,1260801122000,126080112200012053,TRUE
2026-08-04 11:31:56.947,LIN-INNDES-01-L,,126080109200012049,TRUE
2026-08-04 11:32:00.295,SDM-DI-01-UL,1260616091000,12606160910002B141,TRUE
2026-08-04 11:31:57.790,WIR-SE-01-L,1260702011000,12607020110003A171,TRUE
2026-08-04 11:31:56.408,ELC-TRE-01-UL,1260713037000,126071303700001068,TRUE
2026-08-04 11:31:54.207,LIN-INNTRE-02-UL-2,,126080301100010079,TRUE
2026-08-04 11:31:56.275,WIR-Vdevelop-01-UL,1260623098000,"12606230980002B040,BD",TRUE
2026-08-04 11:31:51.680,WIR-SE-01-UL,1260630180010,12606301800003A166,TRUE
2026-08-04 11:31:50.509,WIR-LDI-01-UL,,12606230980002B126,TRUE
2026-08-04 11:31:47.882,LIN-OUTTRE-01-UL,1260710007000,126061106600001036,TRUE
2026-08-04 11:31:45.367,WIR-Decoatbake-01-UL,1260707002000,126070700200049012,TRUE
2026-08-04 11:31:50.418,ROU-RIN-01-UL,,Error_202608041831504186,FALSE
2026-08-04 11:31:45.429,WIR-Decoatbake-01-L,1260618003000,12606180030001C107,TRUE
2026-08-04 11:30:37.516,LIN-OUTTRE-01-L,1260616054000,126061605400001015,TRUE
2026-08-04 11:32:25.734,LIN-INNDES-01-L,,126080109200012053,TRUE
2026-08-04 11:32:23.229,WIR-SE-01-L,1260702011000,12607020110003A130,TRUE
2026-08-04 11:32:21.681,WIR-Decoatbake-01-L,1260618003000,12606180030001C114,TRUE
2026-08-04 11:32:24.687,LAM-BOP-02-L,1260731046000,126073104600010025,TRUE
2026-08-04 11:32:19.837,WIR-SE-01-UL,1260630180010,12606301800003A165,TRUE
2026-08-04 11:32:17.641,LIN-INNLDI-01-L,1260801122000,126080112200012051,TRUE
2026-08-04 11:32:19.680,LIN-INNDES-02-L,,126080106700010031,TRUE
2026-08-04 11:32:11.232,LSR-Debrowning-01-L,1260623097160,12606230970001C099,TRUE
2026-08-04 11:32:10.227,LIN-OUTTRE-01-UL,1260710007000,126061106600001024,TRUE
2026-08-04 11:29:12.345,ELC-TRE-01-L,1260713037000,126071303700001024,TRUE
2026-08-04 11:32:10.973,ELC-TRE-01-UL,1260713037000,126071303700001078,TRUE
2026-08-04 11:32:21.852,LIN-OUTDEV-01-L,1260706042010,126070604200001070,TRUE
2026-08-04 11:32:07.665,WIR-Vdevelop-01-L,1260623098000,12606230980002B049,TRUE
2026-08-04 11:32:17.405,LAM-BOP-02-UL,1260731046000,126073104600010022,TRUE
2026-08-04 09:07:04.680,SMK-SPR-01-L,1260606001010,12606110960001C220,TRUE
2026-08-04 11:32:46.486,LIN-INNLDI-01-L,1260801122000,126080112200012039,TRUE
2026-08-04 11:32:45.088,WIR-SE-01-UL,1260630180010,12606301800003A171,TRUE
2026-08-04 11:32:42.305,ELC-TRE-01-UL,1260713037000,126071303700001009,TRUE
2026-08-04 11:32:37.921,LSR-Debrowning-01-L,1260623097160,12606230970001C100,TRUE
2026-08-04 11:32:40.722,LIN-INNDES-01-L,,126080109200012055,TRUE
2026-08-04 11:32:36.612,LAM-BOP-02-L,1260731046000,126073104600010023,TRUE
2026-08-04 11:32:43.503,LAM-BOP-02-UL,1260731046000,126073104600010018,TRUE
2026-08-04 11:32:34.040,LIN-INNDES-02-L,,126080106700010054,TRUE
2026-08-04 11:32:42.181,LIN-OUTDEV-01-L,1260706042010,126070604200001005,TRUE
2026-08-04 11:32:32.416,LIN-OUTTRE-01-UL,1260710007000,126061106600001057,TRUE
2026-08-04 11:32:30.775,WIR-Vdevelop-01-UL,1260623098000,"12606230980002B002,BD",TRUE
2026-08-04 11:32:28.900,CPP-Patternplating-01-L,1260606004010,12606060040001C192,TRUE
2026-08-04 11:32:27.480,CPP-Patternplating-01-UL,1260711011000,126072501100400120,TRUE
2026-08-04 11:32:30.587,WIR-Decoatbake-01-UL,1260707002000,126070700200049028,TRUE
2026-08-04 11:31:50.509,WIR-LDI-01-UL,,12606230980002B126,TRUE
2026-08-04 10:06:03.437,ELC-RED-01-L,1260709037020,126070903700010039,TRUE
2026-08-04 11:32:26.494,LIN-OUTDEV-01-UL,1260706042000,126070604200001009,TRUE
2026-08-04 09:07:04.680,SMK-SPR-01-L,1260606001010,12606110960001C220,TRUE
2026-08-04 11:32:56.821,ELC-TRE-01-UL,1260713037000,126071303700001024,TRUE
2026-08-04 11:32:57.341,WIR-Decoatbake-01-L,1260618003000,12606180030001C108,TRUE
2026-08-04 11:32:54.478,LIN-OUTTRE-01-UL,1260710007000,126061106600001056,TRUE
2026-08-04 11:32:54.957,LIN-INNDES-01-L,,126080109200012057,TRUE
2026-08-04 11:32:53.691,LAM-BOP-02-UL,1260731046000,126073104600010016,TRUE
2026-08-04 11:32:52.220,LIN-INNLDI-01-L,1260801122000,126080112200012047,TRUE
2026-08-04 11:32:50.591,WIR-Vdevelop-01-L,1260623098000,12606230980002B052,TRUE
2026-08-04 11:32:49.494,LIN-OUTDEV-01-UL,1260706042000,126070604200001069,TRUE
2026-08-04 11:32:48.807,WIR-SE-01-L,1260702011000,12607020110003A125,TRUE
2026-08-04 11:32:48.285,LAM-BOP-02-L,1260731046000,126073104600010021,TRUE
2026-08-04 11:32:47.635,LIN-INNDES-02-L,,126080106700010058,TRUE
2026-08-04 11:27:41.335,WIR-LDI-01-L,,12606230980002B126,TRUE
2026-08-04 10:59:20.814,SMK-BRU-02-UL,1260716041020,126071604100001006,TRUE
2026-08-04 11:32:30.587,WIR-Decoatbake-01-UL,1260707002000,126070700200049028,TRUE
2026-08-04 11:33:16.605,LIN-INNDES-02-L,,126080106700010062,TRUE
2026-08-04 11:33:16.229,LIN-OUTTRE-01-UL,1260710007000,126061106600001064,TRUE
2026-08-04 11:33:15.624,WIR-Decoatbake-01-UL,1260707002000,126070700200049025,TRUE
2026-08-04 11:33:13.098,LAM-BOP-02-L,1260731046000,126073104600010017,TRUE
2026-08-04 11:33:11.517,LIN-INNLDI-01-L,1260801122000,126080112200012045,TRUE
2026-08-04 11:33:10.481,WIR-SE-01-UL,1260630180010,12606301800003A174,TRUE
2026-08-04 11:33:09.676,LIN-INNDES-01-L,,126080109200012059,TRUE
2026-08-04 11:33:05.775,LIN-OUTDEV-01-UL,1260706042000,126070604200001014,TRUE
2026-08-04 11:33:05.770,LAM-BOP-02-UL,1260731046000,126073104600010014,TRUE
2026-08-04 11:33:05.639,WIR-Vdevelop-01-UL,1260623098000,"12606230980002B048,BD",TRUE
2026-08-04 11:33:05.275,LIN-OUTTRE-01-L,1260616054010,126061605400001012,TRUE
2026-08-04 11:33:04.079,LSR-Debrowning-01-L,1260623097160,12606230970001C097,TRUE
2026-08-04 11:33:01.822,LIN-OUTDEV-01-L,1260706042010,126070604200001018,TRUE
2026-08-04 11:33:14.512,WIR-SE-01-L,1260702011000,12607020110003A140,TRUE
2026-08-04 11:32:56.821,ELC-TRE-01-UL,1260713037000,126071303700001024,TRUE
2026-08-04 11:33:35.608,WIR-SE-01-UL,1260630180010,12606301800003A176,TRUE
2026-08-04 11:33:35.886,LIN-OUTTRE-01-L,1260616054010,126061605400001067,TRUE
2026-08-04 11:33:35.314,LIN-INNLDI-01-L,1260801122000,126080112200012033,TRUE
2026-08-04 11:33:33.906,WIR-Decoatbake-01-L,1260618003000,12606180030001C101,TRUE
2026-08-04 11:33:29.601,LAM-BOP-02-UL,1260731046000,126073104600010008,TRUE
2026-08-04 11:33:30.458,LSR-Debrowning-01-L,1260623097160,12606230970001C098,TRUE
2026-08-04 11:33:29.543,LIN-INNDES-02-L,,126080106700010064,TRUE
2026-08-04 11:33:26.486,WIR-Vdevelop-01-L,1260623098000,12606230980002B045,TRUE
2026-08-04 11:33:25.808,LIN-OUTDEV-01-UL,1260706042000,126070604200001003,TRUE
2026-08-04 11:33:25.226,LAM-BOP-02-L,1260731046000,126073104600010015,TRUE
2026-08-04 11:33:24.147,LIN-INNDES-01-L,,126080109200012061,TRUE
2026-08-04 11:33:22.515,CPP-Patternplating-01-L,1260606004010,12606060040001C191,TRUE
2026-08-04 11:33:21.827,CPP-Patternplating-01-UL,1260711011000,126071100800400023,TRUE
2026-08-04 11:33:21.307,LIN-OUTDEV-01-L,1260706042010,126070604200001076,TRUE
2026-08-04 11:33:15.624,WIR-Decoatbake-01-UL,1260707002000,126070700200049025,TRUE
2026-08-04 11:41:45.162,LIN-OUTTRE-01-L,1260616054010,126061605400001019,TRUE
2026-08-04 11:41:45.662,ELC-TRE-01-UL,1260713037020,126071303700001058,TRUE
2026-08-04 11:41:43.364,WIR-SE-01-L,1260702011000,12607020110003A173,TRUE
2026-08-04 11:41:43.239,LIN-INNDES-02-UL,,126080106700010027,TRUE
2026-08-04 11:41:42.672,LIN-INNDES-01-L,,126080109200012050,TRUE
2026-08-04 11:41:39.901,LIN-INNLDI-02-L,1260709019000,126070901900001047,TRUE
2026-08-04 11:41:38.672,AOI-PEP-01-L,1260801046000,126080104600004054,TRUE
2026-08-04 11:41:38.365,LIN-OUTDEV-01-L,1260706042010,126070604200001019,TRUE
2026-08-04 11:41:37.282,AOI-PEP-01-UL,1260801046000,126080104600004050,TRUE
2026-08-04 11:41:36.918,WIR-Decoatbake-01-L,1260618003000,12606180030001C063,TRUE
2026-08-04 11:41:32.393,LIN-INNDES-02-L,,126080106700010016,TRUE
2026-08-04 11:41:32.161,ELC-TRE-01-L,1260713037020,126071303700001059,TRUE
2026-08-04 11:41:30.865,LIN-OUTDEV-01-UL,1260706042000,126070604200001056,TRUE
2026-08-04 11:41:30.124,LAM-BOP-02-UL,1260731046000,126073104600010007,TRUE
2026-08-04 11:41:29.747,WIR-Vdevelop-01-UL,1260623098000,"12606230980002B052,BD",TRUE
2026-08-04 11:41:25.355,CPP-Patternplating-01-L,1260606004010,12606060040001C219,TRUE
2026-08-04 11:41:25.615,LSR-Debrowning-01-UL,1260623097160,12606230970001C094,TRUE
2026-08-04 11:41:24.693,SDM-DI-01-UL,1260616091000,12606160910002B156,TRUE
2026-08-04 11:41:23.019,WIR-SE-01-UL,1260702011000,12607020110003A141,TRUE
2026-08-04 11:41:12.090,WIR-Vdevelop-01-L,1260623098000,12606230980002B021,TRUE
2026-08-04 11:41:21.520,ROU-RIN-01-UL,,Error_202608041841215203,FALSE
2026-08-04 11:41:20.818,LIN-OUTTRE-01-UL,1260710007000,126061605400001018,TRUE
2026-08-04 11:40:29.039,CPP-Patternplating-01-UL,1260711011000,12606060040001C098,TRUE
2026-08-04 11:40:08.565,LIN-INNLDI-01-L,1260801122000,126080112200012078,TRUE
2026-08-04 11:40:27.030,LAM-BOP-02-L,1260731047000,126073104700012005,TRUE
2026-08-04 11:39:18.773,SMK-SPR-01-L,1260606001010,0,TRUE
2026-08-04 11:38:32.529,WIR-Decoatbake-01-UL,1260707002000,126070700200049031,TRUE
2026-08-04 11:38:24.275,LSR-Debrowning-01-L,1260623097160,12606230970001C085,TRUE
2026-08-04 11:31:54.207,LIN-INNTRE-02-UL-2,,126080301100010079,TRUE
2026-08-04 11:38:11.445,CPP-Horizontalplating-01-UL,1260606004010,126072501300400018,TRUE
2026-08-04 11:31:50.509,WIR-LDI-01-UL,,12606230980002B126,TRUE
2026-08-04 11:31:00.362,AOI-RESAOI-01-UL,1260716047020,126071604700001062,TRUE
2026-08-04 11:24:32.754,ELC-INS-01-L,1260703036000,126070303600001019,TRUE
2026-08-04 11:31:22.242,GLD-RinseENEPIG-01-UL,,22605233310001C233,TRUE
2026-08-04 11:17:30.636,CPP-Horizontalplating-01-L,1260709070000,126072501300400013,TRUE
2026-08-04 11:01:00.406,LIN-OUTDES-01-UL,1260709031020,126063031800001029,TRUE
2026-08-04 11:11:18.633,SDM-DI-01-L,,12606160910001C064,TRUE
2026-08-04 10:53:47.799,SMK-BRU-01-UL,1260725015010,M0960013A2000G-0607,TRUE
2026-08-04 10:45:13.138,SMK-BRU-02-L,1260716041020,126071604100001034,TRUE
2026-08-04 10:15:24.848,ELC-RED-01-UL,1260709037020,126070903700010039,TRUE
2026-08-04 11:42:00.178,ELC-TRE-01-UL,1260713037020,126071303700001080,TRUE
2026-08-04 11:41:59.957,AOI-PEP-01-UL,1260801046000,126080104600004054,TRUE
2026-08-04 11:42:00.022,LIN-INNDES-02-L,,126080106700010020,TRUE
2026-08-04 11:41:59.832,LAM-BOP-02-UL,1260731046000,126073104600010005,TRUE
2026-08-04 11:41:58.450,WIR-Vdevelop-01-UL,1260623098000,"12606230980002B045,BB",TRUE
2026-08-04 11:41:57.913,LIN-OUTDEV-01-L,1260706042010,126070604200001033,TRUE
2026-08-04 11:41:54.469,LIN-INNDES-01-L,,126080109200012052,TRUE
2026-08-04 11:41:57.459,LIN-INNDES-02-UL,,126080106700010029,TRUE
2026-08-04 11:41:51.524,LSR-Debrowning-01-UL,1260623097160,12606230970001C091,TRUE
2026-08-04 11:41:55.216,WIR-Vdevelop-01-L,1260623098000,12606230980002B059,TRUE
2026-08-04 11:41:51.224,LIN-OUTDEV-01-UL,1260706042000,126070604200001027,TRUE
2026-08-04 11:41:49.829,AOI-PEP-01-L,1260801046000,126080104600004056,TRUE
2026-08-04 11:41:49.715,LIN-INNLDI-02-L,1260709019000,126070901900001021,TRUE
2026-08-04 11:41:47.006,ELC-TRE-01-L,1260713037020,126071303700001052,TRUE
2026-08-04 11:41:36.918,WIR-Decoatbake-01-L,1260618003000,12606180030001C063,TRUE
2026-08-04 11:41:47.645,WIR-SE-01-UL,1260702011000,12607020110003A163,TRUE
2026-08-04 11:40:29.039,CPP-Patternplating-01-UL,1260711011000,12606060040001C098,TRUE
2026-08-04 11:31:50.509,WIR-LDI-01-UL,,12606230980002B126,TRUE
2026-08-04 11:42:15.241,ELC-TRE-01-UL,1260713037020,126071303700001047,TRUE
2026-08-04 11:42:14.834,LIN-INNDES-02-L,,126080106700010022,TRUE
2026-08-04 11:42:13.521,WIR-SE-01-UL,1260702011000,12607020110003A144,TRUE
2026-08-04 11:42:12.703,AOI-PEP-01-L,1260801046000,126080104600004060,TRUE
2026-08-04 11:42:12.266,LAM-BOP-02-UL,1260731046000,126073104600010003,TRUE
2026-08-04 11:42:11.881,LIN-INNDES-02-UL,,126080106700010031,TRUE
2026-08-04 11:42:11.763,WIR-Decoatbake-01-L,1260618003000,12606180030001C065,TRUE
2026-08-04 11:42:11.360,AOI-PEP-01-UL,1260801046000,126080104600004056,TRUE
2026-08-04 11:42:10.836,LIN-OUTDEV-01-UL,1260706042000,126070604200001067,TRUE
2026-08-04 11:42:09.005,WIR-SE-01-L,1260702011000,12607020110003A160,TRUE
2026-08-04 11:42:08.492,LIN-OUTTRE-01-L,1260616054010,126061605400001040,TRUE
2026-08-04 11:42:10.419,LIN-INNDES-01-L,,126080109200012054,TRUE
2026-08-04 11:42:08.484,LIN-INNLDI-02-L,1260709019000,126070901900001006,TRUE
2026-08-04 11:42:01.960,ELC-TRE-01-L,1260713037020,126071303700001077,TRUE
2026-08-04 11:42:01.388,WIR-Decoatbake-01-UL,1260707002000,126070700200049035,TRUE
2026-08-04 11:40:29.039,CPP-Patternplating-01-UL,1260711011000,12606060040001C098,TRUE
2026-08-04 11:42:35.064,AOI-PEP-01-L,1260801046000,126080104600004064,TRUE
2026-08-04 11:42:33.939,LAM-BOP-02-UL,1260731046000,126073104600010080,TRUE
2026-08-04 11:42:32.508,ELC-TRE-01-L,1260713037020,126071303700001033,TRUE
2026-08-04 11:42:33.689,AOI-PEP-01-UL,1260801046000,126080104600004060,TRUE
2026-08-04 11:42:30.906,WIR-Vdevelop-01-L,1260623098000,12606230980002B060,TRUE
2026-08-04 11:42:30.869,LIN-OUTTRE-01-L,1260616054010,126061605400001068,TRUE
2026-08-04 11:42:30.180,ELC-TRE-01-UL,1260713037020,126071303700001061,TRUE
2026-08-04 11:42:29.116,LIN-INNDES-02-L,,126080106700010002,TRUE
2026-08-04 11:42:25.225,LIN-INNDES-02-UL,,126080106700010054,TRUE
2026-08-04 11:42:28.485,WIR-Vdevelop-01-UL,1260623098000,"12606230980002B029,BD",TRUE
2026-08-04 11:42:25.779,WIR-Decoatbake-01-UL,1260707002000,126070700200049036,TRUE
2026-08-04 11:42:24.547,LIN-INNDES-01-L,,126080109200012056,TRUE
2026-08-04 11:42:17.572,LIN-OUTDEV-01-L,1260706042010,126070604200001071,TRUE
2026-08-04 11:42:18.371,LSR-Debrowning-01-UL,1260623097160,12606230970001C092,TRUE
2026-08-04 11:42:19.060,CPP-Patternplating-01-L,1260606004010,12606060040001C222,TRUE
2026-08-04 11:42:17.994,LIN-OUTTRE-01-UL,1260710007000,126061605400001036,TRUE
2026-08-04 11:40:29.039,CPP-Patternplating-01-UL,1260711011000,12606060040001C098,TRUE
2026-08-04 11:42:10.836,LIN-OUTDEV-01-UL,1260706042000,126070604200001067,TRUE
2026-08-04 11:42:54.117,LIN-INNDES-02-UL,,126080106700010060,TRUE
2026-08-04 11:42:53.690,LIN-INNDES-01-L,,126080109200012060,TRUE
2026-08-04 11:42:49.886,LIN-OUTDEV-01-UL,1260706042010,126070604200001050,TRUE
2026-08-04 11:42:52.701,LIN-OUTTRE-01-L,1260616054010,126061605400001057,TRUE
2026-08-04 11:42:46.649,ELC-TRE-01-L,1260713037020,126071303700001037,TRUE
2026-08-04 11:42:48.249,WIR-Decoatbake-01-L,1260618003000,12606180030001C061,TRUE
2026-08-04 11:42:46.346,AOI-PEP-01-L,1260801046000,126080104600004066,TRUE
2026-08-04 11:42:44.811,LSR-Debrowning-01-UL,1260623097160,12606230970001C089,TRUE
2026-08-04 11:42:46.143,LAM-BOP-02-UL,1260731046000,126073104600010078,TRUE
2026-08-04 11:42:46.165,ELC-TRE-01-UL,1260713037020,126071303700001063,TRUE
2026-08-04 11:42:40.885,LIN-OUTTRE-01-UL,1260710007000,126061605400001070,TRUE
2026-08-04 11:42:38.635,LIN-OUTDEV-01-L,1260706042010,126070604200001054,TRUE
2026-08-04 11:42:39.463,WIR-SE-01-UL,1260702011000,12607020110003A143,TRUE
2026-08-04 11:42:44.986,AOI-PEP-01-UL,1260801046000,126080104600004062,TRUE
2026-08-04 11:42:35.086,WIR-SE-01-L,1260702011000,12607020110003A174,TRUE
2026-08-04 11:42:29.116,LIN-INNDES-02-L,,126080106700010002,TRUE
2026-08-04 11:43:03.359,WIR-Vdevelop-01-UL,1260623098000,"12606230980002B026,BB",TRUE
2026-08-04 11:43:04.948,WIR-SE-01-UL,1260702011000,12607020110003A145,TRUE
2026-08-04 11:43:01.338,ELC-TRE-01-UL,1260713037020,126071303700001056,TRUE
2026-08-04 11:43:01.197,ELC-TRE-01-L,1260713037020,126071303700001036,TRUE
2026-08-04 11:43:01.031,WIR-Decoatbake-01-UL,1260707002000,126070700200049010,TRUE
2026-08-04 11:43:00.104,WIR-SE-01-L,1260702011000,12607020110003A164,TRUE
2026-08-04 11:42:58.425,LAM-BOP-02-UL,1260731046000,126073104600010076,TRUE
2026-08-04 11:42:57.691,AOI-PEP-01-L,1260801046000,126080104600004068,TRUE
2026-08-04 11:42:54.951,SDM-DI-01-UL,1260616091000,12606160910001C105,TRUE
2026-08-04 11:42:57.027,LIN-OUTDEV-01-L,1260706042010,126070604200001025,TRUE
2026-08-04 11:42:56.285,AOI-PEP-01-UL,1260801046000,126080104600004064,TRUE
2026-08-04 11:42:19.060,CPP-Patternplating-01-L,1260606004010,12606060040001C222,TRUE
2026-08-04 11:40:29.039,CPP-Patternplating-01-UL,1260711011000,12606060040001C098,TRUE
2026-08-04 11:43:23.236,WIR-Decoatbake-01-L,1260618003000,12606180030001C115,TRUE
2026-08-04 11:43:23.653,LIN-OUTDEV-01-UL,1260706042010,126070604200001013,TRUE
2026-08-04 11:43:22.834,LAM-BOP-02-UL,1260731046000,126073104600010072,TRUE
2026-08-04 11:43:21.599,LIN-INNDES-02-UL,,126080106700010064,TRUE
2026-08-04 11:43:22.740,LIN-INNDES-01-L,,126080109200012064,TRUE
2026-08-04 11:43:22.172,SDM-DI-01-UL,1260616091000,12606160910001C105,TRUE
2026-08-04 11:43:20.552,AOI-PEP-01-L,1260801046000,126080104600004072,TRUE
2026-08-04 11:43:18.896,AOI-PEP-01-UL,1260801046000,126080104600004068,TRUE
2026-08-04 11:43:16.872,LIN-OUTDEV-01-L,1260706042010,126070604200001074,TRUE
2026-08-04 11:43:14.809,LIN-OUTTRE-01-L,1260616054010,126061605400001005,TRUE
2026-08-04 11:43:16.573,ELC-TRE-01-L,1260713037020,126071303700001035,TRUE
2026-08-04 11:43:15.214,ELC-TRE-01-UL,1260713037020,126071303700001057,TRUE
2026-08-04 11:43:13.758,LIN-INNLDI-02-L,1260709019000,126070901900001009,TRUE
2026-08-04 11:43:13.024,ROU-RIN-01-UL,,Error_202608041843130243,FALSE
2026-08-04 11:43:11.216,LSR-Debrowning-01-UL,1260623097160,12606230970001C090,TRUE
2026-08-04 11:43:12.502,CPP-Patternplating-01-L,1260606004010,12606060040001C215,TRUE
2026-08-04 11:43:07.762,LIN-OUTTRE-01-UL,1260710007000,126061605400001045,TRUE
2026-08-04 11:43:32.397,AOI-PEP-01-L,1260801046000,126080104600004074,TRUE
2026-08-04 11:43:32.309,ELC-TRE-01-L,1260713037020,126071303700001032,TRUE
2026-08-04 11:43:31.431,LIN-INNLDI-02-L,1260709019000,126070901900001058,TRUE
2026-08-04 11:43:30.465,ELC-TRE-01-UL,1260713037020,126071303700001046,TRUE
2026-08-04 11:43:30.350,AOI-PEP-01-UL,1260801046000,126080104600004070,TRUE
2026-08-04 11:43:30.277,WIR-SE-01-UL,1260702011000,12607020110003A137,TRUE
2026-08-04 11:43:29.170,LIN-OUTTRE-01-UL,1260710007000,126061605400001043,TRUE
2026-08-04 11:43:28.330,WIR-Vdevelop-01-L,1260623098000,12606230980002B005,TRUE
2026-08-04 11:43:00.104,WIR-SE-01-L,1260702011000,12607020110003A164,TRUE
2026-08-04 11:42:29.116,LIN-INNDES-02-L,,126080106700010002,TRUE
2026-08-04 11:43:27.080,WIR-Decoatbake-01-UL,1260707002000,126070700200049023,TRUE
2026-08-04 11:44:04.221,WIR-Vdevelop-01-L,1260623098000,12606230980002B010,TRUE
2026-08-04 11:44:04.024,AOI-PEP-01-UL,1260801046000,126080104600004078,TRUE
2026-08-04 11:44:03.954,LSR-Debrowning-01-UL,1260623097160,12606230970001C088,TRUE
2026-08-04 11:44:01.578,LIN-OUTTRE-01-UL,1260710007000,126061605400001010,TRUE
2026-08-04 11:44:01.557,ROU-RIN-01-UL,,Error_202608041844015579,FALSE
2026-08-04 11:43:59.430,LAM-BOP-02-UL,1260731046000,126073104600010066,TRUE
2026-08-04 11:44:00.402,ELC-TRE-01-UL,1260713037020,126071303700001054,TRUE
2026-08-04 11:43:58.937,LIN-OUTTRE-01-L,1260616054010,126061605400001031,TRUE
2026-08-04 11:43:56.172,LIN-OUTDEV-01-L,1260706042010,126070604200001062,TRUE
2026-08-04 11:43:54.055,AOI-PEP-01-L,1260801046000,126080104600004043,TRUE
2026-08-04 11:43:56.947,LIN-INNLDI-02-L,1260709019000,126070901900001079,TRUE
2026-08-04 11:43:52.453,LIN-OUTDEV-01-UL,1260706042010,126070604200001075,TRUE
2026-08-04 11:43:55.700,WIR-SE-01-UL,1260702011000,12607020110003A138,TRUE
2026-08-04 11:43:51.009,LIN-INNDES-02-UL,,126080106700010068,TRUE
2026-08-04 11:43:48.635,LIN-INNTRE-02-UL-1,,126080309000014002,TRUE
2026-08-04 11:43:46.604,LIN-INNTRE-02-UL-2,,126080309000014001,TRUE
2026-08-04 11:43:52.399,LIN-INNDES-01-L,,126080109200012070,TRUE
2026-08-04 11:43:37.784,WIR-Vdevelop-01-UL,1260623098000,"12606230980002B022,BD",TRUE
2026-08-04 11:43:46.174,WIR-Decoatbake-01-UL,1260707002000,126070700200049008,TRUE
2026-08-04 11:43:44.668,WIR-SE-01-L,1260702011000,12607020110003A121,TRUE
2026-08-04 11:11:18.633,SDM-DI-01-L,,12606160910001C064,TRUE
2026-08-04 11:44:15.539,AOI-PEP-01-UL,1260801046000,126080104600004043,TRUE
2026-08-04 11:44:19.775,LIN-INNDES-02-UL,,126080106700010072,TRUE
2026-08-04 11:44:16.758,AOI-PEP-01-L,1260801046000,126080104600004047,TRUE
2026-08-04 11:44:15.375,LIN-OUTDEV-01-L,1260706042010,126070604200001020,TRUE
2026-08-04 11:44:15.527,ELC-TRE-01-UL,1260713037020,126071303700001053,TRUE
2026-08-04 11:44:14.635,LIN-INNLDI-02-L,1260709019000,126070901900001057,TRUE
2026-08-04 11:44:11.909,WIR-Vdevelop-01-UL,1260623098000,"12606230980002B055,BD",TRUE
2026-08-04 11:44:11.852,LAM-BOP-02-UL,1260731046000,126073104600010064,TRUE
2026-08-04 11:44:08.750,LIN-OUTDEV-01-UL,1260706042010,126070604200001043,TRUE
2026-08-04 11:44:10.956,WIR-Decoatbake-01-UL,1260707002000,126070700200049011,TRUE
2026-08-04 11:44:06.852,LIN-INNDES-01-L,,126080109200012072,TRUE
2026-08-04 11:44:06.284,CPP-Patternplating-01-L,1260606004010,12606060040001C218,TRUE
2026-08-04 11:44:05.734,WIR-SE-01-L,1260702011000,12607020110003A148,TRUE
2026-08-04 11:44:34.876,LIN-OUTDEV-01-L,1260706042010,126070604200001058,TRUE
2026-08-04 11:44:34.338,LIN-INNDES-02-UL,,126080106700010074,TRUE
2026-08-04 11:44:31.404,ELC-TRE-01-UL,1260713037020,126071303700001049,TRUE
2026-08-04 11:44:32.114,WIR-Decoatbake-01-UL,1260707002000,126070700200049005,TRUE
2026-08-04 11:44:30.604,LIN-INNTRE-02-UL-1,,126080309000014004,TRUE
2026-08-04 11:44:27.947,AOI-PEP-01-L,1260801046000,126080104600004049,TRUE
2026-08-04 11:44:30.548,LSR-Debrowning-01-UL,1260623097160,12606230970001C085,TRUE
2026-08-04 11:44:28.781,LIN-OUTDEV-01-UL,1260706042010,126070604200001039,TRUE
2026-08-04 11:44:26.611,WIR-SE-01-L,1260702011000,12607020110003A154,TRUE
2026-08-04 11:44:27.751,SDM-DI-01-UL,1260616091000,12606160910001C095,TRUE
2026-08-04 11:44:26.838,AOI-PEP-01-UL,1260801046000,126080104600004045,TRUE
2026-08-04 11:44:24.165,LAM-BOP-02-UL,1260731046000,126073104600010062,TRUE
2026-08-04 11:44:22.126,WIR-SE-01-UL,1260702011000,12607020110003A161,TRUE
2026-08-04 11:44:20.968,LIN-OUTTRE-01-L,1260616054010,126061605400001030,TRUE
2026-08-04 11:44:23.734,LIN-OUTTRE-01-UL,1260710007000,126061605400001076,TRUE
2026-08-04 11:44:21.352,LIN-INNDES-01-L,,126080109200012074,TRUE
2026-08-04 11:40:27.030,LAM-BOP-02-L,1260731047000,126073104700012005,TRUE
2026-08-04 11:44:43.448,LIN-INNTRE-02-UL-1,,Error_202608041844434481,FALSE
2026-08-04 11:44:45.876,LIN-OUTTRE-01-UL,1260710007000,126061605400001004,TRUE
2026-08-04 11:44:45.639,ELC-TRE-01-UL,1260713037020,126071303700001062,TRUE
2026-08-04 11:44:43.110,LIN-OUTTRE-01-L,1260616054010,126061605400001077,TRUE
2026-08-04 11:44:40.651,LIN-INNLDI-02-L,1260709019000,126070901900001021,TRUE
2026-08-04 11:44:39.292,AOI-PEP-01-L,1260801046000,126080104600004053,TRUE
2026-08-04 11:44:41.560,AOI-PEP-01-UL,1260801046000,]?3F?8?6?~??k?????,TRUE
2026-08-04 11:44:40.209,WIR-Vdevelop-01-L,1260623098000,12606230980002B008,TRUE
2026-08-04 11:44:36.057,LIN-INNDES-01-L,,126080109200012076,TRUE
2026-08-04 11:40:29.039,CPP-Patternplating-01-UL,1260711011000,12606060040001C098,TRUE
2026-08-04 11:44:36.275,LAM-BOP-02-UL,1260731046000,126073104600010060,TRUE
2026-08-04 11:45:03.450,LIN-INNDES-02-UL,,126080106700010078,TRUE
2026-08-04 11:45:02.983,LAM-BOP-02-UL,1260731046000,126073105800010053,TRUE
2026-08-04 11:45:02.121,LIN-INNTRE-02-UL-1,,126080309000014010,TRUE
2026-08-04 11:45:00.672,ELC-TRE-01-UL,1260713037020,126071303700001038,TRUE
2026-08-04 11:44:59.993,CPP-Patternplating-01-L,1260606004010,12606060040001C217,TRUE
2026-08-04 11:45:00.186,LAM-BOP-02-L,1260731047000,126073104700012001,TRUE
2026-08-04 11:44:59.655,AOI-PEP-01-UL,1260801046000,126080104600004053,TRUE
2026-08-04 11:44:58.714,LIN-INNLDI-02-L,1260709019000,126070901900001006,TRUE
2026-08-04 11:44:54.041,SMK-TUN-01-L,2260424010000,22604240100001C206,TRUE
2026-08-04 11:44:54.752,LIN-OUTDEV-01-L,1260706042010,126070604200001053,TRUE
2026-08-04 11:44:50.686,LIN-INNDES-01-L,,126080109200012078,TRUE
2026-08-04 11:44:51.554,WIR-Decoatbake-01-UL,1260707002000,126070700200049029,TRUE
2026-08-04 11:44:49.648,WIR-Vdevelop-01-UL,1260623098000,"12606230980002B003,BD",TRUE
2026-08-04 11:44:47.845,LIN-OUTDEV-01-UL,1260706042010,126070604200001078,TRUE
2026-08-04 11:44:47.566,WIR-SE-01-UL,1260702011000,12607020110003A153,TRUE
2026-08-04 11:44:47.566,WIR-SE-01-L,1260702011000,12607020110003A146,TRUE
2026-08-04 11:43:32.309,ELC-TRE-01-L,1260713037020,126071303700001032,TRUE
2026-08-04 11:45:25.858,LAM-BOP-02-L,1260731047000,126073104700012078,TRUE
2026-08-04 11:45:25.899,WIR-Vdevelop-01-UL,1260623098000,"12606230980002B004,BD",TRUE
2026-08-04 11:45:24.373,LAM-BOP-02-UL,1260731046000,126073100400010028,TRUE
2026-08-04 11:45:23.311,LIN-INNLDI-02-L,1260709019000,126070901900001052,TRUE
2026-08-04 11:45:22.217,LIN-INNTRE-02-UL-1,,126080309000014014,TRUE
2026-08-04 11:45:20.061,LIN-INNDES-01-L,,126080109200012003,TRUE
2026-08-04 11:45:17.887,LIN-INNDES-02-UL,,126080106700010080,TRUE
2026-08-04 11:45:21.278,LIN-INNTRE-02-UL-2,,126080309000014003,TRUE
2026-08-04 11:45:17.165,WIR-Decoatbake-01-UL,1260707002000,126070700200049006,TRUE
2026-08-04 11:45:15.805,WIR-Vdevelop-01-L,1260623098000,12606230980002B009,TRUE
2026-08-04 11:45:16.189,ELC-TRE-01-UL,1260713037020,126071303700001059,TRUE
2026-08-04 11:45:14.534,LIN-OUTDEV-01-L,1260706042010,126070604200001080,TRUE
2026-08-04 11:45:13.020,WIR-SE-01-UL,1260702011000,12607020110003A155,TRUE
2026-08-04 11:45:11.451,SMK-TUN-01-L,2260424010000,22604240100001C347,TRUE
2026-08-04 11:45:08.487,LIN-OUTDEV-01-UL,1260706042010,126070604200001016,TRUE
2026-08-04 11:45:10.504,WIR-SE-01-L,1260702011000,12607020110003A180,TRUE
2026-08-04 11:45:07.971,LIN-OUTTRE-01-UL,1260710007000,126061605400001065,TRUE
2026-08-04 11:45:04.987,LIN-OUTTRE-01-L,1260616054010,126061605400001016,TRUE
2026-08-04 11:43:32.309,ELC-TRE-01-L,1260713037020,126071303700001032,TRUE
2026-08-04 11:40:29.039,CPP-Patternplating-01-UL,1260711011000,12606060040001C098,TRUE
2026-08-04 11:45:41.359,LIN-INNLDI-02-L,1260709019000,126070901900001068,TRUE
2026-08-04 11:45:38.332,WIR-SE-01-UL,1260702011000,12607020110003A171,TRUE
2026-08-04 11:45:42.844,LIN-INNTRE-02-UL-1,,126080309000014018,TRUE
2026-08-04 11:45:38.170,LAM-BOP-02-L,1260731047000,126073104700012076,TRUE
2026-08-04 11:45:35.123,LIN-INNDES-01-L,,126080109200012005,TRUE
2026-08-04 11:45:37.795,AOI-PEP-01-L,1260801046000,126080104600004055,TRUE
2026-08-04 11:45:36.858,LAM-BOP-02-UL,1260731046000,126073100400010048,TRUE
2026-08-04 11:45:36.910,WIR-SE-01-L,1260702011000,12607020110003A152,TRUE
2026-08-04 11:45:33.858,LIN-INNTRE-02-UL-2,,126080309000014005,TRUE
2026-08-04 11:45:30.049,LIN-OUTTRE-01-UL,1260710007000,126061605400001066,TRUE
2026-08-04 11:45:32.560,LIN-INNDES-02-UL,,126080106700010003,TRUE
2026-08-04 11:45:27.471,LIN-OUTTRE-01-L,1260616054010,126061605400001033,TRUE
2026-08-04 11:45:31.300,ELC-TRE-01-UL,1260713037020,126071303700001052,TRUE
2026-08-04 11:45:28.718,SMK-TUN-01-L,2260424010000,22604240100001C350,TRUE
2026-08-04 11:45:27.659,LIN-OUTDEV-01-UL,1260706042010,126070604200001015,TRUE
2026-08-04 11:43:32.309,ELC-TRE-01-L,1260713037020,126071303700001032,TRUE
2026-08-04 10:26:06.958,WIR-Pretreatment-01-L,1260611097010,12606110970001C188,TRUE
2026-08-04 11:45:53.602,CPP-Patternplating-01-L,1260606004010,12606060040001C214,TRUE
2026-08-04 11:45:52.226,LIN-OUTTRE-01-UL,1260710007000,126061605400001059,TRUE
2026-08-04 11:45:51.805,WIR-Vdevelop-01-L,1260623098000,12606230980002B016,TRUE
2026-08-04 11:45:49.499,LIN-INNDES-01-L,,126080109200012007,TRUE
2026-08-04 11:45:48.889,LAM-BOP-02-L,1260731047000,126073104700012074,TRUE
2026-08-04 11:45:49.389,AOI-PEP-01-L,1260801046000,126080104600004057,TRUE
2026-08-04 11:45:46.889,LIN-INNDES-02-UL,,126080106700010009,TRUE
2026-08-04 11:45:49.319,LIN-OUTTRE-01-L,1260616054010,126061605400001026,TRUE
2026-08-04 11:45:46.766,LIN-INNTRE-02-UL-2,,126080309000014007,TRUE
2026-08-04 11:45:41.359,LIN-INNLDI-02-L,1260709019000,126070901900001068,TRUE
2026-08-04 11:45:46.738,ELC-TRE-01-UL,1260713037020,126071303700001077,TRUE
2026-08-04 11:42:29.116,LIN-INNDES-02-L,,126080106700010002,TRUE
2026-08-04 11:46:13.753,LIN-INNTRE-02-UL-1,,126080309000014024,TRUE
2026-08-04 11:46:13.615,LSR-Debrowning-01-L,1260623097000,12606230970001C086,TRUE
2026-08-04 11:46:11.999,AOI-PEP-01-L,1260801046000,126080104600004061,TRUE
2026-08-04 11:46:13.555,LIN-OUTTRE-01-UL,1260710007000,126061605400001073,TRUE
2026-08-04 11:46:11.612,LIN-INNTRE-02-UL-2,,126080309000014011,TRUE
2026-08-04 11:46:11.352,LIN-OUTTRE-01-L,1260616054010,126061605400001017,TRUE
2026-08-04 11:46:04.796,LAM-BOP-02-L,1260731047000,126073104700012070,TRUE
2026-08-04 11:46:10.827,AOI-PEP-01-UL,1260801046000,126080104600004057,TRUE
2026-08-04 11:46:04.186,LIN-INNDES-01-L,,126080109200012009,TRUE
2026-08-04 11:46:04.176,WIR-SE-01-UL,1260702011000,12607020110003A130,TRUE
2026-08-04 11:46:03.149,WIR-Decoatbake-01-L,1260618003000,12606180030001C090,TRUE
2026-08-04 11:46:02.256,ELC-TRE-01-UL,1260713037020,126071303700001074,TRUE
2026-08-04 11:46:02.774,WIR-Decoatbake-01-UL,1260707002000,126070700200049021,TRUE
2026-08-04 11:46:01.926,WIR-SE-01-L,1260702011000,12607020110003A134,TRUE
2026-08-04 11:46:01.272,SDM-DI-01-UL,1260616091000,12606160910001C089,TRUE
2026-08-04 11:46:00.461,WIR-Vdevelop-01-UL,1260623098000,"12606230980002B056,BB",TRUE
2026-08-04 11:46:01.029,LIN-INNDES-02-UL,,126080106700010011,TRUE
2026-08-04 11:45:59.021,ROU-RIN-01-UL,,Error_202608041845590214,FALSE
2026-08-04 11:45:28.718,SMK-TUN-01-L,2260424010000,22604240100001C350,TRUE
2026-08-04 11:42:29.116,LIN-INNDES-02-L,,126080106700010002,TRUE
2026-08-04 11:40:29.039,CPP-Patternplating-01-UL,1260711011000,12606060040001C098,TRUE
2026-08-04 11:46:30.244,LIN-OUTDEV-01-UL,1260706042010,126070604200001052,TRUE
2026-08-04 11:46:31.164,ELC-TRE-01-UL,1260713037020,126071303700001037,TRUE
2026-08-04 11:46:29.111,LIN-INNDES-02-UL,,126080106700010024,TRUE
2026-08-04 11:46:29.069,WIR-SE-01-UL,1260702011000,12607020110003A125,TRUE
2026-08-04 11:46:27.369,WIR-Vdevelop-01-L,1260623098000,12606230980002B013,TRUE
2026-08-04 11:46:27.397,WIR-SE-01-L,1260702011000,12607020110003A157,TRUE
2026-08-04 11:46:26.247,LAM-BOP-02-L,1260731047000,126073104700012066,TRUE
2026-08-04 11:46:24.582,LIN-INNTRE-02-UL-2,,126080309000014013,TRUE
2026-08-04 11:46:24.260,WIR-Decoatbake-01-L,1260618003000,12606180030001C120,TRUE
2026-08-04 11:46:24.082,LIN-INNTRE-02-UL-1,,126080309000014026,TRUE
2026-08-04 11:46:22.074,AOI-PEP-01-UL,1260801046000,126080104600004059,TRUE
2026-08-04 11:46:23.386,AOI-PEP-01-L,1260801046000,126080104600004063,TRUE
2026-08-04 11:46:18.749,LIN-INNDES-01-L,,126080109200012011,TRUE
2026-08-04 11:40:29.039,CPP-Patternplating-01-UL,1260711011000,12606060040001C098,TRUE
2026-08-04 11:46:19.068,ELC-TRE-01-L,1260711048000,126071104800001072,TRUE
2026-08-04 11:46:43.174,LIN-INNDES-02-UL,,126080106700010026,TRUE
2026-08-04 11:46:37.514,LAM-BOP-02-L,1260731047000,126073104700012064,TRUE
2026-08-04 11:46:36.708,LIN-INNTRE-02-UL-2,,126080309000014015,TRUE
2026-08-04 11:46:36.798,SMK-TUN-01-L,2260424010000,22604240100001C353,TRUE
2026-08-04 11:46:36.543,WIR-Vdevelop-01-UL,1260623098000,"12606230980002B058,BD",TRUE
2026-08-04 11:46:36.134,LIN-OUTTRE-01-UL,1260710007000,126061605400001042,TRUE
2026-08-04 11:46:34.639,AOI-PEP-01-L,1260801046000,126080104600004065,TRUE
2026-08-04 11:46:35.155,LAM-BOP-02-UL,1260731046000,126073009000010045,TRUE
2026-08-04 11:46:34.289,ELC-TRE-01-L,1260711048000,126071104800001066,TRUE
2026-08-04 11:46:33.420,AOI-PEP-01-UL,1260801046000,126080104600004061,TRUE
2026-08-04 11:46:33.181,LIN-OUTTRE-01-L,1260616054010,126061605400001075,TRUE
2026-08-04 11:46:34.442,LIN-INNTRE-02-UL-1,,126080309000014028,TRUE
2026-08-04 11:46:31.164,ELC-TRE-01-UL,1260713037020,126071303700001037,TRUE
2026-08-04 11:46:33.084,LSR-Debrowning-01-L,1260623097000,12606230970001C083,TRUE
2026-08-04 11:40:29.039,CPP-Patternplating-01-UL,1260711011000,12606060040001C098,TRUE
2026-08-04 11:46:30.244,LIN-OUTDEV-01-UL,1260706042010,126070604200001052,TRUE
2026-08-04 11:11:18.633,SDM-DI-01-L,,12606160910001C064,TRUE
2026-08-04 11:47:04.261,ELC-TRE-01-L,1260711048000,126071104800001068,TRUE
2026-08-04 11:47:03.419,CPP-Patternplating-01-UL,1260711011000,12606060040001C104,TRUE
2026-08-04 11:47:01.900,LIN-INNTRE-02-UL-2,,126080309000014019,TRUE
2026-08-04 11:47:00.728,ELC-TRE-01-UL,1260713037020,126071303700001035,TRUE
2026-08-04 11:47:03.013,WIR-Vdevelop-01-L,1260623098000,12606230980002B014,TRUE
2026-08-04 11:47:00.268,LAM-BOP-02-L,1260731047000,126073104700012044,TRUE
2026-08-04 11:46:58.619,LIN-OUTTRE-01-UL,1260710007000,126061605400001041,TRUE
2026-08-04 11:46:59.622,WIR-Decoatbake-01-L,1260618003000,12606180030001C093,TRUE
2026-08-04 11:46:58.004,LIN-INNDES-02-UL,,126080106700010028,TRUE
2026-08-04 11:46:57.267,AOI-PEP-01-L,1260801046000,126080104600004071,TRUE
2026-08-04 11:46:55.904,LIN-INNLDI-01-L,1260801112000,126080111200004057,TRUE
2026-08-04 11:46:56.220,AOI-PEP-01-UL,1260801046000,126080104600004065,TRUE
2026-08-04 11:46:56.460,WIR-SE-01-UL,1260702011000,12607020110003A140,TRUE
2026-08-04 11:46:55.198,LIN-OUTTRE-01-L,1260616054010,126061605400001050,TRUE
2026-08-04 11:46:52.788,WIR-SE-01-L,1260702011000,12607020110003A147,TRUE
2026-08-04 11:46:52.585,LSR-Debrowning-01-L,1260623097000,12606230970001C084,TRUE
2026-08-04 11:46:55.133,LIN-INNTRE-02-UL-1,,126080309000014032,TRUE
2026-08-04 11:46:36.798,SMK-TUN-01-L,2260424010000,22604240100001C353,TRUE
2026-08-04 11:46:47.715,WIR-Decoatbake-01-UL,1260707002000,126070700200049018,TRUE
2026-08-04 11:46:48.200,CPP-Patternplating-01-L,1260606004010,12606060040001C213,TRUE
2026-08-04 11:45:41.359,LIN-INNLDI-02-L,1260709019000,126070901900001068,TRUE
2026-08-04 10:19:29.418,LIN-INNTRE-01-UL,1260803009000,126080300900006080,TRUE
2026-08-04 11:47:25.777,LIN-INNTRE-02-UL-1,,126080309000014038,TRUE
2026-08-04 11:47:25.584,LIN-INNDES-02-UL,,126080106700010032,TRUE
2026-08-04 11:47:24.394,LIN-INNLDI-01-L,1260801112000,126080111200004053,TRUE
2026-08-04 11:47:23.394,LAM-BOP-02-L,1260731047000,126073104700012048,TRUE
2026-08-04 11:47:21.321,WIR-SE-01-UL,1260702011000,12607020110003A139,TRUE
2026-08-04 11:47:22.881,LIN-INNDES-02-L,,126080106900002051,TRUE
2026-08-04 11:47:20.182,LIN-OUTTRE-01-UL,1260710007000,126061605400001027,TRUE
2026-08-04 11:47:19.815,AOI-PEP-01-L,1260801046000,126080104600004075,TRUE
2026-08-04 11:47:19.336,WIR-SE-01-L,1260702011000,12607020110003A177,TRUE
2026-08-04 11:47:19.650,ELC-TRE-01-L,1260711048000,126071104800001069,TRUE
2026-08-04 11:47:18.549,AOI-PEP-01-UL,1260801046000,126080104600004071,TRUE
2026-08-04 11:47:17.588,ELC-TRE-01-UL,1260713037020,126071303700001032,TRUE
2026-08-04 11:47:17.260,LIN-OUTTRE-01-L,1260616054010,126061605400001049,TRUE
2026-08-04 11:47:14.839,LIN-INNTRE-02-UL-2,,126080309000014021,TRUE
2026-08-04 11:47:12.435,WIR-Vdevelop-01-UL,1260623098000,"12606230980002B027,BD",TRUE
2026-08-04 11:47:12.041,LSR-Debrowning-01-L,1260623097000,12606230970001C081,TRUE
2026-08-04 11:47:10.701,ELC-RED-01-L,1260730062020,126073006200001041,TRUE
2026-08-04 11:47:33.760,SDM-DI-01-UL,1260616091000,12606160910002B135,TRUE
2026-08-04 11:47:34.286,LAM-BOP-02-L,1260731047000,126073104700012050,TRUE
2026-08-04 11:47:31.248,WIR-Decoatbake-01-UL,1260707002000,126070700200049019,TRUE
2026-08-04 11:47:31.238,AOI-PEP-01-L,1260801046000,126080104600004077,TRUE
2026-08-04 11:47:27.402,LIN-INNTRE-02-UL-2,,126080309000014023,TRUE
2026-08-04 11:47:29.926,AOI-PEP-01-UL,1260801046000,126080104600004073,TRUE
2026-08-04 11:47:53.692,AOI-PEP-01-L,1260801046000,126080104600004001,TRUE
2026-08-04 11:47:53.398,LIN-INNDES-02-UL,,126080106700010036,TRUE
2026-08-04 11:47:52.106,LIN-INNTRE-02-UL-2,,126080309000014027,TRUE
2026-08-04 11:47:52.551,AOI-PEP-01-UL,1260801046000,126080104600004077,TRUE
2026-08-04 11:47:50.230,ELC-TRE-01-L,1260711048000,126071104800001073,TRUE
2026-08-04 11:47:46.645,LAM-BOP-02-UL,1260731046000,126073104700012005,TRUE
2026-08-04 11:47:49.489,LAM-BOP-02-L,1260731047000,126073104700012052,TRUE
2026-08-04 11:47:47.010,WIR-SE-01-UL,1260702011000,12607020110003A142,TRUE
2026-08-04 11:47:43.849,LIN-INNLDI-01-L,1260801112000,126080111200004051,TRUE
2026-08-04 11:47:44.306,WIR-SE-01-L,1260702011000,12607020110003A175,TRUE
2026-08-04 11:47:41.202,CPP-Patternplating-01-L,1260606004010,12606060040001C216,TRUE
2026-08-04 11:47:38.796,WIR-Vdevelop-01-L,1260623098000,12606230980002B006,TRUE
2026-08-04 11:47:42.656,LIN-OUTTRE-01-UL,1260710007000,126061605400001074,TRUE
2026-08-04 11:47:38.905,CPP-Patternplating-01-UL,1260711011000,12606060040001C103,TRUE
2026-08-04 11:47:37.026,LSR-Debrowning-01-L,1260623097000,12606230970001C082,TRUE
2026-08-04 11:47:36.140,WIR-Decoatbake-01-L,1260618003000,12606180030001C119,TRUE
2026-08-04 11:47:25.777,LIN-INNTRE-02-UL-1,,126080309000014038,TRUE
2026-08-04 11:46:36.798,SMK-TUN-01-L,2260424010000,22604240100001C353,TRUE
2026-08-04 11:48:12.600,LAM-BOP-02-L,1260731047000,126073104700012056,TRUE
2026-08-04 11:48:12.246,WIR-SE-01-UL,1260702011000,12607020110003A131,TRUE
2026-08-04 11:48:10.676,WIR-Decoatbake-01-L,1260618003000,12606180030001C094,TRUE
2026-08-04 11:48:14.676,WIR-Vdevelop-01-L,1260623098000,12606230980002B001,TRUE
2026-08-04 11:48:05.208,AOI-PEP-01-L,1260801046000,126080104600004003,TRUE
2026-08-04 11:48:07.864,LIN-INNLDI-01-L,1260801112000,126080111200004057,TRUE
2026-08-04 11:48:09.746,WIR-SE-01-L,1260702011000,12607020110003A176,TRUE
2026-08-04 11:48:04.311,ELC-TRE-01-L,1260711048000,126071104800001044,TRUE
2026-08-04 11:48:06.326,LIN-INNDES-02-UL,,126080106700010038,TRUE
2026-08-04 11:48:04.330,LIN-OUTTRE-01-UL,1260710007000,126061605400001034,TRUE
2026-08-04 11:48:05.075,LIN-INNTRE-02-UL-2,,126080309000014029,TRUE
2026-08-04 11:48:04.089,LSR-Debrowning-01-L,1260623097000,12606230970001C079,TRUE
2026-08-04 11:47:46.645,LAM-BOP-02-UL,1260731046000,126073104700012005,TRUE
2026-08-04 11:48:03.849,AOI-PEP-01-UL,1260801046000,126080104600004079,TRUE
2026-08-04 11:48:29.731,LSR-Debrowning-01-L,1260623097000,12606230970001C080,TRUE
2026-08-04 11:48:26.300,LIN-OUTTRE-01-UL,1260710007000,126061605400001003,TRUE
2026-08-04 11:48:27.804,AOI-PEP-01-L,1260801046000,126080104600004007,TRUE
2026-08-04 11:48:26.617,AOI-PEP-01-UL,1260801046000,126080104600004003,TRUE
2026-08-04 11:48:23.943,LIN-INNLDI-01-L,1260801112000,126080111200004055,TRUE
2026-08-04 11:48:20.920,LIN-INNDES-02-UL,,126080106700010040,TRUE
2026-08-04 11:48:20.251,ELC-TRE-01-L,1260711048000,126071104800001050,TRUE
2026-08-04 11:48:17.685,LIN-INNTRE-02-UL-2,,126080309000014031,TRUE
2026-08-04 11:48:16.192,WIR-Decoatbake-01-UL,1260707002000,126070700200049022,TRUE
2026-08-04 11:48:46.349,WIR-Decoatbake-01-L,1260618003000,12606180030001C083,TRUE
2026-08-04 11:48:42.734,LIN-INNTRE-02-UL-2,,126080309000014035,TRUE
2026-08-04 11:48:43.076,SMK-TUN-01-L,2260424010000,22604240100001C355,TRUE
2026-08-04 11:48:42.867,LIN-INNLDI-01-L,1260801112000,126080111200004053,TRUE
2026-08-04 11:48:39.164,AOI-PEP-01-L,1260801046000,126080104600004009,TRUE
2026-08-04 11:48:37.920,WIR-SE-01-UL,1260702011000,12607020110003A158,TRUE
2026-08-04 11:48:35.654,LIN-INNDES-02-UL,,126080106700010042,TRUE
2026-08-04 11:48:35.498,WIR-SE-01-L,1260702011000,12607020110003A127,TRUE
2026-08-04 11:48:37.804,AOI-PEP-01-UL,1260801046000,126080104600004005,TRUE
2026-08-04 11:48:35.129,WIR-Vdevelop-01-UL,1260623098000,"12606230980002B030,BD",TRUE
2026-08-04 11:48:34.905,ELC-TRE-01-L,1260711048000,126071104800001042,TRUE
2026-08-04 11:48:34.770,CPP-Patternplating-01-L,1260606004010,12606060040001C210,TRUE
2026-08-04 11:48:32.567,CPP-Patternplating-01-UL,1260711011000,12606060040001C119,TRUE
2026-08-04 11:48:31.694,ELC-RED-01-L,1260730062000,126073006200001042,TRUE
2026-08-04 11:49:02.985,LIN-INNDES-02-UL,,126080106700010046,TRUE
2026-08-04 11:49:01.545,AOI-PEP-01-L,1260801046000,126080104600004013,TRUE
2026-08-04 11:49:01.095,WIR-SE-01-L,1260702011000,12607020110003A172,TRUE
2026-08-04 11:49:00.583,WIR-Decoatbake-01-UL,1260707002000,126070700200049044,TRUE
2026-08-04 11:49:00.312,SMK-TUN-01-L,2260424010000,22604240100001C345,TRUE
2026-08-04 11:48:57.789,LIN-INNLDI-01-L,1260801112000,126080111200004051,TRUE
2026-08-04 11:49:00.295,AOI-PEP-01-UL,1260801046000,126080104600004009,TRUE
2026-08-04 11:48:56.531,LSR-Debrowning-01-L,1260623097000,12606230970001C077,TRUE
2026-08-04 11:48:51.523,ELC-RED-01-L,1260730062000,126073006200001043,TRUE
2026-08-04 11:48:50.220,ELC-TRE-01-L,1260711048000,126071104800001074,TRUE
2026-08-04 11:48:55.484,LIN-INNTRE-02-UL-2,,126080309000014037,TRUE
2026-08-04 11:48:49.895,WIR-Vdevelop-01-L,1260623098000,12606230980002B007,TRUE
2026-08-04 11:48:32.567,CPP-Patternplating-01-UL,1260711011000,12606060040001C119,TRUE
2026-08-04 11:48:49.883,ELC-INS-01-L,1260703036020,126070303600001023,TRUE
2026-08-04 11:48:48.927,LIN-OUTTRE-01-UL,1260710007000,126061605400001007,TRUE
2026-08-04 11:49:22.805,WIR-Decoatbake-01-L,1260618003000,12606180030001C074,TRUE
2026-08-04 11:49:22.798,LSR-Debrowning-01-L,1260623097000,12606230970001C078,TRUE
2026-08-04 11:49:22.703,AOI-PEP-01-UL,1260801046000,126080104600004013,TRUE
2026-08-04 11:49:20.925,ELC-TRE-01-L,1260711048000,126071104800001059,TRUE
2026-08-04 11:49:17.541,SMK-TUN-01-L,2260424010000,22604240100001C341,TRUE
2026-08-04 11:49:19.024,ELC-INS-01-L,1260703036020,126070303600001011,TRUE
2026-08-04 11:49:17.313,LIN-INNDES-02-UL,,126080106700010048,TRUE
2026-08-04 11:49:16.416,LIN-INNLDI-01-L,1260801112000,126080111200004049,TRUE
2026-08-04 11:49:10.219,SDM-DI-01-UL,1260616091000,12606160910001C093,TRUE
2026-08-04 11:49:12.764,AOI-PEP-01-L,1260801046000,126080104600004015,TRUE
2026-08-04 11:49:14.156,LIN-INNDES-02-L,,126080106900002053,TRUE
2026-08-04 11:49:10.084,LIN-OUTTRE-01-UL,1260710007000,126061605400001061,TRUE
2026-08-04 11:49:10.039,WIR-Vdevelop-01-UL,1260623098000,"12606230980002B036,BD",TRUE
2026-08-04 11:49:09.079,LIN-INNTRE-02-UL-2,,126080309000014039,TRUE
2026-08-04 11:49:09.915,ELC-RED-01-L,1260730062000,126073006200001044,TRUE
2026-08-04 11:49:08.631,LIN-OUTTRE-01-L,1260622024000,126062202400001054,TRUE
2026-08-04 11:46:30.244,LIN-OUTDEV-01-UL,1260706042010,126070604200001052,TRUE
2026-08-04 11:49:04.378,WIR-SE-01-UL,1260702011000,12607020110003A133,TRUE
2026-08-04 11:49:07.819,CPP-Patternplating-01-UL,1260711011000,12606060040001C105,TRUE
2026-08-04 11:49:34.111,AOI-PEP-01-UL,1260801046000,126080104600004015,TRUE
2026-08-04 11:49:33.635,LIN-INNLDI-01-L,1260801112000,126080111200004047,TRUE
2026-08-04 11:49:31.836,LIN-OUTTRE-01-UL,1260710007000,126061605400001072,TRUE
2026-08-04 11:49:31.766,LIN-INNDES-02-UL,,126080106700010050,TRUE
2026-08-04 11:49:31.572,ELC-INS-01-L,1260703036020,126070303600001053,TRUE
2026-08-04 11:49:31.126,LAM-BOP-02-L,1260731047000,126073104700012058,TRUE
2026-08-04 11:49:29.612,WIR-SE-01-UL,1260702011000,12607020110003A167,TRUE
2026-08-04 11:49:29.557,WIR-Vdevelop-01-L,1260623098000,12606230980002B011,TRUE
2026-08-04 11:49:29.010,CPP-Patternplating-01-L,1260606004010,12606060040001C209,TRUE
2026-08-04 11:49:29.078,LIN-INNDES-02-L,,126080106900002055,TRUE
2026-08-04 11:49:28.884,ELC-RED-01-L,1260730062000,126073006200001045,TRUE
2026-08-04 11:49:26.565,WIR-SE-01-L,1260702011000,12607020110003A170,TRUE
2026-08-04 11:49:26.541,CPP-Patternplating-01-UL,1260711011000,12606060040001C120,TRUE
2026-08-04 11:49:25.336,LIN-OUTTRE-01-L,1260622024000,126062202400001012,TRUE
2026-08-04 11:49:25.431,CPP-Horizontalplating-01-UL,1260606004010,126072501300400092,TRUE
2026-08-04 11:49:24.328,AOI-PEP-01-L,1260801046000,126080104600004017,TRUE
2026-08-04 11:49:09.079,LIN-INNTRE-02-UL-2,,126080309000014039,TRUE
2026-08-04 11:46:30.244,LIN-OUTDEV-01-UL,1260706042010,126070604200001052,TRUE
2026-08-04 11:49:54.024,LIN-OUTTRE-01-UL,1260710007000,126061605400001001,TRUE
2026-08-04 11:49:51.918,ELC-INS-01-L,1260703036020,126070303600001009,TRUE
2026-08-04 11:49:52.318,WIR-SE-01-L,1260702011000,12607020110003A169,TRUE
2026-08-04 11:49:50.599,ELC-TRE-01-L,1260711048000,126071104800001060,TRUE
2026-08-04 11:49:50.369,LIN-INNLDI-01-L,1260801112000,126080111200004045,TRUE
2026-08-04 11:49:49.018,LSR-Debrowning-01-L,1260623097000,12606230970001C075,TRUE
2026-08-04 11:49:49.011,CPP-Horizontalplating-01-UL,1260606004010,126072501300400005,TRUE
2026-08-04 11:49:47.151,WIR-Decoatbake-01-UL,1260707002000,126070700200049043,TRUE
2026-08-04 11:49:46.408,AOI-PEP-01-L,1260801046000,126080104600004018,TRUE
2026-08-04 11:49:46.355,ELC-RED-01-L,1260730062000,126073006200001046,TRUE
2026-08-04 11:49:45.190,AOI-PEP-01-UL,1260801046000,126080104600004017,TRUE
2026-08-04 11:49:44.182,WIR-Vdevelop-01-UL,1260623098000,"12606230980002B028,BD",TRUE
2026-08-04 11:49:45.188,LIN-INNDES-02-UL,,126080106700010052,TRUE
2026-08-04 11:49:42.330,LAM-BOP-02-L,1260731047000,126073104700012060,TRUE
2026-08-04 11:49:43.594,LIN-INNDES-02-L,,126080106900002057,TRUE
2026-08-04 11:49:41.720,SMK-TUN-01-L,2260424010000,22604240100001C338,TRUE
2026-08-04 11:49:41.540,LIN-OUTTRE-01-L,1260622024000,126062202400001062,TRUE
2026-08-04 11:49:26.541,CPP-Patternplating-01-UL,1260711011000,12606060040001C120,TRUE
2026-08-04 11:49:40.058,ELC-INS-01-UL,1260703036020,126070303600001023,TRUE
2026-08-04 10:26:06.958,WIR-Pretreatment-01-L,1260611097010,12606110970001C188,TRUE
2026-08-04 11:50:05.396,ELC-TRE-01-L,1260711048000,126071104800001055,TRUE
2026-08-04 11:50:04.277,ELC-RED-01-L,1260730062000,126073006200001047,TRUE
2026-08-04 11:50:03.412,ELC-TRE-01-UL,1260711048000,126071104800001072,TRUE
2026-08-04 11:50:05.418,WIR-Vdevelop-01-L,1260623098000,12606230980002B012,TRUE
2026-08-04 11:50:00.328,LIN-INNDES-02-UL,,126080106700010004,TRUE
2026-08-04 11:50:02.260,LIN-OUTTRE-01-L,1260622024000,126062202400001034,TRUE
2026-08-04 11:50:00.541,LIN-INNLDI-01-L,1260801112000,126080111200004035,TRUE
2026-08-04 11:50:00.761,ELC-INS-01-UL,1260703036020,126070303600001034,TRUE
2026-08-04 11:49:56.938,LIN-INNDES-02-L,,126080106900002059,TRUE
2026-08-04 11:49:57.620,WIR-Decoatbake-01-L,1260618003000,12606180030001C091,TRUE
2026-08-04 11:49:57.737,AOI-PEP-01-L,1260801046000,126080104600004024,TRUE
2026-08-04 11:49:56.675,AOI-PEP-01-UL,1260801046000,126080104600004020,TRUE
2026-08-04 11:49:54.740,WIR-SE-01-UL,1260702011000,12607020110003A135,TRUE
2026-08-04 11:50:25.876,LIN-INNDES-02-L,,126080106900002063,TRUE
2026-08-04 11:50:24.795,LIN-INNLDI-01-L,1260801112000,126080111200004041,TRUE
2026-08-04 11:50:27.801,AOI-PEP-01-UL,1260801046000,126080104600004080,TRUE
2026-08-04 11:50:23.370,LIN-OUTTRE-01-L,1260622024000,126062202400001026,TRUE
2026-08-04 11:50:22.582,ELC-RED-01-L,1260730062000,126073006200001048,TRUE
2026-08-04 11:50:21.449,WIR-LDI-01-L,,126071502200158259,TRUE
2026-08-04 11:50:22.199,CPP-Patternplating-01-L,1260606004010,12606060040001C212,TRUE
2026-08-04 11:50:19.131,ELC-TRE-01-UL,1260711048000,126071104800001066,TRUE
2026-08-04 11:50:20.832,ELC-INS-01-UL,1260703036020,126070303600001011,TRUE
2026-08-04 11:50:20.668,CPP-Patternplating-01-UL,1260711011000,12606060040001C108,TRUE
2026-08-04 11:50:21.009,WIR-SE-01-UL,1260702011000,12607020110003A166,TRUE
2026-08-04 11:50:20.663,ELC-TRE-01-L,1260711048000,126071104800001063,TRUE
2026-08-04 11:50:18.980,WIR-Vdevelop-01-UL,1260623098000,"12606230980002B021,BD",TRUE
2026-08-04 11:50:17.806,WIR-SE-01-L,1260702011000,12607020110003A168,TRUE
2026-08-04 11:50:15.738,LSR-Debrowning-01-L,1260623097000,12606230970001C076,TRUE
2026-08-04 11:50:15.839,LIN-OUTTRE-01-UL,1260710007000,126061605400001009,TRUE
2026-08-04 11:50:11.995,ELC-INS-01-L,1260703036020,126070303600001043,TRUE
2026-08-04 11:50:14.563,LIN-INNDES-02-UL,,126080106700010006,TRUE
2026-08-04 11:50:12.074,CPP-Horizontalplating-01-UL,1260606004010,12607090700003I008,TRUE
2026-08-04 11:50:09.065,AOI-PEP-01-L,1260801046000,126080104600004080,TRUE
2026-08-04 11:50:43.143,LIN-INNDES-02-UL,,126080106700010010,TRUE
2026-08-04 11:50:44.730,LIN-OUTTRE-01-L,1260622024000,126062202400001080,TRUE
2026-08-04 11:50:43.463,WIR-SE-01-L,1260702011000,12607020110003A033,TRUE
2026-08-04 11:50:42.753,LIN-INNLDI-01-L,1260801112000,126080111200004039,TRUE
2026-08-04 11:50:40.080,LIN-INNDES-02-L,,126080106900002065,TRUE
2026-08-04 11:50:42.584,SDM-DI-01-UL,1260616091000,12606160910001C085,TRUE
2026-08-04 11:50:39.208,ELC-RED-01-L,1260730062000,126073006200001049,TRUE
2026-08-04 11:50:41.896,LSR-Debrowning-01-L,1260623097000,12606230970001C073,TRUE
2026-08-04 11:50:38.183,LIN-OUTTRE-01-UL,1260710007000,126061605400001038,TRUE
2026-08-04 11:50:38.379,ELC-INS-01-UL,1260703036020,126070303600001053,TRUE
2026-08-04 11:50:37.537,AOI-PEP-01-UL,1260801046000,126080104600004046,TRUE
2026-08-04 11:50:36.152,CPP-Horizontalplating-01-UL,1260606004010,12607090700003I007,TRUE
2026-08-04 11:50:35.978,ELC-TRE-01-L,1260711048000,126071104800001064,TRUE
2026-08-04 11:50:35.025,ELC-TRE-01-UL,1260711048000,126071104800001062,TRUE
2026-08-04 11:50:34.152,WIR-Decoatbake-01-L,1260618003000,12606180030001C092,TRUE
2026-08-04 11:50:31.723,ELC-INS-01-L,1260703036020,126070303600001013,TRUE
2026-08-04 11:50:31.293,WIR-Decoatbake-01-UL,1260707002000,126070700200049045,TRUE
2026-08-04 11:51:00.730,LIN-OUTTRE-01-UL,1260710007000,126061605400001025,TRUE
2026-08-04 11:50:59.442,ELC-INS-01-UL,1260703036020,126070303600001009,TRUE
2026-08-04 11:50:59.981,CPP-Horizontalplating-01-UL,1260606004010,12607090700003I902,TRUE
2026-08-04 11:50:58.551,LIN-INNLDI-01-L,1260801112000,126080111200004037,TRUE
2026-08-04 11:50:56.564,LIN-INNDES-02-UL,,126080106700010012,TRUE
2026-08-04 11:50:56.426,ELC-RED-01-L,1260730062000,126073006200001050,TRUE
2026-08-04 11:50:55.189,LIN-INNDES-02-L,,126080106900002067,TRUE
2026-08-04 11:50:53.780,SMK-TUN-01-L,2260424010000,22604240100001C357,TRUE
2026-08-04 11:50:53.622,WIR-Vdevelop-01-UL,1260623098000,"12606230980002B059,BD",TRUE
2026-08-04 11:50:51.786,ELC-INS-01-L,1260703036020,126070303600001046,TRUE
2026-08-04 11:50:48.887,ELC-TRE-01-UL,1260711048000,126071104800001068,TRUE
2026-08-04 11:50:50.496,ELC-TRE-01-L,1260711048000,126071104800001061,TRUE
2026-08-04 11:50:47.482,WIR-LDI-01-L,,126071502200158256,TRUE
2026-08-04 11:50:46.604,WIR-SE-01-UL,1260702011000,12607020110003A136,TRUE
2026-08-04 11:50:05.418,WIR-Vdevelop-01-L,1260623098000,12606230980002B012,TRUE
2026-08-04 11:39:18.773,SMK-SPR-01-L,1260606001010,0,TRUE
2026-08-04 02:52:28.688,SMK-DIX-01-L,1260710031000,126071003100001023,TRUE
2026-08-04 11:51:12.655,WIR-Vdevelop-01-L,1260623098000,12606230980002B017,TRUE
2026-08-04 11:51:11.729,WIR-SE-01-UL,1260702011000,12607020110003A126,TRUE
2026-08-04 11:51:11.158,LIN-INNDES-02-UL,,126080106700010014,TRUE
2026-08-04 11:51:11.693,ELC-INS-01-L,1260703036020,126070303600001022,TRUE
2026-08-04 11:51:10.207,LIN-INNLDI-01-L,1260801112000,126080111200004027,TRUE
2026-08-04 11:51:09.120,WIR-SE-01-L,1260702011000,12607020110003A149,TRUE
2026-08-04 11:51:09.026,LAM-BOP-02-UL,1260731047000,126073104700012003,TRUE
2026-08-04 11:51:08.841,WIR-Decoatbake-01-L,1260618003000,12606180030001C089,TRUE
2026-08-04 11:51:08.632,LSR-Debrowning-01-L,1260623097000,12606230970001C074,TRUE
2026-08-04 11:51:08.111,LIN-INNDES-02-L,,126080106900002069,TRUE
2026-08-04 11:51:06.309,LIN-OUTTRE-01-L,1260622024000,126062202400001023,TRUE
2026-08-04 11:51:06.028,ELC-TRE-01-L,1260711048000,126071104800001079,TRUE
2026-08-04 11:51:04.839,ROU-RIN-01-UL,,Error_202608041851048396,FALSE
2026-08-04 11:51:04.794,ELC-TRE-01-UL,1260711048000,126071104800001069,TRUE
2026-08-04 11:51:35.069,LSR-Debrowning-01-L,1260623097000,12606230970001C071,TRUE
2026-08-04 11:51:34.904,ELC-TRE-01-L,1260711048000,126071104800001049,TRUE
2026-08-04 11:51:34.780,WIR-SE-01-L,1260702011000,12607020110003A150,TRUE
2026-08-04 11:51:34.404,ELC-TRE-01-UL,1260711048000,126071104800001073,TRUE
2026-08-04 11:51:33.724,LIN-INNLDI-01-L,1260801112000,126080111200004033,TRUE
2026-08-04 11:51:31.760,LAM-BOP-02-L,1260731047000,126073104700012040,TRUE
2026-08-04 11:51:31.712,ELC-INS-01-L,1260703036020,126070303600001036,TRUE
2026-08-04 11:51:30.540,ELC-RED-01-L,1260730062000,126073006200001052,TRUE
2026-08-04 11:51:28.250,WIR-Vdevelop-01-UL,1260623098000,"12606230980002B060,BD",TRUE
2026-08-04 11:51:27.781,LIN-OUTTRE-01-L,1260622024000,126062202400001052,TRUE
2026-08-04 11:51:23.688,CPP-Horizontalplating-01-UL,1260606004010,12607090700003I901,TRUE
2026-08-04 11:51:24.222,LIN-INNDES-02-UL,,126080106700010016,TRUE
2026-08-04 11:51:22.655,LIN-OUTTRE-01-UL,1260710007000,126061605400001058,TRUE
2026-08-04 11:51:16.781,WIR-Decoatbake-01-UL,1260707002000,126070700200049048,TRUE
2026-08-04 11:51:22.363,LIN-INNDES-02-L,,126080106900002071,TRUE
2026-08-04 11:51:19.397,ELC-INS-01-UL,1260703036020,126070303600001043,TRUE
2026-08-04 11:51:16.218,CPP-Patternplating-01-L,1260606004010,12606060040001C205,TRUE
2026-08-04 11:51:13.952,WIR-LDI-01-L,,126071502200158263,TRUE
2026-08-04 11:51:13.546,CPP-Patternplating-01-UL,1260711011000,12606060040001C112,TRUE
2026-08-04 10:43:18.451,SMK-BRU-01-L,1260725015010,M0960013A2000G-0607,TRUE
2026-08-04 11:51:47.206,CPP-Horizontalplating-01-UL,1260606004010,12607090700003I004,TRUE
2026-08-04 11:51:45.068,LIN-INNLDI-01-L,1260801112000,126080111200004023,TRUE
2026-08-04 11:51:44.938,LIN-OUTTRE-01-UL,1260710007000,126061605400001037,TRUE
2026-08-04 11:51:44.894,WIR-Decoatbake-01-L,1260618003000,12606180030001C095,TRUE
2026-08-04 11:51:40.473,WIR-LDI-01-L,,126071502200158245,TRUE
2026-08-04 11:51:39.697,ELC-INS-01-UL,1260703036020,126070303600001013,TRUE
2026-08-04 11:51:42.636,LAM-BOP-02-L,1260731047000,126073104700012038,TRUE
2026-08-04 11:51:38.738,LIN-INNDES-02-UL,,126080106700010018,TRUE
2026-08-04 11:51:37.905,WIR-SE-01-UL,1260702011000,12607020110003A178,TRUE
2026-08-04 11:51:36.441,LIN-INNDES-02-L,,126080106900002073,TRUE
2026-08-04 11:52:05.374,ELC-TRE-01-L,1260711048000,126071104800001047,TRUE
2026-08-04 11:52:05.756,LIN-INNDES-02-L,,126080106900002077,TRUE
2026-08-04 11:52:04.965,LAM-BOP-02-L,1260731047000,126073104700012034,TRUE
2026-08-04 11:52:04.671,ELC-TRE-01-UL,1260711048000,126071104800001050,TRUE
2026-08-04 11:52:04.479,ELC-RED-01-L,1260730062000,126073006200001054,TRUE
2026-08-04 11:52:03.239,WIR-Vdevelop-01-UL,1260623098000,"12606230980002B005,BD",TRUE
2026-08-04 11:52:02.648,LSR-Debrowning-01-L,1260623097000,12606230970001C072,TRUE
2026-08-04 11:52:02.914,LSR-Debrowning-01-UL,1260623097000,12606230970001C086,TRUE
2026-08-04 11:52:02.381,LIN-INNLDI-01-L,1260801112000,126080111200004021,TRUE
2026-08-04 11:52:01.176,WIR-Decoatbake-01-UL,1260707002000,126070700200049037,TRUE
2026-08-04 11:52:00.405,WIR-SE-01-L,1260702011000,12607020110003A156,TRUE
2026-08-04 11:52:00.104,ELC-INS-01-UL,1260703036020,126070303600001046,TRUE
2026-08-04 11:51:52.988,LIN-INNDES-02-UL,,126080106700010020,TRUE
2026-08-04 11:51:50.400,ELC-INS-01-L,1260703036020,126070303600001068,TRUE
2026-08-04 11:51:49.407,LIN-OUTTRE-01-L,1260622024000,126062202400001050,TRUE
2026-08-04 11:51:48.441,WIR-Vdevelop-01-L,1260623098000,12606230980002B018,TRUE
2026-08-04 11:52:20.443,WIR-Decoatbake-01-L,1260618003000,12606180030001C096,TRUE
2026-08-04 11:52:21.431,LIN-INNDES-02-UL,,126080106700010002,TRUE
2026-08-04 11:52:21.823,ELC-RED-01-L,1260730062000,126073006200001055,TRUE
2026-08-04 11:52:20.211,LIN-INNDES-02-L,,126080106900002079,TRUE
2026-08-04 11:52:20.233,ELC-TRE-01-L,1260711048000,126071104800001054,TRUE
2026-08-04 11:52:19.780,LAM-BOP-02-UL,1260731047000,126073104700012001,TRUE
2026-08-04 11:52:18.992,LIN-INNLDI-01-L,1260801112000,126080111200004019,TRUE
2026-08-04 11:52:14.367,SDM-DI-01-UL,1260616091000,12606160910002B174,TRUE
2026-08-04 11:52:18.921,ELC-TRE-01-UL,1260711048000,126071104800001042,TRUE
2026-08-04 11:52:11.189,LIN-OUTTRE-01-L,1260622024000,126062202400001073,TRUE
2026-08-04 11:52:11.411,CPP-Horizontalplating-01-UL,1260606004010,12607090700003I003,TRUE
2026-08-04 11:52:09.802,CPP-Patternplating-01-L,1260606004010,12606060040001C228,TRUE
2026-08-04 11:52:16.483,LAM-BOP-02-L,1260731047000,126073104700012032,TRUE
2026-08-04 11:52:08.041,ELC-INS-01-L,1260703036020,126070303600001025,TRUE
2026-08-04 11:52:07.677,CPP-Patternplating-01-UL,1260711011000,12606060040001C107,TRUE
2026-08-04 11:52:06.989,WIR-LDI-01-L,,126071502200158253,TRUE
2026-08-04 11:52:06.893,LIN-OUTTRE-01-UL,1260710007000,126061605400001035,TRUE
2026-08-04 11:52:32.674,LIN-OUTTRE-01-L,1260622024000,126062202400001071,TRUE
2026-08-04 11:52:29.291,LSR-Debrowning-01-UL,1260623097000,12606230970001C083,TRUE
2026-08-04 11:52:29.799,LIN-OUTTRE-01-UL,1260710007000,126061605400001080,TRUE
2026-08-04 11:52:29.025,LSR-Debrowning-01-L,1260623097000,12606230970001C069,TRUE
2026-08-04 11:52:26.306,LIN-INNLDI-01-L,1260801112000,126080111200004027,TRUE
2026-08-04 11:52:28.264,LAM-BOP-02-UL,1260731047000,126073104700012080,TRUE
2026-08-04 11:52:26.764,LAM-BOP-02-L,1260731047000,126073104700012030,TRUE
2026-08-04 11:52:24.505,WIR-Vdevelop-01-L,1260623098000,12606230980002B015,TRUE
2026-08-04 11:47:25.777,LIN-INNTRE-02-UL-1,,126080309000014038,TRUE
2026-08-04 11:52:54.112,LIN-OUTTRE-01-L,1260622024000,126062202400001056,TRUE
2026-08-04 11:52:53.096,LIN-INNLDI-01-L,1260801112000,126080111200004015,TRUE
2026-08-04 11:52:51.798,ELC-TRE-01-L,1260711048000,126071104800001071,TRUE
2026-08-04 11:52:51.175,LIN-OUTTRE-01-UL,1260710007000,126061605400001015,TRUE
2026-08-04 11:52:49.689,ELC-TRE-01-UL,1260711048000,126071104800001051,TRUE
2026-08-04 11:52:49.266,LAM-BOP-02-L,1260731047000,126073104700012024,TRUE
2026-08-04 11:52:49.198,LIN-INNDES-02-L,,126080106900002023,TRUE
2026-08-04 11:52:50.675,WIR-SE-01-UL,1260702011000,12607020110003A124,TRUE
2026-08-04 11:52:45.646,WIR-Decoatbake-01-UL,1260707002000,126070700200049040,TRUE
2026-08-04 11:52:43.765,LAM-BOP-02-UL,1260731047000,126073104700012078,TRUE
2026-08-04 11:52:47.704,LIN-INNDES-01-L,,126080109300002001,TRUE
2026-08-04 11:52:39.433,ELC-RED-01-L,1260730062000,126073006200001056,TRUE
2026-08-04 11:52:37.959,WIR-Vdevelop-01-UL,1260623098000,"12606230980002B010,BD",TRUE
2026-08-04 11:52:34.568,CPP-Horizontalplating-01-UL,1260606004010,126072501300400012,TRUE
2026-08-04 11:52:21.431,LIN-INNDES-02-UL,,126080106700010002,TRUE
2026-08-04 11:45:41.359,LIN-INNLDI-02-L,1260709019000,126070901900001068,TRUE
2026-08-04 10:53:47.799,SMK-BRU-01-UL,1260725015010,M0960013A2000G-0607,TRUE
2026-08-04 11:53:16.349,WIR-SE-01-UL,1260702011000,12607020110003A162,TRUE
2026-08-04 11:53:15.879,LIN-OUTTRE-01-L,1260622024000,126062202400001077,TRUE
2026-08-04 11:53:15.857,ELC-RED-01-L,1260730062000,126073006200001058,TRUE
2026-08-04 11:53:13.847,LIN-OUTTRE-01-UL,1260710007000,126061605400001020,TRUE
2026-08-04 11:53:12.633,WIR-Vdevelop-01-UL,1260623098000,"12606230980002B008,BD",TRUE
2026-08-04 11:53:11.739,LIN-INNLDI-01-L,1260801112000,126080111200004013,TRUE
2026-08-04 11:53:06.987,LAM-BOP-02-UL,1260731047000,126073104700012074,TRUE
2026-08-04 11:53:06.408,ELC-TRE-01-L,1260711048000,126071104800001075,TRUE
2026-08-04 11:53:04.158,ELC-TRE-01-UL,1260711048000,126071104800001059,TRUE
2026-08-04 11:53:03.522,CPP-Patternplating-01-L,1260606004010,12606060040001C229,TRUE
2026-08-04 11:53:03.355,LIN-INNDES-02-L,,126080106900002025,TRUE
2026-08-04 11:53:00.718,SMK-TUN-01-L,2260424010000,22604240100001C303,TRUE
2026-08-04 11:53:02.643,LIN-INNDES-01-L,,126080109300002003,TRUE
2026-08-04 11:53:01.256,CPP-Patternplating-01-UL,1260711011000,12606060040001C113,TRUE
2026-08-04 11:53:00.299,LAM-BOP-02-L,1260731047000,126073104700012022,TRUE
2026-08-04 11:52:58.038,CPP-Horizontalplating-01-UL,1260606004010,126072501300400057,TRUE
2026-08-04 11:52:56.421,LSR-Debrowning-01-UL,1260623097000,12606230970001C084,TRUE
2026-08-04 11:53:00.256,WIR-Vdevelop-01-L,1260623098000,12606230980002B025,TRUE
2026-08-04 11:52:55.277,LSR-Debrowning-01-L,1260623097000,12606230970001C070,TRUE
2026-08-04 11:31:50.509,WIR-LDI-01-UL,,12606230980002B126,TRUE
2026-08-04 11:45:41.359,LIN-INNLDI-02-L,1260709019000,126070901900001068,TRUE
2026-08-04 11:52:55.131,WIR-Decoatbake-01-L,1260618003000,12606180030001C098,TRUE
2026-08-04 11:53:36.120,WIR-Vdevelop-01-L,1260623098000,12606230980002B019,TRUE
2026-08-04 11:53:35.883,LIN-INNLDI-01-L,1260801112000,126080111200004019,TRUE
2026-08-04 11:53:35.005,ELC-TRE-01-UL,1260711048000,126071104800001060,TRUE
2026-08-04 11:53:36.146,LIN-OUTTRE-01-UL,1260710007000,126061605400001064,TRUE
2026-08-04 11:53:33.295,ELC-RED-01-L,1260730062000,126073006200001059,TRUE
2026-08-04 11:53:31.598,LIN-INNDES-01-L,,126080109300002007,TRUE
2026-08-04 11:53:31.933,WIR-Decoatbake-01-L,1260618003000,12606180030001C087,TRUE
2026-08-04 11:53:30.745,WIR-Decoatbake-01-UL,1260707002000,126070700200049042,TRUE
2026-08-04 11:53:21.571,CPP-Horizontalplating-01-UL,1260606004010,126072501300400013,TRUE
2026-08-04 11:53:31.077,LIN-INNDES-02-L,,126080106900002029,TRUE
2026-08-04 11:53:31.895,LAM-BOP-02-UL,1260731047000,126073104700012068,TRUE
2026-08-04 11:53:21.283,ELC-TRE-01-L,1260711048000,126071104800001076,TRUE
2026-08-04 11:53:19.112,LSR-Debrowning-01-UL,1260623097000,12606230970001C081,TRUE
2026-08-04 11:53:20.862,LSR-Debrowning-01-L,1260623097000,12606230970001C067,TRUE
2026-08-04 11:53:45.328,LIN-INNDES-02-L,,126080106900002031,TRUE
2026-08-04 11:53:43.021,LAM-BOP-02-UL,1260731047000,126073104700012066,TRUE
2026-08-04 11:53:42.721,LSR-Debrowning-01-UL,1260623097000,12606230970001C082,TRUE
2026-08-04 11:53:41.833,WIR-SE-01-UL,1260702011000,12607020110003A132,TRUE
2026-08-04 11:53:37.162,LIN-OUTTRE-01-L,1260622024000,126062202400001058,TRUE
2026-08-04 11:53:36.739,ELC-TRE-01-L,1260711048000,126071104800001078,TRUE
2026-08-04 11:54:05.491,LAM-BOP-02-UL,1260731047000,126073104700012062,TRUE
2026-08-04 11:54:06.293,WIR-Decoatbake-01-L,1260618003000,12606180030001C073,TRUE
2026-08-04 11:54:04.492,ELC-TRE-01-UL,1260711048000,126071104800001063,TRUE
2026-08-04 11:54:04.205,ROU-RIN-01-UL,,Error_202608041854042050,FALSE
2026-08-04 11:54:02.256,LAM-BOP-02-L,1260731047000,126073104700012020,TRUE
2026-08-04 11:54:01.318,LIN-INNDES-01-L,,126080109300002011,TRUE
2026-08-04 11:54:01.947,LIN-INNLDI-01-L,1260801112000,126080111200004007,TRUE
2026-08-04 11:54:00.608,ELC-RED-01-UL,1260709037020,126073006200001041,TRUE
2026-08-04 11:53:59.781,LIN-INNDES-02-L,,126080106900002033,TRUE
2026-08-04 11:53:58.881,LIN-OUTTRE-01-L,1260622024000,126062202400001063,TRUE
2026-08-04 11:53:57.136,CPP-Patternplating-01-L,1260606004010,12606060040001C230,TRUE
2026-08-04 11:53:58.100,LIN-OUTTRE-01-UL,1260710007000,126061605400001079,TRUE
2026-08-04 11:53:51.428,ELC-TRE-01-L,1260711048000,126071104800001005,TRUE
2026-08-04 11:53:50.925,ELC-RED-01-L,1260730062000,126073006200001060,TRUE
2026-08-04 11:53:54.793,CPP-Patternplating-01-UL,1260711011000,12606060040001C061,TRUE
2026-08-04 11:53:47.277,WIR-Vdevelop-01-UL,1260623098000,"12606230980002B009,BB",TRUE
2026-08-04 11:53:47.268,LSR-Debrowning-01-L,1260623097000,12606230970001C068,TRUE
2026-08-04 11:54:27.610,LIN-INNDES-02-L,,126080106900002037,TRUE
2026-08-04 11:54:27.556,LAM-BOP-02-UL,1260731047000,126073104700012046,TRUE
2026-08-04 11:54:26.262,LIN-INNLDI-01-L,1260801112000,126080111200004013,TRUE
2026-08-04 11:54:26.657,ELC-RED-01-L,1260730062000,126073006200001062,TRUE
2026-08-04 11:54:23.102,ELC-TRE-01-L,1260711048000,126071104800001037,TRUE
2026-08-04 11:54:21.637,WIR-Vdevelop-01-UL,1260623098000,"12606230980002B016,BD",TRUE
2026-08-04 11:54:20.163,LIN-OUTTRE-01-L,1260622024000,126062202400001064,TRUE
2026-08-04 11:54:19.821,ELC-TRE-01-UL,1260711048000,126071104800001064,TRUE
2026-08-04 11:54:19.648,LIN-OUTTRE-01-UL,1260710007000,126061605400001055,TRUE
2026-08-04 11:54:16.293,WIR-Decoatbake-01-UL,1260707002000,126070700200049041,TRUE
2026-08-04 11:54:15.680,LIN-INNDES-01-L,,126080109300002013,TRUE
2026-08-04 11:54:13.644,LSR-Debrowning-01-L,1260623097000,12606230970001C065,TRUE
2026-08-04 11:54:12.570,LAM-BOP-02-L,1260731047000,126073104700012018,TRUE
2026-08-04 11:54:11.965,WIR-Vdevelop-01-L,1260623098000,12606230980002B034,TRUE
2026-08-04 11:54:07.803,WIR-SE-01-UL,1260702011000,12607020110003A122,TRUE
2026-08-04 11:54:09.456,LSR-Debrowning-01-UL,1260623097000,12606230970001C079,TRUE
2026-08-04 11:53:21.571,CPP-Horizontalplating-01-UL,1260606004010,126072501300400013,TRUE
2026-08-04 11:49:09.079,LIN-INNTRE-02-UL-2,,126080309000014039,TRUE
2026-08-04 11:54:32.760,WIR-SE-01-UL,1260702011000,12607020110003A159,TRUE
2026-08-04 11:54:30.244,LIN-INNDES-01-L,,126080109300002015,TRUE
2026-08-04 11:54:28.231,WIR-LDI-01-L,,126071502200158276,TRUE
2026-08-04 11:54:28.166,LAM-BOP-02-L,1260731047000,126073104700012012,TRUE
2026-08-04 11:54:19.648,LIN-OUTTRE-01-UL,1260710007000,126061605400001055,TRUE
2026-08-04 11:54:51.387,ELC-TRE-01-L,1260711048000,126071104800001041,TRUE
2026-08-04 11:54:51.087,LAM-BOP-02-UL,1260731047000,126073104700012050,TRUE
2026-08-04 11:54:50.731,CPP-Patternplating-01-L,1260606004010,12606060040001C225,TRUE
2026-08-04 11:54:49.684,ELC-TRE-01-UL,1260711048000,126071104800001079,TRUE
2026-08-04 11:54:47.872,WIR-Vdevelop-01-L,1260623098000,12606230980002B031,TRUE
2026-08-04 11:54:48.489,CPP-Patternplating-01-UL,1260711011000,12606060040001C111,TRUE
2026-08-04 11:54:46.948,WIR-SE-01-L,1260702011010,12607020110003A002,TRUE
2026-08-04 11:54:44.994,LIN-INNDES-01-L,,126080109300002017,TRUE
2026-08-04 11:54:42.101,LIN-OUTTRE-01-UL,1260710007000,126061605400001032,TRUE
2026-08-04 11:54:44.778,LIN-INNLDI-01-L,1260801112000,126080111200004011,TRUE
2026-08-04 11:54:42.284,LIN-INNDES-02-L,,126080106900002039,TRUE
2026-08-04 11:54:43.126,ELC-RED-01-L,1260730062000,126073006200001063,TRUE
2026-08-04 11:54:40.068,LSR-Debrowning-01-L,1260623097000,12606230970001C066,TRUE
2026-08-04 11:54:36.193,LSR-Debrowning-01-UL,1260623097000,12606230970001C080,TRUE
2026-08-04 11:54:41.997,WIR-Decoatbake-01-L,1260618003000,12606180030001C084,TRUE
2026-08-04 11:54:41.757,LIN-OUTTRE-01-L,1260622024000,126062202400001016,TRUE
2026-08-04 11:53:21.571,CPP-Horizontalplating-01-UL,1260606004010,126072501300400013,TRUE
2026-08-04 11:55:04.605,ELC-TRE-01-UL,1260711048000,126071104800001048,TRUE
2026-08-04 11:55:03.556,LIN-OUTTRE-01-L,1260622024000,126062202400001037,TRUE
2026-08-04 11:55:02.084,LSR-Debrowning-01-UL,1260623097000,12606230970001C077,TRUE
2026-08-04 11:55:00.655,LIN-INNLDI-01-L,1260801112000,126080111200004009,TRUE
2026-08-04 11:54:59.948,LIN-INNDES-01-L,,126080109300002019,TRUE
2026-08-04 11:55:00.419,WIR-Decoatbake-01-UL,1260707002000,126070700200049003,TRUE
2026-08-04 11:55:00.128,ELC-RED-01-L,1260730062000,126073006200001064,TRUE
2026-08-04 11:54:58.448,WIR-SE-01-UL,1260702011000,12607020110003A123,TRUE
2026-08-04 11:54:56.403,WIR-Vdevelop-01-UL,1260623098000,"12606230980002B013,BD",TRUE
2026-08-04 11:54:56.582,LIN-INNDES-02-L,,126080106900002041,TRUE
2026-08-04 11:54:51.387,ELC-TRE-01-L,1260711048000,126071104800001041,TRUE
2026-08-04 11:54:42.101,LIN-OUTTRE-01-UL,1260710007000,126061605400001032,TRUE
2026-08-04 11:55:25.175,LIN-INNDES-02-L,,126080106900002045,TRUE
2026-08-04 11:55:25.028,WIR-SE-01-UL,1260702011000,12607020110003A173,TRUE
2026-08-04 11:55:24.279,LAM-BOP-02-L,1260731047000,126073104700012010,TRUE
2026-08-04 11:55:24.129,ELC-RED-01-UL,1260709037020,126073006200001042,TRUE
2026-08-04 11:55:21.144,ELC-TRE-01-L,1260711048000,126071104800001007,TRUE
2026-08-04 11:55:23.483,WIR-Vdevelop-01-L,1260623098000,12606230980002B032,TRUE
2026-08-04 11:55:19.472,ELC-TRE-01-UL,1260711048000,126071104800001049,TRUE
2026-08-04 11:55:19.155,LIN-INNLDI-01-L,1260801112000,126080111200004007,TRUE
2026-08-04 11:55:17.810,WIR-Decoatbake-01-L,1260618003000,12606180030001C081,TRUE
2026-08-04 11:55:16.660,ELC-RED-01-L,1260730062000,126073006200001065,TRUE
2026-08-04 11:55:16.966,LAM-BOP-02-UL,1260731047000,126073104700012054,TRUE
2026-08-04 11:55:14.669,LIN-INNDES-01-L,,126080109300002021,TRUE
2026-08-04 11:55:11.938,SMK-TUN-01-L,2260424010000,22604240100001C348,TRUE
2026-08-04 11:55:10.777,LIN-OUTTRE-01-UL,1260710007000,126061605400001067,TRUE
2026-08-04 11:55:08.809,WIR-LDI-01-L,,126071502200158251,TRUE
2026-08-04 11:55:07.823,WIR-SE-01-L,1260702011010,12607020110003A025,TRUE
2026-08-04 11:54:50.731,CPP-Patternplating-01-L,1260606004010,12606060040001C225,TRUE
2026-08-04 11:17:30.636,CPP-Horizontalplating-01-L,1260709070000,126072501300400013,TRUE
2026-08-04 11:55:06.552,LSR-Debrowning-01-L,1260623097000,12606230970001C063,TRUE
2026-08-04 11:55:46.982,LIN-OUTTRE-01-L,1260622024000,126062202400001048,TRUE
2026-08-04 11:55:47.969,LIN-INNLDI-01-L,1260801112000,126080111200004028,TRUE
2026-08-04 11:55:47.405,CPP-Patternplating-01-L,1260606004010,12606060040001C226,TRUE
2026-08-04 11:55:46.795,LAM-BOP-02-L,1260731047000,126073104700012006,TRUE
2026-08-04 11:55:40.879,ELC-RED-01-UL,1260709037020,126073006200001043,TRUE
2026-08-04 11:55:42.419,CPP-Patternplating-01-UL,1260711011000,12606060040001C116,TRUE
2026-08-04 11:55:43.795,LIN-INNDES-01-L,,126080109300002025,TRUE
2026-08-04 11:55:45.560,WIR-Decoatbake-01-UL,1260707002000,126070700200049001,TRUE
2026-08-04 11:55:36.160,ELC-TRE-01-L,1260711048000,126071104800001029,TRUE
2026-08-04 11:55:38.740,ROU-RIN-01-UL,,Error_202608041855387402,FALSE
2026-08-04 11:55:40.352,LIN-INNDES-02-L,,126080106900002047,TRUE
2026-08-04 11:55:36.982,WIR-LDI-01-L,,126071502200158262,TRUE
2026-08-04 11:55:33.180,LSR-Debrowning-01-L,1260623097000,12606230970001C064,TRUE
2026-08-04 11:55:35.582,ELC-TRE-01-UL,1260711048000,126071104800001052,TRUE
2026-08-04 11:55:32.848,ELC-RED-01-L,1260730062000,126073006200001066,TRUE
2026-08-04 11:55:29.482,LAM-BOP-02-UL,1260731047000,126073104700012056,TRUE
2026-08-04 11:55:28.819,LSR-Debrowning-01-UL,1260623097000,12606230970001C078,TRUE
2026-08-04 11:55:28.756,WIR-SE-01-L,1260702011010,12607020110003A026,TRUE
2026-08-04 11:45:41.359,LIN-INNLDI-02-L,1260709019000,126070901900001068,TRUE
2026-08-04 11:55:28.247,LIN-OUTTRE-01-UL,1260710007000,126061605400001039,TRUE
2026-08-04 11:39:18.773,SMK-SPR-01-L,1260606001010,0,TRUE
2026-08-04 11:56:04.936,WIR-LDI-01-L,,126071502200158272,TRUE
2026-08-04 11:56:06.288,ELC-TRE-01-UL,1260711048000,126071104800001054,TRUE
2026-08-04 11:56:00.348,ELC-RED-01-UL,1260709037020,126073006200001044,TRUE
2026-08-04 11:55:59.884,LSR-Debrowning-01-L,1260623097000,12606230970001C061,TRUE
2026-08-04 11:55:59.328,LAM-BOP-02-L,1260731047000,126073104700012004,TRUE
2026-08-04 11:55:57.329,LIN-INNLDI-01-L,1260801112000,126080111200004003,TRUE
2026-08-04 11:55:59.170,WIR-Vdevelop-01-L,1260623098000,12606230980002B020,TRUE
2026-08-04 11:55:58.578,LIN-INNDES-01-L,,126080109300002027,TRUE
2026-08-04 11:55:54.430,LIN-INNDES-02-L,,126080106900002049,TRUE
2026-08-04 11:55:55.024,LSR-Debrowning-01-UL,1260623097000,12606230970001C075,TRUE
2026-08-04 11:55:51.943,ELC-TRE-01-L,1260711048000,126071104800001003,TRUE
2026-08-04 11:55:53.655,WIR-Decoatbake-01-L,1260618003000,12606180030001C082,TRUE
2026-08-04 11:55:50.725,WIR-SE-01-UL,1260702011000,12607020110003A160,TRUE
2026-08-04 11:55:49.960,WIR-SE-01-L,1260702011010,12607020110003A027,TRUE
2026-08-04 11:55:49.951,LIN-OUTTRE-01-UL,1260710007000,126061605400001060,TRUE
2026-08-04 11:55:49.817,ELC-RED-01-L,1260730062000,126073006200001067,TRUE
2026-08-04 11:17:30.636,CPP-Horizontalplating-01-L,1260709070000,126072501300400013,TRUE
2026-08-04 11:39:18.773,SMK-SPR-01-L,1260606001010,0,TRUE
2026-08-04 11:56:13.697,WIR-SE-01-L,1260702011010,12607020110003A018,TRUE
2026-08-04 11:56:13.192,LIN-INNDES-01-L,,126080109300002029,TRUE
2026-08-04 11:56:12.783,LIN-INNLDI-01-L,1260801112000,126080111200004001,TRUE
2026-08-04 11:56:12.312,LIN-OUTTRE-01-UL,1260710007000,126061605400001011,TRUE
2026-08-04 11:56:09.311,WIR-Vdevelop-01-UL,1260623098000,"12606230980002B014,BD",TRUE
2026-08-04 11:56:09.222,LAM-BOP-02-L,1260731047000,126073104700012002,TRUE
2026-08-04 11:56:08.680,LIN-INNDES-02-L,,126080106900002072,TRUE
2026-08-04 11:56:08.452,LIN-OUTTRE-01-L,1260622024000,126062202400001032,TRUE
2026-08-04 11:56:07.020,ELC-RED-01-L,1260730062000,126073006200001068,TRUE
2026-08-04 11:56:07.475,ELC-TRE-01-L,1260711048000,126071104800001009,TRUE
2026-08-04 11:56:33.124,WIR-LDI-01-L,,126071502200158250,TRUE
2026-08-04 11:56:32.672,LIN-OUTTRE-01-UL,1260710007000,126061605400001063,TRUE
2026-08-04 11:56:32.240,LIN-INNLDI-01-L,1260801112000,126080111200004032,TRUE
2026-08-04 11:56:31.311,WIR-Decoatbake-01-UL,1260707002000,126070700200049002,TRUE
2026-08-04 11:56:31.223,LAM-BOP-02-L,1260731047000,126073104700012075,TRUE
2026-08-04 11:56:30.188,LIN-OUTTRE-01-L,1260622024000,126062202400001060,TRUE
2026-08-04 11:56:30.139,WIR-Decoatbake-01-L,1260618003000,12606180030001C079,TRUE
2026-08-04 11:56:27.895,LIN-INNDES-01-L,,126080109300002031,TRUE
2026-08-04 11:56:23.165,LIN-INNDES-02-L,,126080106900002074,TRUE
2026-08-04 11:56:26.151,LSR-Debrowning-01-L,1260623097000,12606230970001C062,TRUE
2026-08-04 11:56:22.919,LIN-INNTRE-01-UL,1260803091000,126080309100012001,TRUE
2026-08-04 11:56:22.848,ELC-RED-01-L,1260730062000,126073006200001069,TRUE
2026-08-04 11:56:21.447,LSR-Debrowning-01-UL,1260623097000,12606230970001C076,TRUE
2026-08-04 11:56:20.600,ELC-TRE-01-UL,1260711048000,126071104800001070,TRUE
2026-08-04 11:56:17.942,ELC-RED-01-UL,1260709037020,126073006200001045,TRUE
2026-08-04 11:56:15.478,WIR-SE-01-UL,1260702011000,12607020110003A174,TRUE
2026-08-04 11:56:07.475,ELC-TRE-01-L,1260711048000,126071104800001009,TRUE
2026-08-04 11:39:18.773,SMK-SPR-01-L,1260606001010,0,TRUE
2026-08-04 03:48:38.190,SMK-TUN-01-UL,1260708022000,126070804600001068,TRUE
2026-08-04 11:56:44.351,WIR-Vdevelop-01-UL,1260623098000,"12606230980002B006,BD",TRUE
2026-08-04 11:56:43.239,LAM-BOP-02-L,1260731047000,126073104700012073,TRUE
2026-08-04 11:56:42.990,LIN-INNLDI-01-L,1260801112000,126080111200004022,TRUE
2026-08-04 11:56:42.598,LIN-INNDES-01-L,,126080109300002033,TRUE
2026-08-04 11:56:40.068,ELC-RED-01-L,1260730062000,126073006200001070,TRUE
2026-08-04 11:56:40.667,WIR-SE-01-UL,1260702011000,12607020110003A164,TRUE
2026-08-04 11:56:38.557,WIR-SE-01-L,1260702011010,12607020110003A019,TRUE
2026-08-04 11:56:38.437,CPP-Patternplating-01-L,1260606004010,12606060040001C227,TRUE
2026-08-04 11:56:36.271,ELC-RED-01-UL,1260709037020,126073006200001046,TRUE
2026-08-04 11:56:38.384,LIN-INNDES-02-L,,126080106900002076,TRUE
2026-08-04 11:56:36.093,CPP-Patternplating-01-UL,1260711011000,12606060040001C115,TRUE
2026-08-04 11:56:35.117,ELC-TRE-01-UL,1260711048000,126071104800001071,TRUE
2026-08-04 11:56:35.030,WIR-Vdevelop-01-L,1260623098000,12606230980002B033,TRUE
2026-08-04 11:57:05.778,LIN-INNDES-02-L,,126080106900002080,TRUE
2026-08-04 11:57:05.524,ELC-TRE-01-UL,1260711048000,126071104800001076,TRUE
2026-08-04 11:57:05.052,LAM-BOP-02-L,1260731047000,126073104700012069,TRUE
2026-08-04 11:57:06.195,WIR-Decoatbake-01-L,1260618003000,12606180030001C080,TRUE
2026-08-04 11:57:04.355,WIR-SE-01-L,1260702011010,12607020110003A022,TRUE
2026-08-04 11:56:57.852,LIN-INNLDI-01-L,1260801112000,126080111200004020,TRUE
2026-08-04 11:57:01.320,WIR-LDI-01-L,,126071502200158261,TRUE
2026-08-04 11:56:58.661,LAM-BOP-02-UL,1260731047000,126073104700012060,TRUE
2026-08-04 11:56:57.661,LIN-INNDES-01-L,,126080109300002035,TRUE
2026-08-04 11:56:54.330,LIN-OUTTRE-01-UL,1260710007000,126061605400001008,TRUE
2026-08-04 11:56:54.459,ELC-RED-01-UL,1260709037020,126073006200001047,TRUE
2026-08-04 11:56:52.620,LSR-Debrowning-01-L,1260623097000,12606230970001C059,TRUE
2026-08-04 11:56:56.209,ELC-RED-01-L,1260730062000,126073006200001071,TRUE
2026-08-04 11:56:52.002,LIN-OUTTRE-01-L,1260622024000,126062202400001074,TRUE
2026-08-04 11:56:47.980,LSR-Debrowning-01-UL,1260623097000,12606230970001C073,TRUE
2026-08-04 11:56:07.475,ELC-TRE-01-L,1260711048000,126071104800001009,TRUE
2026-08-04 11:28:22.573,AOI-RESAOI-01-L,1260716047020,126071604700001062,TRUE
2026-08-04 11:57:26.743,LIN-INNDES-01-L,,126080109300002039,TRUE
2026-08-04 11:57:23.430,SMK-TUN-01-L,2260424010000,22604240100001C351,TRUE
2026-08-04 11:57:21.821,WIR-Vdevelop-01-UL,1260623098000,"12606230980002B001,BD",TRUE
2026-08-04 11:57:21.235,ELC-TRE-01-UL,1260711048000,126071104800001078,TRUE
2026-08-04 11:57:18.935,LSR-Debrowning-01-L,1260623097000,12606230970001C060,TRUE
2026-08-04 11:57:19.889,LIN-INNDES-02-L,,126080106900002001,TRUE
2026-08-04 11:57:17.070,WIR-Decoatbake-01-UL,1260707002000,126070700200049038,TRUE
2026-08-04 11:57:16.789,LAM-BOP-02-L,1260731047000,126073104700012067,TRUE
2026-08-04 11:57:16.543,LIN-OUTTRE-01-UL,1260710007000,126061605400001071,TRUE
2026-08-04 11:57:13.355,LIN-OUTTRE-01-L,1260622024000,126062202400001069,TRUE
2026-08-04 11:57:14.560,LSR-Debrowning-01-UL,1260623097000,12606230970001C074,TRUE
2026-08-04 11:57:12.138,SDM-DI-01-UL,1260616091000,12606160910002B164,TRUE
2026-08-04 11:57:11.180,WIR-Vdevelop-01-L,1260623098000,12606230980002B035,TRUE
2026-08-04 11:57:22.341,LIN-INNLDI-01-L,1260801112000,126080111200004026,TRUE
2026-08-04 11:57:12.553,ELC-RED-01-L,1260730062000,126073006200001072,TRUE
2026-08-04 11:57:10.553,ELC-RED-01-UL,1260709037020,126073006200001048,TRUE
2026-08-04 11:57:08.496,WIR-SE-01-UL,1260702011000,12607020110003A121,TRUE
2026-08-04 11:57:42.673,LIN-INNLDI-01-L,1260801112000,126080111200004024,TRUE
2026-08-04 11:57:42.892,ELC-TRE-01-L,1260711048020,126071104800001033,TRUE
2026-08-04 11:57:41.697,WIR-Decoatbake-01-L,1260618003000,12606180030001C072,TRUE
2026-08-04 11:57:42.026,LIN-INNDES-01-L,,126080109300002020,TRUE
2026-08-04 11:57:40.936,LSR-Debrowning-01-UL,1260623097000,12606230970001C071,TRUE
2026-08-04 11:57:39.697,WIR-LDI-01-UL,,126071502200158263,TRUE
2026-08-04 11:57:39.322,LAM-BOP-02-L,1260731047000,126073104700012063,TRUE
2026-08-04 11:57:38.373,LIN-OUTTRE-01-UL,1260710007000,126061605400001022,TRUE
2026-08-04 11:57:37.141,ELC-TRE-01-UL,1260711048000,126071104800001005,TRUE
2026-08-04 11:57:34.622,LIN-OUTTRE-01-L,1260622024000,126062202400001076,TRUE
2026-08-04 11:57:34.216,WIR-SE-01-UL,1260702011000,12607020110003A148,TRUE
2026-08-04 11:57:34.498,LIN-INNDES-02-L,,126080106900002003,TRUE
2026-08-04 11:57:29.825,WIR-SE-01-L,1260702011010,12607020110003A020,TRUE
2026-08-04 11:57:31.978,CPP-Patternplating-01-L,1260606004010,12606060040001C221,TRUE
2026-08-04 11:57:29.462,CPP-Patternplating-01-UL,1260711011000,12606060040001C114,TRUE
2026-08-04 11:57:28.663,ELC-RED-01-L,1260730062000,126073006200001073,TRUE
2026-08-04 11:57:29.790,WIR-LDI-01-L,,126071502200158274,TRUE
2026-08-04 11:52:00.104,ELC-INS-01-UL,1260703036020,126070303600001046,TRUE
2026-08-04 11:46:30.244,LIN-OUTDEV-01-UL,1260706042010,126070604200001052,TRUE
2026-08-04 11:57:28.866,ELC-RED-01-UL,1260709037020,126073006200001049,TRUE
2026-08-04 11:45:41.359,LIN-INNLDI-02-L,1260709019000,126070901900001068,TRUE
2026-08-04 11:57:53.023,ELC-INS-01-UL,1260703036020,126070303600001022,TRUE
2026-08-04 11:57:50.971,ELC-TRE-01-UL,1260711048000,126071104800001039,TRUE
2026-08-04 11:57:52.329,LIN-INNLDI-01-L,1260801112000,126080111200004014,TRUE
2026-08-04 11:57:50.698,LAM-BOP-02-L,1260731047000,126073104700012045,TRUE
2026-08-04 11:57:46.779,AOI-RESAOI-01-L,1260715036020,126071503600001001,TRUE
2026-08-04 11:57:46.650,WIR-Vdevelop-01-L,1260623098000,12606230980002B024,TRUE
2026-08-04 11:57:48.329,LIN-INNDES-02-L,,126080106900002005,TRUE
2026-08-04 11:57:45.641,LSR-Debrowning-01-L,1260623097000,12606230970001C058,TRUE
2026-08-04 11:57:44.835,ELC-RED-01-L,1260730062000,126073006200001074,TRUE
2026-08-04 11:57:44.290,CPP-Horizontalplating-01-L,1260709070000,126072501300400053,TRUE
2026-08-04 11:57:31.978,CPP-Patternplating-01-L,1260606004010,12606060040001C221,TRUE
2026-08-04 11:57:44.320,ELC-RED-01-UL,1260709037020,126073006200001050,TRUE
2026-08-04 11:58:12.660,ELC-TRE-01-L,1260711048020,126071104800001012,TRUE
2026-08-04 11:58:12.017,LSR-Debrowning-01-L,1260623097000,12606230970001C057,TRUE
2026-08-04 11:58:12.558,LAM-BOP-02-L,1260731047000,126073104700012049,TRUE
2026-08-04 11:58:11.339,LIN-INNDES-01-L,,126080109300002024,TRUE
2026-08-04 11:58:05.488,ELC-TRE-01-UL,1260711048000,126071104800001037,TRUE
2026-08-04 11:58:06.940,LIN-INNLDI-01-L,1260801112000,126080111200004012,TRUE
2026-08-04 11:58:07.688,LSR-Debrowning-01-UL,1260623097000,12606230970001C072,TRUE
2026-08-04 11:58:03.289,LIN-INNDES-02-L,,126080106900002007,TRUE
2026-08-04 11:58:02.713,WIR-Decoatbake-01-UL,1260707002000,126070700200049057,TRUE
2026-08-04 11:58:00.977,ELC-RED-01-UL,1260709037020,126073006200001051,TRUE
2026-08-04 11:58:02.414,ELC-RED-01-L,1260730062000,126073006200001075,TRUE
2026-08-04 11:58:01.564,WIR-SE-01-UL,1260702011000,12607020110003A154,TRUE
2026-08-04 11:58:00.935,LIN-OUTTRE-01-UL,1260710007000,126061605400001044,TRUE
2026-08-04 11:57:58.306,CPP-Horizontalplating-01-L,1260709070000,126072501300400112,TRUE
2026-08-04 11:58:00.779,AOI-RESAOI-01-L,1260715036020,126071503600001077,TRUE
2026-08-04 11:57:57.087,WIR-LDI-01-L,,126071502200158277,TRUE
2026-08-04 11:57:56.743,WIR-Vdevelop-01-UL,1260623098000,"12606230980002B007,BD",TRUE
2026-08-04 11:57:56.466,LIN-OUTTRE-01-L,1260622024000,126062202400001005,TRUE
2026-08-04 11:57:55.564,WIR-SE-01-L,1260702011010,12607020110003A021,TRUE
2026-08-04 11:46:30.244,LIN-OUTDEV-01-UL,1260706042010,126070604200001052,TRUE
2026-08-04 11:58:35.011,ELC-RED-01-UL,1260709037020,126073006200001053,TRUE
2026-08-04 11:58:34.088,LIN-INNDES-02-UL,,126080106900002051,TRUE
2026-08-04 11:58:34.605,LAM-BOP-02-L,1260731047000,126073104700012053,TRUE
2026-08-04 11:58:34.035,LSR-Debrowning-01-UL,1260623097000,12606230970001C069,TRUE
2026-08-04 11:58:31.785,WIR-Vdevelop-01-UL,1260623098000,"12606230980002B011,BB",TRUE
2026-08-04 11:58:28.834,ELC-TRE-01-L,1260711048020,126071104800001021,TRUE
2026-08-04 11:58:31.488,LIN-INNLDI-01-L,1260801112000,126080111200004018,TRUE
2026-08-04 11:58:30.837,LIN-INNDES-02-L,,126080106900002013,TRUE
2026-08-04 11:58:26.471,WIR-SE-01-UL,1260702011000,12607020110003A146,TRUE
2026-08-04 11:58:26.849,LIN-OUTTRE-01-UL,1260710007000,126061605400001047,TRUE
2026-08-04 11:58:27.677,AOI-RESAOI-01-UL,1260715036020,126071503600001001,TRUE
2026-08-04 11:58:26.426,WIR-LDI-01-L,,126071502200158249,TRUE
2026-08-04 11:58:25.738,CPP-Patternplating-01-L,1260606004010,12606060040001C223,TRUE
2026-08-04 11:58:25.745,LIN-INNDES-01-L,,126080109300002026,TRUE
2026-08-04 11:58:21.236,WIR-SE-01-L,1260702011010,12607020110003A035,TRUE
2026-08-04 11:58:23.801,CPP-Patternplating-01-UL,1260711011000,12606060040001C099,TRUE
2026-08-04 11:58:19.949,ELC-RED-01-L,1260730062000,126073006200001076,TRUE
2026-08-04 11:58:20.879,ELC-TRE-01-UL,1260711048000,126071104800001040,TRUE
2026-08-04 11:58:18.254,LIN-OUTTRE-01-L,1260622024000,126062202400001002,TRUE
2026-08-04 11:58:19.630,AOI-RESAOI-01-L,1260715036020,126071503600001010,TRUE
2026-08-04 11:52:08.041,ELC-INS-01-L,1260703036020,126070303600001025,TRUE
2026-08-04 11:58:16.972,WIR-Decoatbake-01-L,1260618003000,12606180030001C088,TRUE
2026-08-04 11:58:51.162,LIN-INNLDI-01-L,1260801112000,126080111200004016,TRUE
2026-08-04 11:58:50.973,WIR-Vdevelop-01-L,1260623098000,12606230980002B023,TRUE
2026-08-04 11:58:51.783,WIR-SE-01-UL,1260702011000,12607020110003A180,TRUE
2026-08-04 11:58:50.755,ELC-TRE-01-UL,1260711048000,126071104800001008,TRUE
2026-08-04 11:58:50.480,WIR-LDI-01-UL,,126071502200158245,TRUE
2026-08-04 11:58:50.662,LIN-OUTTRE-01-UL,1260710007000,126061605400001054,TRUE
2026-08-04 11:58:50.318,AOI-RESAOI-01-UL,1260715036020,126071503600001077,TRUE
2026-08-04 11:58:48.355,LAM-BOP-02-UL,1260731047000,126073104700012040,TRUE
2026-08-04 11:58:47.004,WIR-Decoatbake-01-UL,1260707002000,126070700200049059,TRUE
2026-08-04 11:58:46.370,LAM-BOP-02-L,1260731047000,126073104700012055,TRUE
2026-08-04 11:58:45.447,LIN-INNDES-02-L,,126080106900002015,TRUE
2026-08-04 11:58:46.705,WIR-SE-01-L,1260702011010,12607020110003A012,TRUE
2026-08-04 11:58:42.818,ELC-TRE-01-L,1260711048020,126071104800001014,TRUE
2026-08-04 11:58:40.277,LIN-INNDES-01-L,,126080109300002028,TRUE
2026-08-04 11:58:42.193,AOI-RESAOI-01-L,1260715036020,126071503600001059,TRUE
2026-08-04 11:58:42.207,SDM-DI-01-UL,1260616091000,12606160910001C071,TRUE
2026-08-04 11:58:37.730,ELC-RED-01-L,1260730062000,126073006200001077,TRUE
2026-08-04 11:58:38.412,LSR-Debrowning-01-L,1260623097000,12606230970001C056,TRUE
2026-08-04 11:58:39.146,LIN-OUTTRE-01-L,1260622024000,126062202400001061,TRUE
2026-08-04 11:59:00.536,LSR-Debrowning-01-UL,1260623097000,12606230970001C070,TRUE
2026-08-04 11:59:00.960,LIN-OUTTRE-01-L,1260622024000,126062202400001045,TRUE
2026-08-04 11:59:00.136,LAM-BOP-02-UL,1260731047000,126073104700012038,TRUE
2026-08-04 11:58:59.746,LIN-INNDES-02-L,,126080106900002019,TRUE
2026-08-04 11:58:59.252,LIN-INNLDI-02-L,1260709019020,126070901900001059,TRUE
2026-08-04 11:58:58.864,ELC-TRE-01-L,1260711048020,126071104800001053,TRUE
2026-08-04 11:58:56.761,LAM-BOP-02-L,1260731047000,126073104700012057,TRUE
2026-08-04 11:58:55.743,LIN-INNTRE-01-UL,1260803091000,126080309100012002,TRUE
2026-08-04 11:58:53.035,WIR-Decoatbake-01-L,1260618003000,12606180030001C085,TRUE
2026-08-04 11:58:55.028,ELC-RED-01-L,1260730062000,126073006200001078,TRUE
2026-08-04 11:58:53.379,WIR-LDI-01-L,,126071502200158248,TRUE
2026-08-04 11:58:54.948,LIN-INNDES-01-L,,126080109300002030,TRUE
2026-08-04 11:58:52.434,ELC-RED-01-UL,1260709037020,126073006200001054,TRUE
2026-08-04 11:58:50.755,ELC-TRE-01-UL,1260711048000,126071104800001008,TRUE
2026-08-04 11:59:25.991,LIN-INNLDI-01-L,1260801112000,126080111200004012,TRUE
2026-08-04 11:59:24.559,LAM-BOP-02-UL,1260731047000,126073104700012034,TRUE
2026-08-04 11:59:22.446,LIN-OUTTRE-01-L,1260622024000,126062202400001011,TRUE
2026-08-04 11:59:24.340,LIN-INNDES-01-L,,126080109300002034,TRUE
2026-08-04 11:59:21.711,WIR-LDI-01-L,,126071502200158266,TRUE
2026-08-04 11:59:21.575,LIN-INNDES-02-UL,,126080106900002055,TRUE
2026-08-04 11:59:19.414,CPP-Patternplating-01-L,1260606004010,12606060040001C224,TRUE
2026-08-04 11:59:20.709,ELC-TRE-01-UL,1260711048000,126071104800001029,TRUE
2026-08-04 11:59:16.304,CPP-Patternplating-01-UL,1260711011000,12606060040001C118,TRUE
2026-08-04 11:59:16.675,WIR-SE-01-UL,1260702011000,12607020110003A152,TRUE
2026-08-04 11:59:17.612,LIN-INNLDI-02-L,1260709019020,126070901900001080,TRUE
2026-08-04 11:59:19.231,LAM-BOP-02-L,1260731047000,126073104700012041,TRUE
2026-08-04 11:59:15.728,LIN-INNTRE-01-UL,1260803091000,126080309100012003,TRUE
2026-08-04 11:59:16.116,CPP-Horizontalplating-01-L,1260709070000,126072501300400104,TRUE
2026-08-04 11:59:13.762,LIN-INNDES-02-L,,126080106900002050,TRUE
2026-08-04 11:59:10.497,ELC-RED-01-UL,1260709037020,126073006200001055,TRUE
2026-08-04 11:59:13.724,ELC-TRE-01-L,1260711048020,126071104800001027,TRUE
2026-08-04 11:59:13.587,AOI-RESAOI-01-UL,1260715036020,126071503600001010,TRUE
2026-08-04 11:59:12.284,WIR-SE-01-L,1260702011010,12607020110003A013,TRUE
2026-08-04 11:59:12.122,ELC-RED-01-L,1260730062000,126073006200001079,TRUE
2026-08-04 11:59:06.318,WIR-Vdevelop-01-UL,1260623098000,"12606230980002B012,BD",TRUE
2026-08-04 11:59:04.961,AOI-RESAOI-01-L,1260715036020,126071503600001074,TRUE
2026-08-04 11:59:04.724,LSR-Debrowning-01-L,1260623097000,12606230970001C110,TRUE
2026-08-04 11:59:03.180,LIN-OUTTRE-01-UL,1260710007000,126061605400001028,TRUE
2026-08-04 11:57:53.023,ELC-INS-01-UL,1260703036020,126070303600001022,TRUE
2026-08-04 11:58:50.973,WIR-Vdevelop-01-L,1260623098000,12606230980002B023,TRUE
2026-08-04 11:59:41.806,WIR-Vdevelop-01-UL,1260623098000,"12606230980002B017,BB",TRUE
2026-08-04 11:59:42.697,LIN-OUTTRE-01-UL,1260710007000,126061605400001053,TRUE
2026-08-04 11:59:41.758,LIN-INNLDI-01-L,1260801112000,126080111200004010,TRUE
2026-08-04 11:59:41.622,ELC-INS-01-UL,1260703036020,126070303600001036,TRUE
2026-08-04 11:59:37.114,LIN-INNLDI-02-L,1260709019020,126070901900001025,TRUE
2026-08-04 11:59:37.911,WIR-SE-01-L,1260702011010,12607020110003A034,TRUE
2026-08-04 11:59:39.263,LIN-INNDES-01-L,,126080109300002036,TRUE
2026-08-04 11:59:39.747,LIN-INNTRE-01-UL,1260803091000,126080309100012004,TRUE
2026-08-04 11:59:34.825,LIN-INNDES-02-UL,,126080106900002057,TRUE
2026-08-04 11:59:36.665,AOI-RESAOI-01-UL,1260715036020,126071503600001059,TRUE
2026-08-04 11:59:34.826,SMK-TUN-01-L,2260424010000,22604240100001C320,TRUE
2026-08-04 11:59:36.647,ELC-TRE-01-UL,1260711048000,126071104800001003,TRUE
2026-08-04 11:59:32.148,WIR-Decoatbake-01-UL,1260707002000,126070700200049015,TRUE
2026-08-04 11:59:30.481,LAM-BOP-02-L,1260731047000,126073104700012039,TRUE
2026-08-04 11:59:33.231,LAM-BOP-02-UL,1260731047000,126073104700012032,TRUE
2026-08-04 11:59:30.478,CPP-Horizontalplating-01-L,1260709070000,126072501300400113,TRUE
2026-08-04 11:59:28.794,LIN-INNDES-02-L,,126080106900002052,TRUE
2026-08-04 11:59:29.341,ELC-RED-01-UL,1260709037020,126073006200001056,TRUE
2026-08-04 11:59:29.591,ELC-RED-01-L,1260730062000,126073006200001080,TRUE
2026-08-04 11:59:28.303,ELC-TRE-01-L,1260711048020,126071104800001034,TRUE
2026-08-04 11:59:28.117,WIR-Decoatbake-01-L,1260618003000,12606180030001C086,TRUE
2026-08-04 11:59:27.040,LSR-Debrowning-01-UL,1260623097000,12606230970001C067,TRUE
2026-08-04 11:59:28.118,AOI-RESAOI-01-L,1260715036020,126071503600001014,TRUE
2026-08-04 12:00:03.553,WIR-SE-01-L,1260702011010,12607020110003A036,TRUE
2026-08-04 12:00:03.327,ELC-RED-01-UL,1260709037020,126073006200001058,TRUE
2026-08-04 12:00:01.256,LIN-INNLDI-02-L,1260709019020,126070901900001050,TRUE
2026-08-04 12:00:01.092,ELC-INS-01-UL,1260703036020,126070303600001068,TRUE
2026-08-04 11:59:59.587,AOI-RESAOI-01-UL,1260715036020,126071503600001074,TRUE
2026-08-04 11:59:59.499,LIN-INNTRE-01-UL,1260803091000,126080309100012005,TRUE
2026-08-04 11:59:58.178,ELC-TRE-01-L,1260711048020,126071104800001032,TRUE
2026-08-04 12:00:01.033,LIN-INNLDI-01-L,1260801112000,126080111200004008,TRUE
2026-08-04 11:59:53.656,LIN-INNDES-01-L,,126080109300002038,TRUE
2026-08-04 11:59:57.311,LIN-INNDES-02-L,,126080106900002056,TRUE
2026-08-04 11:59:53.874,LAM-BOP-02-L,1260731047000,126073104700012033,TRUE
2026-08-04 11:59:54.906,LAM-BOP-02-UL,1260731047000,126073104700012026,TRUE
2026-08-04 11:59:53.353,LSR-Debrowning-01-UL,1260623097000,12606230970001C068,TRUE
2026-08-04 11:59:51.368,AOI-RESAOI-01-L,1260715036020,126071503600001054,TRUE
2026-08-04 11:59:49.498,LIN-INNDES-02-UL,,126080106900002059,TRUE
2026-08-04 11:59:50.912,ELC-TRE-01-UL,1260711048000,126071104800001009,TRUE
2026-08-04 11:59:43.709,WIR-SE-01-UL,1260702011000,12607020110003A134,TRUE
2026-08-04 11:59:49.306,WIR-LDI-01-L,,126071502200158275,TRUE
2026-08-04 11:59:43.743,LIN-OUTTRE-01-L,1260622024000,126062202400001055,TRUE
2026-08-04 12:00:21.751,LAM-BOP-02-L,1260731047000,126073104700012029,TRUE
2026-08-04 12:00:22.416,AOI-RESAOI-01-UL,1260715036020,126071503600001014,TRUE
2026-08-04 12:00:23.329,LIN-INNDES-01-L,,126080109300002041,TRUE
2026-08-04 12:00:21.298,LIN-INNTRE-01-UL,1260803091000,126080309100012006,TRUE
2026-08-04 12:00:20.185,LSR-Debrowning-01-UL,1260623097000,12606230970001C065,TRUE
2026-08-04 12:00:18.265,LIN-INNDES-02-UL,,126080106900002063,TRUE
2026-08-04 12:00:20.999,ELC-INS-01-UL,1260703036020,126070303600001025,TRUE
2026-08-04 12:00:20.842,ELC-RED-01-UL,1260709037020,126073006200001059,TRUE
2026-08-04 12:00:17.699,WIR-LDI-01-L,,126071502200158246,TRUE
2026-08-04 12:00:17.948,ROU-RIN-01-UL,,Error_202608041900179485,FALSE
2026-08-04 12:00:17.871,WIR-Decoatbake-01-UL,1260707002000,126070700200049013,TRUE
2026-08-04 12:00:17.027,WIR-Vdevelop-01-UL,1260623098000,"12606230980002B018,BD",TRUE
2026-08-04 12:00:14.945,ELC-TRE-01-L,1260711048020,126071104800001020,TRUE
2026-08-04 12:00:16.985,LAM-BOP-02-UL,1260731047000,126073104700012022,TRUE
2026-08-04 12:00:15.690,LIN-INNLDI-01-L,1260801112000,126080111200004006,TRUE
2026-08-04 12:00:14.915,AOI-RESAOI-01-L,1260715036020,126071503600001080,TRUE
2026-08-04 12:00:10.481,CPP-Patternplating-01-UL,1260711011000,12606060040001C067,TRUE
2026-08-04 12:00:11.500,LIN-INNDES-02-L,,126080106900002058,TRUE
2026-08-04 12:00:13.121,CPP-Patternplating-01-L,1260606004010,12606060040001C220,TRUE
2026-08-04 12:00:14.229,SDM-DI-01-UL,1260616091000,12606160910001C115,TRUE
2026-08-04 12:00:05.556,LIN-OUTTRE-01-L,1260622024000,126062202400001022,TRUE
2026-08-04 12:00:08.443,WIR-SE-01-UL,1260702011000,12607020110003A157,TRUE
2026-08-04 12:00:07.389,LIN-OUTTRE-01-UL,1260710007000,126061605400001014,TRUE
2026-08-04 11:59:04.724,LSR-Debrowning-01-L,1260623097000,12606230970001C110,TRUE
2026-08-04 11:39:18.773,SMK-SPR-01-L,1260606001010,0,TRUE
2026-08-04 11:58:50.480,WIR-LDI-01-UL,,126071502200158245,TRUE
2026-08-04 12:00:35.035,LIN-INNLDI-01-L,1260801112000,126080111200004004,TRUE
2026-08-04 12:00:34.334,WIR-SE-01-UL,1260702011000,12607020110003A147,TRUE
2026-08-04 12:00:32.878,LIN-INNDES-02-UL,,126080106900002065,TRUE
2026-08-04 12:00:29.068,WIR-SE-01-L,1260702011010,12607020110003A037,TRUE
2026-08-04 12:00:28.788,ELC-TRE-01-L,1260711048020,126071104800001026,TRUE
2026-08-04 12:00:28.213,LIN-OUTTRE-01-UL,1260710007000,126061605400001048,TRUE
2026-08-04 12:00:25.409,LIN-INNDES-02-L,,126080106900002060,TRUE
2026-08-04 12:00:27.307,LIN-OUTTRE-01-L,1260622024000,126062202400001007,TRUE
2026-08-04 12:00:52.365,LIN-INNDES-01-L,,126080109300002045,TRUE
2026-08-04 12:00:50.588,LIN-INNLDI-01-L,1260801112000,126080111200004002,TRUE
2026-08-04 12:00:51.077,WIR-Vdevelop-01-UL,1260623098000,"12606230980002B015,BD",TRUE
2026-08-04 12:00:50.059,LIN-OUTTRE-01-UL,1260710007000,126061605400001013,TRUE
2026-08-04 12:00:49.949,ROU-RIN-01-UL,,Error_202608041900499497,FALSE
2026-08-04 12:00:48.918,LIN-OUTTRE-01-L,1260622024000,126062202400001008,TRUE
2026-08-04 12:00:49.571,LIN-INNTRE-02-UL-1,,126080309000014040,TRUE
2026-08-04 12:00:48.285,LAM-BOP-02-L,1260731047000,126073104700012025,TRUE
2026-08-04 12:00:48.565,ELC-RED-01-L,1260730062010,126073006200001002,TRUE
2026-08-04 12:00:46.067,LIN-INNDES-02-UL,,126080106900002067,TRUE
2026-08-04 12:00:44.862,LIN-INNTRE-01-UL,1260803091000,126080309100012007,TRUE
2026-08-04 12:00:44.777,AOI-RESAOI-01-UL,1260715036020,126071503600001054,TRUE
2026-08-04 12:00:46.235,LSR-Debrowning-01-UL,1260623097000,12606230970001C066,TRUE
2026-08-04 12:00:45.701,WIR-LDI-01-L,,126071502200158257,TRUE
2026-08-04 12:00:39.435,WIR-Decoatbake-01-L,1260618003000,12606180030001C064,TRUE
2026-08-04 12:00:38.734,ELC-RED-01-UL,1260709037020,126073006200001060,TRUE
2026-08-04 12:00:43.507,ELC-TRE-01-L,1260711048020,126071104800001019,TRUE
2026-08-04 12:00:45.353,LIN-INNTRE-02-UL-2,,126080308800018001,TRUE
2026-08-04 12:00:39.801,LIN-INNDES-02-L,,126080106900002062,TRUE
2026-08-04 12:00:37.339,AOI-RESAOI-01-L,1260715036020,126071503600001073,TRUE
2026-08-04 12:01:10.446,LAM-BOP-02-L,1260731047000,126073104700012021,TRUE
2026-08-04 12:01:10.036,LIN-INNLDI-01-L,1260801112000,126080111200004079,TRUE
2026-08-04 12:01:08.496,AOI-RESAOI-01-UL,1260715036020,126071503600001080,TRUE
2026-08-04 12:01:08.242,LIN-INNDES-02-L,,126080106900002066,TRUE
2026-08-04 12:01:06.764,CPP-Patternplating-01-L,1260606004010,12606060040001C234,TRUE
2026-08-04 12:01:07.053,LIN-INNDES-01-L,,126080109300002047,TRUE
2026-08-04 12:01:06.722,LIN-INNTRE-01-UL,1260803091000,126080309100012008,TRUE
2026-08-04 12:01:05.786,ELC-RED-01-L,1260730062010,126073006200001003,TRUE
2026-08-04 12:01:03.499,CPP-Patternplating-01-UL,1260711011000,12606060040001C070,TRUE
2026-08-04 12:01:02.981,ROU-RIN-01-UL,,Error_202608041901029818,FALSE
2026-08-04 12:01:02.702,WIR-Decoatbake-01-UL,1260707002000,126070700200049054,TRUE
2026-08-04 12:01:00.152,AOI-RESAOI-01-L,1260715036020,126071503600001047,TRUE
2026-08-04 12:00:57.144,ELC-RED-01-UL,1260709037020,126073006200001061,TRUE
2026-08-04 12:00:59.895,LIN-INNDES-02-UL,,126080106900002069,TRUE
2026-08-04 12:00:58.071,ELC-TRE-01-L,1260711048020,126071104800001038,TRUE
2026-08-04 12:00:59.866,WIR-SE-01-UL,1260702011000,12607020110003A177,TRUE
2026-08-04 12:00:54.012,LIN-OUTDEV-01-UL,1260706042010,126070604200001042,TRUE
2026-08-04 12:00:54.725,WIR-SE-01-L,1260702011010,12607020110003A052,TRUE
2026-08-04 12:01:26.318,LIN-INNTRE-01-UL,1260803091000,126080309100012009,TRUE
2026-08-04 12:01:27.150,ELC-TRE-01-UL,1260711048020,126071104800001033,TRUE
2026-08-04 12:01:25.703,WIR-Vdevelop-01-UL,1260623098000,"12606230980002B025,BD",TRUE
2026-08-04 12:01:24.992,WIR-SE-01-UL,1260702011000,12607020110003A175,TRUE
2026-08-04 12:01:24.179,ELC-RED-01-L,1260730062010,126073006200001004,TRUE
2026-08-04 12:01:23.043,AOI-RESAOI-01-L,1260715036020,126071503600001072,TRUE
2026-08-04 12:01:24.897,LIN-INNLDI-01-L,1260801112000,126080111200004077,TRUE
2026-08-04 12:01:22.742,LIN-INNDES-02-L,,126080106900002068,TRUE
2026-08-04 12:01:21.336,WIR-SE-01-L,1260702011010,12607020110003A045,TRUE
2026-08-04 12:01:21.744,LAM-BOP-02-L,1260731047000,126073104700012019,TRUE
2026-08-04 12:01:21.728,LIN-INNDES-01-L,,126080109300002049,TRUE
2026-08-04 12:01:21.259,LAM-BOP-02-UL,1260731047000,126073104700012020,TRUE
2026-08-04 12:01:17.303,ELC-INS-01-UL,1260703036020,126070303600001003,TRUE
2026-08-04 12:01:13.880,ELC-RED-01-UL,1260709037020,126073006200001062,TRUE
2026-08-04 12:01:14.445,LIN-INNDES-02-UL,,126080106900002071,TRUE
2026-08-04 12:01:14.764,WIR-Decoatbake-01-L,1260618003000,12606180030001C071,TRUE
2026-08-04 12:01:12.939,LSR-Debrowning-01-UL,1260623097000,12606230970001C063,TRUE
2026-08-04 12:01:12.446,ELC-TRE-01-L,1260711048020,126071104800001001,TRUE
2026-08-04 12:01:11.027,LIN-OUTTRE-01-UL,1260710007000,126061605400001052,TRUE
2026-08-04 12:01:10.902,LIN-OUTTRE-01-L,1260622024000,126062202400001018,TRUE
2026-08-04 12:01:06.764,CPP-Patternplating-01-L,1260606004010,12606060040001C234,TRUE
2026-08-04 02:52:28.688,SMK-DIX-01-L,1260710031000,126071003100001023,TRUE
2026-08-04 12:00:54.012,LIN-OUTDEV-01-UL,1260706042010,126070604200001042,TRUE
2026-08-04 12:01:46.328,AOI-RESAOI-01-L,1260715036020,126071503600001049,TRUE
2026-08-04 12:01:45.997,SMK-TUN-01-L,2260424010000,22604240100001C305,TRUE
2026-08-04 12:01:46.055,WIR-SE-01-L,1260702011010,12607020110003A006,TRUE
2026-08-04 12:01:44.929,LIN-INNLDI-01-L,1260801112000,126080111200004075,TRUE
2026-08-04 12:01:44.888,LAM-BOP-02-UL,1260731047000,126073104700012012,TRUE
2026-08-04 12:01:43.713,ELC-TRE-01-L,1260711048020,126071104800001077,TRUE
2026-08-04 12:01:40.820,ELC-RED-01-L,1260730062010,126073006200001005,TRUE
2026-08-04 12:01:43.303,LIN-INNDES-02-UL,,126080106900002075,TRUE
2026-08-04 12:01:42.166,ELC-TRE-01-UL,1260711048020,126071104800001018,TRUE
2026-08-04 12:01:39.270,LSR-Debrowning-01-UL,1260623097000,12606230970001C064,TRUE
2026-08-04 12:01:37.709,LIN-INNDES-02-L,,126080106900002070,TRUE
2026-08-04 12:01:36.497,LIN-INNDES-01-L,,126080109300002051,TRUE
2026-08-04 12:01:32.560,LIN-OUTTRE-01-UL,1260710007000,126061605400001069,TRUE
2026-08-04 12:01:34.512,LIN-INNTRE-02-UL-1,,126080308800018002,TRUE
2026-08-04 12:01:32.592,LIN-OUTTRE-01-L,1260622024000,126062202400001033,TRUE
2026-08-04 12:01:31.592,AOI-RESAOI-01-UL,1260715036020,126071503600001073,TRUE
2026-08-04 12:01:31.085,ELC-RED-01-UL,1260709037020,126073006200001063,TRUE
2026-08-04 12:01:26.890,WIR-LDI-01-UL,,126071502200158253,TRUE
2026-08-04 12:01:14.764,WIR-Decoatbake-01-L,1260618003000,12606180030001C071,TRUE
2026-08-04 11:50:09.065,AOI-PEP-01-L,1260801046000,126080104600004080,TRUE
2026-08-04 12:02:00.941,CPP-Patternplating-01-L,1260606004010,12606060040001C236,TRUE
2026-08-04 12:02:00.269,WIR-Vdevelop-01-UL,1260623098000,"12606230980002B019,BD",TRUE
2026-08-04 12:01:59.476,LIN-INNLDI-01-L,1260801112000,126080111200004073,TRUE
2026-08-04 12:01:59.244,ELC-TRE-01-L,1260711048020,126071104800001002,TRUE
2026-08-04 12:01:58.410,CPP-Patternplating-01-UL,1260711011000,12606060040001C069,TRUE
2026-08-04 12:01:57.244,ELC-TRE-01-UL,1260711048020,126071104800001012,TRUE
2026-08-04 12:01:58.367,ELC-RED-01-L,1260730062010,126073006200001006,TRUE
2026-08-04 12:01:57.881,LIN-INNDES-02-UL,,126080106900002077,TRUE
2026-08-04 12:01:54.313,LIN-OUTTRE-01-L,1260622024000,126062202400001004,TRUE
2026-08-04 12:01:54.781,AOI-RESAOI-01-UL,1260715036020,126071503600001047,TRUE
2026-08-04 12:01:51.896,LIN-INNDES-02-L,,126080106900002026,TRUE
2026-08-04 12:01:54.375,LIN-OUTTRE-01-UL,1260710007000,126061605400001029,TRUE
2026-08-04 12:01:51.611,WIR-Decoatbake-01-L,1260618003000,12606180030001C069,TRUE
2026-08-04 12:01:50.673,ROU-RIN-01-UL,,Error_202608041901506731,FALSE
2026-08-04 12:01:51.138,LIN-INNDES-01-L,,126080109300002053,TRUE
2026-08-04 12:01:50.445,WIR-SE-01-UL,1260702011000,12607020110003A176,TRUE
2026-08-04 12:01:48.195,ELC-RED-01-UL,1260709037020,126073006200001064,TRUE
2026-08-04 12:01:47.193,SDM-DI-01-UL,1260616091000,12606160910002B148,TRUE
2026-08-04 12:01:47.845,WIR-Decoatbake-01-UL,1260707002000,126070700200049053,TRUE
2026-08-04 12:01:47.866,LIN-INNTRE-01-UL,1260803091000,126080309100012010,TRUE
2026-08-04 12:02:20.982,LIN-INNDES-01-L,,126080109300002057,TRUE
2026-08-04 12:02:20.654,LIN-INNLDI-02-L,1260709019020,126070901900001027,TRUE
2026-08-04 12:02:20.881,LIN-INNDES-02-L,,126080106900002030,TRUE
2026-08-04 12:02:20.122,ELC-RED-01-UL,1260709037020,126073006200001066,TRUE
2026-08-04 12:02:17.534,AOI-RESAOI-01-UL,1260715036020,126071503600001072,TRUE
2026-08-04 12:02:19.181,LIN-INNLDI-01-L,1260801112000,126080111200004071,TRUE
2026-08-04 12:02:16.478,WIR-SE-01-UL,1260702011000,12607020110003A127,TRUE
2026-08-04 12:02:15.981,ELC-RED-01-L,1260730062010,126073006200001007,TRUE
2026-08-04 12:02:15.987,LIN-OUTTRE-01-UL,1260710007000,126061605400001021,TRUE
2026-08-04 12:02:15.674,LIN-OUTTRE-01-L,1260622024000,126062202400001013,TRUE
2026-08-04 12:02:14.935,LAM-BOP-02-L,1260731047000,126073104700012013,TRUE
2026-08-04 12:02:13.448,ELC-TRE-01-UL,1260711048020,126071104800001021,TRUE
2026-08-04 12:02:13.636,ELC-TRE-01-L,1260711048020,126071104800001024,TRUE
2026-08-04 12:02:12.600,LIN-INNDES-02-UL,,126080106900002079,TRUE
2026-08-04 12:02:12.144,WIR-LDI-01-UL,,126071502200158276,TRUE
2026-08-04 12:02:11.493,WIR-SE-01-L,1260702011010,12607020110003A011,TRUE
2026-08-04 12:02:11.884,LIN-INNTRE-01-UL,1260803091000,126080309100012011,TRUE
2026-08-04 12:02:09.190,AOI-RESAOI-01-L,1260715036020,126071503600001002,TRUE
2026-08-04 12:02:05.663,LSR-Debrowning-01-UL,1260623097000,12606230970001C061,TRUE
2026-08-04 11:59:30.478,CPP-Horizontalplating-01-L,1260709070000,126072501300400113,TRUE
2026-08-04 12:02:46.802,ROU-RIN-01-UL,,Error_202608041902468023,FALSE
2026-08-04 12:02:44.837,LIN-INNLDI-01-L,1260801112000,126080111200004059,TRUE
2026-08-04 12:02:45.341,LIN-INNLDI-02-L,1260709019020,126070901900001053,TRUE
2026-08-04 12:02:44.434,ELC-TRE-01-L,1260711048020,126071104800001031,TRUE
2026-08-04 12:02:44.105,LIN-INNTRE-01-UL,1260803091000,126080309100012013,TRUE
2026-08-04 12:02:43.059,ELC-TRE-01-UL,1260711048020,126071104800001053,TRUE
2026-08-04 12:02:42.007,WIR-LDI-01-UL,,126071502200158251,TRUE
2026-08-04 12:02:42.353,WIR-SE-01-UL,1260702011000,12607020110003A172,TRUE
2026-08-04 12:02:41.856,LIN-INNTRE-02-UL-1,,126080308800018004,TRUE
2026-08-04 12:02:41.202,LAM-BOP-02-UL,1260731047000,126073104700012010,TRUE
2026-08-04 12:02:40.519,AOI-RESAOI-01-UL,1260715036020,126071503600001049,TRUE
2026-08-04 12:02:41.133,LIN-INNDES-02-UL,,126080106900002023,TRUE
2026-08-04 12:02:37.816,LIN-OUTTRE-01-UL,1260710007000,126061605400001006,TRUE
2026-08-04 12:02:37.206,LIN-OUTTRE-01-L,1260622024000,126062202400001017,TRUE
2026-08-04 12:02:37.296,LAM-BOP-02-L,1260731047000,126073104700012009,TRUE
2026-08-04 12:02:37.288,WIR-LDI-01-L,,126071502200158247,TRUE
2026-08-04 12:02:37.170,ELC-RED-01-UL,1260709037020,126073006200001067,TRUE
2026-08-04 12:02:35.695,LIN-INNDES-02-L,,126080106900002032,TRUE
2026-08-04 12:02:37.118,WIR-SE-01-L,1260702011010,12607020110003A017,TRUE
2026-08-04 12:02:34.820,WIR-Vdevelop-01-UL,1260623098000,"12606230980002B034,BD",TRUE
2026-08-04 12:02:35.296,LIN-INNDES-01-L,,126080109300002059,TRUE
2026-08-04 12:02:33.388,ELC-RED-01-L,1260730062010,126073006200001008,TRUE
2026-08-04 12:02:32.991,WIR-Decoatbake-01-UL,1260707002000,126070700200049056,TRUE
2026-08-04 12:02:32.222,AOI-RESAOI-01-L,1260715036020,126071503600001035,TRUE
2026-08-04 12:02:32.069,LSR-Debrowning-01-UL,1260623097000,12606230970001C062,TRUE
2026-08-04 12:02:30.788,LSR-Debrowning-01-L,1260623097010,12606230970001C228,TRUE
2026-08-04 11:45:14.534,LIN-OUTDEV-01-L,1260706042010,126070604200001080,TRUE
2026-08-04 12:02:28.038,WIR-Decoatbake-01-L,1260618003000,12606180030001C070,TRUE
2026-08-04 12:01:17.303,ELC-INS-01-UL,1260703036020,126070303600001003,TRUE
2026-08-04 12:03:02.840,WIR-SE-01-L,1260702011010,12607020110003A024,TRUE
2026-08-04 12:03:02.835,WIR-Decoatbake-01-L,1260618003000,12606180030001C067,TRUE
2026-08-04 12:03:02.372,LIN-INNLDI-02-L,1260709019020,126070901900001080,TRUE
2026-08-04 12:02:59.781,LAM-BOP-02-L,1260731047000,126073104700012014,TRUE
2026-08-04 12:02:59.159,LIN-OUTTRE-01-UL,1260710007000,126061605400001019,TRUE
2026-08-04 12:02:58.555,LSR-Debrowning-01-UL,1260623097000,12606230970001C059,TRUE
2026-08-04 12:02:59.331,LIN-OUTTRE-01-L,1260622024000,126062202400001001,TRUE
2026-08-04 12:02:59.730,ELC-TRE-01-L,1260711048020,126071104800001030,TRUE
2026-08-04 12:02:54.306,LIN-INNLDI-01-L,1260801112000,126080111200004067,TRUE
2026-08-04 12:02:54.398,CPP-Patternplating-01-L,1260606004010,12606060040001C235,TRUE
2026-08-04 12:02:55.253,AOI-RESAOI-01-L,1260715036020,126071503600001025,TRUE
2026-08-04 12:02:57.590,ELC-TRE-01-UL,1260711048020,126071104800001027,TRUE
2026-08-04 12:02:54.249,ELC-RED-01-UL,1260709037020,126073006200001068,TRUE
2026-08-04 12:02:54.143,LIN-INNTRE-01-UL,1260803091000,126080309100012014,TRUE
2026-08-04 12:02:53.044,LIN-INNTRE-02-UL-1,,126080308800018006,TRUE
2026-08-04 12:02:54.103,LIN-INNDES-02-UL,,126080106900002025,TRUE
2026-08-04 12:02:51.429,CPP-Horizontalplating-01-L,1260725010000,126072501300400041,TRUE
2026-08-04 12:02:53.032,LAM-BOP-02-UL,1260731047000,126073104700012008,TRUE
2026-08-04 12:02:51.264,ELC-RED-01-L,1260730062010,126073006200001009,TRUE
2026-08-04 12:02:51.413,CPP-Patternplating-01-UL,1260711011000,12606060040001C066,TRUE
2026-08-04 12:02:49.524,LIN-INNDES-02-L,,126080106900002034,TRUE
2026-08-04 12:02:50.133,LSR-Debrowning-01-L,1260623097010,12606230970001C226,TRUE
2026-08-04 12:02:50.422,LIN-INNDES-01-L,,126080109300002061,TRUE
2026-08-04 12:03:23.473,LIN-INNTRE-01-UL,1260803091000,126080309100012017,TRUE
2026-08-04 12:03:23.102,WIR-LDI-01-L,,126071502200158255,TRUE
2026-08-04 12:03:23.294,LIN-INNDES-02-UL,,126080106900002029,TRUE
2026-08-04 12:03:23.032,LIN-INNLDI-02-L,1260709019020,126070901900001051,TRUE
2026-08-04 12:03:20.006,LIN-INNDES-01-L,,126080109300002065,TRUE
2026-08-04 12:03:22.506,LAM-BOP-02-L,1260731047000,126073104700012016,TRUE
2026-08-04 12:03:20.737,LIN-OUTTRE-01-UL,1260710007000,126061605400001040,TRUE
2026-08-04 12:03:21.008,SDM-DI-01-UL,1260616091000,12606160910001C100,TRUE
2026-08-04 12:03:18.793,LIN-INNDES-02-L,,126080106900002038,TRUE
2026-08-04 12:03:19.620,LIN-INNLDI-01-L,1260801112000,126080111200004078,TRUE
2026-08-04 12:03:18.206,AOI-RESAOI-01-L,1260715036020,126071503600001067,TRUE
2026-08-04 12:03:17.914,WIR-Decoatbake-01-UL,1260707002000,126070700200049055,TRUE
2026-08-04 12:03:12.934,ELC-TRE-01-UL,1260711048020,126071104800001034,TRUE
2026-08-04 12:03:15.106,LIN-INNTRE-02-UL-1,,126080308800018010,TRUE
2026-08-04 12:03:16.159,LAM-BOP-02-UL,1260731047000,126073104700012004,TRUE
2026-08-04 12:03:14.012,ELC-TRE-01-L,1260711048020,126071104800001028,TRUE
2026-08-04 12:03:11.976,WIR-LDI-01-UL,,126071502200158262,TRUE
2026-08-04 12:03:09.773,LSR-Debrowning-01-L,1260623097010,12606230970001C227,TRUE
2026-08-04 12:03:08.688,ELC-RED-01-L,1260730062010,126073006200001010,TRUE
2026-08-04 12:03:11.703,ELC-RED-01-UL,1260709037020,126073006200001069,TRUE
2026-08-04 12:03:07.329,WIR-SE-01-UL,1260702011000,12607020110003A170,TRUE
2026-08-04 12:02:51.429,CPP-Horizontalplating-01-L,1260725010000,126072501300400041,TRUE
2026-08-04 12:03:03.503,AOI-RESAOI-01-UL,1260715036020,126071503600001002,TRUE
2026-08-04 12:03:33.663,LAM-BOP-02-L,1260731047000,126073103500012003,TRUE
2026-08-04 12:03:33.817,LIN-INNTRE-01-UL,1260803091000,126080309100012018,TRUE
2026-08-04 12:03:32.861,WIR-SE-01-UL,1260702011000,12607020110003A169,TRUE
2026-08-04 12:03:33.278,LIN-INNDES-02-L,,126080106900002040,TRUE
2026-08-04 12:03:28.849,LAM-BOP-02-UL,1260731047000,126073104700012002,TRUE
2026-08-04 12:03:29.182,LIN-INNLDI-01-L,1260801112000,126080111200004063,TRUE
2026-08-04 12:03:28.992,LSR-Debrowning-01-L,1260623097010,12606230970001C224,TRUE
2026-08-04 12:03:28.621,ELC-TRE-01-L,1260711048020,126071104800001016,TRUE
2026-08-04 12:03:28.376,WIR-SE-01-L,1260702011010,12607020110003A031,TRUE
2026-08-04 12:03:27.871,ELC-TRE-01-UL,1260711048020,126071104800001035,TRUE
2026-08-04 12:03:27.000,ELC-RED-01-UL,1260709037020,126073006200001070,TRUE
2026-08-04 12:03:26.753,AOI-RESAOI-01-UL,1260715036020,126071503600001035,TRUE
2026-08-04 12:03:26.016,ELC-RED-01-L,1260730062010,126073006200001011,TRUE
2026-08-04 12:03:26.123,LIN-INNTRE-02-UL-1,,126080308800018012,TRUE
2026-08-04 12:03:24.867,LSR-Debrowning-01-UL,1260623097000,12606230970001C060,TRUE
2026-08-04 12:03:53.124,WIR-LDI-01-L,,126071502200158273,TRUE
2026-08-04 12:03:52.232,LIN-INNDES-02-UL,,126080106900002033,TRUE
2026-08-04 12:03:51.585,LIN-INNTRE-01-UL,1260803091000,126080309100012020,TRUE
2026-08-04 12:03:51.422,LSR-Debrowning-01-UL,1260623097000,12606230970001C058,TRUE
2026-08-04 12:03:49.505,AOI-RESAOI-01-UL,1260715036020,126071503600001025,TRUE
2026-08-04 12:03:50.202,LIN-INNTRE-02-UL-1,,Error_202608041903502027,FALSE
2026-08-04 12:03:48.944,LIN-INNDES-01-L,,126080109300002069,TRUE
2026-08-04 12:03:48.044,CPP-Patternplating-01-L,1260606004010,12606060040001C238,TRUE
2026-08-04 12:03:47.372,LIN-INNDES-02-L,,126080106900002042,TRUE
2026-08-04 12:03:45.449,CPP-Patternplating-01-UL,1260711011000,12606060040001C065,TRUE
2026-08-04 12:03:47.835,LAM-BOP-02-UL,1260731047000,126073104700012075,TRUE
2026-08-04 12:03:44.968,LIN-INNLDI-02-L,1260709019020,126070901900001050,TRUE
2026-08-04 12:03:44.574,WIR-Vdevelop-01-UL,1260623098000,"12606230980002B031,BD",TRUE
2026-08-04 12:03:44.475,LAM-BOP-02-L,1260731047000,126073103500012055,TRUE
2026-08-04 12:03:44.248,LIN-INNLDI-01-L,1260801112000,126080111200004061,TRUE
2026-08-04 12:03:43.793,ELC-TRE-01-UL,1260711048020,126071104800001032,TRUE
2026-08-04 12:03:43.684,ELC-TRE-01-L,1260711048020,126071104800001013,TRUE
2026-08-04 12:03:43.454,ELC-RED-01-L,1260730062010,126073006200001012,TRUE
2026-08-04 12:03:42.395,LIN-OUTTRE-01-UL,1260710007000,126061605400001068,TRUE
2026-08-04 12:03:41.192,AOI-RESAOI-01-L,1260715036020,126071503600001055,TRUE
2026-08-04 12:03:38.229,WIR-Decoatbake-01-L,1260618003000,12606180030001C062,TRUE
2026-08-04 12:03:27.000,ELC-RED-01-UL,1260709037020,126073006200001070,TRUE
2026-08-04 12:04:14.268,LIN-INNLDI-01-L,1260801112000,126080111200004072,TRUE
2026-08-04 12:04:14.031,WIR-Decoatbake-01-L,1260618003000,12606180030001C110,TRUE
2026-08-04 12:04:12.357,ELC-TRE-01-UL,1260711048020,126071104800001026,TRUE
2026-08-04 12:04:12.332,LIN-INNTRE-02-UL-1,,Error_202608041904123326,FALSE
2026-08-04 12:04:11.927,AOI-RESAOI-01-UL,1260715036020,126071503600001067,TRUE
2026-08-04 12:04:11.898,LAM-BOP-02-UL,1260731047000,126073104700012071,TRUE
2026-08-04 12:04:11.742,LIN-INNTRE-01-UL,1260803091000,126080309100012022,TRUE
2026-08-04 12:04:08.690,LIN-INNLDI-02-L,1260709019020,126070901900001065,TRUE
2026-08-04 12:04:07.961,LAM-BOP-02-L,1260731047000,126073105900012003,TRUE
2026-08-04 12:04:05.857,LIN-INNDES-02-UL,,126080106900002035,TRUE
2026-08-04 12:04:04.302,AOI-RESAOI-01-L,1260715036020,126071503600001063,TRUE
2026-08-04 12:04:03.568,LIN-OUTTRE-01-UL,1260710007000,126061605400001057,TRUE
2026-08-04 12:04:03.914,LIN-INNDES-01-L,,126080109300002071,TRUE
2026-08-04 12:04:03.475,WIR-LDI-01-UL,,126071502200158250,TRUE
2026-08-04 12:04:02.686,WIR-Decoatbake-01-UL,1260707002000,126070700200049047,TRUE
2026-08-04 12:04:02.029,LIN-INNDES-02-L,,126080106900002044,TRUE
2026-08-04 12:04:01.002,ELC-RED-01-L,1260730062010,126073006200001013,TRUE
2026-08-04 12:03:59.690,ELC-RED-01-UL,1260709037020,126073006200001072,TRUE
2026-08-04 12:03:59.059,ELC-TRE-01-L,1260711048020,126071104800001006,TRUE
2026-08-04 12:03:58.801,WIR-SE-01-UL,1260702011000,12607020110003A168,TRUE
2026-08-04 12:03:54.137,LSR-Debrowning-01-L,1260623097010,12606230970001C225,TRUE
2026-08-04 12:03:57.585,SMK-TUN-01-L,2260424010000,22604240100001C304,TRUE
2026-08-04 12:03:54.113,WIR-SE-01-L,1260702011010,12607020110003A032,TRUE
2026-08-04 12:03:21.008,SDM-DI-01-UL,1260616091000,12606160910001C100,TRUE
2026-08-04 12:03:48.044,CPP-Patternplating-01-L,1260606004010,12606060040001C238,TRUE
2026-08-04 11:50:09.065,AOI-PEP-01-L,1260801046000,126080104600004080,TRUE
2026-08-04 12:04:34.854,LIN-INNDES-01-L,,126080109300002075,TRUE
2026-08-04 12:04:34.095,LIN-INNDES-02-UL,,126080106900002039,TRUE
2026-08-04 12:04:33.511,LAM-BOP-02-UL,1260731047000,126073104700012067,TRUE
2026-08-04 12:04:33.297,WIR-LDI-01-UL,,126071502200158261,TRUE
2026-08-04 12:04:32.663,LIN-INNTRE-02-UL-1,,126080308800018024,TRUE
2026-08-04 12:04:33.097,ELC-RED-01-UL,1260709037020,126073006200001074,TRUE
2026-08-04 12:04:31.203,ELC-TRE-01-L,1260711048020,126071104800001025,TRUE
2026-08-04 12:04:31.056,LIN-INNTRE-01-UL,1260803091000,126080309100012024,TRUE
2026-08-04 12:04:29.453,LIN-INNDES-02-L,,126080106900002048,TRUE
2026-08-04 12:04:30.291,LAM-BOP-02-L,1260731047000,126073105900012060,TRUE
2026-08-04 12:04:28.201,ELC-TRE-01-UL,1260711048020,126071104800001019,TRUE
2026-08-04 12:04:28.926,LIN-INNLDI-01-L,1260801112000,126080111200004070,TRUE
2026-08-04 12:04:25.192,WIR-SE-01-UL,1260702011000,12607020110003A033,TRUE
2026-08-04 12:04:27.194,AOI-RESAOI-01-L,1260715036020,126071503600001053,TRUE
2026-08-04 12:04:23.062,WIR-LDI-01-L,,126071502200158244,TRUE
2026-08-04 12:04:24.881,LIN-OUTTRE-01-UL,1260710007000,126061605400001005,TRUE
2026-08-04 12:04:20.623,LSR-Debrowning-01-L,1260623097010,12606230970001C222,TRUE
2026-08-04 12:04:19.739,WIR-SE-01-L,1260702011010,12607020110003A030,TRUE
2026-08-04 12:04:19.015,WIR-Vdevelop-01-UL,1260623098000,"12606230980002B032,BB",TRUE
2026-08-04 12:04:18.830,ELC-RED-01-L,1260730062010,126073006200001014,TRUE
2026-08-04 12:04:14.031,WIR-Decoatbake-01-L,1260618003000,12606180030001C110,TRUE
2026-08-04 12:04:18.139,LSR-Debrowning-01-UL,1260623097000,12606230970001C057,TRUE
2026-08-04 12:04:46.219,WIR-Decoatbake-01-UL,1260707002000,126070700200049050,TRUE
2026-08-04 12:04:45.938,ELC-TRE-01-L,1260711048020,126071104800001022,TRUE
2026-08-04 12:04:45.302,WIR-SE-01-L,1260702011010,12607020110003A029,TRUE
2026-08-04 12:04:45.058,LAM-BOP-02-UL,1260731047000,126073104700012065,TRUE
2026-08-04 12:04:43.940,LIN-INNDES-02-L,,126080106900002002,TRUE
2026-08-04 12:04:44.406,LSR-Debrowning-01-UL,1260623097000,12606230970001C056,TRUE
2026-08-04 12:04:43.773,LIN-INNTRE-02-UL-1,,126080308800018026,TRUE
2026-08-04 12:04:43.000,ELC-TRE-01-UL,1260711048020,126071104800001038,TRUE
2026-08-04 12:04:41.635,LIN-INNTRE-01-UL,1260803091000,126080309100012025,TRUE
2026-08-04 12:04:41.610,CPP-Patternplating-01-L,1260606004010,12606060040001C232,TRUE
2026-08-04 12:04:38.732,ROU-RIN-01-UL,,12606100560000104301,TRUE
2026-08-04 12:04:38.688,CPP-Patternplating-01-UL,1260711011000,12606060040001C068,TRUE
2026-08-04 12:04:36.020,ELC-RED-01-L,1260730062010,126073006200001015,TRUE
2026-08-04 12:04:38.316,LIN-INNLDI-01-L,1260801112000,126080111200004078,TRUE
2026-08-04 12:02:59.331,LIN-OUTTRE-01-L,1260622024000,126062202400001001,TRUE
2026-08-04 12:04:35.632,AOI-RESAOI-01-UL,1260715036020,126071503600001055,TRUE
2026-08-04 11:50:09.065,AOI-PEP-01-L,1260801046000,126080104600004080,TRUE
2026-08-04 11:52:08.041,ELC-INS-01-L,1260703036020,126070303600001025,TRUE
2026-08-04 12:05:03.507,LIN-INNLDI-01-L,1260801112000,126080111200004066,TRUE
2026-08-04 12:05:03.019,WIR-LDI-01-UL,,126071502200158274,TRUE
2026-08-04 12:05:04.559,LIN-INNTRE-01-UL,1260803091000,126080309100012027,TRUE
2026-08-04 12:05:03.379,LIN-INNDES-02-UL,,126080106900002043,TRUE
2026-08-04 12:05:02.777,LIN-INNDES-01-L,,126080109300002079,TRUE
2026-08-04 12:04:59.500,ELC-TRE-01-L,1260711048020,126071104800001023,TRUE
2026-08-04 12:05:00.003,WIR-Vdevelop-01-UL,1260623098000,"12606230980002B020,BD",TRUE
2026-08-04 12:04:57.473,LIN-INNDES-02-L,,126080106900002004,TRUE
2026-08-04 12:05:01.822,LIN-INNTRE-02-UL-2,,126080308800018003,TRUE
2026-08-04 12:04:58.464,AOI-RESAOI-01-UL,1260715036020,126071503600001063,TRUE
2026-08-04 12:04:56.292,LAM-BOP-02-UL,1260731047000,126073104700012063,TRUE
2026-08-04 12:04:57.469,ELC-TRE-01-UL,1260711048020,126071104800001001,TRUE
2026-08-04 12:04:54.414,ELC-RED-01-L,1260730062010,126073006200001016,TRUE
2026-08-04 12:04:54.775,LIN-INNTRE-02-UL-1,,126080308800018028,TRUE
2026-08-04 12:04:53.764,SDM-DI-01-UL,1260616091000,12606160910001C104,TRUE
2026-08-04 12:04:52.862,WIR-LDI-01-L,,126071502200158265,TRUE
2026-08-04 12:04:50.333,WIR-SE-01-UL,1260702011000,12607020110003A149,TRUE
2026-08-04 12:04:52.210,ELC-RED-01-UL,1260709037020,126073006200001075,TRUE
2026-08-04 12:04:50.040,AOI-RESAOI-01-L,1260715036020,126071503600001057,TRUE
2026-08-04 12:04:50.108,ROU-RIN-01-UL,,Error_202608041904501087,FALSE
2026-08-04 12:04:46.999,LSR-Debrowning-01-L,1260623097010,12606230970001C223,TRUE
2026-08-04 12:04:47.117,LIN-OUTTRE-01-UL,1260710007000,126061605400001002,TRUE
2026-08-04 12:04:49.423,WIR-Decoatbake-01-L,1260618003000,12606180030001C109,TRUE
2026-08-04 12:02:59.331,LIN-OUTTRE-01-L,1260622024000,126062202400001001,TRUE
2026-08-04 12:05:19.653,WIR-LDI-01-L,,126071502200158267,TRUE
2026-08-04 12:05:18.870,LIN-INNTRE-02-UL-1,,Error_202608041905188703,FALSE
2026-08-04 12:05:18.728,ELC-INS-01-L,1260703036020,126070303600001028,TRUE
2026-08-04 12:05:18.551,LAM-BOP-02-UL,1260731047000,126073104700012047,TRUE
2026-08-04 12:05:17.442,LIN-INNDES-01-L,,126080109300002046,TRUE
2026-08-04 12:05:15.959,WIR-SE-01-UL,1260702011000,12607020110003A150,TRUE
2026-08-04 12:05:17.707,LIN-INNDES-02-UL,,126080106900002045,TRUE
2026-08-04 12:05:15.735,ELC-TRE-01-L,1260711048020,126071104800001045,TRUE
2026-08-04 12:05:13.417,LIN-INNTRE-02-UL-2,,126080308800018005,TRUE
2026-08-04 12:05:13.844,LSR-Debrowning-01-L,1260623097010,12606230970001C220,TRUE
2026-08-04 12:05:13.276,AOI-RESAOI-01-L,1260715036020,126071503600001051,TRUE
2026-08-04 12:05:12.735,ELC-TRE-01-UL,1260711048020,126071104800001080,TRUE
2026-08-04 12:05:11.398,ELC-RED-01-L,1260730062010,126073006200001017,TRUE
2026-08-04 12:05:12.632,LIN-INNLDI-01-L,1260801112000,126080111200004074,TRUE
2026-08-04 12:05:11.000,LSR-Debrowning-01-UL,1260623097000,12606230970001C110,TRUE
2026-08-04 12:05:11.488,LIN-INNDES-02-L,,126080106900002006,TRUE
2026-08-04 12:05:10.959,WIR-SE-01-L,1260702011010,12607020110003A028,TRUE
2026-08-04 12:05:08.292,LIN-OUTTRE-01-UL,1260710007000,126061605400001031,TRUE
2026-08-04 12:05:09.398,ELC-RED-01-UL,1260709037020,126073006200001076,TRUE
2026-08-04 12:05:39.146,LAM-BOP-02-L,1260731042000,126073104200002005,TRUE
2026-08-04 12:05:39.263,LIN-INNTRE-02-UL-1,,126080308800018036,TRUE
2026-08-04 12:05:37.041,ELC-INS-01-UL,1260703036020,126070303600001007,TRUE
2026-08-04 12:05:38.526,LIN-INNLDI-01-L,1260801112000,126080111200004062,TRUE
2026-08-04 12:05:36.664,WIR-SE-01-L,1260702011010,12607020110003A023,TRUE
2026-08-04 12:05:35.841,LIN-INNTRE-02-UL-2,,126080308800018009,TRUE
2026-08-04 12:05:35.193,CPP-Patternplating-01-L,1260606004010,12606060040001C233,TRUE
2026-08-04 12:05:36.042,AOI-RESAOI-01-L,1260715036020,126071503600001009,TRUE
2026-08-04 12:05:32.822,ELC-INS-01-L,1260703036020,126070303600001030,TRUE
2026-08-04 12:05:35.162,WIR-Vdevelop-01-UL,1260623098000,"12606230980002B033,BB",TRUE
2026-08-04 12:05:33.802,WIR-LDI-01-UL,,126071502200158277,TRUE
2026-08-04 12:05:32.739,WIR-Decoatbake-01-UL,1260707002000,126070700200049058,TRUE
2026-08-04 12:05:32.176,LIN-INNDES-02-UL,,126080106900002047,TRUE
2026-08-04 12:05:32.395,CPP-Patternplating-01-UL,1260711011000,12606060040001C110,TRUE
2026-08-04 12:05:32.192,LIN-INNDES-01-L,,126080109300002048,TRUE
2026-08-04 12:05:30.714,LIN-OUTTRE-01-UL,1260710007000,126061605400001030,TRUE
2026-08-04 12:05:29.598,LAM-BOP-02-UL,1260731047000,126073104700012049,TRUE
2026-08-04 12:05:29.034,ELC-TRE-01-UL,1260711048020,126071104800001077,TRUE
2026-08-04 12:05:28.729,ELC-RED-01-L,1260730062010,126073006200001018,TRUE
2026-08-04 12:05:25.816,WIR-Decoatbake-01-L,1260618003000,12606180030001C068,TRUE
2026-08-04 12:05:27.463,ELC-RED-01-UL,1260709037020,126073006200001077,TRUE
2026-08-04 12:05:29.862,ELC-TRE-01-L,1260711048020,126071104800001015,TRUE
2026-08-04 12:05:26.598,LIN-INNDES-02-L,,126080106900002008,TRUE
2026-08-04 12:05:22.735,LIN-INNTRE-01-UL,1260803091000,126080309100012028,TRUE
2026-08-04 12:05:21.620,AOI-RESAOI-01-UL,1260715036020,126071503600001053,TRUE
2026-08-04 12:05:54.263,LIN-INNTRE-02-UL-2,,126080308800018011,TRUE
2026-08-04 12:05:51.576,LIN-OUTTRE-01-UL,1260710007000,126061605400001077,TRUE
2026-08-04 12:05:51.087,LAM-BOP-02-L,1260731042000,126073104200002081,TRUE
2026-08-04 12:05:52.055,LAM-BOP-02-UL,1260731047000,126073104700012053,TRUE
2026-08-04 12:05:50.263,LIN-INNTRE-02-UL-1,,126080308800018038,TRUE
2026-08-04 12:05:49.572,ELC-INS-01-L,1260703036020,126070303600001029,TRUE
2026-08-04 12:05:48.258,AOI-PEP-01-L,1260801051000,126080102100002004,TRUE
2026-08-04 12:05:47.662,WIR-LDI-01-L,,126071502200158269,TRUE
2026-08-04 12:05:47.151,LIN-INNLDI-01-L,1260801112000,126080111200004070,TRUE
2026-08-04 12:05:46.660,LIN-INNDES-02-UL,,126080106900002049,TRUE
2026-08-04 12:05:46.929,LIN-INNDES-01-L,,126080109300002050,TRUE
2026-08-04 12:05:46.635,ELC-RED-01-L,1260730062010,126073006200001019,TRUE
2026-08-04 12:05:44.575,AOI-RESAOI-01-UL,1260715036020,126071503600001057,TRUE
2026-08-04 12:05:44.435,LIN-INNLDI-02-L,1260709019020,126070901900001007,TRUE
2026-08-04 12:05:44.519,ELC-TRE-01-L,1260711048020,126071104800001010,TRUE
2026-08-04 12:05:43.972,ELC-TRE-01-UL,1260711048020,126071104800001002,TRUE
2026-08-04 12:05:41.820,WIR-SE-01-UL,1260702011000,12607020110003A156,TRUE
2026-08-04 12:05:40.598,LIN-INNDES-02-L,,126080106900002010,TRUE
2026-08-04 12:05:27.463,ELC-RED-01-UL,1260709037020,126073006200001077,TRUE
2026-08-04 12:05:40.362,LSR-Debrowning-01-L,1260623097010,12606230970001C221,TRUE
2026-08-04 12:06:16.208,LIN-INNDES-02-UL,,126080106900002074,TRUE
2026-08-04 12:06:16.005,ELC-TRE-01-L,1260711048020,126071104800001004,TRUE
2026-08-04 12:06:15.710,WIR-LDI-01-L,,126071502200158264,TRUE
2026-08-04 12:06:14.105,ELC-INS-01-UL,1260703036020,126070303600001028,TRUE
2026-08-04 12:06:14.114,ELC-TRE-01-UL,1260711048020,126071104800001017,TRUE
2026-08-04 12:06:13.793,LAM-BOP-02-UL,1260731047000,126073104700012057,TRUE
2026-08-04 12:06:12.871,LIN-INNLDI-01-L,1260801112000,126080111200004058,TRUE
2026-08-04 12:06:13.121,AOI-PEP-01-UL,1260801051000,126080102100002004,TRUE
2026-08-04 12:06:11.246,AOI-PEP-01-L,1260801051000,126080102100002035,TRUE
2026-08-04 12:06:12.842,LIN-OUTTRE-01-UL,1260710007000,126061605400001016,TRUE
2026-08-04 12:06:10.179,WIR-Vdevelop-01-UL,1260623098000,"12606230980002B035,BD",TRUE
2026-08-04 12:06:09.677,LIN-INNDES-02-L,,126080106900002014,TRUE
2026-08-04 12:06:08.610,SMK-TUN-01-L,2260424010000,22604240100001C307,TRUE
2026-08-04 12:06:07.920,AOI-RESAOI-01-UL,1260715036020,126071503600001051,TRUE
2026-08-04 12:06:06.202,LIN-INNLDI-02-L,1260709019020,126070901900001046,TRUE
2026-08-04 12:06:06.975,LSR-Debrowning-01-L,1260623097010,12606230970001C218,TRUE
2026-08-04 12:06:03.480,ELC-INS-01-L,1260703036020,126070303600001031,TRUE
2026-08-04 12:06:04.308,ELC-RED-01-L,1260730062010,126073006200001020,TRUE
2026-08-04 12:06:03.523,WIR-LDI-01-UL,,126071502200158249,TRUE
2026-08-04 12:06:02.196,WIR-SE-01-L,1260702011010,12607020110003A048,TRUE
2026-08-04 12:06:01.730,LIN-INNDES-01-L,,126080109300002052,TRUE
2026-08-04 12:05:59.467,AOI-RESAOI-01-L,1260715036020,126071503600001038,TRUE
2026-08-04 12:05:51.087,LAM-BOP-02-L,1260731042000,126073104200002081,TRUE
2026-08-04 12:06:00.246,ELC-RED-01-UL,1260709037020,126073006200001079,TRUE
2026-08-04 12:05:50.263,LIN-INNTRE-02-UL-1,,126080308800018038,TRUE
2026-08-04 12:05:41.820,WIR-SE-01-UL,1260702011000,12607020110003A156,TRUE
2026-08-04 11:31:22.242,GLD-RinseENEPIG-01-UL,,22605233310001C233,TRUE
2026-08-04 12:06:28.584,ELC-TRE-01-UL,1260711048020,126071104800001031,TRUE
2026-08-04 12:06:27.502,SDM-DI-01-UL,1260616091000,12606160910002B124,TRUE
2026-08-04 12:06:26.624,LIN-INNTRE-02-UL-2,,126080308800018013,TRUE
2026-08-04 12:06:26.952,LIN-INNLDI-02-L,1260709019020,126070901900001053,TRUE
2026-08-04 12:06:25.648,CPP-Patternplating-01-UL,1260711011000,12606060040001C064,TRUE
2026-08-04 12:06:24.731,ELC-INS-01-L,1260703036020,126070303600001004,TRUE
2026-08-04 12:06:25.324,LAM-BOP-02-UL,1260731047000,126073104700012059,TRUE
2026-08-04 12:06:25.262,AOI-PEP-01-UL,1260801051000,126080102100002051,TRUE
2026-08-04 12:06:23.819,LIN-INNDES-02-L,,126080106900002016,TRUE
2026-08-04 12:06:22.030,AOI-RESAOI-01-L,1260715036020,126071503600001046,TRUE
2026-08-04 12:06:22.746,LIN-INNLDI-01-L,1260801112000,126080111200004066,TRUE
2026-08-04 12:06:23.387,AOI-PEP-01-L,1260801051000,126080105700002079,TRUE
2026-08-04 12:06:21.809,ELC-RED-01-L,1260730062010,126073006200001021,TRUE
2026-08-04 12:06:17.226,WIR-Decoatbake-01-UL,1260707002000,126070700200049016,TRUE
2026-08-04 12:06:16.005,ELC-TRE-01-L,1260711048020,126071104800001004,TRUE
2026-08-04 12:06:17.558,ELC-RED-01-UL,1260709037020,126073006200001080,TRUE
2026-08-04 12:05:25.816,WIR-Decoatbake-01-L,1260618003000,12606180030001C068,TRUE
2026-08-04 03:48:38.190,SMK-TUN-01-UL,1260708022000,126070804600001068,TRUE
2026-08-04 12:06:46.341,AOI-PEP-01-L,1260801051000,126080105100002009,TRUE
2026-08-04 12:06:45.477,ELC-TRE-01-L,1260711048020,126071104800001067,TRUE
2026-08-04 12:06:45.282,AOI-RESAOI-01-L,1260715036020,126071503600001064,TRUE
2026-08-04 12:06:44.789,WIR-Vdevelop-01-UL,1260623098000,"12606230980002B024,BD",TRUE
2026-08-04 12:06:44.782,ELC-INS-01-L,1260703036020,126070303600001047,TRUE
2026-08-04 12:06:44.671,LIN-INNLDI-02-L,1260709019020,126070901900001051,TRUE
2026-08-04 12:06:43.131,LIN-INNDES-02-UL,,126080106900002078,TRUE
2026-08-04 12:06:38.712,LIN-INNTRE-01-UL,1260803091000,126080309100012029,TRUE
2026-08-04 12:06:40.360,ELC-RED-01-L,1260730062010,126073006200001022,TRUE
2026-08-04 12:06:43.241,ELC-TRE-01-UL,1260711048020,126071104800001030,TRUE
2026-08-04 12:06:37.264,LIN-INNLDI-01-L,1260801112000,126080111200004064,TRUE
2026-08-04 12:06:38.256,LIN-INNDES-02-L,,126080106900002018,TRUE
2026-08-04 12:06:44.070,WIR-LDI-01-L,,126071502200158258,TRUE
2026-08-04 12:06:35.902,LAM-BOP-02-UL,1260731047000,126073104700012041,TRUE
2026-08-04 12:06:35.078,LIN-OUTTRE-01-UL,1260710007000,126061605400001033,TRUE
2026-08-04 12:06:30.998,ELC-INS-01-UL,1260703036020,126070303600001030,TRUE
2026-08-04 12:06:33.351,WIR-LDI-01-UL,,126071502200158248,TRUE
2026-08-04 12:06:33.129,LSR-Debrowning-01-L,1260623097010,12606230970001C219,TRUE
2026-08-04 12:05:41.820,WIR-SE-01-UL,1260702011000,12607020110003A156,TRUE
2026-08-04 12:06:30.500,AOI-RESAOI-01-UL,1260715036020,126071503600001009,TRUE
2026-08-04 12:05:25.816,WIR-Decoatbake-01-L,1260618003000,12606180030001C068,TRUE
2026-08-04 12:07:04.628,ELC-INS-01-L,1260703036020,126070303600001006,TRUE
2026-08-04 12:07:03.243,CPP-Patternplating-01-L,1260606004010,126071100800400013,TRUE
2026-08-04 12:07:01.401,ELC-TRE-01-L,1260711048020,126071104800001046,TRUE
2026-08-04 12:07:00.681,WIR-Decoatbake-01-UL,1260707002000,126070700200049180,TRUE
2026-08-04 12:07:00.575,LAM-BOP-02-UL,1260731047000,126073104700012037,TRUE
2026-08-04 12:06:59.544,AOI-PEP-01-UL,1260801051000,126080105700002079,TRUE
2026-08-04 12:06:59.635,ELC-TRE-01-UL,1260711048020,126071104800001028,TRUE
2026-08-04 12:06:59.506,LSR-Debrowning-01-L,1260623097010,12606230970001C216,TRUE
2026-08-04 12:06:58.452,LIN-INNTRE-02-UL-2,,126080308800018015,TRUE
2026-08-04 12:06:58.261,LIN-INNTRE-01-UL,1260803091000,126080309100012030,TRUE
2026-08-04 12:06:57.725,LIN-INNDES-02-UL,,126080106900002080,TRUE
2026-08-04 12:06:57.122,AOI-PEP-01-L,1260801051000,126080105100002079,TRUE
2026-08-04 12:06:56.829,LIN-OUTTRE-01-UL,1260710007000,126061605400001026,TRUE
2026-08-04 12:06:53.861,AOI-RESAOI-01-UL,1260715036020,126071503600001038,TRUE
2026-08-04 12:06:56.561,LIN-INNLDI-01-L,1260801112000,126080111200004062,TRUE
2026-08-04 12:06:52.147,LIN-INNDES-02-L,,126080106900002020,TRUE
2026-08-04 12:06:50.954,ELC-INS-01-UL,1260703036020,126070303600001029,TRUE
2026-08-04 12:06:50.109,LIN-INNLDI-02-L,1260709019020,126070901900001076,TRUE
2026-08-04 12:07:19.902,CPP-Patternplating-01-UL,1260711011000,12606060040001C063,TRUE
2026-08-04 12:07:19.933,WIR-Vdevelop-01-UL,1260623098000,"12606230980002B023,BD",TRUE
2026-08-04 12:07:16.814,AOI-RESAOI-01-UL,1260715036020,126071503600001046,TRUE
2026-08-04 12:07:14.902,ELC-TRE-01-L,1260711048020,126071104800001056,TRUE
2026-08-04 12:07:13.823,WIR-LDI-01-L,,126071502200158252,TRUE
2026-08-04 12:07:14.418,ELC-TRE-01-UL,1260711048020,126071104800001016,TRUE
2026-08-04 12:07:12.015,LIN-INNLDI-01-L,1260801112000,126080111200004060,TRUE
2026-08-04 12:07:12.226,LIN-INNDES-02-UL,,126080106900002001,TRUE
2026-08-04 12:07:10.858,LAM-BOP-02-UL,1260731047000,126073104700012033,TRUE
2026-08-04 12:07:10.753,ELC-INS-01-UL,1260703036020,126070303600001031,TRUE
2026-08-04 12:07:08.345,AOI-RESAOI-01-L,1260715036020,126071503600001056,TRUE
2026-08-04 12:07:09.515,LIN-INNLDI-02-L,1260709019020,126070901900001045,TRUE
2026-08-04 12:07:06.210,LIN-INNDES-02-L,,126080106900002022,TRUE
2026-08-04 12:07:29.793,ELC-TRE-01-L,1260711048020,126071104800001043,TRUE
2026-08-04 12:07:28.467,LAM-BOP-02-UL,1260731047000,126073104700012031,TRUE
2026-08-04 12:07:28.730,ELC-TRE-01-UL,1260711048020,126071104800001013,TRUE
2026-08-04 12:07:27.375,LIN-INNLDI-02-L,1260709019020,126070901900001065,TRUE
2026-08-04 12:07:26.037,LSR-Debrowning-01-L,1260623097010,12606230970001C217,TRUE
2026-08-04 12:07:24.423,LIN-OUTTRE-01-UL,1260710007000,Error_202608041907244235,FALSE
2026-08-04 12:07:24.012,WIR-LDI-01-UL,,126071502200158275,TRUE
2026-08-04 12:07:26.916,LIN-INNDES-02-UL,,126080106900002003,TRUE
2026-08-04 12:07:23.409,ELC-RED-01-L,1260730062010,126073006200001023,TRUE
2026-08-04 12:07:22.956,ELC-INS-01-L,1260703036020,126070303600001038,TRUE
2026-08-04 12:07:22.328,LIN-INNLDI-01-L,1260801112000,126080111200004050,TRUE
2026-08-04 12:07:21.873,LIN-INNTRE-01-UL,1260803091000,126080309100012031,TRUE
2026-08-04 12:07:21.840,WIR-SE-01-L,1260702011010,12607020110003A014,TRUE
2026-08-04 12:07:21.430,LIN-INNDES-02-L,,126080106900002024,TRUE
2026-08-04 12:05:41.820,WIR-SE-01-UL,1260702011000,12607020110003A156,TRUE
2026-08-04 12:07:19.933,WIR-Vdevelop-01-UL,1260623098000,"12606230980002B023,BD",TRUE
2026-08-04 12:07:55.052,ELC-RED-01-UL,1260709037020,126073006200001003,TRUE
2026-08-04 12:07:56.293,LIN-INNDES-02-UL,,126080106900002007,TRUE
2026-08-04 12:07:54.814,AOI-PEP-01-UL,1260801051000,126080105100002009,TRUE
2026-08-04 12:07:54.603,LIN-INNLDI-02-L,1260709019020,126070901900001071,TRUE
2026-08-04 12:07:54.174,AOI-RESAOI-01-L,1260715036020,126071503600001058,TRUE
2026-08-04 12:07:54.174,LAM-BOP-02-UL,1260731047000,126073104700012027,TRUE
2026-08-04 12:07:53.781,WIR-LDI-01-UL,,126071502200158246,TRUE
2026-08-04 12:07:52.491,LSR-Debrowning-01-L,1260623097010,12606230970001C214,TRUE
2026-08-04 12:07:52.114,ELC-INS-01-UL,1260703036020,126070303600001047,TRUE
2026-08-04 12:07:49.971,LIN-OUTTRE-01-UL,1260710007000,126061605400001075,TRUE
2026-08-04 12:07:47.441,LIN-INNLDI-01-L,1260801112000,126080111200004056,TRUE
2026-08-04 12:07:48.721,LIN-INNDES-01-L,,126080109300002056,TRUE
2026-08-04 12:07:47.434,WIR-SE-01-L,1260702011010,12607020110003A015,TRUE
2026-08-04 12:07:46.436,WIR-Decoatbake-01-UL,1260707002000,126070700200049039,TRUE
2026-08-04 12:07:46.639,CPP-Patternplating-01-L,1260606004010,126071100800400052,TRUE
2026-08-04 12:07:43.984,ELC-TRE-01-UL,1260711048020,126071104800001006,TRUE
2026-08-04 12:07:44.201,LIN-INNTRE-01-UL,1260803091000,126080309100012032,TRUE
2026-08-04 12:07:41.425,ELC-INS-01-L,1260703036020,126070303600001041,TRUE
2026-08-04 12:07:40.911,ELC-RED-01-L,1260730062010,126073006200001024,TRUE
2026-08-04 10:53:47.799,SMK-BRU-01-UL,1260725015010,M0960013A2000G-0607,TRUE
2026-08-04 12:07:43.420,WIR-LDI-01-L,,126071502200158254,TRUE
2026-08-04 12:07:39.923,AOI-RESAOI-01-UL,1260715036020,126071503600001064,TRUE
2026-08-04 12:07:29.793,ELC-TRE-01-L,1260711048020,126071104800001043,TRUE
2026-08-04 12:07:30.516,LIN-INNTRE-02-UL-2,,126080308800018017,TRUE
2026-08-04 12:08:08.777,LIN-INNDES-02-UL,,126080106900002011,TRUE
2026-08-04 12:08:10.244,LIN-INNLDI-02-L,1260709019020,126070901900001015,TRUE
2026-08-04 12:08:06.366,LIN-INNLDI-01-L,1260801112000,126080111200004054,TRUE
2026-08-04 12:08:05.219,LIN-INNTRE-01-UL,1260803091000,126080309100012033,TRUE
2026-08-04 12:08:05.190,LAM-BOP-02-UL,1260731047000,126073104700012025,TRUE
2026-08-04 12:08:02.644,AOI-RESAOI-01-UL,1260715036020,126071503600001056,TRUE
2026-08-04 12:08:03.456,LIN-INNDES-01-L,,126080109300002058,TRUE
2026-08-04 12:08:02.443,ELC-INS-01-L,1260703036020,126070303600001024,TRUE
2026-08-04 12:08:00.846,LAM-BOP-02-L,1260731042000,126073104200002080,TRUE
2026-08-04 12:08:02.363,LIN-OUTTRE-01-UL,1260710007000,126061605400001050,TRUE
2026-08-04 12:08:00.241,SDM-DI-01-UL,1260616091000,12606160910001C081,TRUE
2026-08-04 12:08:00.829,ELC-TRE-01-UL,1260711048020,126071104800001036,TRUE
2026-08-04 12:07:58.975,ELC-RED-01-L,1260730062010,126073006200001025,TRUE
2026-08-04 12:07:21.430,LIN-INNDES-02-L,,126080106900002024,TRUE
2026-08-04 12:08:37.380,LAM-BOP-02-L,1260731042000,126073104200002002,TRUE
2026-08-04 12:08:36.943,AOI-PEP-01-L,1260801051000,126080105100002075,TRUE
2026-08-04 12:08:37.124,WIR-SE-01-UL,1260702011010,12607020110003A025,TRUE
2026-08-04 12:08:37.309,LIN-INNDES-02-UL,,126080106900002015,TRUE
2026-08-04 12:08:35.103,LIN-INNLDI-02-L,1260709019020,126070901900001076,TRUE
2026-08-04 12:08:34.075,LIN-INNLDI-01-L,1260801112000,126080111200004042,TRUE
2026-08-04 12:08:31.344,WIR-Decoatbake-01-UL,1260707002000,126070700200049046,TRUE
2026-08-04 12:08:33.524,ELC-RED-01-L,1260730062010,126073006200001027,TRUE
2026-08-04 12:08:29.069,ELC-TRE-01-UL,1260711048020,126071104800001022,TRUE
2026-08-04 12:08:28.867,ELC-INS-01-UL,1260703036020,126070303600001038,TRUE
2026-08-04 12:08:27.301,AOI-PEP-01-UL,1260801051000,126080105100002078,TRUE
2026-08-04 12:08:33.021,LIN-INNDES-01-L,,126080109300002062,TRUE
2026-08-04 12:08:26.879,LIN-INNTRE-01-UL,1260803091000,126080309100012034,TRUE
2026-08-04 12:08:30.118,ELC-RED-01-UL,1260709037020,126073006200001005,TRUE
2026-08-04 12:08:27.207,LAM-BOP-02-UL,1260731047000,126073104700012021,TRUE
2026-08-04 12:08:25.677,AOI-RESAOI-01-UL,1260715036020,126071503600001024,TRUE
2026-08-04 12:08:23.703,WIR-LDI-01-UL,,126071502200158257,TRUE
2026-08-04 12:08:24.134,GLD-RinseENEPIG-01-UL,,126072107500100400161,TRUE
2026-08-04 12:08:24.264,WIR-SE-01-L,1260702011010,12607020110003A016,TRUE
2026-08-04 12:08:22.961,ELC-INS-01-L,1260703036020,126070303600001067,TRUE
2026-08-04 12:08:22.833,LIN-OUTTRE-01-UL,1260710007000,126061605400001049,TRUE
2026-08-04 12:08:22.415,LSR-Debrowning-01-UL,1260623097010,12606230970001C228,TRUE
2026-08-04 12:08:19.259,LSR-Debrowning-01-L,1260623097010,12606230970001C215,TRUE
2026-08-04 12:08:20.197,SMK-TUN-01-L,2260424010000,22604240100001C299,TRUE
2026-08-04 12:08:17.316,AOI-RESAOI-01-L,1260715036020,126071503600001003,TRUE
2026-08-04 12:08:15.416,LIN-INNTRE-02-UL-2,,126080308800018019,TRUE
2026-08-04 12:08:13.578,CPP-Patternplating-01-UL,1260711011000,12606060040001C109,TRUE
2026-08-04 12:08:13.453,WIR-LDI-01-L,,126071502200158243,TRUE
2026-08-04 12:08:47.444,AOI-PEP-01-L,1260801051000,126080105100002074,TRUE
2026-08-04 12:08:47.495,LIN-INNTRE-02-UL-2,,126080308800018021,TRUE
2026-08-04 12:08:47.569,LIN-INNDES-01-L,,126080109300002064,TRUE
2026-08-04 12:08:47.258,ELC-RED-01-UL,1260709037020,126073006200001006,TRUE
2026-08-04 12:08:46.698,LSR-Debrowning-01-L,1260623097010,12606230970001C212,TRUE
2026-08-04 12:08:46.993,ELC-INS-01-UL,1260703036020,126070303600001041,TRUE
2026-08-04 12:08:45.398,ELC-TRE-01-UL,1260711048020,126071104800001023,TRUE
2026-08-04 12:08:46.573,LSR-Debrowning-01-UL,1260623097010,12606230970001C226,TRUE
2026-08-04 12:08:41.845,WIR-LDI-01-L,,126071502200158242,TRUE
2026-08-04 12:08:43.092,LIN-INNLDI-01-L,1260801112000,126080111200004050,TRUE
2026-08-04 12:08:40.224,AOI-RESAOI-01-L,1260715036020,126071503600001041,TRUE
2026-08-04 12:08:41.118,ELC-INS-01-L,1260703036020,126070303600001027,TRUE
2026-08-04 12:08:38.943,LAM-BOP-02-UL,1260731047000,126073104700012019,TRUE
2026-08-04 12:08:39.043,LIN-INNLDI-02-L,1260709019020,126070901900001039,TRUE
2026-08-04 12:08:39.954,CPP-Patternplating-01-L,1260606004010,126071100800400044,TRUE
2026-08-04 12:08:38.708,AOI-PEP-01-UL,1260801051000,126080105100002077,TRUE
2026-08-04 12:07:29.793,ELC-TRE-01-L,1260711048020,126071104800001043,TRUE
2026-08-04 12:08:31.344,WIR-Decoatbake-01-UL,1260707002000,126070700200049046,TRUE
2026-08-04 12:08:22.833,LIN-OUTTRE-01-UL,1260710007000,126061605400001049,TRUE
2026-08-04 12:09:06.607,LIN-INNDES-02-UL,,126080106900002050,TRUE
2026-08-04 12:09:05.105,ELC-RED-01-UL,1260709037020,126073006200001007,TRUE
2026-08-04 12:09:04.523,LIN-OUTTRE-01-L,1260622024030,126062202400001053,TRUE
2026-08-04 12:09:03.101,AOI-RESAOI-01-L,1260715036020,126071503600001069,TRUE
2026-08-04 12:09:02.341,LIN-INNLDI-02-L,1260709019020,126070901900001008,TRUE
2026-08-04 12:09:02.320,LIN-INNDES-01-L,,126080109300002066,TRUE
2026-08-04 12:09:01.085,AOI-PEP-01-UL,1260801051000,126080105100002075,TRUE
2026-08-04 12:09:01.726,LAM-BOP-02-L,1260731042000,126073104200002004,TRUE
2026-08-04 12:08:59.782,WIR-SE-01-UL,1260702011010,12607020110003A002,TRUE
2026-08-04 12:09:00.480,ELC-TRE-01-UL,1260711048020,126071104800001045,TRUE
2026-08-04 12:08:59.070,AOI-PEP-01-L,1260801051000,126080105100002073,TRUE
2026-08-04 12:09:00.464,GLD-RinseENEPIG-01-UL,,126072107500100400198,TRUE
2026-08-04 12:08:53.300,WIR-LDI-01-UL,,126071502200158247,TRUE
2026-08-04 12:08:58.853,ELC-INS-01-L,1260703036020,126070303600001052,TRUE
2026-08-04 12:08:58.514,LIN-INNLDI-01-L,1260801112000,126080111200004048,TRUE
2026-08-04 12:08:49.084,LIN-INNTRE-01-UL,1260803091000,126080309100012035,TRUE
2026-08-04 12:08:51.133,ELC-RED-01-L,1260730062010,126073006200001028,TRUE
2026-08-04 12:07:21.430,LIN-INNDES-02-L,,126080106900002024,TRUE
2026-08-04 12:08:24.264,WIR-SE-01-L,1260702011010,12607020110003A016,TRUE
2026-08-04 12:08:48.506,AOI-RESAOI-01-UL,1260715036020,126071503600001058,TRUE
2026-08-04 23:03:08.648,LIN-INNDES-01-L,,126080107100006052,TRUE
2026-08-04 23:03:26.494,LAM-BOP-01-L,1260630179010,12606301790003A133,TRUE
2026-08-04 21:35:19.104,AOI-RESAOI-01-UL,1260710013020,126071001300001026,TRUE
2026-08-04 21:36:38.367,WIR-DES-01-UL,,12607181730004F007,TRUE
2026-08-04 21:34:24.645,AOI-RESAOI-01-L,1260710013020,126071001300001026,TRUE
2026-08-04 21:22:02.240,WIR-DES-01-L,1260718173000,12607181730004F007,TRUE
2026-08-04 20:31:20.042,GLD-Pretreatment-01-UL,2260529001000,Error_202608050331200421,FALSE
2026-08-04 17:32:36.001,GLD-IR-01-UL,,Error_202608050032360018,FALSE
2026-08-04 16:47:21.805,DRL-INS-01-UL,,Error_202608042347218050,FALSE
2026-08-04 16:39:29.108,GLD-Pretreatment-01-L,2260529001000,22605290010001C079,TRUE
2026-08-04 16:38:47.079,DRL-INS-01-L,,Error_202608042338470795,FALSE
2026-08-04 15:13:34.852,GLD-IR-01-L,,Error_202608042213348526,FALSE
2026-08-04 13:31:59.733,CPP-VCP-03-UL,,Error_202608042031597333,FALSE
2026-08-04 12:20:36.902,LIN-INNLDI-02-L,1260709019020,126070901900001063,TRUE
2026-08-04 12:20:36.902,LIN-INNLDI-02-L,1260709019020,126070901900001063,TRUE
2026-08-04 12:20:36.902,LIN-INNLDI-02-L,1260709019020,126070901900001063,TRUE
2026-08-04 12:20:36.902,LIN-INNLDI-02-L,1260709019020,126070901900001063,TRUE
2026-08-04 12:20:36.902,LIN-INNLDI-02-L,1260709019020,126070901900001063,TRUE
2026-08-04 12:20:36.902,LIN-INNLDI-02-L,1260709019020,126070901900001063,TRUE
2026-08-04 12:20:36.902,LIN-INNLDI-02-L,1260709019020,126070901900001063,TRUE
2026-08-04 12:20:36.902,LIN-INNLDI-02-L,1260709019020,126070901900001063,TRUE
2026-08-04 12:20:36.902,LIN-INNLDI-02-L,1260709019020,126070901900001063,TRUE
2026-08-04 21:35:19.104,AOI-RESAOI-01-UL,1260710013020,126071001300001026,TRUE
2026-08-04 12:20:36.902,LIN-INNLDI-02-L,1260709019020,126070901900001063,TRUE
2026-08-04 21:36:38.367,WIR-DES-01-UL,,12607181730004F007,TRUE
2026-08-04 23:03:08.648,LIN-INNDES-01-L,,126080107100006052,TRUE
2026-08-04 16:39:29.108,GLD-Pretreatment-01-L,2260529001000,22605290010001C079,TRUE
2026-08-04 21:22:02.240,WIR-DES-01-L,1260718173000,12607181730004F007,TRUE
2026-08-04 16:47:21.805,DRL-INS-01-UL,,Error_202608042347218050,FALSE
2026-08-04 17:32:36.001,GLD-IR-01-UL,,Error_202608050032360018,FALSE
2026-08-04 15:13:34.852,GLD-IR-01-L,,Error_202608042213348526,FALSE
2026-08-04 16:38:47.079,DRL-INS-01-L,,Error_202608042338470795,FALSE
2026-08-04 13:31:59.733,CPP-VCP-03-UL,,Error_202608042031597333,FALSE
2026-08-04 16:38:47.079,DRL-INS-01-L,,Error_202608042338470795,FALSE
2026-08-04 16:38:47.079,DRL-INS-01-L,,Error_202608042338470795,FALSE
2026-08-04 16:38:47.079,DRL-INS-01-L,,Error_202608042338470795,FALSE
2026-08-04 16:38:47.079,DRL-INS-01-L,,Error_202608042338470795,FALSE
2026-08-04 16:38:47.079,DRL-INS-01-L,,Error_202608042338470795,FALSE
2026-08-04 16:38:47.079,DRL-INS-01-L,,Error_202608042338470795,FALSE
2026-08-04 16:47:21.805,DRL-INS-01-UL,,Error_202608042347218050,FALSE
2026-08-04 16:38:47.079,DRL-INS-01-L,,Error_202608042338470795,FALSE
2026-08-04 16:38:47.079,DRL-INS-01-L,,Error_202608042338470795,FALSE
2026-08-04 16:47:21.805,DRL-INS-01-UL,,Error_202608042347218050,FALSE
2026-08-04 16:38:47.079,DRL-INS-01-L,,Error_202608042338470795,FALSE
2026-08-04 23:03:08.648,LIN-INNDES-01-L,,126080107100006052,TRUE
2026-08-04 21:22:02.240,WIR-DES-01-L,1260718173000,12607181730004F007,TRUE
2026-08-04 17:32:36.001,GLD-IR-01-UL,,Error_202608050032360018,FALSE
2026-08-04 21:36:38.367,WIR-DES-01-UL,,12607181730004F007,TRUE
2026-08-04 16:47:21.805,DRL-INS-01-UL,,Error_202608042347218050,FALSE
2026-08-04 15:13:34.852,GLD-IR-01-L,,Error_202608042213348526,FALSE
2026-08-04 13:31:59.733,CPP-VCP-03-UL,,Error_202608042031597333,FALSE
2026-08-04 16:39:29.108,GLD-Pretreatment-01-L,2260529001000,22605290010001C079,TRUE
2026-08-04 16:38:47.079,DRL-INS-01-L,,Error_202608042338470795,FALSE
2026-08-04 15:13:34.852,GLD-IR-01-L,,Error_202608042213348526,FALSE
2026-08-04 16:39:29.108,GLD-Pretreatment-01-L,2260529001000,22605290010001C079,TRUE
2026-08-04 15:13:34.852,GLD-IR-01-L,,Error_202608042213348526,FALSE
2026-08-04 16:38:47.079,DRL-INS-01-L,,Error_202608042338470795,FALSE
2026-08-04 16:38:47.079,DRL-INS-01-L,,Error_202608042338470795,FALSE
2026-08-04 16:47:21.805,DRL-INS-01-UL,,Error_202608042347218050,FALSE
2026-08-04 16:38:47.079,DRL-INS-01-L,,Error_202608042338470795,FALSE
2026-08-04 16:38:47.079,DRL-INS-01-L,,Error_202608042338470795,FALSE
2026-08-04 16:38:47.079,DRL-INS-01-L,,Error_202608042338470795,FALSE
2026-08-04 16:38:47.079,DRL-INS-01-L,,Error_202608042338470795,FALSE
2026-08-04 15:13:34.852,GLD-IR-01-L,,Error_202608042213348526,FALSE
2026-08-04 15:13:34.852,GLD-IR-01-L,,Error_202608042213348526,FALSE
2026-08-04 15:13:34.852,GLD-IR-01-L,,Error_202608042213348526,FALSE
2026-08-04 16:39:29.108,GLD-Pretreatment-01-L,2260529001000,22605290010001C079,TRUE
2026-08-04 16:39:29.108,GLD-Pretreatment-01-L,2260529001000,22605290010001C079,TRUE
2026-08-04 16:39:29.108,GLD-Pretreatment-01-L,2260529001000,22605290010001C079,TRUE
2026-08-04 16:39:29.108,GLD-Pretreatment-01-L,2260529001000,22605290010001C079,TRUE
2026-08-04 16:39:29.108,GLD-Pretreatment-01-L,2260529001000,22605290010001C079,TRUE
2026-08-04 16:39:29.108,GLD-Pretreatment-01-L,2260529001000,22605290010001C079,TRUE
2026-08-04 16:39:29.108,GLD-Pretreatment-01-L,2260529001000,22605290010001C079,TRUE
2026-08-04 16:39:29.108,GLD-Pretreatment-01-L,2260529001000,22605290010001C079,TRUE
2026-08-04 16:39:29.108,GLD-Pretreatment-01-L,2260529001000,22605290010001C079,TRUE
2026-08-04 21:36:38.367,WIR-DES-01-UL,,12607181730004F007,TRUE
2026-08-04 16:39:29.108,GLD-Pretreatment-01-L,2260529001000,22605290010001C079,TRUE
2026-08-04 21:36:38.367,WIR-DES-01-UL,,12607181730004F007,TRUE
2026-08-04 21:22:02.240,WIR-DES-01-L,1260718173000,12607181730004F007,TRUE
2026-08-04 21:22:02.240,WIR-DES-01-L,1260718173000,12607181730004F007,TRUE
2026-08-04 21:22:02.240,WIR-DES-01-L,1260718173000,12607181730004F007,TRUE
2026-08-04 21:22:02.240,WIR-DES-01-L,1260718173000,12607181730004F007,TRUE
